K,x_a,z_a,x_e
40,-90 -59 -45 38 8 85 -27 -8 -88 23 -52 63 -52 75 69 -30 1 92 20 13 -34 40 39 3 -2 33 -55 -33 2 -17 17 -66 56 -79 -14 -31 51 -43 54 -60 -40 -25 49,-55 41 4 -9 14 -40 -26 22 -24 66 52 29 -44 -47 -113 -11 40 54 -24 24 21 -67 36 14 2 61 -73 -83 -24 4 8 55 -22 -13 -54 -74 21 -12 -96 112 -30 11 9,-99 -41 6 -3 20 -2 55 -30 -5 35 27 37 -39 35 21 -6 28 27 -9 9 5 -28 -48 7 -16 25 7 -24 -58 -34 31 -70 82 -51 87 -94 76 -82 113 -139 -135 141 124
40,-24 22 -23 9 19 78 -49 -54 12 20 41 -18 -61 35 38 42 52 35 15 -54 25 -30 100 35 14 37 -55 -27 -37 70 30 18 122 50 41 -7 3 12 -15 -66 -26 19 -69,-64 -14 -3 55 -43 -84 -21 -52 11 0 49 -23 12 53 60 -81 2 2 4 89 -43 -7 -101 -53 41 27 36 -76 20 38 -62 15 -99 -60 -63 24 -52 -60 -37 -46 18 -43 -35,-67 51 -9 12 8 17 54 23 -2 -25 31 -54 -37 43 4 84 74 51 32 -74 88 -85 72 100 78 19 -82 84 91 80 52 66 56 103 97 59 -51 -108 -86 -68 77 90 -107
40,-84 -58 -49 -47 66 -47 -61 61 8 -8 69 20 22 39 46 36 93 -1 47 44 -53 -33 31 -4 -63 96 101 74 -7 -140 6 -37 -35 -29 62 -54 -23 -1 31 -71 57 -37 17,-52 46 -27 -13 -24 -19 33 -8 -13 97 -63 -101 -31 34 6 -16 -88 -12 -62 66 43 -46 -77 8 9 -43 -53 -43 73 4 52 9 29 9 40 49 -68 33 -88 -32 11 -70 10,-167 -97 -126 -66 43 -85 -104 53 -110 -96 89 -127 116 76 91 77 71 -146 125 139 -111 -132 125 -125 -85 102 127 109 121 -93 102 -75 -103 -109 131 -141 -148 -157 126 -85 142 -119 131
40,37 44 31 -102 -26 35 -76 7 115 35 14 15 -105 25 7 -66 -4 -106 30 -35 -26 -69 29 112 -69 -142 -63 -3 100 85 103 19 -58 87 40 120 -70 53 111 119 -14 -8 91,61 64 92 -71 69 53 -30 67 21 54 -42 -79 100 21 80 110 -25 53 -81 68 -30 -96 -68 -24 0 28 -42 -14 -11 -60 -71 42 -41 32 -105 55 77 78 22 -68 -102 32 71,226 219 254 -208 -147 134 -160 137 98 105 122 163 -131 29 -57 -106 -101 -77 26 -56 -103 -124 65 72 -55 -136 -98 -88 129 188 180 201 -191 222 279 226 -244 267 128 264 -227 247 297
40,-22 -63 -44 94 44 -35 27 -28 -43 -43 40 -18 -4 -140 -76 -6 -44 106 -14 -91 29 51 54 -35 -50 18 4 -76 -17 -3 5 -6 22 -112 -61 -38 -20 -54 -118 -23 -20 22 -92,-81 111 -72 -45 40 26 57 -79 -23 -65 74 118 32 63 -67 23 6 15 91 35 -37 26 68 79 77 150 -21 -25 28 42 -76 24 16 113 72 30 90 78 -59 17 67 45 -85,-245 -201 -222 196 186 -167 174 -170 -150 -165 137 -145 -145 -111 -84 -101 -73 63 117 -53 83 90 79 -89 -49 -115 -48 -49 -45 44 -44 -34 72 -115 -153 -93 123 -83 -115 -196 -113 -159 -150
40,-110 47 40 -45 -19 44 57 -47 -24 11 -5 -41 -54 -53 -68 -26 3 -39 -23 68 148 80 -107 -29 1 -47 46 -100 -87 -100 65 -17 -31 86 78 12 -18 77 48 40 117 97 73,-28 -24 3 6 92 22 -53 19 -54 25 81 -63 101 25 -6 12 103 -95 -42 34 -72 7 40 -74 -32 52 -52 76 27 -123 110 -16 42 131 0 -4 -72 13 -20 12 58 66 29,-130 124 82 -89 -99 79 71 -73 -100 57 67 -35 -65 -42 1 97 90 -70 -88 52 56 41 -64 -85 -114 -96 123 -137 -154 -126 127 -139 -122 109 44 112 -130 80 121 81 104 183 169
40,-139 12 88 -30 -43 -99 -116 103 -47 117 -165 127 96 27 -67 117 -72 -80 46 -96 -29 -88 99 -105 129 -5 -205 34 46 -117 -116 64 110 -153 12 -128 -98 39 -35 -71 90 17 102,-106 -89 -105 82 9 134 92 59 131 19 -82 88 1 91 16 49 -30 -107 49 22 39 75 90 28 15 -104 -129 17 -23 -95 -6 -63 -25 88 55 -59 -79 -58 162 -138 98 129 19,-331 172 307 -156 228 -127 -243 255 -186 198 -254 197 238 203 -255 204 -246 -254 263 -221 -244 -194 278 -213 188 -274 -267 251 252 -198 -197 255 186 -197 -303 -267 -200 259 -351 -370 413 424 280
40,-86 -44 -52 -21 -66 82 -166 -16 -111 90 -86 -169 120 -223 79 132 -15 40 111 -149 -128 117 89 75 -101 -72 72 71 -93 46 -106 34 76 -15 121 39 132 129 80 -88 229 -57 172,-6 121 -48 79 11 -99 82 151 -56 70 -83 126 115 -106 93 -90 -84 55 114 -120 80 177 62 -122 -54 -89 -37 -48 138 -75 78 -33 -124 -54 -69 16 -118 2 -33 -97 -57 -103 129,-241 -262 -303 -288 -244 247 -274 -355 -300 285 -395 -414 463 -407 293 426 -359 332 414 -384 -408 394 293 311 -334 -359 253 258 -280 325 -233 284 255 -285 184 290 275 284 220 -330 303 -440 417
40,79 86 -165 -117 -88 36 105 -84 154 -108 -51 93 -26 -127 -95 -42 -94 73 -76 86 115 61 -107 42 -90 -99 173 -91 60 -139 40 -38 43 -111 -121 43 100 -212 27 -42 -200 -163 80,77 28 -14 59 -113 -40 137 43 147 -112 -183 51 144 73 122 -35 -168 -95 144 66 9 -81 159 -45 65 22 14 63 153 -107 150 65 -125 -73 115 77 -73 7 -158 67 39 -95 90,352 343 -237 -329 -312 364 370 -388 344 -451 -453 318 -379 -383 -319 -301 -252 335 -429 327 222 296 -276 339 -342 -255 260 -321 367 -406 337 -323 317 -287 -273 -414 216 -286 288 -273 -220 -320 399
512,77 82 -54 13 -56 22 -10 -3 -12 21 -53 36 -73 -41 51 50 35 -43 -23 -26 43 -4 36 -89 -4 -13 -16 -11 6 -57 -12 49 -30 33 -48 -26 -13 57 -12 9 -41 -84 76 -22 49 71 24 16 -45 73 12 77 46 50 34 27 34 -31 120 10 -30 44 105 31 37 31 -53 72 -64 6 -7 40 -56 -41 34 -2 -75 3 45 -39 71 3 -10 -56 67 41 82 37 -28 -57 -47 51 -18 12 -36 -17 -40 -9 -69 -80 -27 -30 -32 35 29 -90 -35 34 93 -75 -10 -36 42 -28 -1 -5 -7 73 -57 -101 72 -86 43 -39 -15 12 46 -47 12 -71 -5 -32 -19 17 57 -29 -42 17 -11 17 3 7 -87 -8 41 88 28 41 77 37 -25 -32 15 73 -14 -47 -56 -10 82 2 -18 -18 -51 87 1 31 -47 37 -39 45 17 -5 58 -34 0 51 -5 -48 -66 69 -17 32 0 -43 -47 38 -13 -9 -26 -22 -31 -67 35 15 -39 60 67 -49 31 -54 -102 -55 9 13 -6 -34 40 32 28 4 80 -65 91 50 21 -52 32 75 -1 3 -84 46 20 -37 -64 29 -28 12 -87 -31 -55 -3 63 -24 63 -87 -32 -5 76 -20 -87 25 -21 59 -33 27 -96 17 23 -41 69 -40 -34 67 66 56 -25 0 34 -27 -52 43 14 71 29 -39 -81 -51 -3 15 -86 -74 -58 107 -56 -62 14 100 39 -84 79 39 -87 6 21 -40 -44 46 -42 -43 -80 41 63 57 -15 26 -23 -4 63 -14 1 9 -68 -25 54 -59 -40 22 -87 -2 -32 -58 9 -65 -8 -54 -58 -46 -37 -77 60 63 41 15 -3 -47 5 12 -35 51 27 23 47 -40 34 0 -15 89 -43 66 97 24 114 25 -23 -21 -61 -4 19 -33 0 48 -32 -18 45 -45 15 47 -33 -62 69 -55 -85 36 -6 -34 -40 52 -1 -1 66 -18 -32 -5 56 -45 -77 -34 -63 -14 -43 4 -2 -26 28 63 -46 73 13 -64 26 34 1 -89 58 54 -84 66 49 -5 1 92 31 41 -19 -18 -70 -13 1 -74 17 -18 33 -14 -7 -22 30 -81 73 -40 -14 -16 53 21 44 6 10 16 51 19 15 -9 -39 -23 34 -60 -52 61 -42 83 24 -90 -11 24 -26 -9 -8 -37 -32 9 34 -10 36 -56 61 -52 -15 -69 52 7 -81 87 11 33 -3 36 -29 34 46 -12 72 -53 -25 -17 -56 17 -53 -51 -15 10 40 -19 -100 -39 -17 -52 -29 -6 -27 48 0 -34 56 -54 -99 22 45 18 53 -36 5 -18 -36 -9 -57 40 99 -31 26 -3 -17 -22 -40 49 -29,-13 -25 -52 -50 22 39 80 -4 -48 -13 20 -52 32 19 94 0 -28 -11 28 -6 49 18 32 -70 91 -46 -3 0 -14 4 -16 17 46 34 -22 -57 23 -38 -42 62 -48 61 15 -24 23 -23 -13 16 -54 40 -50 -89 -50 -54 -14 -42 -30 33 -52 -87 -47 36 -30 -41 14 13 44 20 60 -31 -51 -27 82 -7 -56 -23 -26 10 36 -51 -6 5 3 -45 9 -16 51 -31 25 24 82 8 69 -20 -26 -46 18 -7 19 28 11 51 -27 7 -43 -44 7 -26 36 -31 -32 -14 19 81 -4 7 16 -55 17 25 0 -26 -43 57 -48 -38 -40 49 83 93 -28 -29 53 -50 30 -5 -42 -54 28 34 -94 -34 -37 28 -43 51 23 -40 13 21 91 -31 -96 -13 18 -79 -51 -31 -19 5 81 -74 42 59 -54 16 56 -7 42 35 -18 -24 37 69 32 -18 24 94 -49 27 -30 -38 -47 20 -66 -51 -52 38 -73 56 73 -67 25 -41 -61 38 8 -39 18 -24 28 0 19 39 -93 -28 -23 -9 33 -34 -6 10 32 28 49 9 -28 2 61 4 -76 18 -41 -4 -17 -76 70 19 32 -74 7 -8 17 -46 10 22 40 -25 -36 -2 8 48 -39 -83 59 43 52 -46 -22 -24 76 -43 27 85 39 -49 75 -73 -60 38 -5 -10 -9 -50 56 60 -71 7 -8 -23 22 57 6 23 17 -43 3 7 42 -41 2 -80 -65 33 -30 18 -21 0 -40 -30 -6 40 44 -113 -14 36 15 -6 -47 47 -28 -55 8 -5 64 57 -9 -55 36 19 108 -67 69 46 55 -45 42 13 -5 -76 34 75 -18 -28 -37 61 54 20 79 -37 106 -18 -2 0 41 -33 33 40 52 -64 90 -21 -36 11 -46 10 42 10 -61 2 32 -66 16 -20 -5 -8 112 -58 -18 14 -68 -3 -1 -12 -22 68 -23 -3 -5 21 -19 -19 4 58 -47 -26 -40 15 37 49 -50 -37 -47 -5 76 -10 87 37 23 -24 35 27 -48 27 30 18 14 94 -25 25 -48 -52 -81 -91 8 -4 28 24 8 44 84 -7 17 10 -46 77 78 -16 -132 -10 -36 14 40 49 -28 35 -78 -43 -15 -18 -23 -31 -37 -68 29 78 68 21 19 10 38 26 -7 11 -45 19 36 -31 -78 39 -46 -18 17 30 -77 -37 -40 26 -17 -66 52 -47 44 -6 -18 47 -8 -43 -54 14 4 -17 65 -35 2 12 7 4 16 -48 -64 32 -53 -40 -58 26 -66 -36 56 26 72 114 -65 -38 16 -47 49 -9 -8 -7 1 -79 15 -30 67 -46 66 -19 40 -47 36 -38 -31 23 11,10 2 -34 52 11 -25 15 -13 46 2 33 30 -10 4 10 36 26 -15 -36 -40 31 52 26 -44 -61 -34 -25 -26 36 -13 -25 23 -53 62 -56 -62 91 60 -61 64 -72 -67 38 -19 15 -1 -50 15 -9 -5 19 -21 -66 14 17 14 5 3 26 39 9 -25 9 -8 -7 -41 -9 10 19 -23 27 -7 -5 -16 21 -19 -11 -18 -2 19 -37 0 2 33 -39 -19 -24 -12 9 48 8 13 16 7 -5 -10 9 -10 -4 -6 8 41 42 -16 39 -37 -38 41 58 -55 -59 -37 45 -55 -52 -45 52 50 -58 6 -20 -33 61 -15 -42 -68 48 -12 78 -38 36 -9 48 26 1 -18 -16 38 34 24 23 19 -46 -65 52 37 73 83 67 46 -64 -90 -122 54 -67 -52 -61 77 32 -55 -38 -48 98 38 -53 29 -44 27 -48 38 -57 -38 54 -53 -81 27 -36 -22 -38 66 -5 32 18 61 -14 61 -70 72 -39 -46 93 -21 24 46 -65 36 46 -15 -57 23 -24 -19 -30 17 29 56 18 20 26 49 26 -18 3 30 -75 -27 18 42 42 -44 -40 66 59 -47 -49 64 -52 37 -23 -16 44 -9 0 -16 2 32 -1 9 -54 -21 38 17 -33 24 -28 50 -31 -80 39 -42 66 -35 -54 58 78 16 90 71 59 -43 42 34 -2 15 -35 -34 -73 -77 -8 -65 -48 -79 -64 12 -60 7 -70 52 68 -60 57 81 -93 74 -99 -81 -71 64 -58 -72 -38 66 42 82 -29 18 38 -12 9 -24 -3 -13 34 30 -2 9 49 -40 49 -28 -23 -11 34 13 -42 -21 -15 2 -21 5 27 65 20 39 -52 -43 52 64 -52 37 49 42 35 -41 46 -74 -60 39 96 50 41 61 44 15 -13 -37 -11 24 -3 -3 -18 14 -15 3 7 -18 -58 25 -15 -24 41 -21 -12 10 -23 -14 39 14 1 -1 12 -23 -17 -39 0 82 -34 -50 -40 -59 -43 -81 75 -50 60 48 -42 31 -52 -31 -4 7 18 -24 36 20 -10 28 47 -37 15 -42 24 4 -23 -20 -3 -14 28 -4 29 -26 3 21 6 59 -11 18 34 -43 8 8 28 46 17 35 -10 53 32 11 -10 -52 -38 -4 36 -64 -36 24 -20 14 -54 -17 -22 35 -29 -20 31 0 -27 16 13 -33 10 -5 -1 13 -20 19 14 20 -23 13 -37 -31 -3 19 -10 4 -1 -23 12 -9 -28 -19 -21 -12 -19 -10 45 -60 41 -72 -75 -84 114 -54 -76 -97 -117 85 126 -133 138 -108 -58 96 75 38 59 -24 54 -72 -57 -72 -37 40 56 -43 16 23 40 -18 -10 -3 10
512,-103 -80 -56 -9 -98 6 -36 45 44 13 22 10 -46 -8 39 55 -10 34 57 -49 -54 -61 39 -46 -18 52 57 -40 -76 -44 58 53 5 32 -8 -22 13 48 -89 42 -38 -38 56 -47 -19 -11 59 26 -33 42 33 -66 35 -56 45 40 2 -50 -27 -49 62 13 -20 23 63 86 37 56 -33 50 -24 -46 -6 16 43 16 -39 0 33 -24 41 -51 -45 -24 -71 -54 33 -52 -46 23 -70 -56 24 -57 21 48 10 -39 -53 1 59 -82 -29 -3 61 -1 40 -98 24 3 32 46 24 -3 -51 -27 -39 59 58 74 -10 68 -8 23 -61 -38 3 -43 -63 -93 -42 -13 -56 27 7 -63 97 78 35 96 72 -43 -39 76 75 2 -22 -31 -8 15 -49 2 8 33 30 -13 69 46 16 72 9 -65 -75 16 -31 -8 -28 5 -3 -84 -35 -45 23 -30 51 20 -20 -8 10 37 -24 2 103 -22 -19 -36 -15 51 34 46 45 -30 -14 -40 18 -7 -33 22 3 40 -58 45 -21 66 25 -16 -74 -7 3 53 -63 25 45 14 8 62 -35 18 43 58 4 83 -12 10 50 -34 33 -44 64 12 -76 -87 7 -14 34 -49 50 10 -46 44 -37 -67 -51 59 -33 -34 66 27 -1 -46 -8 -12 113 25 -28 -58 7 -115 49 -62 12 -43 48 17 -2 -14 10 15 -44 74 23 64 60 34 -18 19 16 32 66 -97 51 32 -67 -32 -88 -51 43 76 22 63 62 -21 23 -7 -30 77 -79 43 56 -28 66 -22 10 -24 -72 -79 -12 1 46 -29 -25 39 1 17 -24 47 -42 -96 49 -64 5 74 10 -63 19 -20 -59 36 12 10 110 -1 9 -21 30 37 40 -59 -59 -7 -14 -81 22 34 12 -70 -20 -49 49 -9 34 66 -27 22 -8 24 3 -56 -38 -11 -23 -37 -23 -74 46 84 36 26 -22 26 -87 38 -81 67 63 16 -11 -8 5 -56 90 12 -48 38 -11 -7 28 18 7 15 67 67 65 -22 -18 7 -41 3 73 -37 -31 52 -70 -35 42 -23 -26 53 25 -6 -62 55 -35 13 10 43 12 44 -53 28 -59 -33 21 19 -32 -32 49 -32 -62 -21 12 10 29 -55 -25 49 -19 2 -20 -47 22 -23 -44 -52 -54 -21 49 33 5 91 -70 15 -47 -98 34 46 -81 -35 11 50 0 -25 23 -58 45 56 -54 32 -40 35 16 0 -85 57 15 28 -27 38 -23 -48 -55 -66 21 -44 -44 -13 -93 -45 -87 -32 -8 -59 27 17 51 -27 -47 4 21 -5 -49 -38 8 -24 20 -3 -11 -18 -6 9 16 -48 8 -27 106,-66 18 -71 59 46 -3 -75 -15 46 -48 14 -94 33 70 -31 34 -5 -33 -29 69 45 -76 22 -80 23 64 53 73 25 10 40 -85 -9 40 -83 21 -42 39 32 70 22 14 -45 50 -74 57 -74 -30 -63 -45 48 -35 -29 89 -70 -20 10 -1 91 19 -76 21 -4 15 -41 -3 -19 -34 8 -65 50 -22 64 21 -3 -6 -11 -51 -57 32 -61 11 -17 -11 -16 -42 -68 -21 -89 -13 -13 -40 -50 -36 -14 -19 -2 -61 -90 72 57 -20 27 -6 -25 4 33 -57 49 44 -2 -2 74 70 14 57 -70 -42 -8 28 -25 17 -33 -16 -79 -76 -23 16 17 35 68 40 128 -5 74 17 -88 14 -1 -46 113 -13 -16 -19 45 -69 63 25 19 -6 -31 -19 28 45 -90 -34 -37 81 26 -75 1 51 -2 -3 -87 -29 -2 -69 -13 -20 17 -2 37 93 12 31 6 -14 -52 -30 -45 64 44 -91 -14 -42 15 -8 -21 51 -51 -19 -18 55 -64 9 -37 -10 -47 18 65 -71 5 -21 9 -8 37 30 -85 1 17 32 -38 41 -61 38 42 -69 -46 1 -51 5 -84 33 17 85 -13 -74 -61 4 53 -44 -46 -35 12 -12 5 -66 87 -61 -7 67 -2 -53 7 48 71 -32 -11 16 -27 21 -100 -29 36 -12 58 24 -27 -1 -5 -12 58 -30 -60 -57 -60 45 -72 -1 -74 14 -45 -91 -6 -31 -18 53 36 54 -42 -103 27 70 68 -99 -28 -85 3 -101 -11 -23 23 -10 -62 6 19 8 -33 79 -36 61 -22 4 0 4 -66 -51 -16 68 -7 -91 -10 32 61 -85 -36 45 -22 -21 1 -48 -55 26 19 11 -84 -12 28 -9 35 -1 17 54 1 -20 -9 -31 -68 5 -26 -42 -19 20 26 -44 34 -33 -60 68 7 -51 -70 18 -20 37 -31 55 14 0 12 -60 11 -62 17 -44 9 29 60 -39 -34 -18 -14 41 27 59 -25 46 -30 -4 -2 54 104 -67 -14 -83 -43 10 -63 -53 -16 83 59 11 18 44 -39 17 14 -21 94 21 96 53 -33 -19 -40 52 -15 53 -40 40 -31 -89 -36 -68 52 24 -5 14 14 -86 44 39 -23 48 38 -69 -73 -54 -59 -38 0 35 -6 -41 38 58 0 -55 -49 -33 -32 58 -14 80 -28 -49 22 56 4 -59 27 -73 28 -37 -18 -58 1 13 38 -17 53 25 -35 -67 -79 -1 -40 1 -33 -35 47 17 -75 -14 35 93 -40 19 -31 -33 31 51 -63 -48 21 -30 -22 -14 -53 69 -83 -71 5 37 45 -56 63 51 -47 -67 17 28 -11 75 51 -54 66 5 -6 71 -13 -53 41,-180 -108 -100 -136 -70 -43 -5 26 47 -49 39 62 -52 -30 -78 -15 -28 57 68 -108 -121 -140 153 -146 -145 109 157 -175 -71 -91 96 98 20 64 -15 -2 94 65 -5 76 -80 -87 74 -81 134 -104 89 57 -46 80 58 100 3 -24 46 41 29 -3 62 0 7 43 -20 16 27 7 24 11 -1 12 -20 23 19 -5 -22 -1 -3 8 -30 16 -12 13 -2 5 9 1 -3 -2 -11 -11 -3 -8 -25 24 -11 -2 -8 10 11 -12 -15 8 32 -3 -8 -13 -22 -5 -5 -1 6 5 28 17 -12 -30 21 -30 -3 7 19 -37 -13 3 -21 -32 -41 16 -25 -37 -56 101 -53 49 66 -73 110 65 41 69 89 -45 -58 42 46 93 -41 4 36 32 -23 31 -37 9 55 55 47 38 51 16 23 -17 6 -12 23 -18 -5 0 -11 22 -4 -8 10 23 18 24 -23 15 -40 6 -30 44 23 -32 -38 -24 -41 20 13 9 12 -22 -33 -24 -44 -3 35 -16 -10 10 4 -7 -16 8 -21 8 24 6 10 -5 4 -8 -35 -8 24 16 -4 -63 13 19 45 2 47 28 7 -50 54 -51 52 83 -36 -16 66 -48 27 -16 -84 -43 -85 73 -74 -19 -46 -12 -15 -46 66 45 43 -32 55 -34 54 75 86 -32 56 -43 60 -33 50 -62 42 -91 76 90 68 80 -106 86 82 78 105 117 -117 89 117 111 117 -114 85 -160 -99 -127 -99 -106 -132 13 74 39 36 -65 32 63 -67 54 -43 13 57 -68 82 -91 73 -58 -32 -38 -73 72 49 -44 99 42 69 57 -74 71 -44 -63 33 -38 -8 -13 -11 -4 -5 0 -13 -6 4 -7 -6 9 -18 -9 10 -3 0 20 -1 14 24 7 3 0 6 -8 -1 6 17 24 11 9 34 -5 -8 -3 -17 -11 -20 -2 23 -31 -37 2 -69 46 64 45 -66 75 -75 59 -59 82 62 60 -49 -46 46 -51 8 -70 -31 70 66 -50 30 42 74 77 54 84 76 -54 -52 -81 -67 73 29 -46 -45 -16 101 -63 75 -52 60 42 68 -110 -96 98 -107 116 60 23 100 64 -57 -95 -48 -67 77 95 -91 -86 60 -71 -63 -44 -54 -21 29 -2 -23 20 -10 -8 -10 -5 5 18 16 35 19 15 -24 -17 1 13 -16 7 37 -6 38 -37 -9 0 7 10 -4 0 -36 13 -24 20 -17 16 -18 -6 -29 17 32 -37 -8 -25 1 -12 16 -16 -7 -1 -23 0 -6 -29 -10 -31 7 0 37 -22 26 26 -40 28 -7 38 -15 -20 13 1 -7 3 14 42 6 15 3 -11 17 16 -37 -50 63
512,22 32 -46 17 0 22 -30 -46 -44 4 -87 -73 -68 50 8 20 22 -34 23 -56 70 -2 44 50 18 -23 -80 -64 -16 38 -64 -20 -28 38 71 -88 39 -11 -2 13 -9 53 17 -29 -62 -46 14 -19 45 -25 -114 50 19 35 -67 -37 -47 -84 26 33 -3 24 15 -43 65 -24 7 58 -34 -41 36 58 -88 -32 -2 -81 47 -44 22 -46 9 -7 -25 -24 22 31 65 36 -11 30 -17 -37 -8 76 -56 -12 -36 -48 48 -10 -44 38 1 -45 -11 6 -28 42 18 4 -11 20 -21 -55 -11 43 -62 -58 58 -10 34 -53 -71 13 72 9 21 -68 -19 77 69 29 23 52 45 54 16 35 -60 14 6 25 -9 11 97 27 -1 99 -21 91 -14 18 -40 -35 -30 -6 18 -30 7 76 88 7 -52 18 57 -26 93 -1 -53 -64 -56 58 61 -8 -71 -4 -81 10 83 14 64 -52 63 24 68 -27 50 21 -7 23 -6 -8 -13 4 -33 -56 27 43 -1 -13 84 16 -64 -23 -25 1 52 -57 7 38 -25 -62 6 -25 -47 -67 47 -13 3 45 33 4 9 -51 16 -47 -38 -51 -56 -2 9 -36 60 45 -14 -99 17 40 26 15 -39 -37 -6 9 -19 -42 3 -28 -18 -27 65 80 61 -45 57 -20 0 -21 -20 26 -54 -23 -25 -10 49 17 -1 -80 -34 13 -8 21 70 -64 -21 81 -45 -54 -47 -7 49 21 22 -74 23 -84 -15 54 43 41 22 16 21 -71 32 -45 68 -53 90 58 42 -24 60 4 -37 -2 31 -13 52 74 -81 -63 34 -11 41 -17 -5 -8 7 27 -13 16 48 -20 -38 -5 -5 -23 17 -9 41 -35 -53 50 -62 -35 -48 40 -32 13 -46 10 -17 40 -39 -41 43 18 19 -44 34 29 -9 -42 -9 -64 7 10 -49 21 52 18 21 23 1 -66 -51 -22 37 84 -17 35 -88 -41 -29 -52 48 -81 -10 -9 50 26 -58 5 -28 40 -31 0 -4 -73 49 -32 -4 -61 57 106 -26 -6 -37 56 48 -32 18 44 -44 2 57 81 -35 54 35 -16 -10 54 -22 -63 -8 12 53 -29 22 -61 31 -13 -29 -10 37 72 -9 -9 -13 38 -33 -30 48 -76 -34 93 -16 77 -43 -57 -11 27 -80 -33 -20 -65 53 28 -95 57 -59 8 68 23 -7 -24 15 -27 47 -11 -30 78 -34 5 33 -16 69 17 6 76 -21 123 6 48 42 27 32 20 40 -6 55 24 36 72 54 67 69 -40 -41 76 33 -8 37 8 -91 -24 45 -68 115 42 -27 -15 -28 13 22 23 -14 -20 59 -41 25 -56 -11,13 35 -61 -85 60 3 84 107 -54 81 69 29 12 22 -45 -23 0 -74 -5 -42 16 -20 -122 -12 0 113 57 -65 49 64 -63 -15 -65 42 -25 -21 50 -55 41 4 74 -72 -17 -17 -41 105 -15 10 -46 79 19 17 0 25 -50 -60 -53 25 -1 83 1 -7 86 -60 -1 -10 -21 -28 69 -35 4 77 30 54 51 -27 51 -39 -12 42 63 -93 -44 -27 -19 -74 75 -19 -21 11 -66 26 32 -59 -8 54 -27 -37 -39 -104 28 -48 54 18 35 -40 -28 -13 36 86 14 96 34 -37 32 31 -81 66 -14 16 -20 -37 -74 -32 15 12 -18 18 -54 14 -41 54 22 6 20 -53 64 -1 24 -57 -117 -37 97 35 -66 -33 -22 46 -29 99 -31 -66 -67 104 10 -62 -41 -60 5 8 -59 33 -29 -40 43 -2 3 72 -86 30 -19 -47 29 -26 -42 -4 -70 -54 -50 -39 -16 -15 46 -6 65 16 38 0 66 -43 -38 -35 11 27 -73 63 -52 36 -77 -78 14 6 59 53 3 29 78 -4 -64 -52 -3 23 43 71 24 29 -37 -120 32 4 -35 -4 -54 -43 -26 -49 -76 59 -9 -47 -7 -81 24 -38 5 11 99 -82 48 45 22 58 -15 13 -10 66 23 -17 -30 -18 -43 -12 -40 -108 10 -10 -49 -9 89 52 65 -15 18 64 -10 -27 -4 14 -51 34 -87 31 13 -11 -13 -28 -59 -2 18 34 9 -58 -6 32 -41 24 -49 -2 23 -4 -23 40 22 10 52 16 -38 38 -71 -39 37 -76 41 -5 -30 61 51 50 55 56 -30 14 -28 -57 96 -43 79 -45 50 14 46 -16 25 -57 -22 -47 54 12 -46 51 -52 28 -17 50 -112 5 -39 14 -63 -47 33 -27 56 52 5 29 -7 2 24 6 67 -27 -20 -66 58 46 -20 -36 5 41 31 61 -44 22 39 -50 73 -88 -41 41 26 -48 -10 41 36 28 40 -20 29 -35 1 30 45 -9 -7 -35 -8 18 49 40 -22 114 34 -70 7 -36 -56 -25 44 15 50 16 -34 39 -31 -26 4 40 80 -30 54 -70 -6 -91 -13 77 24 31 -55 66 67 36 59 -23 -33 16 50 -2 -53 30 -6 5 1 41 42 39 -43 -115 -61 49 -18 6 -18 -39 -22 -62 -9 -97 -48 49 29 98 -54 24 -66 72 116 30 -47 32 40 92 -65 -27 27 67 -66 -24 -53 14 28 2 69 -52 10 -57 -3 28 21 12 -28 93 60 25 -63 -40 2 9 71 -12 -34 -105 -17 20 73 32 3 57 11 19 90 -81 -51 -46 -18 -31 -25 -2 24 -12 41 -2 16 44 9,125 120 -139 151 -148 111 -122 179 -111 133 -135 -109 -80 88 115 80 69 -51 69 -46 63 -74 37 58 -95 -83 -28 -54 -66 98 -91 -93 -76 70 74 -49 70 -86 -6 10 5 42 18 1 30 12 17 -5 6 18 -14 19 -33 6 52 -11 16 0 -40 18 17 2 -20 -14 8 8 -13 -8 -28 -8 28 62 -29 -44 39 -39 44 81 45 -46 76 -30 -10 -20 21 39 69 68 63 38 -57 -40 -84 78 -70 -82 -70 -72 66 107 -62 51 -73 -45 70 52 78 30 44 44 -6 -33 -41 -61 29 19 -39 -66 34 26 27 -34 -60 26 27 27 20 6 -37 15 22 42 -79 43 49 70 90 73 -65 -124 -113 80 -97 103 88 104 109 53 -111 83 -14 6 -74 -106 -16 51 7 -44 39 8 17 -37 -9 11 -2 46 -8 31 -56 -13 -2 -14 -3 42 10 -17 -44 29 69 83 57 10 10 69 64 -63 45 36 -55 55 -60 73 60 -57 -69 -62 35 57 -100 -89 24 -75 -60 -70 -56 84 87 -72 83 56 -51 -27 83 -86 -59 -38 38 -57 13 52 -15 13 77 -64 65 -56 -63 -44 -10 54 -60 -27 18 38 34 -13 -36 20 -8 28 -5 5 27 17 -15 -6 -45 -9 -13 -31 20 33 41 -48 -7 -45 -48 29 7 49 -30 -15 -8 8 12 5 -2 12 5 6 2 -4 -60 14 13 -19 -20 -27 -3 -34 34 38 35 -24 45 -30 78 37 37 21 37 44 -41 -24 -49 26 61 -88 98 76 99 -126 105 39 -64 46 56 59 51 64 -62 -3 -8 -6 68 55 30 29 -25 8 -14 15 18 42 -19 -44 -44 -22 34 42 54 -49 -32 37 29 -32 -30 -26 15 -36 -12 -5 10 -18 9 4 3 9 11 -5 -20 -3 -7 1 -12 36 6 -19 13 -21 -8 6 0 -14 20 -48 -60 3 61 44 -43 -53 -34 -52 -39 -19 1 -8 -14 -24 19 11 -25 -36 -32 30 -32 -34 -62 -45 49 -44 76 -84 75 82 -88 -98 -85 89 62 -47 56 58 -59 17 -1 11 18 -4 -19 31 28 26 74 -11 -67 61 64 -74 79 -48 56 -45 -33 16 -46 22 -41 -43 8 12 -27 -50 59 -86 -74 110 -109 139 -91 -90 -103 99 -127 -95 -105 -120 149 151 -119 127 -77 82 36 73 -88 -28 39 -39 27 66 -29 26 -34 47 24 64 17 47 25 -37 47 21 17 -9 3 15 0 0 8 -19 -25 -3 10 -17 -51 -18 -30 -3 -3 -1 -47 29 -1 8 6 -17 16 -10 6 -17 -17 -8 23 -1 6 -4 1 1 19 -22 -30 -6 -47
512,42 23 -9 73 12 55 35 -32 -90 77 65 -33 38 -10 -53 90 99 42 109 -61 49 -10 23 101 -19 -63 34 -144 -54 -84 22 5 -161 -61 -43 -70 -56 -64 65 -49 -76 -37 24 82 -117 -20 39 -34 38 -7 -77 10 -137 -14 110 46 62 80 -27 -101 -95 29 53 55 -3 -64 24 59 29 83 76 -95 -16 -102 -81 -121 -85 53 65 97 67 83 12 -32 -89 123 -56 87 -81 85 25 152 -106 127 -95 4 -37 -89 6 89 -36 -23 -117 65 -19 -78 -19 -83 10 19 -59 -21 41 36 73 -40 44 -18 95 0 30 49 68 -89 -23 11 -38 -16 -63 15 -90 155 -103 36 -45 -96 -11 -5 -14 89 -9 44 16 -47 40 90 -11 6 -117 18 -80 112 104 36 -81 -3 19 -33 0 45 12 74 68 -64 -13 95 -129 41 7 113 50 47 -58 -10 -21 84 53 148 42 -7 -116 -121 -50 -129 -48 81 77 -8 110 -109 -59 53 51 19 75 2 -58 -25 163 -51 50 4 29 -41 -27 9 -28 -106 -96 -68 -78 93 22 4 -130 29 -74 90 53 37 -44 10 -76 91 -12 -17 -12 44 -33 -52 55 -54 119 69 55 38 111 -34 -10 -108 77 -16 8 -109 -41 -68 12 -44 108 52 -12 41 27 -77 -74 20 -45 2 48 -47 -73 69 50 64 106 -72 93 37 -16 134 -16 -61 -91 142 -58 -17 37 47 61 76 -116 -36 1 -61 -13 26 -66 129 -116 59 65 12 9 72 -109 -76 -85 -68 56 11 35 -13 47 40 25 -24 -96 84 78 -54 -76 -109 20 106 46 -74 -127 30 -24 58 -37 -76 35 -35 46 45 -82 21 50 15 1 -38 55 -20 7 -119 -26 0 -5 -112 -47 -95 48 1 -72 -3 114 -60 -8 -80 -36 63 -64 22 66 23 50 31 -34 -28 -80 37 -10 104 62 116 -111 -32 24 80 -84 57 45 61 108 36 -30 -119 115 -69 -86 78 62 -61 10 8 -78 -52 -36 44 -18 -33 112 0 0 40 5 80 -26 -90 -126 -19 -82 79 -21 25 -8 47 8 52 71 -40 14 0 45 -27 14 -61 87 -21 -7 66 -128 51 46 3 45 -37 -34 -29 -50 -73 8 127 19 11 -73 -40 -17 -58 19 -145 -53 6 52 102 49 -122 70 82 -20 -55 26 65 10 -12 9 -113 58 -107 -54 56 39 103 -103 -104 89 40 86 151 5 152 59 -31 67 16 -73 -15 41 27 27 95 93 -35 26 -64 -107 5 -107 -17 -8 -100 63 -81 34 47 -57 14 -82 53 131 -62 93 -70 -3 60 -13 80 21 50 35 -60 60 37 71,-26 -35 27 3 75 36 65 98 45 4 -28 37 72 -21 -49 63 53 43 19 -72 -55 104 67 -24 28 -29 61 -91 47 -16 -32 -47 -93 87 -58 114 101 1 13 64 13 56 -62 2 23 -94 110 122 -22 -18 85 -68 -87 78 -89 36 53 -96 7 -70 63 -29 34 -100 18 98 -56 -142 82 -78 -6 2 46 -85 -100 22 -1 -135 11 -7 -12 -75 -53 68 61 -32 44 -98 92 -56 -69 8 -40 108 60 94 80 -30 69 45 -50 67 -28 -50 -7 -58 99 -27 -67 98 91 40 61 -75 1 91 71 -29 14 3 -63 19 39 55 44 -61 -17 88 -19 70 -44 -28 -31 -35 135 -52 25 6 -87 -84 -93 72 22 -27 -70 -73 -30 -68 81 33 -80 87 81 38 -19 9 67 -47 26 -80 88 2 -11 88 -17 -24 -18 -44 41 -83 47 136 91 -78 96 -74 -8 11 -90 41 61 -76 -4 59 62 49 -39 5 110 -3 37 -14 -8 -33 -139 -10 34 -42 65 -14 -37 18 -5 -13 -83 87 91 -113 36 10 64 14 68 73 -75 -89 -99 19 -92 43 34 -2 -74 24 71 -3 76 34 88 37 -21 20 -77 -44 38 38 -137 -65 69 -70 -25 38 98 33 45 -43 69 -24 -60 100 -26 -28 -101 -59 -53 -80 61 13 -41 54 -9 97 39 46 22 6 -55 -39 113 -38 55 25 -8 76 -34 19 75 74 -46 34 28 -92 -60 -8 -66 -63 72 39 61 16 97 35 -23 115 -15 -130 -73 11 80 -47 61 34 29 -24 -53 -78 -130 -61 -69 2 -49 42 -69 63 27 63 184 -35 98 -72 52 81 40 43 43 36 5 -13 127 0 47 12 -34 83 -42 -35 -9 -78 23 46 29 38 61 -75 38 58 -50 55 44 37 -89 -30 -26 103 32 23 -6 110 -106 65 -21 -11 -53 79 44 57 -43 12 -72 8 -71 18 16 27 40 11 -15 16 107 -144 -168 64 17 -37 67 101 -76 28 -76 -79 -65 -24 -88 -42 -115 1 -61 70 -16 136 56 -53 -36 -62 20 -25 -86 -25 74 60 48 -72 -38 -36 8 -93 -4 19 -26 -49 98 65 43 17 2 -24 -90 -100 73 79 132 -52 57 11 -5 -49 128 -43 49 -38 85 -7 84 -33 13 35 -79 -39 63 61 58 -44 -12 -29 -77 108 25 70 -67 -86 6 87 -18 -90 5 -12 29 -42 -39 -45 -63 -90 14 75 105 96 -7 -30 47 49 -72 42 -1 112 135 105 -31 -31 -82 23 -83 83 8 -9 -5 -95 -53 37 -25 28 -35 29 -1 59 19 85 31 67 -53 49 -73 -113 39 85 22,-138 82 -83 31 -115 64 97 -115 -81 71 82 166 93 142 -112 135 144 145 126 -185 177 -221 197 189 -198 -131 164 -170 -127 -172 153 -186 -211 -208 -215 -202 -202 -119 184 -142 -104 -156 175 136 -44 -135 188 -219 188 -154 -154 222 -202 -230 200 174 160 150 -158 -136 -92 75 125 47 107 -162 -193 137 156 204 193 -96 -165 -185 -264 -152 -127 209 189 143 173 155 -239 -207 -249 221 -200 216 -267 300 325 235 -243 276 -227 -262 -215 -228 236 157 -193 -186 -198 141 -173 -136 -189 -126 190 193 -151 189 160 131 58 -88 152 -115 95 -117 105 82 79 -79 -113 45 -89 -39 -4 38 -20 67 -19 14 -93 -89 -122 96 -89 114 -153 81 93 -83 133 101 -111 123 -66 -191 -105 137 141 135 -110 -135 141 -100 130 119 161 76 90 -89 160 105 -110 140 153 109 -242 183 -174 -186 -179 119 79 154 88 139 -183 -139 -169 -94 -158 132 73 -141 66 -4 -48 84 70 85 33 -91 -61 -70 80 -79 47 74 74 -44 109 92 -75 -108 -125 -84 -117 146 -151 124 -149 -229 -108 92 132 109 -93 114 -69 119 -118 104 95 95 -153 -131 33 -114 143 184 130 140 189 -175 215 -128 99 -77 89 -89 114 -103 60 -34 109 113 -142 51 142 -96 -117 157 -138 173 145 -137 -112 167 195 203 173 -162 169 179 -196 206 -186 -145 -125 183 -191 -185 200 208 197 157 -136 -196 170 -163 -159 146 -213 192 -162 133 157 -199 182 152 -132 -186 -158 -141 130 95 75 -137 120 106 89 -80 -178 157 90 153 -76 -80 170 126 109 -198 -197 204 -206 213 -213 -176 114 -108 112 91 -51 99 70 -53 33 -47 34 56 -40 7 -7 -36 42 -74 -77 -84 125 186 -141 187 158 -137 191 -153 -163 135 -138 184 167 181 94 116 -169 -183 -156 105 -167 147 176 169 -103 -67 -119 94 -115 92 54 146 111 162 -117 -129 215 -228 -261 185 139 -180 191 192 -216 -170 -178 171 -182 -166 111 121 117 118 -159 75 -76 -13 -79 -115 -71 33 -15 -44 -18 31 -49 -27 -86 14 27 -22 9 -26 29 -13 16 41 -64 -37 -25 71 32 -27 115 -137 -140 -124 -93 -138 109 67 -125 95 -117 -138 157 -81 -141 -26 -110 131 74 136 180 -164 143 135 193 -102 86 118 104 140 96 -145 174 -103 143 41 153 153 -141 10 108 157 110 161 -188 186 53 -78 199 162 -139 126 128 157 160 164 91 -157 223 -216 -172 174 -157 69 -47 -158 139 -133 17 70 -150 150 -129 61 103 -121 122 -115 -159 155 -173 171 -205 138 235 -227 241 204 208
512,-35 105 -32 -39 17 146 25 62 -8 86 -50 4 45 -5 29 -54 28 -24 -105 -39 -46 -4 -72 -2 -115 -60 -24 0 19 81 -71 40 -44 -32 62 5 143 82 82 8 52 43 108 64 25 15 -67 -40 -122 -6 98 72 50 1 87 42 5 88 -86 -64 -54 -16 64 91 -5 79 63 -63 0 -138 -76 43 -78 -61 -37 -56 91 9 4 54 -57 -11 44 69 22 34 -35 61 43 -89 -87 69 -108 39 -20 -34 69 142 -35 -54 24 -48 -21 -54 -56 -105 33 17 93 8 19 77 -66 55 39 50 -93 -106 -87 4 76 98 87 -71 -14 32 20 -7 -7 42 -11 56 44 11 -15 -31 74 58 -103 -108 -120 40 -77 87 88 -112 65 -64 -39 13 58 -46 60 0 12 33 -10 97 -72 -91 20 -17 129 -24 116 -41 -68 -25 136 -62 -25 -98 -31 -34 -105 59 81 -20 -33 57 98 43 56 -66 -26 40 -2 12 -45 -61 48 -6 80 -82 -66 48 -8 -63 -63 1 83 -101 5 16 -76 -101 -118 -141 -57 41 39 49 -26 58 -79 -98 130 14 -25 54 13 -53 -38 90 59 54 -76 -78 34 21 10 -73 89 -61 106 -34 -16 -76 -59 54 -66 18 -57 45 37 31 70 49 -5 -33 -1 -18 -51 16 -6 -47 43 -23 -56 -50 -12 57 31 -21 -73 81 14 64 -30 64 12 -32 14 -54 -39 -23 65 99 -4 54 -65 -68 107 76 105 -80 3 40 31 60 97 -50 -28 59 28 41 -129 46 52 86 -75 33 -115 69 -42 24 -46 -41 44 -79 12 -76 55 22 -41 20 76 -60 -24 -18 -1 14 -57 76 -12 -52 -42 30 -76 42 -85 -36 -30 25 -52 84 58 8 -66 103 -40 -81 83 80 -89 9 -105 47 -11 -107 -89 -49 21 -128 102 97 -27 -75 -44 86 73 -28 54 -43 -29 20 -61 41 13 -106 71 -69 -60 34 95 126 -55 -36 -57 -99 -46 -62 84 66 -106 -31 -43 -43 75 62 -34 -60 37 22 5 -42 -70 5 130 -20 55 10 -33 88 61 87 -75 -88 -135 -45 129 -24 -64 44 -104 -101 109 103 -94 51 15 -62 -57 95 -38 79 -57 -57 -36 -68 7 -2 -137 -43 -36 82 24 70 128 -39 -60 -65 -14 -30 74 26 90 -58 -84 -25 37 8 22 -56 70 87 -151 81 53 -6 -33 -23 -47 35 -145 31 25 -156 -67 62 101 -48 24 41 -42 -99 48 70 124 -112 -14 -26 111 -89 -86 -49 -156 57 23 9 -81 14 -46 25 68 20 19 -45 69 22 92 16 -37 80 -114 -104 19 59 32 4 71 12 -32 -99 -3,43 -10 -13 43 59 52 -36 50 99 38 -48 -22 44 29 17 -10 120 2 -134 -104 -58 104 -21 -18 50 -40 -7 54 24 -5 61 -63 -38 -21 35 -16 -127 98 -144 -38 4 90 -105 66 32 79 -84 100 93 -10 -93 -48 60 -30 26 -16 -20 -27 67 -60 -128 71 87 143 93 -107 72 -17 137 -7 78 -43 16 30 -143 -45 -70 91 63 -87 -75 77 -65 -24 -17 -108 73 -37 -55 45 32 62 45 59 19 141 -69 91 19 80 74 108 -43 22 -10 76 73 3 -39 -31 71 78 50 -63 87 73 -10 34 63 118 -97 -78 -26 -93 -28 16 -63 52 19 13 -29 -35 43 40 70 90 4 -81 -19 17 96 -21 40 -51 4 -40 -69 0 -46 41 -39 51 -110 -24 0 145 75 11 -16 68 62 17 39 21 114 -42 -42 -102 -11 -25 111 40 -49 -38 10 -2 68 -35 4 7 10 51 3 -144 84 35 39 -101 -43 -124 44 -64 -65 -72 -105 -62 -80 21 25 72 11 70 61 79 2 19 79 -32 -59 41 51 51 -13 40 22 -39 108 0 -21 -84 46 -28 96 -33 -4 -122 -47 86 34 -58 -10 21 -89 71 21 88 44 -69 -64 -76 131 29 124 65 55 -91 97 -74 72 -47 -70 40 -19 -6 54 49 91 79 64 96 31 111 64 37 82 -30 91 43 56 -40 2 -35 159 39 63 -58 -42 48 58 4 -11 -113 11 -67 -6 -60 -30 93 -82 -80 -41 -41 129 -17 2 77 32 -46 63 33 59 78 5 -21 6 2 129 26 63 41 47 -80 28 -100 -17 -56 13 -3 52 84 -50 -15 26 58 78 -124 100 -72 -74 -27 -81 -30 -51 24 -62 97 -55 68 45 8 3 66 -87 53 -58 10 71 -29 -65 69 37 65 -6 14 117 71 59 35 5 105 -59 50 26 29 60 26 -7 -97 -31 49 42 1 80 -60 96 13 72 88 65 -89 -113 113 47 88 39 -13 37 -94 12 49 -29 55 108 -15 -2 79 130 67 8 84 84 75 94 -133 -103 -12 13 -43 80 7 -104 -44 -19 -24 133 -72 63 53 -105 -75 -84 16 22 55 110 10 -91 -60 -1 -67 -24 -76 -76 20 -54 -7 4 -50 80 -29 -115 5 83 23 -129 63 65 100 60 14 -58 15 50 -57 -57 -3 39 -23 -45 51 -42 -47 -126 22 71 59 -29 39 74 81 -10 45 50 -47 19 -39 89 61 18 -12 -35 -19 -14 60 -102 70 75 -49 -67 26 -47 8 17 9 41 -30 -41 -29 74 109 64 74 -53 -8 49 -49 60 103 40 -84 -52 -99 90 30 -84,145 112 -81 -74 133 111 125 96 -124 88 -80 -67 52 -1 -29 -47 12 -16 -68 49 -74 122 -49 9 -67 -73 -88 -106 106 63 -95 103 -85 114 57 81 85 -161 35 106 61 40 80 65 -132 92 -111 198 -78 -104 107 88 114 -83 108 38 77 108 -135 -158 -222 -260 263 266 -267 189 220 -147 206 -141 -198 177 -120 -128 -162 -168 107 -189 169 49 152 -89 115 106 -115 73 141 44 148 -91 -89 136 -144 111 -20 70 75 109 141 -28 20 -87 -96 -57 17 -73 85 93 53 132 132 140 -187 133 168 219 -177 -165 -130 204 210 182 122 -127 98 38 49 -85 85 49 76 22 93 97 -105 -115 71 146 -149 -104 -168 149 -107 164 125 -98 80 -78 -107 51 10 -107 79 87 53 85 -123 102 -29 -73 -114 -78 93 -127 113 -83 -164 -208 99 -64 -135 -146 -148 -125 -94 75 82 147 -97 104 78 117 98 -133 -167 141 150 148 -160 -144 -158 -100 146 -140 -119 65 113 -108 -137 101 83 -126 178 -120 -95 -108 -94 -88 -89 64 96 75 -68 41 -51 -39 42 22 -17 8 4 -10 12 -54 5 12 10 -30 81 6 16 -83 86 -140 101 -125 -150 -168 -216 247 -241 268 -244 233 165 175 211 159 -144 -92 -126 -100 -95 93 117 -65 90 124 -86 -91 -84 53 -130 -77 -62 88 116 139 -152 145 116 -102 134 -101 -130 162 102 126 172 122 -95 -158 119 127 171 -96 172 165 241 208 169 -142 -173 121 85 68 -105 103 78 16 -30 -99 35 2 76 15 -17 -23 3 -10 30 -51 21 21 -1 -51 -55 23 -21 33 -13 4 -14 43 -83 -113 -130 81 -93 71 -123 -110 -52 81 -30 80 30 127 -126 61 123 -44 164 166 -173 111 -189 120 -152 -170 -223 -214 146 -169 185 201 -238 -164 -176 141 172 -127 65 -112 144 76 -59 55 -111 -95 95 -51 -118 147 214 132 -178 -253 -286 -281 -232 -213 217 230 -134 -127 -121 -144 110 95 -109 -141 109 -165 137 -118 -142 -161 70 -133 150 144 -139 88 -222 142 -98 -159 -128 -125 166 -219 -175 192 -259 -283 265 232 -250 259 248 -190 -197 185 -210 133 -151 -126 -130 -96 -22 -9 -50 34 -133 33 -38 99 97 -132 -138 -105 118 -75 139 143 112 -145 -60 -141 -177 132 135 -111 110 90 -86 134 118 173 -155 -166 -167 116 -134 -184 127 -153 -212 168 138 -188 211 155 -156 -120 169 170 23 -135 163 -122 140 -121 -167 -163 -148 116 108 107 -69 79 -47 80 41 81 76 -81 142 199 141 202 -191 152 -153 -204 235 237 244 -258 194 251 -233 -189 -263
512,-12 12 -56 90 -13 -66 -20 -69 -97 -146 -39 -42 48 3 49 -2 29 106 -74 -25 -16 -16 32 -43 -27 -50 -19 -75 -32 -93 -72 111 -35 -48 -83 -67 62 -47 42 -70 35 -51 -100 66 -40 -114 104 -2 42 -69 -2 -24 69 48 59 -76 -44 55 40 -13 46 48 -87 -19 -97 44 -65 -88 90 89 -11 94 -129 -72 82 -17 68 121 55 47 -87 -90 77 60 105 5 -68 49 0 77 0 42 -131 32 -17 126 36 110 23 -92 -50 120 118 -39 41 15 31 -88 -67 -57 129 8 -30 28 57 31 -97 -6 -112 77 -67 -64 -59 65 35 0 -10 43 26 25 57 -16 -20 -12 45 -68 43 0 12 95 37 -1 23 81 -95 -81 -37 -72 43 78 -74 40 -9 -124 -80 -39 -22 59 43 -14 -70 50 -34 -14 69 35 89 57 24 -124 -80 -117 21 43 64 -125 -78 -123 21 -85 135 -71 -44 8 -39 -112 36 -40 -72 -14 31 -7 -91 -76 -42 80 32 35 62 68 9 87 -102 -93 -49 36 74 -56 -50 1 -120 -64 -108 28 -74 147 -18 72 -9 13 -29 26 -45 -38 46 -17 -68 -19 -20 -15 58 -34 -52 -8 8 -25 26 -34 -42 136 6 -71 31 27 13 58 -60 -9 -26 -21 -101 39 7 10 48 -116 96 41 33 74 41 92 6 30 34 -10 29 65 49 53 98 161 36 77 -42 -38 -60 16 -56 42 -28 5 39 -54 87 1 113 84 -24 23 -36 38 86 -89 -17 -17 60 -89 -55 38 45 -46 74 -82 -56 -13 74 -93 -23 -1 111 109 -9 104 100 -39 73 -64 24 -35 -9 37 46 -38 -124 0 58 45 63 9 -9 14 -2 20 -136 115 32 101 87 -12 33 -44 32 -9 39 18 -76 72 123 -20 -87 132 -58 -91 48 1 -120 -158 36 41 22 95 110 81 88 -12 113 -113 -91 -196 -101 36 45 0 -109 -31 134 102 -94 47 29 -63 -85 -31 -122 -16 105 -17 20 -50 -14 -18 15 44 -23 -22 -125 10 -21 53 142 -25 -96 -29 7 60 -52 29 -53 60 56 -30 -76 0 8 66 20 -29 -55 6 80 42 -43 7 38 -49 40 55 -108 0 133 -8 -81 17 -62 -72 53 -50 4 34 6 -63 -40 -39 40 -30 49 -119 -56 134 15 -84 79 -83 -78 -114 -8 -60 83 -20 -107 51 67 -109 -31 32 13 -49 80 -101 146 28 -51 -101 -57 42 -42 85 -61 46 -76 -58 47 81 -29 21 -28 47 38 -43 34 10 -29 -28 -72 -118 96 56 23 -47 62 39 -103 53 -49 -41 -45 40 -46 41 12 -54 -81 79 43,36 27 -40 -51 30 -92 90 -90 -34 -74 52 45 -71 -129 68 75 -118 102 -10 -44 28 74 -40 22 82 -88 122 -57 80 -8 25 -33 33 34 -25 -127 -59 -41 -22 -70 -137 52 -34 28 5 63 60 74 -3 -24 51 -3 -50 -39 -40 21 68 -57 35 -30 61 -79 -118 101 -69 74 0 39 11 58 -74 44 152 52 -69 36 -81 -80 51 52 54 30 -37 -54 121 20 67 -144 59 -4 38 45 -34 91 124 -42 23 -29 3 89 102 32 -103 72 78 -98 -19 44 148 11 57 -23 75 99 40 -67 -17 -61 96 51 -68 -15 -108 102 -59 -85 -76 -36 -7 -27 83 -110 -68 -59 -3 4 -115 44 -6 -64 55 -35 -56 -7 -61 28 -15 17 58 -55 60 -15 -6 -75 17 109 19 56 -53 5 -113 9 -45 45 38 -142 37 -18 58 59 -25 58 75 -69 2 19 110 100 -35 27 -111 44 78 27 -106 15 46 -56 -92 -34 36 -79 -41 23 29 55 -2 52 -100 31 4 4 68 56 90 84 1 49 -57 103 4 85 -13 -73 -98 82 27 -97 64 58 105 60 -60 -85 98 53 45 53 97 -99 -75 101 104 37 21 -2 -54 -67 -82 -132 -120 61 -40 -40 61 104 44 66 41 -60 -27 -12 76 14 3 2 -44 30 -113 13 47 -127 13 -47 -80 64 -33 -39 -29 66 -30 79 132 -4 -68 -17 -100 -23 60 -77 -112 45 -20 -8 -5 65 -8 -61 -61 57 -42 97 -19 -32 8 73 43 -21 -32 -16 28 40 -58 -92 -11 77 -3 30 90 -16 43 41 -59 -101 -26 125 -99 77 -24 29 46 47 -38 98 -77 14 81 32 -20 65 22 74 -56 -102 -1 92 -50 -91 -92 -40 -19 -50 64 -53 -81 -38 0 61 49 86 -39 -118 -184 -50 -16 -137 19 34 40 -43 6 11 -31 -7 -43 -115 -45 -15 -59 27 -62 -23 35 -98 36 142 -136 3 58 -56 77 63 4 30 -84 -35 -3 15 58 -70 -5 -47 -76 -40 12 0 9 62 -141 -82 -26 29 114 -14 54 48 1 15 -15 -94 -46 -30 65 -4 67 35 2 -54 -70 63 58 42 -41 -84 68 13 6 89 8 67 -15 -55 23 -27 11 -3 -6 56 -33 91 -12 106 -47 61 -48 62 116 21 70 -54 -69 -41 -67 -77 -68 55 66 -88 69 78 8 -45 -76 -27 42 -30 -3 -4 -82 -91 -30 41 43 -80 3 -79 30 -88 -22 76 -76 65 65 71 46 56 114 79 -75 137 70 -40 12 -53 21 -23 80 52 -80 -41 44 30 -100 21 38 -94 -68 -18 -23 32 -88 -3 -13 70 107,214 186 -168 123 -194 -157 231 -178 -142 -138 -171 -165 218 208 116 161 160 161 -88 -112 -122 -129 99 -87 -106 -85 148 -86 -91 -43 -59 -10 -44 -11 136 -14 106 -34 15 -57 47 -159 -103 120 -45 -123 130 182 52 -124 97 -70 110 155 128 -93 -142 172 171 -163 138 195 -194 188 -95 -212 -104 -107 106 166 -226 186 -242 -283 204 -250 210 235 239 185 -156 -120 123 134 119 46 13 104 123 47 50 88 -32 98 131 29 99 33 96 -114 -175 173 173 -179 183 207 165 -118 -139 -131 174 -193 -163 165 150 226 -129 -193 -216 261 -208 -159 -161 205 118 -157 -182 141 140 119 107 -161 -155 -109 86 -108 71 114 102 56 106 107 87 85 -116 -76 -69 -48 79 125 -149 126 -110 -105 -127 -152 -135 149 118 -146 -151 166 -153 -164 142 -221 98 140 183 -155 -166 -167 -210 193 193 -132 -183 -209 156 -95 163 -178 -186 -150 -107 -123 142 -129 -110 -105 86 135 -66 -65 -80 78 50 -121 100 93 -132 -6 -128 -145 -195 164 165 -159 -169 220 -150 -196 -161 191 -218 182 -150 175 -158 155 -215 211 -195 -189 181 -163 -155 -123 142 137 135 -110 -70 130 -128 -99 109 -108 -160 166 223 -175 150 90 100 148 -126 -98 -84 -83 -8 82 -98 -103 78 -21 60 67 92 55 79 105 149 115 122 -147 138 104 75 69 122 152 -165 114 -127 -126 -110 106 -95 118 -152 -155 111 -106 102 149 76 105 163 111 -113 153 126 -92 -19 -16 96 -89 -80 -73 106 -121 110 -135 -96 -141 73 -145 -122 -142 170 129 -222 225 153 -210 244 -191 146 -176 -155 129 149 -152 -123 137 82 34 108 71 88 117 -140 187 -101 118 102 156 163 -100 105 -70 62 -85 104 123 -72 -164 33 -158 -98 159 -94 -192 138 146 -151 -98 164 138 -170 106 85 113 108 -237 163 -93 -182 -163 -194 125 177 161 -100 194 142 118 -84 98 -160 -75 7 111 -27 63 48 -49 -71 -1 43 -18 72 51 -66 -12 -47 94 -86 72 61 -89 -50 -38 56 27 75 -4 -17 26 -2 7 -39 -35 32 28 29 -19 87 -44 -29 -76 -41 69 15 -19 14 28 -28 -59 43 66 18 58 -29 -24 48 -50 -100 61 -99 -83 -134 -128 135 179 165 -148 -200 178 203 -219 241 -279 -260 -158 215 -143 216 -223 -146 132 111 -91 -104 169 -138 -78 137 -156 153 110 -144 -135 -185 185 -159 172 -194 199 -214 -224 200 223 -186 -209 -167 197 179 -146 146 131 -157 -115 -69 -71 125 158 187 -151 147 175 -169 69 -77 -139 -162 130 -64 126 108 -65 -101 147 241
512,18 -52 29 121 -15 103 -91 -117 -84 74 88 -228 178 109 0 86 74 84 -33 -133 -18 -131 113 107 98 -148 -65 80 45 99 -63 47 128 -87 53 -146 -19 124 33 -87 148 32 -180 46 137 12 110 -9 145 65 -125 108 79 -65 -51 -88 78 164 128 16 -53 30 -91 52 -63 6 26 165 117 -145 -28 131 -55 63 -6 -15 117 34 -46 -93 55 68 -37 118 -76 -57 -79 105 -71 -197 -121 -135 111 40 201 -57 107 -52 -45 -125 -52 29 23 41 -127 -47 38 -59 -98 44 100 72 -90 79 -110 66 -95 99 57 81 -61 -144 -2 -162 -136 128 58 -70 -78 -58 66 -70 -98 145 -98 91 -14 143 -115 83 -60 108 199 -89 164 4 -61 -30 -144 -112 226 86 94 133 -88 -31 -132 -101 -91 -82 -54 66 173 -11 132 84 101 99 52 -51 94 -122 226 54 -140 -33 -96 -115 -1 89 -60 -98 -90 -2 77 -162 -86 -58 190 81 60 -124 -106 -40 -3 -75 5 48 -21 166 -78 9 102 107 90 -96 58 -89 94 65 100 -53 84 85 -20 6 -40 83 80 -72 31 126 -103 94 -98 -28 -107 124 -30 -33 62 -94 -117 -36 93 59 -45 101 -34 -128 11 201 -64 -73 -61 -68 -145 55 -16 156 35 55 -68 67 169 123 -58 51 -17 -123 111 103 -33 -94 90 -63 -85 45 34 18 81 -68 19 46 -138 21 31 -107 -62 -156 158 44 -90 125 93 128 107 62 -78 -109 21 -130 -44 -78 65 111 48 31 30 106 -53 -39 66 108 133 -105 106 -19 142 -118 9 141 -82 155 114 -96 54 46 114 -64 -18 -50 -5 -4 150 154 37 7 113 -111 -116 187 -110 99 -11 61 54 -109 -23 -107 -44 -104 -61 -45 159 105 -185 26 -115 -110 50 121 164 -39 71 -95 -108 114 -102 -64 9 -96 -59 164 -38 106 122 -108 57 -22 -39 -117 -31 -92 -107 66 42 -108 92 148 -14 109 -76 89 105 -45 33 -57 -42 168 -220 -97 32 66 112 32 128 -82 -110 67 59 -51 -85 78 -97 -7 -110 53 -100 42 -100 -42 140 -132 3 97 -139 -140 -203 -132 84 -17 0 -121 154 -37 202 -103 111 -20 -107 114 69 93 75 -29 -40 -125 115 35 -212 39 35 -89 -123 52 -121 32 -72 -120 142 -5 24 -80 -56 -154 -99 45 -71 62 -139 -84 -114 49 -110 -40 144 -128 66 -31 151 -1 -108 -43 30 -71 95 106 30 135 -95 -33 -131 -2 170 -164 -57 -148 144 53 53 -148 138 83 45 -61 -81 -8 -27 72 131 103 -85 55 -94 162 -47 100 -211 173 56 -61 46 -137 -106,188 -80 -102 -48 82 5 97 72 -78 26 124 -74 -87 -96 114 -114 -19 63 -105 -11 -51 -19 54 -29 11 208 -115 -37 -24 -40 102 106 -88 135 53 61 -119 -1 119 48 53 5 -19 -93 28 71 -117 119 -141 -46 172 -70 -53 -37 -55 -81 -21 97 80 47 -52 -62 136 53 -20 28 -68 126 -48 -105 117 83 -109 -60 -108 -61 58 70 53 129 -79 -124 -56 -50 -63 -137 -25 37 -102 -133 19 -125 88 -96 59 229 50 -145 -76 -101 -53 53 -142 133 0 -72 -1 -118 -18 6 -111 -187 -98 -20 -87 83 -72 -97 -125 -133 -80 43 176 6 -146 -5 149 -11 70 -49 -124 -114 -119 4 48 34 8 76 -123 41 67 -87 117 11 115 -160 -4 52 84 -43 -50 118 -118 -56 70 33 -103 -45 31 -56 182 -217 86 -74 117 -53 62 -87 -27 47 -65 51 -61 139 31 0 -45 -43 -98 -34 -22 -89 17 35 117 51 7 92 -21 -138 -136 122 56 -130 -69 97 66 69 9 -60 -102 47 -25 47 99 18 -55 -34 -111 85 -119 60 86 -50 83 68 22 90 131 13 -42 39 -97 64 -103 -103 -224 -141 48 104 34 51 -55 -96 -31 -90 152 -92 91 127 146 -120 124 -12 -5 -5 -95 -120 -109 173 53 87 -109 -91 -107 -206 9 -34 163 1 205 80 101 -5 -76 114 124 32 -109 -113 -35 -101 -113 82 120 63 40 92 26 89 41 -115 219 53 -104 -127 -57 0 -93 -43 184 88 125 28 22 -69 -167 -176 66 97 71 -16 -113 -17 -28 -32 135 100 11 -139 -74 88 63 -6 109 94 -86 102 44 122 4 99 -57 82 103 72 142 -46 -4 135 -62 103 -82 -90 105 134 -114 141 78 103 -101 49 79 92 54 -74 98 110 99 -153 -77 73 -13 142 183 8 -87 -68 -111 -10 -73 15 -103 -43 -56 50 177 -196 -199 170 -181 -140 138 -28 95 -97 107 -27 80 -26 22 42 100 87 -125 59 88 118 5 35 31 58 -71 -105 109 68 -116 -114 -130 -18 -132 105 12 62 19 -45 6 -8 13 -10 -104 -14 -52 6 -78 85 -154 55 -121 -18 -133 20 76 28 -54 -102 -174 -47 215 -25 125 67 133 -70 39 68 -104 62 -131 105 -154 54 -82 -73 -114 -183 181 70 81 -130 -135 -129 32 -15 154 -24 65 -112 -66 -28 -120 -108 57 25 -121 -69 64 24 -68 -136 -175 76 43 -57 -63 -75 169 183 147 49 -44 63 -38 91 -102 -85 94 3 30 -41 -52 -61 160 -128 158 20 -105 134 50 -85 -87 62 -129 100 119 -31 -116 -149 -83 129 85 -32 -32 20 33,413 -292 263 296 -279 190 -251 -256 -321 300 311 -349 335 296 -387 268 251 270 -271 -166 -272 -166 218 184 190 -221 -336 277 225 255 -213 230 284 -309 258 -270 -279 181 273 -221 196 197 -143 185 93 308 243 364 278 212 -148 192 197 -186 282 -151 177 185 208 193 -96 116 -164 81 -147 122 -158 170 229 -178 229 223 -209 214 237 250 170 201 -190 -263 320 310 -290 208 -305 -286 -264 224 -363 -294 -348 -264 350 368 327 -353 237 -288 -311 -285 -196 186 197 219 -103 -176 176 -234 -184 187 243 336 -320 271 -245 351 -324 374 411 334 -293 -230 -349 -193 -279 287 324 -316 -298 -257 253 -268 -243 157 -218 204 -278 257 -220 251 -234 263 188 -173 219 256 -201 -272 -170 -201 221 263 325 303 -264 -328 -334 -290 -280 -272 -412 447 294 -357 247 285 283 222 223 -174 135 -172 94 -272 -137 -172 -124 -90 -187 110 -138 -211 -165 207 243 -236 -241 -205 180 287 309 -290 -278 -232 -267 -229 252 205 -185 196 -126 -214 165 241 263 -273 207 -278 294 320 296 -253 218 201 -285 194 -157 208 230 -113 147 149 -160 115 249 -128 -148 88 -174 185 147 -144 -169 -196 215 169 -336 315 -353 -216 334 222 -260 -306 -260 -252 -229 281 -322 304 364 352 -252 250 342 316 -132 230 209 -68 223 318 -248 -260 246 -325 -315 273 302 301 238 -254 301 292 -289 295 287 -210 -256 -315 245 333 -412 317 346 409 267 335 -291 -179 263 -313 -352 -279 223 254 291 303 239 236 -205 -219 231 188 203 -166 243 -290 211 -189 299 302 -284 246 291 -292 274 232 243 -210 -186 -251 -200 208 237 247 309 -246 267 -220 -216 305 -337 297 -388 387 413 -307 376 -268 -309 -250 -328 -329 331 377 -356 393 -365 -360 314 241 250 -337 291 -170 -152 179 -186 118 -66 -163 -197 155 -16 185 314 -328 365 -400 -382 -324 -349 -241 -230 173 193 -228 159 200 224 126 -134 129 120 -165 211 -156 250 198 -151 -188 262 262 303 263 244 -387 -329 185 197 -237 -154 166 -65 -151 -137 146 -99 119 -133 -198 120 -127 -226 155 -217 -287 -190 -174 175 274 294 -220 238 -306 278 -395 198 -286 -226 340 369 282 261 -347 -335 -283 340 379 -323 408 411 -389 -372 437 -370 327 -284 -276 362 -341 281 -280 -251 -152 -246 309 -259 272 -342 -380 -298 276 -228 -370 296 -291 241 -273 318 255 -276 -209 223 -300 337 371 346 246 -278 -269 -158 -284 205 -179 -243 -27 224 124 123 -226 271 320 360 -210 -335 -261 -243 342 319 330 -347 377 -435 348 -386 345 -352 278 308 -274 318 -197 -229
512,-37 -75 37 -106 66 -92 165 -10 81 48 -28 -97 -100 38 -158 -146 67 -99 -56 131 -19 -70 -78 125 -76 30 46 90 37 125 -54 129 1 -96 86 -17 -158 -124 44 56 -47 -97 37 87 111 151 -53 58 -59 9 -26 -94 -105 -147 -117 -162 -104 77 87 -91 16 -133 -127 -72 -41 100 -122 133 -40 -50 6 -10 -93 -108 -153 -118 47 -100 48 94 -18 33 -76 -159 114 -10 132 100 -56 156 105 -68 127 -141 -81 2 -73 -15 -100 -128 174 31 -134 -73 54 131 -84 95 -179 85 92 -21 59 -109 -117 -122 -30 -56 128 13 -135 -116 134 -3 107 -181 136 19 -22 78 113 -121 142 -70 109 166 114 57 -57 95 -87 135 89 -64 62 -126 48 7 -159 -82 -19 109 77 -65 -93 29 97 -2 104 117 49 41 -109 -181 76 131 -108 -1 -45 -95 78 72 -127 19 -25 -68 -67 88 38 -150 -16 -21 88 87 -90 125 -88 -41 -123 -13 -2 86 46 40 154 -10 101 -8 33 -77 -150 88 -43 -73 -102 4 -95 117 72 67 25 -57 -89 -12 31 4 73 -42 130 -111 58 -111 69 -58 -134 9 -109 -164 -120 122 85 -27 25 -27 -87 75 -121 69 74 74 -131 30 -155 -103 -97 51 96 140 -77 -27 -96 88 36 146 10 23 -127 106 106 -4 23 -104 -19 76 -5 -91 -46 116 101 129 -109 27 -14 -28 39 83 -171 85 95 -155 -107 -64 -72 -173 -80 83 -24 82 38 128 62 95 -29 127 77 84 -55 137 170 166 70 -40 -151 -48 153 125 53 -126 -18 -126 -139 42 -90 -53 -153 -57 76 73 -113 45 79 -117 -44 -134 -118 -4 36 -44 -68 -117 119 -39 -11 -10 119 23 60 144 115 -55 43 -85 37 -127 75 153 -23 -24 81 -24 -144 145 65 15 -68 -133 -86 164 -68 98 77 -118 110 89 -66 113 11 -71 -43 -68 26 187 -110 -98 81 24 31 -23 -64 7 -22 -92 62 148 -140 47 -45 153 -7 -90 -21 24 52 34 -1 159 -119 -127 -102 -161 -90 -50 -24 68 58 -27 -113 59 90 -67 59 -133 84 163 78 -122 41 30 -115 -147 67 58 5 -70 167 -99 -79 43 32 81 57 -55 71 5 27 -102 197 178 3 -53 96 -135 30 -111 -51 -163 72 -53 7 72 90 -47 3 -14 69 2 110 -112 -94 -34 84 137 172 147 132 107 130 -36 -71 18 37 130 70 -102 -88 -88 -72 186 -123 -128 47 -82 -113 -80 146 -60 -157 -154 -83 -95 -39 40 -94 39 -62 87 -16 98 132 90 -47 -2 55 107 50 -109 65 -75 113 -84 130 78 -132 58 -46,-92 69 136 -124 89 67 -103 113 99 -143 124 19 -177 -38 -62 -144 145 -78 99 -43 -130 84 6 -94 112 -195 -90 36 -97 78 64 -29 39 -54 105 -8 171 212 1 -110 16 -35 34 154 52 88 -164 -184 -119 -40 -49 15 201 137 -58 -82 17 148 106 63 91 94 -72 -51 95 121 -51 64 56 60 -89 96 147 -99 -141 35 64 -142 56 -57 -97 -108 154 -127 -118 23 -58 -103 25 -80 -63 -36 -107 -143 -49 -184 76 4 44 -119 -1 48 114 -127 -46 141 36 147 -97 183 -61 -165 90 -60 45 -86 -4 23 -76 40 146 5 44 -90 -88 46 -8 -100 75 18 -48 -38 211 57 122 65 -77 84 119 2 -88 135 -98 -59 90 -97 -12 83 -70 8 102 184 35 40 86 -157 -111 -134 -64 94 -78 0 84 124 43 -42 24 83 74 -83 -131 25 8 108 -54 -77 -89 43 -94 -47 -42 -22 17 -140 -60 -106 -85 -121 146 -19 116 -57 115 83 -136 21 -122 45 108 25 -58 -52 -62 15 12 119 -27 126 -113 27 96 -131 7 41 -74 -80 137 -45 89 61 -55 -130 -91 -99 -44 -79 97 68 -111 -18 -120 -112 65 -41 -17 30 98 -39 72 152 84 -88 -89 115 91 -44 -146 141 -5 -55 -98 137 -56 74 -189 -129 172 -108 -82 106 182 122 142 -66 96 149 -60 142 119 117 -20 -90 100 -78 7 29 -152 -48 -137 32 27 -138 11 49 -6 10 -111 -70 -86 -151 -116 35 -84 159 -83 113 49 76 4 -74 86 101 -79 72 -94 51 93 196 66 59 -11 157 -199 138 -137 88 -23 152 -11 31 -14 -116 -77 107 -132 -174 58 123 -86 79 -88 -56 35 21 -84 74 -7 -99 40 -31 129 94 -140 7 23 -44 -45 124 48 -42 107 -85 120 157 112 38 86 116 121 170 36 165 -48 -3 -59 111 83 142 107 -94 54 74 -69 62 25 89 -35 -40 -23 -24 -123 42 -58 -109 -99 -185 -62 93 -71 139 2 -124 55 -79 80 74 100 -91 117 156 103 -139 -47 -29 -46 63 115 108 -81 181 110 22 73 119 -65 -106 151 85 -167 28 23 123 71 -49 -74 190 40 173 -106 -33 -88 -124 49 92 34 67 100 -76 56 -57 82 -48 -129 50 -89 17 -85 47 49 -174 -39 145 97 -22 -113 -42 -45 -81 173 49 -138 -115 19 90 -86 113 -36 55 -6 -111 -44 -122 -97 -56 122 65 161 4 164 -51 -79 -35 -120 53 92 -51 -89 -92 -67 -99 -128 94 138 -96 -102 -83 62 -99 -50 -120 -39 -48 99 -87 -118 68 -31 135 -46 81 -170 -62 -164 -137 -89,-410 -340 375 -354 395 -337 271 356 327 296 319 -279 -189 252 -263 -217 -423 -302 -310 254 -343 -299 -253 210 -307 364 283 68 -191 208 -244 211 157 -201 101 -171 -175 -222 226 211 -225 -231 216 175 211 243 -208 198 292 249 -207 -140 -304 -333 -270 -294 -310 407 373 -234 -337 -335 -294 -252 -272 297 -265 265 -228 -329 261 -257 -256 -352 -341 -233 289 -279 206 342 -195 -249 -285 -378 342 223 229 151 -195 301 258 -294 290 -258 -262 339 -141 233 -243 -206 161 183 -252 -291 306 360 -357 344 -376 413 300 -336 272 -225 -239 -234 -169 -158 75 -211 -222 -207 142 -218 242 -154 142 200 -284 247 200 -157 252 -293 360 300 314 311 -374 299 -304 334 250 -279 305 -254 290 -339 -217 -230 -290 246 279 -266 -218 311 232 -318 248 314 294 272 -211 -243 274 184 -213 286 -237 -242 291 131 -158 182 -177 -243 -213 171 158 -139 -181 216 173 136 -132 202 -238 -341 -300 -264 -278 261 283 300 233 280 179 -235 212 -232 -184 223 -200 -123 -175 190 -100 228 201 148 -237 -222 -163 -261 184 246 232 -270 217 -249 269 -241 328 -324 -257 301 -205 -179 -228 201 215 300 266 -247 -192 210 -227 253 267 374 -299 374 -358 -343 -229 279 340 321 -308 -297 -331 270 291 239 320 306 -428 391 353 296 265 -395 -448 325 -286 -310 -313 246 370 277 -166 242 -315 -265 248 191 -209 282 211 -177 -169 -216 -139 -111 -8 125 -66 -170 133 251 316 205 -144 302 359 346 -322 309 289 321 381 -407 -334 -407 360 312 381 -345 -445 -337 -298 407 -376 -402 -281 -285 265 284 -251 283 264 -213 -284 -303 -333 381 236 -223 -224 -210 179 -102 -171 -128 84 -158 100 158 144 -15 23 -109 160 -4 -144 -38 -102 -137 104 -91 -97 251 224 295 -295 -231 -363 323 -353 319 368 -339 274 241 -314 215 -340 -303 -350 -258 302 218 -253 -177 103 156 170 -171 -135 170 215 -128 212 256 -218 320 -291 248 -319 -241 -278 279 249 268 -303 197 -331 -332 -321 -339 -289 -331 -224 322 189 -220 -286 353 328 -391 422 -351 353 367 327 -265 320 335 -282 -175 162 258 -232 -158 138 -177 -120 160 145 166 122 -73 192 125 102 -163 187 204 -251 -202 263 -205 293 -204 -242 -176 219 -229 181 113 145 -225 -187 203 118 184 123 -194 -241 -302 335 361 268 255 286 262 255 -124 -243 -179 124 303 339 -213 -307 -314 -334 323 -377 -387 343 -332 -295 -328 360 -350 -356 -348 -339 -370 -381 317 -267 331 -363 266 245 128 262 282 -304 229 214 277 356 -269 201 -366 328 -328 379 398 -534 437 -451
512,174 -68 83 -84 24 104 -47 -96 81 -109 -79 182 -44 -81 -160 -52 -43 -60 76 -91 -30 -131 49 -132 -113 50 160 102 3 -180 -144 -171 23 120 98 2 -142 54 -131 -93 -145 121 68 105 70 57 -82 51 -61 -51 76 76 -86 -74 149 -25 -17 113 -81 -2 -198 131 10 -75 -10 -128 -13 -97 75 76 -66 -96 22 66 -11 -17 -43 -159 45 55 -13 -100 80 134 91 -102 -84 -52 4 -25 202 -7 -68 -36 -110 -42 -60 -133 122 90 185 -53 -7 -76 -124 119 -4 -126 -69 -76 -49 63 97 91 -147 -37 -60 32 -104 7 -85 166 149 81 117 -117 20 130 94 107 -81 136 -47 -121 -80 -53 -10 57 90 162 -117 -38 108 -70 -27 30 72 -89 -237 76 118 57 -144 -15 -79 -48 113 5 -139 99 -83 -108 -72 -81 93 -53 104 -146 83 57 18 -165 -70 60 -95 -104 -96 -118 40 56 73 -41 -114 53 -28 39 177 103 162 -134 83 29 -141 -66 -64 112 -108 14 -81 -93 77 102 -26 -203 -17 74 99 -52 -26 142 21 -24 -90 -47 -110 -117 -119 -113 86 145 43 159 -18 106 -143 -124 109 -183 113 145 -57 -59 -76 143 -52 161 47 58 -90 -70 -23 -130 -102 80 -175 45 -51 97 -41 -3 -123 154 194 -123 77 -105 -74 -167 -76 -189 113 -157 99 -123 11 93 -164 -105 26 -28 98 -116 -77 96 -101 -102 -213 113 1 -130 21 -108 20 13 -36 16 152 -96 -164 71 -127 -3 -26 78 31 3 19 52 45 64 183 116 -166 -215 129 110 65 -88 100 -73 -26 58 133 100 -22 -54 68 211 -33 -94 -38 -105 -65 -166 -132 182 74 95 -103 -69 125 113 128 99 -4 144 105 108 -57 -12 -59 110 134 62 -95 -57 114 -177 -39 -121 31 -128 108 24 120 -148 -8 165 29 4 -83 -85 111 -120 -78 121 -142 -48 -21 47 126 -93 161 163 40 -54 154 35 50 51 54 -42 105 67 -89 149 13 -42 130 -116 93 -130 199 52 49 64 225 -24 -206 -127 95 -39 103 -63 -102 83 139 -14 118 147 -170 -73 17 -127 145 50 -108 -119 -162 94 29 23 95 145 -44 -127 162 -14 -57 111 69 -189 -142 -67 -172 -123 39 -55 165 -31 120 -22 138 -5 -179 -16 -122 -38 86 126 136 -27 -113 79 96 -69 -97 -85 -125 -53 106 -20 17 53 122 -100 -111 55 -92 -27 -99 -97 -110 -195 161 82 -173 62 -42 -68 -148 -141 -108 194 10 150 49 -18 61 -39 -113 53 -147 -4 141 143 67 -68 87 -98 4 96 153 86 45 7 136 173 -65 112 -209 -37 122 101 -135,87 38 -111 110 19 -49 73 -90 119 23 100 135 -111 -92 -130 -40 -32 -63 -30 128 36 134 3 8 -31 -96 127 -185 107 -39 -108 110 97 43 -163 -139 -111 -52 106 -98 26 -150 -102 -40 89 115 -1 -45 -82 8 -80 109 -67 -99 128 -123 -110 120 -116 88 41 -58 -215 -103 -94 138 70 142 192 2 81 95 -86 -63 -54 94 97 59 102 -103 89 13 66 137 146 -108 -5 -125 -34 -128 92 112 -137 80 -110 107 169 42 51 -35 -144 65 80 -74 -172 -35 40 -155 -133 55 28 -185 50 -158 109 -30 -109 -172 138 -122 -77 7 -66 -18 60 -122 -121 60 -57 112 113 139 -64 -112 -94 -22 94 -48 -15 -37 109 -110 146 -48 -68 -56 7 35 56 -5 164 -22 68 147 143 -56 23 113 -58 -66 79 25 -43 115 4 147 -69 -119 71 -41 -105 129 -37 -104 -81 -59 82 12 -69 -17 -65 200 -117 10 -94 -108 -137 -57 215 -68 129 81 124 55 -113 148 -151 -104 114 -122 33 82 -87 94 83 70 -43 -181 31 -29 -18 -40 109 -173 -38 90 -103 65 -163 35 104 -116 -14 36 -67 13 62 -135 120 -142 -148 -86 90 180 -20 119 -217 203 162 -86 147 94 94 73 17 163 -99 23 71 111 106 46 -86 71 51 58 -158 6 93 43 131 208 51 -46 4 -100 -113 -70 -14 90 122 108 -132 -167 -55 -127 199 94 49 104 -15 -17 -72 142 54 -157 -125 -8 -96 -52 47 -11 -55 -124 -55 109 -107 -17 107 54 -80 -39 132 -70 -74 47 -19 51 97 73 -163 -108 87 -141 6 -5 101 69 -16 77 -55 56 171 157 -85 21 67 50 -43 136 25 21 -84 32 -93 -18 -43 150 -5 -67 -123 77 -109 93 107 -43 -85 -74 -121 66 -102 103 -32 93 -11 47 -59 137 120 98 73 111 45 87 -21 -201 -117 -15 110 79 129 157 -112 39 25 55 -126 103 7 -150 90 -92 -59 -72 -11 -65 69 41 108 -58 155 114 -84 115 95 9 142 56 -26 110 -83 -41 -126 -24 -65 2 -110 -24 64 183 150 113 -41 78 -176 -146 -70 67 44 -67 -91 104 98 -147 -95 -102 -164 39 9 44 55 -46 31 -52 73 93 -107 155 -51 13 -132 70 -49 57 16 -12 79 -159 -79 56 -86 25 -107 73 68 -106 21 -144 -2 100 -15 93 -78 -79 48 -88 -34 132 83 90 148 -129 -74 2 133 142 102 -70 -38 63 71 147 -95 117 91 -20 44 175 99 -48 -22 68 -68 -154 58 -116 101 29 92 22 -50 45 -155 117 -19 37 69 3 79 83 84 100 54 -12 -128,316 -195 196 -183 244 238 -236 -229 296 -241 -278 294 -337 -298 -278 -178 -282 -165 153 -156 -219 -244 268 -149 -204 268 337 376 -467 -326 -401 -397 375 330 298 -400 -356 369 -390 -332 -279 335 302 253 287 288 -164 304 -183 -194 304 288 -281 -327 297 288 -250 266 -308 -248 -160 233 -269 -182 260 -197 337 -317 275 196 -210 -268 271 267 -253 -262 -292 -235 238 224 -268 -182 274 301 333 -193 -241 -240 287 -295 272 335 -350 -281 -306 -379 -401 -316 313 317 292 -151 -201 -358 -242 115 -200 -268 -331 -237 -184 201 216 426 -354 -223 -331 336 -296 -372 -302 272 253 278 267 -258 -396 335 332 367 -406 292 -331 -291 -211 -211 269 227 211 193 -211 -231 228 -138 221 175 152 -125 -100 131 94 156 -144 -214 -261 -276 177 228 -184 225 -212 -107 -148 -162 38 180 144 -214 196 74 -231 -217 -217 174 -183 -206 -149 -221 188 178 168 -288 -251 282 -216 292 333 369 364 -376 266 -379 -377 -352 -355 415 -333 380 -317 -338 284 217 -248 -243 282 154 98 -148 -3 139 7 -4 -217 -241 -179 -132 -219 -299 322 305 298 306 -330 317 -206 -225 367 -334 444 409 -497 -391 -489 305 -397 382 450 441 -475 -340 -391 -388 -385 283 -245 316 -276 326 -285 -324 -297 358 294 -273 344 -387 -357 -265 -362 -217 297 -394 300 -167 229 151 -291 -323 265 -213 335 -336 -442 366 -343 -363 -365 204 293 -199 207 -182 206 215 -243 -278 172 -176 -194 183 -162 -225 -220 157 203 -262 236 205 216 231 230 198 -196 -229 298 300 294 -287 283 -268 -284 258 305 270 -246 -216 224 170 -291 -175 -252 -219 -310 -371 -325 295 301 297 -315 -335 236 243 270 237 317 177 251 262 -270 -301 -313 264 329 276 -338 -294 241 -326 -321 -237 -369 -252 260 281 224 -155 305 267 280 -314 -276 -322 296 -277 -286 337 -279 -376 -382 309 226 -357 300 239 272 -256 259 284 243 250 249 315 200 209 -168 177 250 -220 294 -310 338 -338 303 425 389 380 217 -379 -248 -275 268 -320 291 -315 -212 268 174 308 177 386 -367 -421 283 -310 331 422 -377 -313 -267 346 388 396 350 278 -362 -287 296 -265 -247 168 210 -207 -188 -243 -254 -155 243 -247 193 -271 142 -229 146 -231 -163 247 -142 -193 167 265 199 -212 -280 315 263 -292 -234 -242 -255 -230 252 -265 267 299 293 -276 -251 313 -348 -425 -374 -448 -426 -278 337 374 -345 386 -382 -359 -298 -306 -334 300 244 157 125 195 195 -216 -178 122 -185 -293 182 207 223 -240 200 -155 -195 91 264 233 209 -199 252 229 -254 219 -284 352 236 270 -346
6144,6 -24 -97 58 -75 59 32 39 17 -5 4 9 77 -22 40 19 -37 -48 26 -70 -22 3 -40 21 -18 49 89 40 44 -6 34 44 -31 -58 -101 28 88 51 33 24 -18 41 -41 23 33 30 -44 34 47 47 -8 -24 21 62 -15 28 50 59 -52 -94 -9 21 -39 57 52 -66 -18 -5 -3 125 43 40 -8 -58 -2 -26 -28 -17 112 76 -84 -41 -66 -34 136 -17 20 -54 -17 57 -39 -3 25 -47 -36 27 32 -8 21 23 33 18 69 -50 2 -25 7 33 52 13 28 39 -28 4 54 -98 43 -9 70 7 -2 -9 -44 24 21 -29 77 2 17 18 62 -62 -57 -14 -28 80 -48 63 63 14 47 -38 73 86 41 45 22 15 24 64 7 -27 8 97 -51 -9 -2 -65 53 -17 12 -11 -73 101 26 37 45 -64 -24 29 -12 -29 -9 -28 -39 -50 -76 -18 -5 9 51 -14 17 46 44 21 12 -22 2 61 14 29 23 -29 52 -42 26 73 79 -26 2 12 -4 56 -27 19 -37 3 -24 0 -4 83 -12 -22 55 53 -105 28 24 -4 39 28 7 63 56 10 62 26 -68 -28 35 -3 63 80 35 -7 114 -16 20 -59 -51 23 50 -60 4 47 0 -124 -20 -23 -34 65 -63 -2 59 -28 -14 100 -24 73 -42 46 42 72 -59 -30 -7 19 -51 -78 -14 -2 52 5 36 -4 -19 -29 64 -90 8 -41 32 39 -23 5 -104 9 -27 -38 -39 -70 75 12 -51 -35 37 -6 -31 87 21 -35 39 66 -22 11 8 32 -33 -107 14 43 9 -11 -83 29 88 -9 66 -14 -35 -10 8 67 -76 51 -79 20 25 -27 -80 53 4 16 -10 -31 39 -4 9 82 13 47 -39 -22 -53 14 0 -52 16 20 -18 -13 -17 4 70 22 46 -51 -50 17 15 -23 -10 31 -5 36 29 -37 40 -10 -56 -27 62 -57 -67 -20 23 71 48 -49 -70 28 -27 -29 40 -18 -41 -79 50 24 -43 -45 -24 40 63 -90 -82 49 -55 5 -56 -67 -46 61 -69 14 -92 -50 29 39 37 47 20 -39 12 -59 -31 -34 -39 26 81 -30 -20 72 25 8 -7 52 44 30 -33 18 40 -58 7 45 -33 46 -36 -21 8 62 -1 -33 44 -34 31 84 1 -40 -33 -54 39 -109 -21 -28 -11 -46 79 32 -94 -22 -87 -3 20 -34 118 -36 -11 -38 38 -39 49 -32 -11 -37 22 -54 58 -56 -1 4 45 -18 26 -2 -27 -40 4 51 -89 4 69 -25 73 -48 83 -41 -51 -52 -40 43 -32 1 -42 59 -70 -12 -8 12 77 20 -41 55 76 1 -44 -12 -6 -45 63 39 -52 20 -46 12 51 33 72 56 -49 21 -53 0 11 45 -39 -78 -60 19 -1 -13 -1 54 59 -7 4 10 63 35 27 -41 2 -16 20 -54 75 -52 18 -41 -7 -47 -67 64 -38 48 -32 -50 24 64 -58 38 6 -94 12 -17 -31 20 -68 -24 -14 65 41 -63 17 21 -16 -21 71 -12 7 -38 50 -19 -1 -33 -14 -1 -7 18 24 51 -89 16 33 -37 43 1 0 7 -12 30 32 -34 -22 -70 -38 -33 47 -57 -9 -29 -21 52 31 -1 -74 69 -29 13 18 45 7 -102 22 -66 -70 50 -49 -1 -46 -104 1 -32 49 74 28 -31 6 32 -19 56 -11 3 -91 -45 15 -8 -15 7 34 29 -10 61 15 -3 45 62 30 0 2 27 -15 0 26 43 -28 2 -33 -36 73 12 80 -26 62 -41 50 -13 -57 -2 -52 -5 39 -4 13 -40 -32 102 59 17 54 -93 -72 -9 -72 -13 44 -11 -31 18 -42 -7 5 -48 2 36 -25 -29 2 -46 -71 9 111 -28 -28 23 -59 -35 -45 6 1 -47 31 -47 -100 -7 10 7 -62 -62 10 29 24 -34 -9 -66 85 -77 -12 49 62 23 28 35 76 0 83 8 -1 16 56 58 27 36 -13 -25 10 15 25 -73 -8 57 -26 63 24 61 -54 -15 21 2 -29 5 27 35 43 99 49 14 -65 76 26 8 -10 60 24 -56 -99 15 59 -33 -76 65 72 -13 46 -14 26 38 50 28 -72 76 14 40 41 -50 17 -15 -4 8 -7 22 -24 56 -38 -43 -74 -36 -75 -46 32 -39 -51 -15 95 -47 -59 -53 72 76 -24 58 20 14 -54 -55 85 -45 66 8 -28 -69 24 -26 47 5 42 -22 4 15 49 -6 -1 -53 -23 -89 72 34 86 71 -29 9 -74 80 96 6 -29 39 33 -40 59 22 -56 28 37 57 28 -77 64 -59 105 28 -26 -53 -48 -48 17 -8 10 -29 5 -14 4 -33 51 7 81 -50 -7 -64 27 -89 -28 -50 44 31 53 23 7 10 0 38 -3 6 -48 -13 -23 53 -37 31 72 -2 90 -16 -44 41 -17 -79 68 -18 -8 -103 82 30 53 32 -6 -24 -49 44 63 -11 -84 -37 -15 48 -37 -48 -40 37 22 -13 -18 -6 52 63 -57 -36 45 24 82 -7 -73 93 -18 21 -27 79 -19 18 27 66 89 -60 51 9 5 36 -9 21 -22 65 7 118 -21 -57 107 16 -15 -10 25 -4 65 37 19 38 24 19 -32 70 -67 40 -77 51 -17 7 -26 9 -35 -63 34 -21 -4 81 -91 15 -99 8 11 18 -72 48 7 10 56 20 -36 54 -16 -90 -11 22 22 59 -65 50 -59 67 -57 44 -46 -9 23 -28 -3 23 87 -63 -1 42 33 38 -10 -23 -47 13 -64 18 6 -11 42 4 -1 -13 -33 14 51 88 7 37 39 66 -60 56 23 13 -10 15 11 -26 -30 -54 10 49 -76 -16 -40 39 -41 -35 7 87 -14 -4 71 -42 44 -56 25 -24 -17 -21 -24 -2 -64 15 -13 -35 -38 -80 64 8 -40 12 3 -4 -9 -23 13 53 5 -16 19 28 -31 24 -70 4 12 104 -30 20 -41 79 -38 53 31 -77 -36 -47 -42 36 -67 -49 21 40 -14 -3 9 -38 -24 17 27 -27 65 -31 48 -17 19 35 29 -23 38 -9 -75 22 47 75 40 94 43 -20 21 -17 -8 -4 12 -29 -43 -13 -63 40 15 -36 25 36 -31 -6 -101 39 -57 -32 38 -41 6 46 -16 -20 -76 -18 -51 -3 94 25 -6 -8 -8 43 16 52 49 18 81 37 27 76 -55 37 61 -92 38 -3 34 -31 32 64 55 73 5 16 -11 21 6 -4 20 -39 4 36 106 -20 36 6 -32 -20 -50 -15 -25 -52 -19 9 24 -29 6 -40 -48 55 36 64 -85 39 7 -4 69 0 4 -42 73 16 -70 -31 -106 -39 -21 -102 60 -85 3 14 -20 75 -51 -65 -45 -26 -33 -26 -3 19 -100 32 -2 11 41 -41 23 -18 -84 58 58 12 66 -52 39 -28 46 -49 -18 16 -8 47 -44 40 -4 61 -21 -53 81 -34 49 -11 37 25 -47 28 9 -27 -80 64 9 -55 39 42 44 -67 -50 44 -28 3 60 52 25 29 -27 -90 9 -12 -36 47 64 -31 31 59 -20 64 -9 70 -28 -96 -80 -37 -45 3 -11 92 -83 -4 32 -69 47 31 54 -11 -55 -34 60 -16 -51 -28 47 -12 -42 33 -24 -51 -5 52 25 -28 2 44 -37 -3 -62 -60 45 -33 38 -59 -20 -70 -55 -2 60 -26 -40 -18 -73 -66 1 -11 12 29 42 19 -34 49 -66 -20 -3 -22 53 -45 25 -39 -10 52 -75 36 -15 47 -74 -2 -58 18 -36 29 33 65 -12 -61 -15 -22 -11 -85 65 71 -7 0 -68 -1 -40 28 35 21 -34 -17 10 83 -46 7 90 -42 -95 16 44 -27 14 -17 50 -37 47 -30 -67 79 -42 -65 -58 -32 22 13 -8 -31 -21 38 -43 -36 -14 73 1 64 48 -44 -8 73 -26 28 -100 17 27 -46 26 -55 70 36 -31 54 -123 0 -48 -8 -19 33 69 20 -87 3 16 -112 19 61 -10 -24 23 63 6 19 -51 6 -10 40 -61 -79 26 6 13 -44 36 -66 11 104 -32 -55 31 56 0 -38 -14 -2 -9 -87 39 13 -12 -58 -11 -14 -41 -16 25 -20 -22 -12 58 -16 -99 57 -11 -63 62 34 -1 -104 -1 -19 9 -10 -139 23 37 63 -12 37 -6 -14 21 70 -57 36 -39 -124 -6 91 -17 -8 25 -87 -42 9 42 -6 -36 33 -45 -36 -16 30 93 30 23 -12 19 36 -49 23 -27 -23 -45 -2 -52 -22 -73 14 -72 -103 -6 33 -49 77 -12 -27 71 5 21 17 104 51 -1 27 49 -83 68 51 -33 6 57 -43 -39 32 77 -32 88 -1 -78 33 63 2 70 41 -66 52 -53 -44 -18 15 12 -31 49 72 -15 -45 38 47 28 11 27 -22 -26 -38 9 -25 -8 4 46 57 -11 -60 30 2 -26 5 74 -12 -17 -7 42 -54 15 22 43 49 -62 -59 -62 60 -25 -33 15 -89 -56 -56 49 97 44 17 48 -2 -50 14 29 -55 -98 29 37 36 -7 -64 -89 -19 50 -45 34 26 2 28 -39 33 70 69 -44 -14 -37 -18 44 -15 -8 -40 -10 49 -34 92 50 -80 -21 -33 -17 -47 17 2 -17 -38 20 14 116 -12 91 90 -34 112 -13 1 -96 -18 -22 32 20 -13 -4 -44 -86 12 -8 -13 -50 0 -4 63 -8 56 36 -8 37 1 2 -32 16 36 25 -12 -7 -59 -72 15 -12 -23 -65 -71 -56 34 41 23 14 -94 -7 -59 -37 9 6 -38 75 -62 4 -34 55 61 -23 0 60 20 -75 10 22 -20 4 -63 -54 -40 -59 10 72 24 7 20 91 78 -52 95 -65 -51 -24 -17 64 50 -66 17 -4 -49 -24 17 28 34 8 -35 43 -1 48 40 -11 -87 -19 -69 13 -12 43 -24 -9 -25 69 29 30 18 -124 -39 -8 95 33 -61 10 16 26 34 76 8 -23 33 -50 122 -9 77 -4 -28 31 44 -37 -44 -7 56 -62 -42 113 -46 13 13 1 27 -80 -10 8 40 48 -3 17 -29 79 83 45 -20 -32 -43 62 -23 84 -91 -7 -44 1 35 -26 -27 -57 45 19 -47 48 -10 35 -15 -49 -59 -14 40 92 -47 12 -36 -72 40 52 -6 -61 33 36 16 -43 0 4 21 24 27 -42 -64 61 -42 47 -65 90 61 56 42 -6 4 -34 29 -42 10 98 64 -30 34 44 -16 40 -6 55 27 8 56 -37 -2 39 -41 11 2 23 -35 -28 -9 -37 53 -11 12 86 13 -41 41 19 -43 35 -21 46 56 -97 16 84 -7 -31 -64 -11 25 -3 11 11 87 -78 8 8 20 -35 -58 17 -30 -25 64 91 -33 8 79 -9 66 6 42 26 50 -19 32 -44 -1 -86 -87 -96 1 18 -53 -28 67 14 -3 -18 50 57 66 79 34 -24 -80 -51 73 -85 -59 -42 31 34 -72 30 42 -30 -7 1 -60 -30 -50 -61 6 67 -11 -48 54 -3 36 39 -5 32 5 48 22 -68 8 -36 36 -52 73 -6 -90 4 -39 -20 -15 24 -43 69 5 -65 -42 0 64 -4 -39 -23 -22 -96 -63 60 20 9 17 32 22 8 40 -46 29 76 31 -63 -41 -14 32 -31 -71 44 -11 13 0 -41 -34 76 84 51 -74 33 -47 -33 5 16 -7 26 -50 40 -39 37 -61 -19 -20 -34 10 10 56 -15 -71 48 49 -28 12 -53 14 24 -9 -70 -9 -64 91 -54 33 75 12 92 12 -11 -2 17 40 40 -56 -67 57 -23 -3 63 17 52 -19 30 -66 -82 13 -57 52 -21 8 7 -43 64 -31 39 30 -14 -61 -7 12 -25 -45 10 -65 82 -18 77 -40 -112 70 -10 4 -77 23 17 -10 -69 34 -10 -50 -33 -57 27 93 51 26 -22 31 33 66 -28 37 -110 -72 -59 -1 -43 14 41 -59 6 -13 -55 -48 -23 30 16 73 -75 76 -25 33 -26 -123 -38 -79 -9 53 -17 85 26 27 92 -47 27 71 6 -5 -25 4 58 13 -29 83 -96 46 -43 -90 50 -2 11 -22 70 64 -29 54 8 18 -41 -21 47 -45 18 20 -26 -73 22 29 34 -80 41 -10 52 44 19 -38 -26 33 -25 -52 -50 57 5 -35 -38 -67 -65 3 7 -6 -86 -48 -8 1 -77 12 -24 39 70 -10 33 -15 -62 31 -12 -51 13 19 58 15 -17 44 -13 -29 -34 7 0 17 31 16 -64 101 -13 -21 25 -46 70 28 25 25 52 28 -8 -52 -16 -110 -6 68 1 -37 -41 9 29 -15 -13 47 16 72 108 -41 20 -74 5 -67 -7 35 3 14 -59 33 -9 54 34 73 20 47 -72 42 52 47 -55 -45 -46 -14 -72 55 -20 -80 59 -24 -17 42 26 -3 1 17 23 -34 -33 19 -19 -11 -44 -60 60 41 -85 17 -17 11 -39 16 7 39 13 -32 3 43 -22 -10 -57 40 17 7 -45 -52 23 32 -32 -16 -39 39 67 -45 29 22 -29 -2 -49 -72 29 -39 -57 -27 48 40 -75 -14 15 38 51 18 19 -6 -29 76 17 67 8 -109 -11 4 61 69 -32 -39 31 -1 15 -33 -106 -2 -41 29 96 -82 15 24 -80 -60 -69 -41 -35 19 54 52 -34 -30 -58 -25 20 -82 21 -31 3 100 75 -38 42 78 47 -4 27 -38 31 49 -26 93 -63 -21 -71 27 11 2 -59 -46 0 -23 1 2 -3 -54 83 19 -38 19 -77 68 12 47 77 48 36 -68 81 -3 -42 -28 -52 29 -16 -1 -25 -55 20 30 -16 3 -45 -20 5 -53 -24 -118 -46 9 34 57 29 3 21 30 44 24 -26 -41 -6 13 57 -48 1 -92 29 -21 -64 -48 -10 31 34 -2 -21 -64 10 -100 91 -6 -106 -61 -11 43 -75 -62 26 -75 2 17 40 -39 -51 22 25 1 -17 49 39 63 4 46 -10 -14 -20 -65 39 32 -33 37 58 38 43 -49 -17 -32 6 30 49 42 37 -1 -56 26 21 -16 -45 37 50 -18 35 -24 -8 13 6 -24 42 -6 14 41 23 -3 -39 33 -64 36 1 24 8 85 26 16 16 4 22 88 -22 83 -47 -86 -34 -15 -16 -11 40 34 37 -2 56 36 -44 52 45 10 -47 -30 74 95 18 87 -56 -25 -47 -64 -89 -31 27 5 21 7 73 22 -30 31 87 -6 61 36 26 40 74 -26 -32 86 -19 -25 -20 9 -42 -27 -33 31 95 -33 37 124 71 -8 57 12 14 41 57 23 -7 -44 -43 58 68 -42 58 -1 -84 -56 -80 28 13 -85 -77 -26 4 -59 -31 -76 -61 108 -10 37 -8 38 -47 -34 -18 65 -7 32 -70 31 27 -61 4 5 -72 -40 -23 48 -61 -1 -50 -35 -99 40 -24 38 35 -89 -9 18 31 67 -24 37 24 -26 -104 -65 -12 -11 26 -20 33 -82 44 108 -26 -48 -9 -55 22 62 42 50 18 -13 -60 21 15 95 63 7 19 1 58 -33 -56 -36 33 32 36 11 -22 -3 -16 -31 31 -3 22 -81 26 54 67 15 27 -45 -53 26 22 99 4 -1 58 21 91 14 55 -31 -7 31 40 28 -16 8 32 -43 1 8 -19 -29 85 -49 -11 5 -34 -9 61 -72 -35 23 62 59 57 12 6 63 40 -41 -84 23 -46 19 -38 -7 47 79 22 39 -49 42 52 -15 -11 35 -54 0 51 -8 40 40 49 17 13 50 -37 -11 30 48 49 -17 -68 -2 69 0 -14 -6 74 -5 -34 83 10 30 -41 -19 -41 -17 -49 -26 11 17 -103 68 23 -80 11 23 10 43 60 57 33 0 -30 -41 19 69 41 -36 26 49 63 39 39 -8 17 -13 14 28 8 -6 -26 -86 -3 -1 24 -1 54 43 -20 -21 5 -6 72 7 13 -24 -52 -52 18 11 24 -17 96 9 10 20 30 -23 80 20 50 10 31 -6 -96 51 -6 -56 3 -7 50 -62 -4 -23 44 -45 -35 -37 4 37 49 13 -12 -44 -93 -15 -62 -4 -70 -93 -24 9 -34 130 -36 -6 -52 -9 -69 -24 74 57 51 -40 112 -76 -1 -24 -45 12 30 -20 60 38 -63 42 6 -6 44 -53 -37 25 46 -19 -47 -45 68 58 -61 15 43 -31 14 37 -3 -57 40 -49 -102 8 -92 33 23 4 85 -33 23 -17 42 34 -32 -61 -10 24 39 43 13 23 -49 -44 1 72 -32 -41 9 -24 -35 60 92 3 10 27 -77 43 -67 -47 -66 -12 -46 -39 6 -6 -37 121 -12 -44 -93 61 -72 41 70 -40 -53 68 -14 46 8 24 -10 -18 3 41 17 92 8 11 -46 31 32 6 -10 53 -2 17 22 -32 -12 19 -60 27 -52 -40 3 24 31 -30 -23 -59 -65 22 9 -32 15 -45 56 21 -25 0 56 -76 32 -24 -12 -99 10 -15 83 48 -17 3 -90 13 40 39 17 6 26 -47 -22 12 50 66 23 83 68 16 -6 -18 -60 -12 1 27 40 52 20 -80 6 -14 72 36 33 -21 -89 -1 -14 -91 48 55 0 -40 13 65 -36 22 -4 29 -32 -31 22 25 90 -29 60 -21 25 22 -11 -53 101 7 -57 117 51 -47 -142 43 6 39 -13 -31 48 -23 47 41 -39 -4 27 -25 -49 36 -43 -40 -90 46 81 -41 -42 42 30 98 -90 -31 -59 -25 15 58 8 53 74 49 -8 7 -93 -37 4 -35 -27 -42 -29 11 -7 -18 -55 -7 75 -30 45 57 39 -72 50 62 60 15 22 7 46 14 -7 19 28 45 93 36 -50 -3 48 10 -60 -17 -5 -70 25 -66 45 22 31 39 1 2 13 -23 -19 29 -89 18 51 24 -69 -49 -14 71 28 -34 -87 -33 89 -56 -2 -8 73 42 51 45 13 -58 40 -6 -28 -5 -50 -32 0 -67 -12 -53 42 -31 5 10 -96 -28 10 -34 -9 -98 -27 -31 -56 -12 -71 -11 24 -3 -23 94 18 -28 16 -59 42 -100 -48 -56 31 -2 -35 82 18 39 -26 -103 -37 0 -34 40 -71 26 31 -11 28 -84 -66 59 -11 -28 -64 -38 81 10 44 -46 25 -27 94 56 32 5 9 5 24 -19 10 23 -9 45 19 7 38 -29 -27 -22 37 -27 -3 -14 18 -30 46 35 27 -27 70 92 -29 -83 -19 111 -58 42 -62 -54 -34 66 25 -42 -52 33 -21 33 -16 -23 -24 -3 -53 -2 16 64 18 -35 80 -64 -7 -48 18 45 -65 -49 12 -23 -39 22 25 -45 -55 0 -105 -6 129 20 33 -31 0 35 44 -72 80 1 -15 -39 8 -38 49 60 33 1 -9 -50 40 44 31 -4 -53 -33 17 -59 -41 -56 -2 19 37 -2 13 -10 22 49 -81 -6 -17 -46 -60 50 -50 39 -5 -1 -47 -37 18 -27 -53 36 31 -45 45 -12 59 36 36 -35 -39 -45 3 32 -38 -1 80 33 -36 50 2 1 10 5 -22 29 72 -33 -4 10 24 19 89 -31 1 20 39 15 -56 74 -37 20 -45 -37 -15 -26 64 73 19 -10 -55 -24 -44 16 -5 -16 -8 -33 -5 49 -23 -7 16 -53 -46 17 14 37 -36 -35 -6 -26 13 -82 -27 -40 -20 33 -44 53 97 98 -52 81 -17 10 10 -32 19 18 39 -28 -40 26 10 91 -54 16 67 16 29 45 43 20 -18 -20 29 47 17 -66 79 -44 -111 -28 7 -43 -21 69 31 -18 -61 -18 -16 -35 -59 -14 -100 -56 -4 -93 -6 32 -71 -5 9 46 -55 14 -1 -24 -86 43 1 63 -56 1 26 52 -15 3 -24 17 128 -17 5 -26 -16 -54 28 40 -50 -23 -28 -16 -38 7 52 65 28 -21 19 -10 17 -12 2 -47 -66 -18 82 -86 76 -41 47 -65 55 -18 -4 -16 -26 90 -7 -4 -47 36 -95 60 48 -38 -63 25 -98 -70 34 7 -29 -52 -15 -107 82 -76 -13 -4 -14 25 31 -58 54 12 -19 20 68 -44 60 59 -53 -55 35 -36 22 116 6 19 21 -41 86 46 9 -45 -37 -35 -88 -5 -17 -73 -19 23 -17 27 -73 -15 50 47 11 29 -81 -61 -53 88 -11 -49 16 -68 48 21 71 -46 65 29 -46 68 15 3 22 52 31 47 78 -57 -43 -41 49 -36 127 -66 -23 28 11 63 -7 -74 86 -81 -64 -94 76 32 -27 -95 -69 77 -31 52 12 -40 91 85 -58 30 -10 117 45 -62 32 -48 -11 62 64 -38 27 10 -42 10 -28 -27 23 5 -23 91 -18 -34 8 29 64 8 4 -17 -36 29 -26 -37 -11 12 27 -42 -13 -49 20 35 21 -13 -58 -63 -45 4 10 -43 23 -35 15 88 -24 81 -41 -6 -53 22 106 -53 4 -21 -83 -88 32 -53 -74 9 26 -19 3 30 -46 -15 -64 12 -6 -3 44 89 18 13 10 12 57 55 -56 -58 73 -63 -90 65 16 58 27 -5 39 21 -30 56 -47 -2 62 46 -87 18 -3 -3 19 -8 -22 -72 90 -18 -31 24 -5 30 -4 24 -44 2 6 104 40 65 2 0 6 -81 37 -28 -11 -31 24 3 -49 6 63 74 9 -33 12 -78 50 -28 91 -46 -10 10 30 64 -79 113 32 -48 -17 13 -20 31 2 35 -77 -74 58 -58 -17 9 28 -32 -21 85 -9 -46 -15 -12 -37 41 28 -34 -47 -32 78 98 -41 -46 9 46 23 55 29 -20 80 20 89 -11 -34 33 42 -26 23 48 -16 -72 -61 71 -26 -54 34 70 34 67 -7 34 -1 -42 -66 20 -54 -23 -21 -19 23 -116 -23 20 -64 2 -23 83 60 -49 -59 -86 -40 12 -65 -16 19 -26 -50 -55 19 -22 -52 -3 -64 -73 -14 -53 76 47 49 -2 45 69 -9 -91 -69 42 -29 22 9 -66 -2 6 -91 -40 -11 -54 -34 -56 -49 52 29 24 -67 26 -46 -60 59 21 49 -3 57 33 -72 37 9 -49 -4 88 -1 -25 26 46 -44 -11 -4 5 44 -43 -44 -67 27 16 -88 -25 16 -42 10 -8 18 54 -78 -58 42 -26 -79 17 60 5 -36 -6 13 -67 -30 -51 -9 -1 -47 13 3 2 -30 -17 21 41 8 -54 -36 5 -19 -25 -57 -4 27 -59 8 -34 -33 25 45 2 -38 10 69 -23 -16 -47 -34 19 121 21 -19 -57 30 71 -59 -40 13 -25 -11 65 -47 13 -80 -107 -64 -8 30 8 -43 -33 -40 9 83 -70 -88 57 -23 39 -16 -78 3 19 19 51 -33 16 21 56 14 -9 36 21 -63 57 69 90 -42 33 7 -24 -53 33 -62 -20 -12 -17 -78 8 -103 -86 63 66 43 15 -99 98 9 36 4 56 -41 41 80 -60 88 24 -39 -39 -24 25 15 -3 49 -10 35 50 27 53 -42 15 -7 13 -38 93 -54 -42 -3 4 -104 -19 1 30 27 -12 -59 -105 28 -68 73 13 7 12 -28 -107 28 11 -80 71 12 22 16 -22 13 -54 5 35 113 -8 71 -34 -70 -51 27 108 54 17 -33 2 -29 27 65 26 -30 18 53 25 -99 2 -53 -82 23 -20 10 49 29 -55 -28 -69 40 -63 26 -37 -26 -14 7 -36 -104 -102 -53 -13 5 -13 27 22 31 41 -47 87 22 -18 -2 19 -34 -13 5 18 -93 -23 -74 -29 -18 23 -27 40 -58 46 -46 39 -39 46 15 20 7 78 37 44 -38 -51 -60 54 -21 -11 43 7 -6 60 -24 -10 -21 20 -23 -5 57 54 -18 -13 6 20 12 -20 -33 8 1 9 3 44 99 -104 30 29 17 17 -35 -69 -51 -4 -19 19 -56 27 5 -19 -17 63 -31 -4 60 69 -37 42 -7 -14 31 -21 -50 49 42 70 6 28 -36 -32 -37 -39 -28 -52 4 -52 -19 40 -8 -34 75 11 -11 -38 55 -37 -12 -57 -68 58 88 73 -64 14 76 22 -47 2 24 -45 -20 -15 -73 26 64 29 -21 -32 -48 -6 35 -37 -10 -10 -3 -32 7 59 -56 -35 29 -37 13 41 7 25 -27 -48 0 28 25 10 34 -1 -17 -70 47 8 -13 72 80 -19 -70 1 -52 -22 -26 -24 30 38 4 -26 49 35 -52 59 -61 25 5 -28 -6 -22 -17 -55 59 -68 -18 20 15 23 -70 18 57 -82 -61 -15 97 -2 -62 35 -52 32 72 -42 10 7 37 -45 -24 -68 26 13 -45 -16 35 -23 9 50 33 -23 -26 31 1 -44 -2 16 -81 -63 55 72 -32 -37 50 61 -14 36 8 44 -56 -33 54 58 39 25 -36 23 -22 -28 30 30 47 23 37 -25 -106 -46 67 48 30 -32 -46 28 31 -64 -43 58 51 -29 -30 -61 49 -29 -11 -99 28 13 22 -32 24 -20 -2 38 -88 49 -21 34 -81 0 82 -46 19 -8 95 9 -87 27 58 -1 12 32 -50 59 73 -48 9 50 -6 59 -35 21 22 -35 -24 44 67 -9 -26 44 -96 -28 1 51 -75 -8 -3 -51 51 -5 2 -70 45 -9 -71 -7 60 22 70 22 -51 92 57 -65 53 -60 55 -48 96 0 -29 57 50 -17 58 -23 -8 -18 -15 -6 -3 15 66 46 24 -26 30 -10 0 -33 20 20 -44 -5 -35 -19 -48 -38 38 -25 -32 52 22 -5 -16 39 -71 50 39 -62 31 -17 -75 -35 16 -23 -84 33 -52 -45 83 -51 -44 -61 -14 -71 39 19 25 26 8 3 -81 -111 -13 70 -87 -33 -80 -56 108 51 -34 36 -32 -74 -8 2 -38 -48 60 37 47 -82 -19 -45 -20 -71 -19 -40 -38 6 43 2 -23 6 42 78 -25 -11 55 -16 -16 -8 -37 -31 108 -44 43 -25 -88 4 -15 -51 -32 1 -25 83 38 51 -11 -21 31 -70 -81 -34 -16 29 4 -17 -80 29 -14 -40 -18 36 -7 2 43 44 -52 -6 -35 -12 -4 60 -37 42 -96 23 -10 41 27 61 8 27 -74 -25 67 -30 -5 21 -15 11 -14 -50 -6 3 -32 73 50 19 40 -30 -74 -10 -62 7 -43 -46 41 -50 58 89 69 -12 108 95 -118 -6 -34 41 -20 53 10 48 9 14 10 -2 -33 -16 -72 89 -28 18 16 30 14 39 -19 -31 7 24 -44 88 -24 27 -55 77 28 23 -15 91 57 56 -30 23 -13 49 87 -28 -25 -58 -30 -19 -15 8 -97 -50 59 6 -21 9 30 18 57 60 -44 48 37 -54 -82 32 -46 8 -56 -44 44 62 43 62 -60 17 -57 8 -51 -72 35 6 1 24 36 7 -18 -48 -41 -5 -65 43 5 55 -27 41 -40 92 15 40 -69 -74 40 34 73 32 -16 58 -112 14 73 -64 -24 -21 -13 -8 -51 26 37 -12 -55 -4 -110 -9 -10 56 -59 -27 -28 82 -29 37 81 2 -31 -93 28 -22 -1 -7 -3 31 -25 69 0 -79 121 6 43 14 -54 6 6 3 24 -36 43 -5 -8 14 -38 -25 12 -108 6 -65 26 -73 24 -53 29 -46 91 -82 12 -34 -29 45 60 40 -69 -40 70 -46 -68 41 78 -67 -44 9 6 -17 -43 -42 4 -44 3 -10 19 -63 -105 17 -56 35 -45 -39 1 -16 41 -1 -6 -18 14 -81 -16 -15 -45 23 -22 52 35 -68 24 -24 23 99 58 45 -7 32 69 79 -109 -91 59 -88 51 33 56 -4 30 87 26 82 67 -47 65 43 10 49 -9 -27 -52 45 14 -26 63 25 -1 -116 59 -97 24 7 -37 -33 -41 -67 40 28 -36 -36 59 52 44 -6 -36 22 47 99 -5 -68 -10 34 30 27 34 28 -59 -21 9 27 12 36 48 60 68 -6 48 -30 -42 -49 24 34 -76 19 52 60 3 -1 33 -62 45 -63 -44 9 49 24 -22 -28 -51 -7 53 21 16 -2 -42 -58 37 79 -24 -2 40 12 46 -37 76 -2 -15 34 -41 -87 -43 -43 -78 -108 16 -33 30 -24 -6 -33 -5 23 9 51 -23 -24 46 -6 30 33 -39 -52 35 -25 79 60 11 11 13 -15 -11 80 66 0 11 -71 -27 -126 -67 78 8 -82 -31 0 -16 -12 -112 -22 46 39 23 -28 -14 29 -60 41 -49 -45 67 22 69 49 -17 -1 35 -15 9 82 -69 -77 10 17 -3 33 32 -51 -7 37 34 -41 -75 45 -35 19 71 71 -33 60 84 37 -65 -60 -14 -49 -29 -9 49 -30 89 -6 60 67 -57 -7 -18 -15 -39 -27 -27 -4 -12 66 16 -109 -34 -65 -63 -62 -56 -45 83 0 -72 20 -89 36 -51 89 22 42 48 -53 30 -63 24 -8 34 17 20 97 76 -2 4 14 -26 -58 47 41 -13 -15 -38 3 -60 -59 -13 -26 9 -23 49 24 -10 5 41 13 -28 13 16 -42 -47 -54 1 25 1 -15 17 -75 -4 15 -48 27 -29 24 10 56 24 16 -13 -15 12 -17 25 24 62 38 3 34 -77 -39 6 -47 5 10 -110 22 16 33 -34 31 51 -49 9 -45 -39 -60 -19 -33 -8 -75 21 88 40 -61 59 -22 -53 -15 -72 -56 37 -5 1 -54 -5 -57 96 61 -96 -31 -50 -25 -27 91 -2 -10 11 7 -46 56 -155 5 -111 -30 -33 49 -17 -37 28 -30 -45 -37 24 -63 14 -25 80 72 -52 -46 19 -50 20 -56 1 -97 20 -44 11 68 -43 35 85 -8 29 -63 -64 6 64 -21 -63 64 10 -5 -65 75 32 40 29 39 -90 -52 -3 55 14 -145 -30 -63 -30 -20 -6 25 -16 -57 -2 -43 3 90 -19 -55 40 -70 50 -90 -11 -55 -20 14 -4 -70 -2 62 69 15 70 6 -57 78 67 -54 -21 37 12 -58 14 5 -51 14 45 35 25 -17 14 9 20 53 -48 -43 10 82 -53 -65 -69 7 29 73 -54 1 22 30 23 -58 -32 21 12 -1 -61 -74 54 -58 42 16 55 29 33 -11 3 35 46 63 -76 -63 -83 14 14 -38 -85 -18 -52 -55 67 -54 22 44 85 58 -66 -14 19 -52 9 -63 12 16 62 43 66 85 -9 33 -29 25 17 -62 26 2 20 53 28 43 -24 28 15 -9 -74 45 -28 -47 -16 26 -24 -32 -26 41 -59 -52 12 -35 30 -32 43 37 -24 -50 -22 9 8 -111 42 34 26 68 8 70 -17 32 -48 -68 21 -20 47 0 -55 -58 39 5 -25 25 73 -70 -29 82 130 66 -27 40 2 -78 -20 -6 42 -20 17 23 43 5 20 87 -5 -64 20 36 71 57 -64 76 44 -90 -62 -64 -33 66 -12 3 -94 -26 66 19 61 60 -17 2 -86 -21 6 6 14 18 78 -13 17 11 -16 -34 32 -39 -43 37 -64 44 8 30 -15 64 48 -60 -41 37 56 -5 0 10 8 50 69 -20 -37 -13 -18 73 -52 -61 11 -17 -45 15 9 -30 -6 -40 -11 56 69 -104 82 25 -16 21 8 23 40 -8 41 6 25 -66 -42 -79 79 29 -34 -53 0 -42 -13 43 7 -47 41 -23 3 83 -20 22 54 30 25 62 46 -57 43 -22 72 -59 -59 5 -40 66 -10 8 -10 -4 107 -2 -46 38 -20 80 60 29 38 -69 -81 17 -63 60 19 -44 27 22 -37 103 -46 -44 -13 32 -63 1 -31 -32 -33 -12 -2 -37 -35 9 -3 -66 -42 -6 -13 51 18 -17 -12 28 22 -27 2 49 -44 18 -41 4 -14 13 27 -34 125 -23 29 58 70 43 22 -92 17 -20 -40 57 8 76 -30 18 -31 -22 26 -29 -2 60 51 -65 -17 -16 -21 10 83 -34 -34 -21 -43 -16 59 -45 -65 -92 47 2 -34 -35 38 3 -2 -9 -23 17 -20 -69 -7 -22 -40 -59 24 70 46 -38 4 -47 16 21 66 -75 13 -2 13 -64 8 13 40 -14 -26 -93 3 23 30 3 -22 -24 -66 31 -20 -53 140 36 49 -19 109 -62 -65 1 -42 40 20 89 29 -1 -25 -35 -30 34 -90 2 0 18 59 42 -18 -75 -30 11 -68 -6 49 2 64 53 -45 -1 20 5 -22 -35 -68 -62 80,-42 77 -70 -40 29 -20 33 -25 33 -29 24 47 -36 56 24 -27 25 -10 23 -56 -3 -25 -52 -21 13 -63 -16 -35 8 65 -32 -17 -3 14 19 22 -8 -7 -57 -56 1 -30 -49 -11 63 32 -90 -47 5 5 38 -15 2 -20 -63 21 65 77 -29 103 -12 -24 -59 11 75 -83 -11 -22 81 -15 -23 -12 -15 -15 -99 64 6 -75 33 39 -66 65 -64 11 -38 -5 -41 -44 -16 41 -60 50 29 25 -50 -18 -17 19 54 -87 -48 -36 -6 32 35 34 31 42 -3 -78 29 92 -46 28 -28 61 17 15 -16 -32 58 62 -30 -16 59 -65 -33 -35 34 5 114 -2 -19 59 -11 46 -34 42 -28 16 -77 38 -64 -44 -48 -28 12 30 -71 48 -7 -20 -15 22 -89 -80 68 4 53 -52 -54 8 11 -58 -3 -30 -12 27 -91 8 -53 -73 -33 -112 4 31 -58 7 -21 -35 25 75 50 38 -23 30 -6 37 119 46 -19 7 -35 -21 -1 24 -105 22 3 90 96 89 -70 -52 -7 47 -53 70 27 -26 4 -41 -55 -27 -5 -26 -5 -59 -31 18 -16 -71 34 -29 -109 45 33 32 30 4 -25 -24 57 44 -60 56 -6 -9 -38 6 21 36 -51 47 73 -27 -57 86 50 2 -27 72 -62 90 8 27 -92 72 6 12 -24 -23 -9 36 12 -33 -69 -15 101 69 -17 -37 72 -71 -84 9 -31 -56 -21 42 38 61 -4 54 40 100 -3 -78 52 -50 3 -52 2 50 41 11 27 67 19 -23 -69 31 17 47 -75 61 -12 74 8 -32 47 73 11 -62 81 -53 -86 98 38 17 -40 27 1 35 39 -30 43 65 -93 61 -45 -33 -17 84 21 -10 67 -22 12 -44 -83 -8 33 29 -30 10 30 55 24 90 1 -38 -3 -25 -7 -31 4 -14 49 -6 39 33 -20 12 30 -11 36 79 -18 46 84 77 -42 -83 37 15 30 61 -76 -33 -2 -69 101 -7 1 11 -24 23 -43 46 34 36 26 15 -48 37 -19 -2 -37 8 -48 89 43 -15 57 -45 29 59 62 -62 16 -72 84 -31 55 85 77 -21 -26 39 24 -74 43 -19 18 5 -39 2 -51 36 -4 -14 -20 -10 75 38 24 3 -81 97 -15 -37 -58 8 -11 29 -10 -32 -69 36 15 45 18 -45 6 -11 9 -52 77 -29 -46 -40 55 71 -6 -4 -10 59 42 33 -67 15 -11 -4 -34 -49 -37 -17 56 -43 -90 33 -53 -41 6 96 35 -48 52 -20 -63 51 -32 -56 3 -18 65 -32 48 39 54 -43 5 -29 -10 -14 101 36 -37 6 -76 -70 88 -69 -15 -38 -30 51 86 -31 77 43 -109 -53 7 1 14 29 -76 28 -37 -3 -71 48 33 -28 100 27 0 -4 -6 -34 -62 -56 5 -68 -72 58 -24 13 115 -27 -29 28 -43 5 43 -10 -37 -36 3 -71 10 10 -12 11 102 -46 -61 -28 -50 -50 45 -3 26 -37 -14 44 -9 45 -18 63 -23 61 6 -69 73 -53 84 -58 33 -63 37 -15 40 -3 -3 -15 8 18 24 47 -33 34 41 -49 62 -11 -57 25 -54 15 -27 54 9 -43 55 94 34 50 68 -51 8 -13 -52 56 36 -40 48 -71 -17 77 -8 37 -62 -63 83 72 -70 -5 -21 -28 2 -66 -72 -11 -12 -51 63 -3 10 68 67 -22 -13 57 -89 -6 61 8 20 -32 -29 -39 22 25 4 30 -36 33 -5 0 -58 41 -23 26 67 4 64 -41 10 74 -16 -29 26 -10 -52 37 -95 -47 93 24 -37 -2 -18 3 -90 -46 17 -23 -49 37 36 13 -41 15 70 -37 -76 68 59 5 7 -44 -44 8 27 -41 -57 7 -21 104 6 -51 99 21 -74 -1 -89 -39 -21 -19 58 42 52 7 32 -73 14 39 52 -42 -66 19 37 -36 109 -1 -52 -55 -18 5 18 -1 58 28 51 40 7 26 -52 -28 -77 24 -12 -44 -51 27 -57 9 -31 26 35 58 -30 -60 4 7 -33 -11 -12 -71 32 -38 40 -41 -36 37 -141 -56 54 28 -32 53 -42 -1 -102 -11 -56 -76 37 1 -2 41 17 7 5 -38 -69 -11 -89 30 35 -26 63 -27 -89 70 -61 -16 30 -75 -14 35 10 13 88 80 -2 -62 6 -14 -62 24 14 58 -72 35 -83 2 -80 45 9 84 25 -95 -79 14 91 0 -39 -28 24 16 -12 11 -30 16 -17 -51 24 -87 35 -62 -51 -45 24 -62 -30 -60 -11 4 5 66 9 41 -47 26 82 -31 -51 -83 -2 -36 1 12 12 50 -49 -41 -38 20 4 15 51 69 -39 23 34 38 32 -36 -26 -17 48 35 -39 -35 16 -20 -88 -6 33 49 28 20 -42 -5 26 -33 47 -42 70 16 22 -17 -61 50 23 -52 -50 34 -12 -6 75 68 43 -28 10 -39 32 13 15 -50 89 -41 -50 -10 -40 -89 -49 2 77 -126 -12 -25 48 -46 -44 -75 9 76 48 28 -35 -13 53 -32 2 -14 -50 41 61 59 -31 -64 89 19 11 62 60 -103 -56 32 -68 -9 93 59 27 10 -35 -6 -36 16 -8 25 -54 56 2 72 3 -37 45 -21 -3 24 72 52 -40 61 59 -56 -46 -101 -59 35 35 -15 73 1 14 39 -26 -25 -26 -24 3 -133 -30 43 -30 28 -15 -2 62 33 -118 -2 -57 20 60 38 72 -10 75 -31 -37 -38 -6 -1 -26 40 49 -2 24 41 -47 48 26 49 -73 13 64 25 -9 7 18 -41 61 -3 -80 18 32 -119 39 -76 -40 87 83 8 17 -36 54 84 46 20 -21 -3 88 55 51 -11 66 13 28 38 -22 -21 -31 -47 -31 -6 100 -60 -42 -10 -32 -49 10 -70 45 -28 78 55 81 -17 -112 51 -19 11 23 -16 -114 -18 22 117 -83 -58 12 -39 3 18 32 -47 1 72 5 9 -32 43 0 69 14 -31 39 -15 -13 8 31 12 4 39 84 52 -37 -61 -109 -24 -12 28 -14 -12 -14 -18 -34 -18 41 -14 -79 -16 -35 -36 1 47 -6 -51 -15 -71 68 23 -4 37 -44 52 -83 -22 -20 45 3 -2 -28 -12 101 57 18 3 -11 68 30 -22 27 5 -23 -60 4 79 39 -61 39 6 56 5 -33 17 48 -20 26 -67 -71 52 50 3 25 -23 37 30 -99 22 -5 16 -71 -16 8 -2 28 -74 41 -82 2 28 33 9 -24 -84 39 37 6 6 6 14 -58 14 -72 -19 54 -47 -66 15 16 -30 -8 13 0 2 -31 -6 -61 -7 -42 2 -62 -17 88 26 25 -13 -77 -42 -14 129 -82 -8 -53 2 14 14 14 4 55 -11 -77 39 32 60 -57 12 -58 -59 20 -58 45 -38 -68 -48 -70 -4 -52 2 -46 -46 22 -12 6 26 -30 -37 -38 44 -16 -59 33 5 39 60 -7 -61 -12 -83 -53 44 -24 -11 13 -34 38 26 -48 23 63 -73 -70 -58 3 -29 29 -50 -72 -39 66 -82 -42 -27 69 -23 46 -26 -34 21 12 25 -72 45 -13 34 17 -74 -34 -31 38 42 -12 85 -57 -11 -13 -52 83 -108 -35 -71 -11 49 -17 46 -72 105 11 43 6 33 -62 24 -9 -55 20 -37 -10 7 98 -11 -120 17 10 36 -2 83 89 -94 -64 -51 -57 26 -1 -121 -75 -51 41 -23 21 21 24 12 88 -57 31 -28 50 -61 -32 4 -14 -83 51 40 -59 15 -33 50 54 34 -28 1 20 -58 22 -7 -36 76 -16 -24 -40 34 -20 -58 -7 4 -38 34 2 4 -42 7 25 48 -69 14 -43 -57 -1 -53 53 14 -19 70 49 55 97 -7 56 5 -72 32 -48 17 113 18 63 -18 16 -79 25 -71 9 -66 -70 16 -19 48 -14 58 -90 -36 56 27 -9 -18 19 52 57 -7 30 2 -57 48 48 25 -10 -47 -34 -18 -6 -71 -69 40 -16 -39 -27 -4 -11 63 19 -62 -20 35 1 28 -42 48 43 43 -81 89 -62 -10 -1 -58 42 12 -39 -27 -53 109 -32 5 -11 -8 25 -74 -50 -18 44 8 -1 19 -25 -32 -61 -52 -13 -8 39 -78 -30 39 28 17 -33 51 18 -4 21 -25 -67 -38 5 -7 21 72 24 3 -30 24 14 56 56 -32 -34 27 46 -27 -22 19 74 46 -5 65 -40 -88 49 -17 -27 -55 -64 26 -20 -2 -40 -27 -9 -73 17 79 -21 -31 -56 -58 -27 -69 -10 73 -12 -29 41 -27 -44 73 24 6 -15 36 -38 -26 -9 -82 78 -32 125 60 -80 50 86 26 16 -14 3 6 -8 -33 25 -17 -21 -11 40 -78 106 -2 47 -11 43 30 -50 9 -24 -3 -28 27 -38 -14 -37 -45 7 20 -121 35 37 61 -74 -4 80 -18 33 56 27 72 -29 47 10 -31 28 -50 57 34 -34 -8 60 -44 -75 41 -52 28 59 -69 55 -55 -56 72 38 -91 49 29 -12 -71 27 -5 22 28 -40 -81 4 2 25 -71 -31 -70 1 -10 -31 -1 60 43 -52 -14 -20 32 11 7 70 -5 -66 -26 37 31 -22 -79 50 -80 54 55 -16 17 -51 -39 -28 28 15 11 -100 -2 -96 -8 -24 4 53 48 -12 56 -102 -6 -20 -59 -8 -43 -59 -42 -32 1 -49 18 37 -22 -16 49 37 -36 24 0 -4 -32 50 -35 18 11 49 52 61 78 70 9 30 -59 13 29 -53 46 -25 18 -56 46 28 27 50 -83 37 -32 75 -72 10 -50 2 51 -73 36 45 -9 -47 -62 -56 -87 9 -61 -38 11 -42 -97 -25 120 -15 74 90 -37 -24 1 124 61 39 -53 -5 5 80 26 19 -37 51 88 8 -56 -9 27 5 -33 -27 -15 45 23 -38 55 -22 -14 -25 -13 -64 6 -81 17 -28 70 55 -99 48 15 -30 -26 -82 -78 -27 -20 -73 1 -28 0 -30 99 14 -47 -34 82 -41 -60 14 43 16 -31 -61 32 -28 58 5 -58 86 21 0 -57 -45 52 -67 -103 75 -94 46 -99 -28 48 -27 -35 15 -30 -57 8 52 46 -33 7 -67 -35 -53 9 5 -34 -8 -39 -11 -5 -43 -9 91 35 -12 40 -53 -98 10 -3 40 19 -12 55 34 -50 -2 -42 -44 -46 -25 60 53 -72 -24 24 13 -43 75 65 -9 11 -64 24 -8 -33 58 -59 41 -25 28 52 -96 73 -1 -48 -9 -52 27 9 -82 -60 -13 -1 -2 -30 -2 -87 50 29 15 -3 -39 -4 47 29 58 84 28 -13 48 15 -36 -13 -40 -57 11 39 -34 -53 -109 5 109 -71 -61 -73 0 4 30 -22 44 -49 45 24 -72 5 33 -67 -99 17 -58 -8 42 -34 80 15 -73 17 5 -36 -90 28 -23 13 9 -16 84 38 38 63 51 35 3 14 -29 -113 -52 -39 12 61 90 76 7 38 83 -63 -18 -1 11 84 84 -36 62 0 20 3 37 -98 -76 46 18 -41 8 34 8 -37 50 24 51 -38 14 8 -15 64 25 24 -50 2 54 -2 -2 14 -22 -39 35 1 0 -47 0 -38 55 49 -50 45 -21 -50 71 -41 25 -5 -38 0 -31 31 -3 17 5 -31 -27 -53 -15 42 67 11 -8 37 -75 1 -18 -106 -47 14 37 77 -56 -65 1 -57 -3 -27 -37 11 44 -37 -1 -27 26 2 24 9 50 53 -9 17 -27 -15 47 -56 71 -38 -71 -59 8 37 14 50 18 -6 2 31 8 57 -6 35 38 28 -23 44 -26 -76 14 27 73 -53 -37 -14 48 -36 4 35 47 -44 6 -41 5 -26 22 15 -69 93 22 16 35 73 -52 42 -21 -64 -32 -94 5 14 7 15 53 -51 -3 -51 -4 79 119 -37 25 43 -16 -34 -12 -49 29 -42 90 -60 48 -32 87 16 -50 -53 81 -34 -14 26 -15 27 -36 -104 -100 -71 -26 11 -23 65 -26 3 -45 97 12 -43 -31 9 31 81 80 17 17 -27 -99 -29 47 -20 73 -48 66 -58 -17 20 33 15 -8 -7 14 65 12 18 -70 -63 -28 -6 22 42 29 -75 -33 -34 -91 -28 30 64 4 16 -36 81 28 29 37 -111 -24 -83 42 39 58 -65 13 68 -28 42 -11 -13 17 -88 -4 -45 21 -10 34 -58 -27 6 29 34 -25 40 77 -93 19 -38 98 8 19 -61 -37 -52 -29 -8 18 -31 -25 -12 47 -19 -56 -57 47 -12 -13 -67 75 -27 -12 -18 20 25 -22 -5 13 -21 92 -3 -35 -71 21 35 25 -59 81 24 -65 -70 81 -2 11 -60 -36 32 -10 20 -19 41 -52 12 3 11 -1 6 53 -71 53 24 -42 -5 -68 23 -72 -101 44 -10 -3 -21 35 -51 6 -77 69 -23 70 6 -11 45 47 5 -11 79 0 -24 60 32 46 13 -40 -37 20 -42 84 -43 40 -36 61 -9 -29 55 -1 -10 15 9 -3 -3 -9 -9 36 66 -16 26 -21 -33 -32 -23 -80 34 -9 -60 3 -51 -80 40 43 3 24 -35 -42 -12 5 -30 -49 -26 -31 -9 41 29 -44 9 -4 70 -56 41 40 -48 60 65 23 -65 -84 33 -17 42 62 22 -50 13 50 -33 -24 -27 10 37 106 2 95 22 44 -33 8 16 -27 -6 -35 68 -51 -37 41 62 52 -33 77 -105 17 -83 -6 -29 -111 47 -19 27 -82 -21 5 -68 18 38 -67 -39 -44 3 -42 2 -16 -60 -49 -11 39 -66 45 -7 -66 3 -46 45 -17 -87 -30 -13 26 -56 -24 11 -54 9 -25 -37 66 -14 7 105 26 50 -33 30 -1 -13 -7 16 -35 -16 -30 -34 101 -34 31 -21 8 -4 6 -77 6 -32 -50 54 57 -3 54 38 -54 15 5 -38 37 22 65 -36 18 17 -9 -21 88 73 15 -38 -66 28 -22 -62 -51 -1 -23 13 -6 -12 -22 -11 82 18 -79 -27 -22 29 14 -40 16 10 54 10 -2 -28 5 -17 -57 -71 -52 62 53 49 -12 -33 25 -25 25 -3 -8 3 10 -14 12 25 -30 33 32 -12 54 -17 -50 -48 -42 37 -61 15 -36 3 0 -12 -52 86 12 70 -26 -75 31 8 -67 -52 -31 -55 17 -40 61 -20 60 -24 38 81 41 64 -67 25 2 -21 -4 23 63 54 29 -53 -7 -75 6 -44 23 -17 91 7 18 23 3 -31 -14 104 -60 57 -28 26 -65 19 53 83 28 -69 41 -17 35 40 -33 11 -5 64 -33 30 65 -70 -15 -40 -37 -49 -7 57 -47 -56 -4 -63 -73 13 -71 15 -31 -22 26 66 -26 -42 -23 -85 -11 -90 67 -21 -16 30 26 -73 -75 -49 27 17 -36 23 -68 -18 43 56 -53 45 40 -113 16 61 -25 46 25 80 30 34 27 32 -53 -15 -30 -18 -49 2 2 -4 -11 0 -40 6 21 -63 46 -58 15 -41 -47 -25 95 -37 44 15 -39 5 55 125 -31 -59 60 17 25 -6 40 -2 28 -39 49 41 17 74 -52 49 39 -31 17 -55 37 -53 -11 2 79 -64 50 3 6 -35 13 -5 36 22 66 -59 -74 40 16 68 -12 -59 -27 -72 -73 38 -47 -63 -44 -53 -35 -11 67 26 -9 -42 -40 25 -55 -15 41 66 70 -21 83 -37 -43 -54 -71 38 -10 18 -4 -15 62 39 2 58 61 -36 4 -20 8 -48 -25 -50 -47 5 11 -52 -34 -1 -6 -36 -48 103 -5 29 65 27 53 41 38 -1 16 -8 -53 33 -67 16 33 -37 -9 -27 92 42 70 0 39 -32 -75 5 30 40 32 -18 12 53 -11 18 66 -30 -42 24 66 39 -19 13 9 103 -30 5 -22 85 9 -62 -12 -39 -51 -55 -20 -6 -37 2 -29 -2 34 -36 -41 38 -13 -22 31 -22 -39 -37 86 32 18 79 35 42 -48 51 -9 -36 29 -53 -85 -56 48 28 -44 18 23 20 -31 -19 -3 -43 47 68 57 13 43 48 -28 45 21 -48 2 -47 -57 -100 -39 72 20 12 -30 27 -41 19 -38 27 -79 -34 -55 98 25 14 68 -69 -33 -40 65 29 36 26 -35 -49 8 -22 -62 31 -40 22 7 -1 -1 -67 -58 76 -71 -3 54 25 -34 -28 4 21 -26 51 57 39 -43 -20 -45 -45 -34 -18 29 78 -35 43 -9 28 42 27 25 -65 -75 55 -25 45 17 -8 -76 -13 -16 -3 78 42 -40 -92 -20 -20 31 44 31 0 24 -4 44 -11 5 41 41 12 -38 -31 38 36 -43 -31 19 6 -16 -59 52 -37 -61 45 29 -10 -27 -19 7 13 54 -12 65 81 1 25 33 -16 43 -23 6 0 59 11 87 21 -56 -45 -48 -38 -45 -14 26 -52 -23 -38 -37 55 -44 -14 -63 41 68 51 61 -86 65 4 8 -63 92 7 55 -58 -34 15 -36 -4 -30 43 36 13 84 13 -6 -55 -26 8 -23 60 -2 25 -44 -45 37 65 50 -57 66 51 72 -76 -43 70 17 47 -6 -21 -58 22 48 -60 -47 -68 0 -32 -69 63 55 52 -29 -64 -36 -99 36 -14 -23 -6 -46 -42 49 -64 14 11 -20 -6 -47 11 -75 40 29 -12 -56 72 -4 15 74 -12 70 8 93 39 -19 15 -29 -26 34 -2 -71 -8 -33 -24 -12 -44 -99 -66 -40 -18 59 -24 26 -91 32 -16 47 53 -60 -16 -21 -42 15 43 -13 55 40 -1 38 -85 -48 91 -57 47 -93 -36 1 26 -19 -87 -21 -49 -27 21 -53 30 -68 -17 23 15 -19 -11 34 14 11 13 77 -59 -6 91 40 17 -25 58 80 57 3 11 -29 -57 39 38 -7 68 -38 59 -11 7 22 -50 -34 17 54 -91 20 32 -36 -3 51 35 78 -41 80 -46 -29 -43 -41 -38 11 -37 3 86 -1 -31 -27 -30 44 -15 -1 33 -28 52 52 19 -94 -63 -56 -16 26 4 30 44 -34 38 -1 -42 -38 27 -37 0 -8 -43 -74 -21 -4 56 -33 14 35 -7 -21 62 -20 53 47 2 23 -55 -30 -60 39 84 10 -8 -27 44 -8 -71 -13 -3 12 -60 -63 81 -3 87 21 -49 -31 38 112 39 48 -22 58 -39 72 -46 -47 -13 6 3 -13 -9 55 30 -57 67 7 -12 10 -45 -57 4 50 1 -2 -38 -11 -18 -67 -5 48 -8 -27 2 -73 1 -1 -48 -23 49 21 13 9 5 10 4 -14 27 19 4 15 -3 52 -2 -33 13 80 -55 -34 -107 -77 -16 -15 -68 -38 -39 25 -67 -31 65 29 89 3 -53 -28 50 6 25 12 -8 18 -48 -32 -4 -46 -35 38 -19 0 18 -64 -30 51 5 23 79 31 19 -10 -20 4 -51 -36 -17 40 20 7 12 26 27 96 -51 -12 54 30 72 -1 -35 -16 42 -26 33 -33 27 55 21 -17 13 -26 44 24 79 102 -32 -63 -101 -26 -57 13 -41 97 -26 -49 -110 -49 35 12 -49 54 22 -6 45 7 -83 -53 -50 47 -60 -80 -12 -61 42 -32 -24 6 -53 45 -84 -1 34 7 -25 29 -1 70 -34 24 16 -19 25 -46 -45 -76 -84 56 6 42 -61 -50 49 -58 9 34 1 -58 -56 -37 -15 -16 -12 63 -64 -55 -88 -55 -8 22 9 -50 -45 31 107 -8 18 -16 63 -39 -60 49 -54 -3 53 -6 -14 41 -79 -11 62 -22 -26 -35 -14 4 109 14 114 19 14 -8 -34 30 -8 27 63 46 51 -85 50 -48 -41 24 -57 -34 40 10 -25 43 -69 -71 44 -45 47 -3 53 11 6 6 20 -1 18 -80 47 34 -52 -15 0 70 52 33 43 33 -49 -2 -8 -38 -3 -70 -37 59 17 119 -28 -15 -4 -99 -4 -30 56 44 -14 -30 70 -65 -13 22 -80 -55 -16 33 52 11 -14 48 -20 62 20 9 -7 -38 19 62 -20 70 59 -27 38 53 -41 -9 -23 84 1 17 17 -66 -39 12 4 -13 63 -96 1 -17 76 50 -6 30 -44 -74 -45 12 -33 -51 -40 -12 -67 -20 54 -47 60 -10 20 27 1 -42 -16 19 -79 -43 13 -32 26 -54 74 39 22 4 -21 52 7 -39 -69 -10 -59 -3 9 39 57 -43 -64 24 56 -6 -48 -6 -14 -94 -41 -29 -79 -8 13 -68 -25 -64 -39 12 31 -57 13 -10 82 -14 -42 -81 -43 10 -61 32 -67 -21 41 43 28 -11 5 54 -26 31 -25 -29 74 -6 -83 -34 23 24 10 -24 -33 72 -33 -42 -4 -42 2 66 -4 51 -51 -60 82 18 -2 67 -2 27 -30 47 49 48 -38 16 40 19 56 23 -8 -73 -13 -22 33 -34 -34 103 3 -34 -64 -100 -44 56 -2 11 22 -8 44 0 87 -1 19 21 -36 56 -26 30 -5 -1 -62 61 63 14 40 17 -22 -11 -10 74 10 -16 16 21 46 6 39 26 -85 16 156 -23 -75 -37 -92 -18 17 49 -26 38 -24 40 -81 43 -38 10 22 -1 22 -59 20 53 -32 26 87 -26 139 -9 19 26 36 30 85 -38 9 11 11 -74 -34 29 52 -1 17 11 8 -29 -52 64 15 27 -14 -15 54 -24 -95 -40 46 -50 42 0 -28 -33 -37 54 -55 94 32 13 -25 55 61 -119 -61 38 0 -38 -4 10 -41 35 38 83 21 -19 -41 -30 -45 -9 -38 -51 24 -69 26 19 -78 -32 108 -12 9 83 -1 32 -31 27 -58 15 73 -45 -13 -58 -14 5 34 2 -21 46 -26 -72 2 29 -29 -2 43 -10 53 -34 32 2 14 -61 -15 41 32 61 39 25 25 36 37 87 -4 108 -29 47 -17 -45 -3 77 32 45 -10 -12 53 -24 77 98 8 35 -40 20 4 -1 14 65 60 -98 68 -41 -34 -8 -61 -21 40 -25 -37 -70 30 -38 46 28 -10 -14 -83 -39 -7 -30 -29 -25 -38 -5 30 -45 -34 -14 -41 -37 -11 -87 -30 -64 66 -21 96 -21 -9 42 -57 52 59 3 -12 85 -49 -16 15 19 22 -15 -97 -19 23 96 -22 43 -78 77 -42 -38 -15 -82 61 -105 -16 57 -35 56 -39 -94 -33 -11 35 2 27 -76 -54 21 22 13 -25 -16 -43 -49 70 69 -64 -26 25 22 37 -21 -25 68 36 50 119 75 38 -6 -41 27 -46 -36 41 7 37 -16 -46 39 59 -23 -36 32 13 60 -38 -44 -26 -76 35 34 -37 -59 82 45 -33 -44 -31 14 52 -46 26 73 -24 -73 63 72 -20 -19 65 84 42 68 -10 -51 15 81 -51 -49 21 -51 34 -28 76 -33 27 -2 -8 32 11 43 -47 42 20 -2 -95 -12 -62 56 -12 -50 83 -44 94 34 15 54 34 49 -48 14 44 62 15 -55 -14 -58 -25 -30 -44 82 -8 -1 53 -52 -19 -15 16 -29 -37 -22 -69 12 -38 42 45 1 -3 114 -76 -94 51 -24 13 -30 11 39 -83 -85 24 20 -8 -17 49 -56 -85 -6 11 28 -31 1 66 -7 -46 19 32 -28 -48 12 -51 3 -33 51 73 -47 -63 -36 45 -30 67 -72 -32 -69 -31 57 -6 -41 -49 -73 -30 -25 -23 -52 -21 -50 -70 -2 7 70 -32 -46 94 -56 24 16 55 34 81 -1 14 -1 -30 -4 62 38 -54 -100 -49 -69 20 13 -35 -24 48 56 53 -9 12 -81 20 16 0 1 72 -66 -9 -40 35 -47 -28 -72 29 -48 26 11 -1 -25 -27 59 -39 21 21 43 -27 64 3 40 37 41 44 56 63 12 -22 -29 36 -20 31 -10 -88 -27 53 15 -30 17 51 20 -15 -63 27 -59 5 -2 -50 76 -58 27 -44 63 -7 48 12 -100 9 48 17 -79 37 28 -64 77 -43 -79 -5 4 -31 23 50 -12 -8 -40 48 -72 -1 30 -61 -49 -70 67 -25 47 32 -17 96 20 -23 -65 -41 -2 24 -30 -56 34 39 -38 15 -5 -55 -35 5 -38 -21 -12 41 15 -66 -47 -14 23 52 67 -36 22 -3 20 30 14 75 -25 71 22 75 -2 -61 59 -34 39 6 -36 19 78 63 -86 68 39 81 -12 -1 -42 -37 -1 -49 15 23 97 97 65 15 -38 -42 69 57 -15 56 12 95 -8 8 -39 23 15 -34 -74 -29 0 10 7 -69 -23 -19 -12 49 71 27 -44 -45 13 27 28 -50 6 69 -30 -88 -8 115 -58 52 -59 20 58 -57 -72 -3 6 12 6 -19 39 51 -23 65 1 7 -69 24 11 -21 12 -3 -15 -85 -35 49 -74 -68 51 -36 -23 15 -4 58 -34 -7 44 -29 -63 -15 13 34 -106 24 77 15 -39 34 4 65 -7 -2 13 4 -12 5 -36 40 33 28 -42 -76 -41 12 -8 -20 17 70 38 119 84 -55 -30 85 3 -29 -46 20 66 51 6 17 -52 53 -90 16 -18 -26 103 41 98 38 81 88 -84 11 -26 87 33 -25 -98 6 14 -54 45 -3 -74 56 50 -57 -11 65 -31 -37 -25 49 -63 23 5 -7 65 -52 -59 72 95 -88 49 40 -30 -48 -52 -34 78 -36 -62 -17 -10 -30 -19 -40 -4 3 24 33 80 -9 -17 -7 -72 -50 85 59 -42 -49 -25 2 49 53 25 -58 34 106 7 36 31 12 45 28 -65 45 34 19 -13 -22 53 1 -9 -21 66 28 37 -29 50 -75 21 83 -28 54 -39 -5 4 34 -8 25 11 -73 -20 -48 46 35 -7 -22 -10 35 -24 30 -11 -33 -4 -17 13 24 88 -31 -22 -49 32 83 -44 -18 -51 20 -15 -26 -27 40 -28 55 -38 31 42 129 -39 -32 24 -44 18 -55 27 34 68 54 -71 -26 58 -55 28 17 -14 14 -28 -28 -1 -48 60 -50 34 -50 22 -43 -59 85 8 36 -100 74 -67 -21 -47 -9 -56 -57 -19 -23 100 -43 63 -12 5 16 -68 99 35 -21 4 -18 103 -8 -14 -24 28 -15 60 -59 -26 22 47 11 41 -49 -6 -30 70 -50 59 -23 -41 -17 -58 -4 -38 47 -44 -25 -92 -29 40 -40 -3 40 -114 -18 57 27 8 59 8 -92 -57 73 35 -12 78 8 11 -56 -15 48 -94 22 -89 -53 54 -39 64 73 -20 -21 -52 0 -54 41 -41 -7 -51 26 52 -7 -39 -44 19 -55 26 -52 -42 -2 15 91 -6 -54 24 17 -32 41 -45 -17 -26 18 20 43 16 -76 -10 52 -13 38 -47 2 -51 25 34 -48 -33 -14 -19 -75 -64 -49 16 1 -43 -59 -112 -9 5 24 27 40 -58 -69 -25 -1 30 -55 21 -9 103 14 -61 54 -36 -2 14 -54 -53 -15 76 68 7 -34 -86 -42 17 -35 -24 -65 -5 0 59 -62 31 -38 -31 69 -39 65 -30 -67 -10 62 -88 -17 -10 -39 70 25 -18 77 69 4 -56 -29 14 57 -21 -89 21 58 -33 54 -41 -21 -45 15 -6 -8 -14 -40 7 -47 7 65 -23 24 -30 10 -31 82 -22 31 40 7 -83 36 82 -20 -47 61 34 -35 -12 41 -20 50 87 44 -57 -35 -6 -23 121 -56 -20 112 -12 34 12 -19 -4 -14 3 -12 59 -17 41 38 -20 4 -72 -11 -60 -60 23 -3 -37 -37 -25 -4 -8 59 -14 -14 -23 -12 -15 -4 69 45 17 25 -66 -31 59 89 75 2 -15 56 36 54 2 -47 16 34 9 -23 19 22 -71 -30 -30 -28 -30 -70 74 39 -25 33 56 34 55 17 25 -1 -5 -50 37 -29 -53 3 -34 -12 -48 -48 35 10 63 1 -40 -18 6 -3 -17 -22 38 71 48 -2 12 -32 87 -15 -15 14 48 29 105 -67 -63 26 69 27 -34 2 1 -35 -19 -26 45 14 -60 38 39 -12 18 -44 -20 -115 64 -44 -29 -44 25 -12 -59 -29 -13 58 58 16 5 -20 -9 19 -80 39 35 4 -16 51 -47 58 47 -33 -31 -9 -68 -44 -44 -36 -47 -12 19 -66 -33 59 56 -36 -37 -25 -31 -19 10 41 -5 -11 -10 -26 4 -23 16 -117 19 -48 -44 -1 -9 21 22 36 24 4 -80 23 -36 -21 13 -94 -41 29 88 -51 -97 26 -40 -11 -38 22 -35 8 -34 9 -20 -31 61 -35 -30 -13 -39 25 10 47 -23 84 11 -45 -65 -12 32 -72 73 33 59 47 -27 1 37 3 -51 -25 -22 -6 -3 -4 -64 33 49 53 100 1 -70 -61 18 -56 -31 27 18 -11 -16 -90 1 -20 -66 -52 68 -29 15 27 -42 63 1 -4 26 69 35 29 -73 -16 -5 27 47 36 -51 84 -19 -25 25 3 19 39 16 -86 54 50 -4 49 -31 -49 -69 44 -97 -18 -28 32 9 91 75 -37 -26 -40 -34 -45 -72 -74 21 28 2 -2 -36 -33 -50 27 14 0 -20 9 -8 -21 33 24 22 -69 50 5 -46 -6 -19 1 45 76 -44 -33 3 4 -20 61 23 6 -15 -64 -59 -45 -37 -52 22 -25 -57 3 40 -43 34 9 5 -64 26 10 -2 -33 -50 54 28 -14 67 -50 -12 46 59 11 1 68 -33 -31 26 38 -11 -6 -56 -6 -68 94 -32 15 8 -49 -15 31 -32 -78 48 11 -48 -28 18 33 32 -26 29 -23 77 46 -28 5 -13 -91 40 0 -70 -94 50 -31 60 26 -42 80 5 -28 65 -42 55 -18 20 -15 12 68 -97 71 -28 13 -44 -62 73 -66 -3 -19 47 -58 -31 5 -37 -48 57 -39 2 -6 16 -24 -11 55 59 -40 -5 30 -4 -11 80 53 49 -41 26 -18 53 -56 -30 30 -16 -21 50 -33 -77 -16 -62 66 109 24 28 68 -83 32 -39 24 -47 -37 -18 -25 -35 63 -17 1 5 -15 11 93 16 -34 52 36 -89 -11 -22 14 -5 -11 35 -31 -128 -7 68 26 -62 -4 56 -31 20 12 43 -36 -15 -10 -111 -66 48 -93 15 25 18 40 21 -44 -23 74 -72 7 -45 53 39 12 68 52 -106 -16 28 7 13 -24 -74 90 55 -40 0 -53 43 -3 -19 -10 -21 102 -26 -39 -74 69 60 -24 6 -28 89 -32 23 -77 -32 39 -47 7 102 -13 -21 35 92 -59 13 42 -70 46 18 -60 5 -9 73 -72 -47 -20 -71 -53 -17 -2 54 92 -30 18 -33 -76 -3 79 34 -100 44 14 70 48 -98 25 -31 -10 24 -65 -48 39 -50 -45 51 49 24 27 4 -63 73 47 51 4 2 71 -33 -62 16 38 8 57 14 2 5 -36 -20 26 -32 -26 30 28 6 -12 -40 48 -3 -7 -63 28 25 -60 4 57 47 8 -103 66 9 26 54 -6 -5 -47 -23 -99 -32 30 28 1 -62 -5 3 46 14 74 33 -78 -49 33 -37 -53 -24 -12 10 -97 -3 32 -46 -55 31 36 2 106 -32 5 -52 -6 11 -80 15 5 -19 -77 74 42 -43 -58 -36 -42 51 -33 70 -41 67 -57 -20 47 -10 33 22 1 56 34 -72 -56 47 5 61 -13 18 -48 1 -23 -32 -19 -41 46 -42 -12 51 -9 47 -26 35 35 31 71 -21 5 -41 13 -34 40 -42 13 -37 1 22 40 80 57 30 51 -63 19 -15 30 61 -39 -67 23 32 -44 -62 53 -55 -9 -69 49 51 77 -66 7 -32 46 -61 72 -16 0 16 -3 -11 34 -22 46 4 31 38 47 41 50 -2 -36 35 -3 83 -13 -60 43 17 0 27 32 -58 54 13 61 19 21 -43 46 -43 51 -70 52 35 32 26 20 -31 -10 50 3 0 -13 -18 3 -39 -1 -31 -53 -7 24 -79 -86 -7 -72 -50 -24 -28 -22 -54 -33 -55 96 15 36 -21 12 -42 -15 41 -20 -43 -4 -39 -7 -23 -44 -24 -52 -34 39 8 20 56 -15 28 -10 39 3 -18 -59 -41 -25 17 -13 -54 -2 -38 47 83 -34 -33 -55 -58 -59 6 -21 -1 45 -10 -95 56 20 -8 -16 -54 -28 -48 30 10 62 22 -54 68 47 42 -47 -86 -9 -53 78 44 5 -66 -47 -24 -93 -28 15 20 -33 18 -103 -15 -32 -59 -25 -81 -34 -93 -20 53 33 32 6 -96 -48 -51 -9 49 -56 57 28 -39 62 5 -23 41,-51 -18 -48 6 43 -8 10 -38 -36 2 1 21 9 -19 20 27 -9 -10 21 -23 -13 1 9 -21 21 42 23 15 10 -31 20 -4 -27 -31 -25 -68 1 21 37 41 -45 50 -59 61 67 63 -77 68 21 42 73 -42 69 71 -90 79 126 117 -144 -113 -91 120 -94 75 93 -89 7 8 -14 12 22 -16 -7 -8 32 -1 2 -70 37 80 -87 -89 -92 -84 39 -35 37 -28 36 -34 -10 -36 -7 1 -6 -17 1 6 -14 -30 -10 2 -32 19 4 -15 1 10 2 -18 13 9 -6 25 -4 14 -41 9 -2 33 -20 -21 7 7 30 -16 -27 39 -51 -53 9 -11 -20 -46 81 30 -46 30 49 61 73 -57 35 16 46 44 37 30 38 39 16 7 -31 -3 -12 33 -9 -16 -11 -18 9 25 32 -6 -10 -1 -6 17 30 1 -5 -14 -9 20 -6 2 7 12 10 -3 -2 5 5 10 4 -11 -12 -18 34 -14 14 11 -1 39 11 0 6 -10 13 -49 20 -43 -25 -32 -14 50 -49 -22 37 -14 19 43 -51 -57 42 45 -18 49 43 55 36 30 49 37 14 28 -16 21 -31 -13 16 33 -27 10 -1 31 -5 29 15 7 15 -32 -8 22 18 -13 -17 -22 -58 -33 8 -22 -22 -64 19 22 12 23 28 20 36 -27 6 -4 12 5 -18 32 -52 -27 -26 -36 53 -101 51 -81 -73 -78 64 -54 67 -37 15 4 -25 -50 26 -57 51 3 -2 1 9 22 -12 22 -37 -2 10 -21 -21 8 -13 -33 0 1 9 -6 1 19 9 -13 19 29 0 -4 21 59 28 14 -21 24 5 16 -1 13 -15 29 20 -23 -9 -34 -7 -21 19 -9 -3 7 16 -11 -11 -9 24 -11 9 -4 0 -6 4 -11 9 9 11 -14 2 6 3 0 -1 11 3 29 27 9 -23 5 14 -14 18 45 87 -21 -12 -47 -28 45 10 62 87 -7 -14 13 -96 -49 10 52 -42 -26 34 18 -75 -58 -57 66 80 -75 -74 73 -87 -142 -120 -138 -158 135 -129 191 -135 -165 171 150 93 109 109 -49 72 -91 -105 -24 -35 45 27 -40 -13 -27 -2 -13 -12 -15 -5 6 -5 -5 8 0 5 0 36 5 16 8 -22 -2 -19 -11 4 5 0 -16 7 17 20 5 -11 -7 -9 22 -6 -51 56 40 -44 -16 -46 71 -20 -1 21 25 6 1 -41 26 4 17 9 -24 36 -29 41 -26 9 3 53 -49 39 83 -56 -71 -95 77 -82 -91 47 -81 19 -41 36 -90 -38 -6 -22 46 11 -46 -12 -13 -22 -67 -41 -31 69 72 -85 86 85 -85 -66 -87 -97 -78 66 86 -71 56 8 -4 4 8 -36 -9 2 -32 37 2 -22 -5 25 3 11 17 -11 12 -4 20 21 17 7 -19 3 -4 -14 0 -6 31 7 5 -16 8 3 20 -19 -54 -47 9 -18 52 -30 -13 42 4 -49 84 66 -53 76 -75 -65 53 -58 -41 -49 40 69 -69 64 57 -74 -72 14 -40 -44 -5 -32 0 8 -1 17 -6 -2 2 21 35 -45 -56 27 -32 40 -39 35 48 -46 12 12 73 -21 -44 -29 -24 34 -21 -73 -56 -46 29 33 -85 -44 27 -53 -67 65 72 64 -42 -80 -74 2 26 -23 32 78 -17 40 -16 -9 14 12 -33 -58 22 49 29 -48 48 -29 -38 44 -29 -27 -38 21 15 -25 33 53 -39 29 38 42 50 -35 41 -24 39 32 45 -42 -63 -42 83 21 72 42 -29 32 -52 38 -68 -59 -74 -51 -22 33 -25 -40 -39 -104 73 48 52 91 -110 -89 -71 -45 -82 66 -64 -47 76 -47 -7 -18 25 0 33 24 14 32 10 -39 55 19 -64 -83 80 -44 -36 -22 -73 -74 -44 52 -88 -70 75 -78 90 -37 -80 67 92 91 -67 -94 -111 119 -40 107 88 80 87 80 74 61 -78 53 69 73 74 77 71 63 53 -63 -50 -74 56 53 -49 -60 27 -48 21 51 42 -9 58 29 32 -19 -44 25 22 55 58 27 -18 73 21 44 19 17 16 41 -25 -2 -40 3 59 9 4 3 32 -7 14 -19 17 -13 16 -48 35 -7 -4 -38 -17 -37 3 -3 -1 4 -6 8 51 -39 -6 -61 -59 -81 -77 8 -38 92 -26 19 -99 -113 -127 92 58 -103 104 55 65 -77 -79 -12 -23 6 -1 0 29 -11 22 -4 3 17 -25 15 36 12 15 9 -30 -47 -52 40 36 7 18 28 -4 -27 67 55 -6 -47 96 98 -88 84 104 -97 108 102 67 109 -106 110 -116 77 57 -47 -28 -19 -61 51 -38 3 19 -45 -34 -19 -11 35 44 26 -24 22 -22 23 14 42 -25 16 34 31 12 9 7 -24 18 -6 9 1 -4 -41 9 -3 19 23 -52 21 -24 -28 41 -33 -3 -17 -29 -34 2 -10 -64 39 36 -43 60 -82 93 84 -68 -85 -113 -128 92 -117 -118 -133 112 70 -76 -91 88 33 67 -77 -69 41 71 74 -106 -61 52 96 69 -95 42 -74 -104 74 91 83 -95 73 -8 -8 69 -28 19 -13 -2 -7 5 -20 2 -11 21 -15 9 13 43 32 36 -19 28 -81 40 -62 73 -90 47 -80 81 -62 0 26 -35 -31 -7 -20 5 58 22 -8 5 -12 -4 22 -12 -42 49 1 -18 19 49 25 13 75 -23 4 -10 -31 -67 -22 19 -47 42 -27 29 -37 -51 38 51 -25 -50 8 9 -27 25 17 10 -32 -15 5 22 8 6 -28 37 2 36 -29 77 -33 63 52 66 83 70 49 39 -71 71 -86 73 -50 46 -88 -65 -67 -67 77 60 -32 -76 -59 71 -94 -102 106 84 -102 119 111 -102 111 -95 96 -99 -100 -51 -51 -95 -52 -38 -13 -31 19 22 -23 3 12 -33 10 -10 11 -7 -9 -2 -4 5 0 -7 3 -5 7 -8 10 -1 -2 2 -2 -10 -7 4 3 9 19 11 12 19 -16 13 23 -3 -33 33 8 -9 3 -26 16 -13 17 -9 33 -43 18 16 32 -48 38 -17 -27 31 7 2 52 31 8 56 20 -52 -38 -23 20 2 58 -22 8 19 31 -26 34 10 -16 -28 -32 31 -13 -21 47 -44 71 49 51 -47 -40 -33 -18 -23 3 11 39 -25 37 42 -76 52 47 57 1 29 41 10 -50 60 21 -33 42 78 59 -49 66 65 86 61 -39 27 -36 26 -27 -19 18 -18 18 9 12 -13 10 14 -2 33 3 29 -7 -2 -12 21 10 3 9 -8 4 -1 51 37 -15 32 -19 14 52 69 63 -65 82 53 -28 -68 -68 -18 71 -51 47 -58 55 75 -97 49 -126 -105 -105 -152 -114 -88 114 129 -102 107 -110 121 115 -109 117 -108 -68 72 78 101 47 -30 19 -30 14 -35 56 6 22 -2 -3 0 -12 -31 17 53 -38 0 -2 47 23 17 -28 42 -61 -61 -80 99 107 -111 161 126 118 -89 -136 112 -72 101 87 130 94 -28 24 -63 53 -52 36 22 55 -58 53 50 -81 76 -99 107 -111 -61 -61 -104 -41 86 -114 53 -29 -85 56 -61 65 50 17 9 -18 22 8 9 32 35 7 -21 -6 -3 30 8 31 16 26 -4 -66 24 -34 -69 -26 -59 66 -96 110 -113 -126 -123 -128 46 44 -20 -68 59 -28 -42 30 -17 -32 4 34 46 67 35 -44 -68 -81 -54 29 -70 85 -79 113 75 -69 82 -86 56 -35 -80 -54 69 -58 58 51 64 -56 -41 -37 45 38 -39 19 21 -37 -24 -20 26 -37 35 27 11 -20 39 40 -12 25 7 41 -22 6 -5 9 -59 49 -48 47 -56 11 86 -80 83 -72 -98 -100 -54 79 -97 -77 -78 -88 80 -72 -77 101 61 -64 -4 51 -27 57 16 12 -11 3 -9 -19 20 -29 -12 9 -8 0 6 10 -7 20 1 7 -22 -59 -9 37 4 12 22 -4 5 -14 -24 22 19 9 -36 -30 63 31 27 -17 -13 -44 -33 22 7 -48 8 28 10 -11 5 -13 8 -11 -13 -3 -22 2 5 -2 16 15 -10 -17 34 -5 -32 24 -10 46 38 22 -26 -15 14 35 -6 6 -12 -18 -7 -29 29 -21 -6 2 -33 0 0 12 -6 -18 41 16 10 -12 14 65 -12 40 6 -15 -22 10 -33 -9 37 7 -8 21 4 -35 35 0 10 5 -21 -8 8 0 -31 -12 7 13 22 27 3 26 17 1 -17 24 1 15 3 12 -14 23 -46 0 27 -7 19 50 70 -36 66 -14 -68 48 -30 -5 -16 -9 -15 -15 -10 9 -1 -1 -18 -18 10 3 -18 12 5 -7 22 -22 -16 -16 17 -23 17 2 14 42 -25 20 15 21 -32 5 -24 -15 34 -10 -6 16 1 -23 -12 17 -16 15 14 -13 -28 10 73 -25 -14 54 -56 -88 64 77 80 -106 -144 -132 118 -163 -136 82 -4 -109 -90 73 26 28 -13 22 -11 35 -13 -18 -17 32 31 10 -10 27 -24 -15 -24 36 -52 38 -76 65 50 -45 53 52 25 -44 -70 -56 -44 78 -53 74 -71 -117 96 -75 45 60 -47 -50 -8 -7 -7 11 10 1 -3 -28 -24 17 -4 7 -4 -14 -22 14 -3 9 39 11 -32 -9 -2 -1 -3 4 1 0 9 7 7 21 -4 2 4 -3 -25 7 23 33 0 30 12 -49 -30 -41 -59 -35 -42 -55 -58 -17 -35 -88 122 105 102 138 -135 -166 -111 -134 148 109 -76 59 -76 111 140 71 60 -92 -125 100 92 -62 113 73 -23 38 -1 5 -69 -46 28 35 56 69 66 117 61 -141 130 -76 -75 -98 -101 72 71 -63 91 -68 -25 5 -22 13 -9 11 11 21 -48 24 35 -50 -38 -18 -16 -44 46 39 -56 -55 -64 55 -119 76 73 -64 -71 109 81 72 -82 92 82 75 29 40 53 84 62 -76 96 -106 68 108 -64 62 68 -86 -85 121 78 -62 -105 116 -80 -123 111 114 98 -102 -157 160 155 137 170 107 -91 124 102 77 -70 -56 -30 43 -49 -3 -3 66 -13 -47 -24 -32 -16 2 17 14 -29 -9 -8 -29 20 -40 -12 -6 28 11 -45 21 1 5 36 33 -31 -7 49 57 83 -68 -90 -88 91 87 86 -49 -73 106 -119 86 -67 54 44 64 50 -33 39 -27 67 -1 29 -55 35 0 -15 -5 -1 6 -14 -6 11 -9 -5 1 14 -9 10 -10 -8 -17 22 1 22 -19 0 -51 30 -11 -46 -43 44 27 -36 62 -88 80 75 -81 82 93 -21 -1 -46 -52 2 -17 -10 -11 4 -5 -15 4 -11 -8 -10 -10 -29 24 14 36 44 -4 -24 -11 7 10 -8 4 12 -18 25 -18 -29 -2 -7 -9 -33 32 -6 51 -10 31 -26 -22 87 114 94 58 94 -131 -96 -49 32 -65 -47 48 -13 0 22 -20 15 -3 -6 -19 35 16 25 22 -22 14 -24 -14 -2 -13 13 22 -15 -11 5 8 -5 3 14 16 -14 -1 -9 1 22 4 5 9 5 -7 13 -17 -23 16 25 -20 -1 29 5 -18 -12 -2 -1 -10 6 16 16 7 11 -3 -4 5 -30 -14 -23 8 32 19 -33 -4 7 37 -52 18 -89 -50 -58 61 25 81 -86 52 -42 -20 -52 34 18 -34 -22 16 12 8 -9 -7 0 6 -21 -19 18 24 25 19 14 15 -28 37 25 21 -2 19 19 -12 3 2 1 4 -4 -19 -3 17 -14 1 -8 -36 14 36 -12 8 -8 -32 -2 11 -7 13 -14 -14 13 -25 25 12 -16 -8 -5 -28 16 -21 -16 7 -10 64 43 -30 -27 -61 -31 30 -45 20 -55 -78 88 -80 107 -92 123 123 -117 -104 96 -119 -109 -130 -123 145 108 145 157 -135 -185 145 133 -121 114 -143 -100 -91 -104 -93 -117 63 -81 131 -122 -80 -46 -86 -120 77 73 -81 72 -46 35 -48 -27 -35 -17 -15 3 -20 -12 16 27 -24 -19 5 -30 45 43 -21 -30 12 26 -15 13 -28 24 -9 -19 45 -76 -49 -25 44 36 -54 53 -35 28 -64 -17 23 -24 24 -8 33 10 -69 18 -45 -24 48 -58 17 46 61 -25 -38 39 -28 76 -9 -8 26 1 6 -39 -24 -24 27 60 -43 -53 -31 55 -58 93 -93 84 48 -88 79 -74 -42 50 68 -8 43 -59 14 30 -28 25 -38 -29 -26 38 -46 15 13 11 -29 18 25 3 -30 -8 9 -4 -6 -16 13 0 -3 7 -17 35 -25 32 33 -28 -25 -4 7 -16 -12 -8 -8 -16 -7 5 -2 11 -8 9 1 -3 10 2 63 10 -34 19 14 27 18 18 -21 -86 46 49 -17 -29 -62 -87 -63 60 64 -76 61 6 30 28 39 8 -1 12 6 -27 7 3 17 10 -62 -34 32 34 -20 56 -48 55 -46 10 15 22 -6 8 -7 -2 6 4 1 3 24 -7 -9 -18 7 -10 2 9 -15 -23 -3 -20 -1 -27 36 -5 51 12 0 -14 -11 0 1 6 -18 -21 -1 -4 -26 -11 -17 6 -9 -18 28 -7 -28 -44 -102 -28 49 59 -92 -74 -39 -24 56 -34 -48 -18 -31 80 89 -78 57 82 -87 -76 -98 -98 -76 -116 68 73 -82 -72 -55 -75 78 -35 -105 -51 79 4 83 -48 117 90 14 59 54 -64 32 18 -42 1 -10 -51 -16 -13 -20 -42 -34 1 3 -9 18 -21 32 10 32 -69 -33 30 -41 45 37 45 48 70 69 -38 5 -72 -44 -51 -55 30 -21 -39 -56 -27 36 39 -30 28 -9 45 -32 -14 -10 14 -10 32 29 19 34 -46 47 48 40 25 -46 -23 -40 35 69 -89 -52 -44 68 78 -71 -63 -41 56 63 -55 73 -57 51 -56 26 -48 -80 -85 42 -15 -48 -68 71 -37 33 22 3 -13 15 8 -36 18 -28 27 25 11 25 13 42 34 42 -13 20 16 -8 17 28 10 47 -42 -37 -17 35 27 -13 -45 -1 -9 -9 -10 2 -3 7 0 -3 11 -1 17 -15 -5 6 8 9 2 23 10 -13 -13 12 -10 -9 -9 -8 -14 -15 1 -4 15 19 23 39 19 -41 14 -33 -8 -33 -8 -11 49 12 -10 -27 13 3 -23 19 -2 -5 -16 -17 -14 20 11 -20 25 -37 14 6 -20 -29 -9 -31 29 18 47 28 46 -9 35 19 31 -19 -55 27 -58 20 -17 50 3 55 -19 -23 -28 -7 -50 -51 55 85 -80 97 60 83 -75 -16 33 77 76 -21 15 -24 9 -32 39 13 -26 35 73 -36 2 -25 32 -70 -55 -97 -69 -71 -74 -93 -84 -81 101 -21 75 41 -70 -72 -68 -74 41 -84 54 -33 78 2 -24 -31 23 -19 -41 -58 42 -24 64 -33 -22 3 -58 7 0 16 -2 -13 21 19 9 -9 13 46 66 -32 -56 -39 37 -56 -25 35 -51 14 13 -9 -42 -28 -32 -79 26 26 21 17 43 -25 -67 37 39 43 51 -61 -45 47 -18 -15 -25 17 16 -60 -32 -11 -37 -30 -8 3 33 15 0 30 2 47 88 101 -94 -97 84 102 60 113 -116 85 107 55 101 63 -56 6 -30 -1 26 29 -19 -33 20 -43 21 34 -25 33 -35 60 45 -59 -78 62 -66 -41 59 33 51 31 40 44 12 37 -28 37 -50 -2 26 -30 -22 7 14 17 27 -21 9 8 -33 52 -70 -11 46 27 42 12 24 22 8 0 15 18 13 -9 -2 -24 -5 11 -8 7 -4 1 -3 -6 5 26 -7 7 -5 0 -9 16 3 4 6 6 -30 40 7 -34 13 29 21 2 64 60 37 33 -64 -48 -68 69 50 25 -58 38 24 16 -2 10 14 -7 6 -13 -1 8 2 26 27 0 15 26 -32 19 52 -25 -19 41 -55 36 46 43 -38 -56 -33 35 -51 19 51 14 -38 23 -46 8 -21 0 30 18 -20 8 -4 26 -34 36 -10 9 17 -33 22 14 24 -3 3 -4 1 7 -17 -12 30 -28 -27 -30 83 -44 -39 -40 -25 -45 66 -81 53 24 14 -27 -67 -52 35 61 69 76 -86 61 -61 88 -84 -108 138 104 -84 56 94 -94 88 93 -96 86 -91 -74 86 69 -52 -29 -72 58 40 -37 -68 16 -23 8 22 -17 -15 -63 -7 0 -29 44 -40 -20 15 21 -18 -2 1 -13 16 22 61 13 -8 -8 0 -32 11 9 5 -45 8 -12 -26 21 -47 -46 42 31 -25 -55 46 -28 8 -24 73 -28 -22 -16 -34 31 -26 -25 17 -29 -21 -50 50 -70 69 74 -79 -59 51 -72 31 -43 34 -28 -20 55 32 46 39 -60 55 -23 16 44 -53 58 50 64 44 -82 -32 -74 78 -84 -115 -71 -114 104 83 67 -112 -85 -81 -86 87 -92 -61 66 -42 63 64 -31 38 -14 -18 20 -12 39 3 -32 2 -32 -21 36 10 -36 79 55 65 89 -108 95 -88 -113 109 82 85 103 88 83 80 75 92 -96 -86 54 32 41 58 63 -10 65 -39 -30 -77 38 -36 9 32 -27 -4 12 10 -18 -10 -26 -40 4 9 42 15 -14 -17 44 35 40 -35 58 -73 41 23 -38 -53 44 25 26 38 43 -33 -20 2 -31 -53 -2 4 -12 -2 -58 -6 3 -6 -4 15 23 -28 4 -3 85 0 -7 5 7 -13 -22 -13 -1 29 44 20 -13 1 26 14 -18 0 17 3 36 -24 -13 19 -3 4 -2 3 14 5 15 6 1 -3 -24 -32 8 5 -8 -9 0 -30 3 14 -1 9 -12 10 13 7 3 16 -13 21 -18 -21 -10 37 -9 7 3 8 -4 -13 4 0 25 -31 23 -14 -35 45 0 41 36 35 -43 -48 71 33 35 -24 -44 -48 -10 0 49 67 39 50 1 41 66 -82 93 -77 -59 92 -88 -83 -78 -37 -72 -66 68 -55 13 4 -39 -27 6 -5 39 4 8 -11 -4 -20 10 -11 23 31 1 24 59 -72 84 -70 41 -68 -100 -102 77 -108 -48 47 60 45 -45 -56 -48 -13 43 70 -64 2 -46 -18 0 -54 -72 56 -75 -105 -82 -110 74 15 -16 -52 47 -10 5 10 3 16 11 24 7 35 9 8 -10 9 2 25 6 10 6 13 6 -1 -6 4 -26 17 -6 6 22 -22 -20 -5 51 -11 -33 24 -11 14 -13 -16 -19 14 -40 -12 -9 -6 -26 15 -19 -12 45 27 -15 -60 39 20 39 -26 6 -16 55 -28 35 -11 24 10 -41 -18 -7 16 16 -15 -20 28 -16 38 25 -41 11 -27 38 12 -2 -11 9 43 -26 -25 39 -21 17 21 25 -21 4 44 9 -9 -9 11 -10 6 5 -3 6 16 -10 -24 0 29 9 -6 -2 17 -14 6 9 -11 -25 0 31 0 -26 34 -15 -44 -50 -35 -8 1 3 60 2 1 11 22 -51 4 52 -28 17 16 4 -10 -11 -5 2 -6 17 7 2 -23 0 -10 -11 19 -2 2 -17 8 -3 20 3 -2 -19 17 -18 26 -35 17 -46 -54 -52 -7 21 51 56 -83 -52 -51 -26 -39 -21 -48 -50 -26 14 14 2 -30 -38 6 -23 -29 7 13 -37 16 20 35 -21 11 -43 -20 -33 -5 -24 33 16 18 79 -2 -32 23 -27 -1 -22 0 -18 -17 -20 -8 -3 0 -7 26 -3 10 22 27 22 13 23 7 -19 13 -22 -54 61 -75 -77 -74 74 -34 -67 40 17 59 -12 -24 -43 -28 -42 -26 -50 -47 -39 -11 34 -9 -2 10 -13 12 0 28 19 -35 -31 22 -52 2 -32 50 46 39 -7 -39 40 5 30 -26 -45 -29 -31 -23 30 14 -17 -16 -29 -15 -18 31 22 23 -46 -11 22 35 -37 -6 -14 33 32 32 26 -21 16 -27 30 -20 32 -46 67 -58 -57 47 -59 56 -18 45 -36 30 29 -19 -1 27 -15 -38 -19 10 -26 -10 0 -17 16 -19 8 -8 0 -27 -7 -16 26 -34 49 7 -6 -14 31 22 73 -16 16 -16 18 12 15 -30 2 -16 -3 -33 11 -3 -13 -6 19 24 -6 -10 -22 21 -10 6 -25 -43 12 -6 -39 -57 -17 -38 -48 49 -12 -19 40 -41 20 -44 76 -106 83 -2 -63 114 117 121 82 93 121 103 68 -111 -88 -99 105 132 60 -50 -75 73 87 77 -111 -65 93 -67 -96 -136 126 98 -107 -109 -108 110 -99 70 70 -76 40 69 -76 37 41 5 -42 7 -36 22 21 14 12 24 -32 10 18 0 8 15 12 -16 -13 5 -22 -8 -16 -8 11 3 -11 1 9 -14 0 -7 -6 2 -35 -24 -2 -33 39 25 7 -18 -15 -18 5 -41 15 7 2 6 1 -28 -12 -3 16 21 -16 -5 2 -28 10 34 14 16 8 -8 11 2 16 -15 -29 -28 0 73 -3 -55 -39 -51 36 51 68 50 70 75 87 101 -96 -95 99 -95 -69 48 -35 11 -10 -14 68 -81 -36 52 -51 63 61 63 -54 36 39 -41 54 -1 6 -11 8 0 12 -12 -6 4 0 2 -9 -16 -1 1 -12 -11 -12 4 -4 0 -17 0 0 -14 18 -20 -19 -52 56 83 120 -103 99 -84 102 -111 119 -130 -68 -69 76 57 -67 56 52 -22 79 45 -41 45 -77 78 -78 -77 75 -77 -96 58 52 -43 -44 14 1 -15 21 5 -55 30 25 -58 -54 -62 43 40 -57 17 15 12 32 26 15 39 -18 -5 24 -2 7 19 -1 21 -17 -30 -5 2 -31 28 38 13 46 32 7 -3 -12 29 36 -47 -36 37 1 46 38 35 16 -19 -43 37 -1 -44 -30 50 34 -60 -44 22 -44 56 -22 74 57 -79 -105 -64 87 -82 -63 111 -58 -77 120 -66 75 80 64 -75 44 34 -67 -2 -37 -46 19 0 -26 -4 -18 28 -63 -66 -75 -58 -74 -89 -89 85 83 105 -82 112 -91 -73 81 115 94 -124 41 63 -24 34 -60 -25 -20 6 25 -45 2 43 -30 -3 -7 9 42 3 34 19 -31 4 48 12 -19 36 22 -1 37 3 -1 -6 3 17 5 -3 -5 -17 25 0 -4 -2 14 23 13 4 4 -4 -7 -16 10 7 -30 7 -2 -5 -6 -16 6 -4 8 -22 13 -10 -17 -19 -27 53 47 -74 -56 80 61 -60 99 -53 -58 69 63 120 -104 -81 116 131 -99 -79 96 -87 95 41 -43 69 -46 -38 -83 -89 72 -95 -41 106 -51 66 11 -42 -47 47 -60 56 -66 -50 58 43 -68 32 81 43 14 25 -47 -27 65 83 -87 70 65 75 -55 91 -103 -74 -93 107 -77 -110 133 138 -61 -137 -94 -99 92 104 111 135 -79 66 99 73 -77 65 116 37 48 -38 54 34 -26 -14 -5 10 24 -26 -21 -14 -1 -2 3 -25 48 -37 39 -21 -13 14 -17 2 17 -12 -1 46 20 -14 8 -37 -47 -23 55 -21 48 32 40 -54 -24 -58 61 45 -52 41 75 65 66 -68 71 -48 76 -115 38 83 40 -51 -26 -38 43 -24 -36 -23 27 -29 -3 7 9 -8 5 -3 -8 -20 9 0 5 2 -21 12 -19 -35 6 5 -15 -25 32 4 9 -26 -33 -58 61 -70 -35 -34 -55 23 51 1 -17 32 32 25 -17 9 36 -33 9 28 -8 1 2 -9 -5 -23 -15 -17 -38 40 71 37 -38 42 -21 11 -41 50 84 54 -89 66 98 86 -67 -69 -100 91 -77 96 34 39 -43 31 -25 -22 -23 20 -3 14 -12 -21 19 14 6 -13 -5 -4 3 -22 -1 -31 -35 -18 0 -9 -6 -12 6 -37 -51 -27 -2 -6 -38 38 -38 47 -16 -71 -90 58 13 6 59 69 -55 -25 -12 -59 67 -60 -6 26 -64 39 22 52 -46 -17 13 -10 71 -36 -63 -43 -60 31 71 -80 82 97 -91 -76 70 -83 -90 -70 -70 59 55 67 -46 -106 63 5 -7 25 57 -26 -9 -15 -22 40 25 47 -60 -48 -7 -45 28 -46 -43 61 54 -21 -76 38 -70 -62 84 -60 -96 49 -22 -9 -11 -30 35 32 34 -30 20 13 -71 -40 -9 11 16 42 19 26 3 30 -4 -23 -8 2 2 -4 -12 5 -6 6 -1 -8 20 5 -10 -5 32 -15 -12 62 -13 2 -9 -3 23 -47 34 51 23 -64 -17 -61 13 -69 -16 45 -44 32 31 -26 -40 27 45 -48 -48 -33 12 16 -14 14 6 17 -3 10 18 44 2 -55 49 -34 -58 50 -50 -48 8 69 -86 -53 42 93 -102 71 80 87 -97 -100 77 61 67 59 -32 42 -21 -4 7 -3 15 11 -3 -9 -2 56 -23 9 0 28 11 -23 -21 2 15 -63 -35 6 10 4 -26 -2 19 -12 10 22 14 11 51 -63 -96 60 -57 73 -113 115 -106 106 25 -122 109 -53 16 54 -53 -83 45 40 24 40 -16 41 25 82 50 16 -41 18 -28 30 33 -12 64 1 -3 44 -66 57 -38 -42 -50 73 -55 40 29 -41 51 -32 37 20 0 46 -3 45 7 -68 14 23 -43 27 62 -77 42 -54 63 -76 39 58 -32 23 14 2 -21 12 -17 -9 35 27 5 -9 -15 7 -17 -10 5 -16 -10 26 -4 3 -1 -25 -10 -16 1 64 9 -5 -19 -7 -57 -44 -33 62 -47 46 32 -60 69 -62 -67 -50 50 -51 -88 90 -52 -43 56 -34 -36 -54 -69 -54 58 65 47 72 67 73 -75 -90 -119 116 -102 -116 -89 -24 68 46 -57 53 -91 -57 48 34 -73 -93 -6 26 2 -18 -8 -36 45 -10 -8 -38 -18 0 -6 -8 -5 9 -2 1 3 -9 -2 15 29 26 -11 -62 34 -35 78 -98 -59 67 -57 -74 -86 53 -41 20 -95 9 -48 -57 59 -23 -54 -60 -34 -17 -11 -80 -50 17 24 -24 -45 31 -49 63 62 71 -78 -86 -87 -68 75 58 -75 52 -14 51 88 53 0 36 -33 -1 -43 -64 35 -68 -66 35 -43 62 -77 -58 -42 -54 -36 32 38 6 30 2 -13 -20 -35 -71 30 19 -53 33 19 -34 12 -53 50 23 21 62 67 34 -15 25 40 23 6 20 -12 0 -23 -17 -30 50 -53 53 -85 56 75 61 -68 -61 -88 61 -50 25 96 67 -61 41 58 73 -69 42 68 58 -59 59 72 18 20 -56 -36 -33 60 -35 46 24 15 -42 42 35 -33 -46 21 -68 41 10 -40 38 18 -26 -45 48 -28 36 -55 -49 29 12 7 37 -20 8 35 29 -10 72 -8 1 4 19 21 -29 -15 16 23 -9 -36 41 59 17 21 50 -41 14 18 -48 -48 -56 33 37 17 -36 21 -2 -23 52 -17 48 -38 4 -10 7 -21 14 -11 9 15 40 -20 40 42 57 -60 -33 -52 65 -72 60 30 4 -5 -7 1 -5 20 -7 25 4 -13 -7 11 -5 4 -29 13 -38 -24 27 15 -28 9 54 4 -31 -33 -40 -14 -15 12 63 19 8 3 -22 31 -38 46 10 51 -58 37 -16 -24 18 17 24 -14 -19 6 12 -6 -11 -47 33 34 -8 -5 5 19 1 -1 10 0 2 1 1 7 -11 20 -2 3 1 28 -20 -3 8 -28 -26 27 -25 -45 -38 -23 26 71 38 52 -11 12 -21 25 8 -73 8 30 9 44 -4 9 13 72 -47 4 -12 32 27 27 1 0 27 -9 -30 29 46 -74 40 -51 -35 -52 70 76 -71 52 5 34 -52 28 -45 18 26 -12 -34 18 13 1 -3 4 49 5 11 13 -19 3 10 -8 -2 34 13 12 -31 5 5 8 4 12 21 4 5 18 14 18 45 63 100 74 -76 -84 -71 70 69 -53 47 34 24 71 71 39 -69 67 -52 -49 74 57 15 -8 -9 -47 -26 -65 2 11 12 -13 15 -8 2 -6 30 19 -40 15 -21 -4 26 38 15 -13 6 -5 2 2 -2 -8 3 -17 6 1 -3 -5 3 -19 -2 -3 25 1 24 -2 -1 -30 -19 -10 5 26 -3 -23 17 24 -55 23 28 34 -20 8 5 -5 13 7 -5 -26 -25 -13 -15 33 -24 -2 1 11 7 -38 -18 -32 -52 -29 46 -40 -51 54 85 43 28 -47 4 29 -2 11 -11 -34 -20 -1 46 64 34 63 -86 -96 88 93 -57 -77 87 -53 -56 24 24 1 -95 -48 39 -51 -53 -74 -36 -21 -37 70 -95 36 53 12 34 -43 -59 85 78 -36 -48 -66 -92 -92 51 87 -38 -77 -50 -85 -83 -83 -104 86 18 -53 -40 -18 -14 -88 47 -42 28 49 -60 23 14 -45 -31 13 -18 -13 4 10 5 2 -4 13 -10 -9 -3 -11 -19 -8 5 -3 -1 -5 6 -16 6 8 12 1 24 16 24 0 0 -22 -10 12 15 -6 4 -8 12 -13 3 5 -5 13 -10 24 -22 0 -18 5 -4 1 20 -6 2 -1 4 21 20 1 -40 -34 -40 6 -12 47 58 -19 34 0 1 -29 -41 -14 -30 24 -13 17 24 -25 -15 55 -16 -87 45 23 -49 48 -51 -34 -61 -41 -12 34 -12 22 61 32 -11 -10 -37 23 -26 -21 51 -37 24 -85 22 -1 72 -46 33 -21 -22 -40 90 -29 20 0 -51 46 -40 21 9 -18 -6 -8 -3 -3 -8 -9 42 6 71 -18 10 -24 1 31 34 13 -7 -16 -12 10 -11 23 -27 -25 -31 42 2 -30 43 69 28 -59 89 90 75 72 71 -59 -47 16 -26 -25 32 37 12 -5 -4 -21 10 -24 4 24 -25 65 -8 -27 -19 43 -33 38 -35 -53 -33 -12 11 13 -6 7 46 38 -19 11 15 -34 -25 -11 -1 41 -2 17 13 -31 19 6 -38 -1 21 18 -23 16 18 57 46 -20 -14 -74 12 -18 -34 -17 -32 -8 47 -65 24 29 25 83 -44 -27 -42 35 18 13 -37 50 -7 -62 8 38 36 46 85 74 58 57 52 -48 -65 -60 85 98 -106 -58 -85 -95 -140 171 -141 118 121 107 82 -96 -123 -130 -96 -71 -49 -76 47 72 103 92 67 -73 68 -50 -99 77 -59 57 69 75 80 54 58 -75 57 -41 -21 13 40 -40 35 -39 -28 27 -46 -54 30 -23 -46 56 -8 -67 -80 86 69 -16 -65 -91 105 110 -86 83 93 51 64 -76 17 -57 66 -63 22 -11 33 7 38 -12 -27 -1 -13 23 -3 3 4 -1 10 8 6 32 -7 8 8 1 -11 0 -1 -14 -5 -33 17 2 -7 -8 13 9 -4 -58 24 -38 31 12 -21 -25 -37 -59 57 -56 59 0 64 36 -58 -22 28 -45 56 -39 -56 50 -60 27 -41 31 -15 12 -38 -50 -45 36 -4 -19 3 -26 36 28 10 -43 54 72 -46 -39 36 95 -81 -63 59 -75 17 36 -67 -69 -72 -76 53 -39 -25 43 46 -16 -43 29 -12 59 -39 -26 34 42 -7 20 36 6 6 -11 4 -18 -14 2 -5 -18 13 8 25 -5 -25 -2 14 -3 19 9 -6 0 26 -2 21 -25 -3 7 -27 -8 3 11 7 58 -25 0 -49 78 -83 -53 59 -107 101 -57 -79 80 -65 96 115 -79 138 -139 111 60 81 111 -91 -53 -70 -55 5 46 -55 59 60 -26 54 -51 -51 -75 51 -22 -71 -61 -50 -43 -35 -49 -39 -7 -2 12 -13 -6 -1 31 -24 10 7 15 -12 -18 26 11 -31 7 -1 15 1 0 -11 18 -17 0 -7 30 26 10 23 50 -41 44 -32 -49 67 80 46 -31 47 -56 -44 29 56 28 42 16 24 13 -5 -8 4 -6 5 34 3 -4 -9 -30 15 8 28 -3 -9 7 22 5 19 -7 16 -14 14 -9 9 -24 -10 -7 -12 -50 2 8 -2 30 2 24 24 8 13 -3 -13 -22 0 -4 -9 -28 16 2 -2 5 19 7 31 31 -54 -27 84 -103 -102 112 121 96 -84 23 -46 -25 -54 -15 41 44 -23 -31 -10 26 19 14 17 -5 1 -19 -18 20 26 17 -13 7 -15 -7 32 19 -4 41 -35 13 -3 -27 -12 36 -70 -49 -48 47
6144,-24 32 -14 73 -8 -4 16 12 -4 -23 37 58 48 64 19 -53 18 27 -45 43 27 77 -38 19 -32 -70 11 -51 1 88 6 38 -18 -29 14 63 -84 -19 -60 82 4 31 -106 -26 -51 -7 -31 -18 46 49 66 -29 52 29 20 -43 35 54 -5 64 10 -33 56 43 32 21 38 28 -55 43 26 -24 -6 -8 -74 31 6 -66 49 -32 -38 8 12 -125 32 -74 44 49 -111 27 -17 37 10 -30 -2 -6 -59 83 -8 -30 -62 -83 93 -75 45 56 -20 8 31 73 29 -13 -36 22 -26 -16 -44 -42 -11 -101 53 7 -51 -34 -36 3 -42 -6 -36 8 -50 120 87 -11 0 -1 -22 -61 29 10 -87 -81 -5 28 46 -17 59 -60 -55 -24 -49 -19 -60 -63 -32 18 -17 15 92 24 -38 23 -134 -7 64 24 -44 -27 -35 -73 -57 -55 8 27 -47 -71 63 -45 -58 16 -16 51 -58 2 -62 55 3 19 -67 -34 -34 9 -51 -16 -29 -42 -91 51 89 55 -29 -17 -44 20 -57 -37 -78 -11 -17 6 78 -65 38 -36 128 17 29 -31 9 -62 48 13 22 65 1 22 -16 27 34 84 -14 -14 73 -62 -26 -30 63 -11 -35 -22 15 -20 -11 -13 -2 0 5 35 25 9 -16 13 13 73 -44 -36 80 41 87 21 18 37 60 -87 -8 -74 -1 -58 14 34 29 29 30 18 65 -53 43 63 -38 0 100 -97 -2 -27 60 -51 -68 -24 -39 -56 -30 -24 44 78 -50 -47 -47 44 56 -3 -2 -108 -3 73 -24 24 -12 -20 2 -16 73 -5 -105 -15 76 -40 -24 -29 -97 -78 -52 16 -13 -49 -23 -31 4 35 54 14 9 -20 -24 34 -25 40 5 -95 3 13 18 9 -11 22 -91 57 50 37 -65 -50 -22 -73 45 -3 74 54 2 -65 -58 18 19 -28 81 -43 10 49 -66 8 22 -48 31 -20 -50 -70 42 30 31 10 -75 28 -62 -57 -64 11 -9 -93 31 24 -51 49 26 -69 3 -100 22 -2 7 -3 27 62 7 -12 82 -41 93 -16 -51 -37 -44 -2 17 37 75 21 -64 -44 18 34 70 16 58 -28 -84 14 -17 11 20 3 -52 45 -46 -45 -64 13 -48 65 -46 -23 11 -46 -54 23 -8 -69 42 18 -28 -36 74 35 67 -23 13 30 -11 -1 -51 65 52 26 -51 18 68 -29 13 -36 27 28 -36 -8 -49 -28 -59 -74 30 -6 76 17 -15 24 -45 39 11 21 -26 2 10 -1 23 24 15 -51 -44 -45 -62 -9 -47 19 32 70 -4 -17 -71 -49 1 -65 -128 73 65 30 55 -23 7 -30 6 36 -64 3 68 -31 -24 48 32 -16 41 43 -41 69 -31 -68 -31 65 41 -13 56 41 22 -64 -15 70 61 -35 -25 2 39 57 22 -1 65 -1 -86 -24 -57 -3 29 -57 38 56 35 13 38 54 22 -36 79 47 10 -15 -41 32 35 27 -79 10 -23 -38 56 0 -6 -4 8 -22 0 76 36 -61 15 62 -35 36 -1 13 -29 -31 39 30 37 13 -4 -52 -22 66 3 12 -27 31 11 55 -77 63 -40 -11 -56 7 67 -37 -64 88 -38 22 -54 52 -41 -83 42 12 -44 21 77 54 -65 -46 -34 -16 19 27 -55 8 51 24 -51 1 -112 10 80 -15 39 -55 13 -32 -80 -61 -6 34 -31 74 -60 -89 4 -4 -84 44 -13 5 15 -49 21 71 -2 80 76 64 3 -70 -33 10 -28 67 26 45 -18 46 38 65 48 -16 -38 60 10 25 4 33 -25 12 -10 -39 -11 12 39 42 91 -36 -43 51 26 41 67 20 -43 -38 12 -30 -131 -42 -33 -44 23 15 -21 39 21 -54 39 -45 62 -30 24 55 -100 -17 -19 35 -58 -91 53 -23 -31 -58 -13 76 56 -93 -22 11 82 -50 74 16 37 -52 -17 65 24 58 50 29 -10 -28 -45 -16 -32 -56 -49 63 33 14 -3 25 0 -46 50 25 -35 -28 7 -11 27 4 -3 -59 73 5 -21 12 5 -34 -76 -14 -5 17 19 -30 67 -55 19 -18 -38 -92 31 -45 -16 -6 77 1 -53 11 3 -68 -49 -38 -80 -109 -133 35 -18 26 45 22 -5 -48 -72 82 -53 -65 12 114 8 9 15 33 25 -5 -57 25 12 0 -18 -3 17 -70 -72 17 -57 66 74 48 -38 -54 0 -24 64 16 -14 0 15 -5 68 23 14 -1 6 -50 -90 4 62 -4 7 19 14 15 -27 107 11 11 -5 -55 25 -65 43 56 -12 13 71 74 4 -23 -3 -38 -34 -46 16 -58 -51 -22 42 3 44 -25 29 60 -57 53 -35 36 45 -6 -95 -22 -79 -19 13 52 46 42 -49 -10 41 -66 -15 48 72 64 -57 25 -35 26 36 -35 33 15 -12 -42 82 -31 0 -52 41 32 -20 -86 -44 68 -6 -49 73 -52 56 8 23 -59 47 26 -3 -37 110 26 -8 -21 105 65 -17 20 25 78 -20 -26 48 63 -12 -4 71 -68 -44 -49 12 -9 -4 -76 -62 20 78 42 -43 -2 96 -26 -48 15 7 -30 2 -21 -16 66 -11 36 -64 -34 -7 -65 24 -19 3 39 -42 19 -19 35 56 -44 60 43 24 -24 -15 -60 41 -93 -8 -31 -8 -34 -13 58 -109 17 -84 -64 21 1 -81 -66 -53 -85 30 14 57 -14 27 -73 3 -54 51 41 49 38 66 -44 29 -90 -60 20 -49 -19 67 4 -68 -6 4 -22 -13 10 -52 -21 -21 0 9 -9 -7 14 20 20 -60 -99 23 -58 10 -40 56 16 28 -30 18 26 -20 41 -3 -65 4 -20 -38 45 13 -38 -22 58 -49 -15 48 40 -35 37 6 -4 1 -48 73 -47 37 18 36 -47 -42 -34 5 67 -18 -63 7 -66 28 -17 -60 15 -6 1 -11 63 4 32 61 -35 -43 37 25 2 3 64 44 -38 18 19 3 19 53 107 -39 4 -53 73 29 2 -73 5 -2 -16 -60 80 -45 23 34 -79 -26 -30 4 -14 5 -75 67 -43 -53 -8 -57 -31 -6 -69 -25 -64 -45 -101 -38 31 59 30 -21 -95 -83 -35 76 16 84 -25 39 -26 8 11 33 6 -1 20 -51 40 14 -25 33 -6 22 66 56 -102 25 14 14 25 29 66 -6 70 -36 -68 -44 95 -59 22 52 -14 36 0 23 -11 -49 33 -6 -34 -37 20 66 89 -79 -32 -30 -62 22 -54 -68 -34 -58 -6 12 -74 72 33 -14 -19 -92 54 -40 -52 -72 -2 21 53 41 58 15 -35 -17 -21 -51 30 31 19 13 38 -60 -69 -39 -62 25 -27 18 7 4 95 -69 21 55 -54 54 -54 -19 -22 -48 5 -16 -63 83 -1 85 3 -33 33 45 -26 -70 -31 -9 -41 48 1 28 -36 -25 -32 29 -27 31 21 -60 0 27 8 -17 17 -25 39 52 -19 -49 16 -47 57 8 35 -3 -61 -13 -17 -88 2 61 -8 -37 39 38 -24 53 -22 -40 -71 -68 32 78 37 -9 4 13 13 -10 41 -6 -25 1 -28 -110 60 49 -74 23 40 -64 -73 30 -26 35 -25 -50 26 -20 56 0 -30 47 -34 13 -1 -52 -45 24 -26 -45 35 -18 -56 -3 38 -40 71 -13 45 30 -15 -9 5 -7 23 39 11 -16 -26 8 -47 20 -1 -16 -11 -49 -10 49 59 28 -42 45 -35 -16 -41 -2 64 -4 79 -29 -55 -49 35 -21 -2 -2 -28 -48 20 81 -37 12 6 -5 86 -41 -51 39 -25 -22 -5 4 -37 -44 13 12 -88 29 -37 16 9 88 7 -24 67 -27 -30 58 -84 17 -2 -14 37 -19 53 -11 -31 79 38 -25 11 37 -34 57 24 38 55 31 -19 -60 71 -55 -59 -43 2 52 -108 -2 11 95 -48 34 33 22 7 49 8 47 10 -3 80 -32 62 90 57 -9 -64 47 -63 38 -36 -58 57 4 23 67 -26 -10 48 52 -12 -38 26 -7 16 8 23 -47 25 22 58 23 45 73 60 76 9 70 78 53 42 15 -31 -16 52 47 -18 72 138 -71 -47 -11 -14 37 -4 -43 -31 -104 66 9 -3 -75 -56 -22 58 9 19 -54 80 -2 -8 31 26 59 -58 -57 44 61 15 0 -30 -54 -57 -91 4 50 -40 -79 35 1 8 41 -3 -83 41 -58 -9 23 -47 8 12 -96 -32 -17 -41 -10 53 -12 34 36 -73 53 14 -83 -19 16 -8 -25 -5 -56 -11 70 5 -52 -54 29 -30 -81 55 -22 -31 0 -71 30 -22 53 -7 -13 75 -60 9 44 40 45 82 13 -94 -32 -7 -21 20 -19 0 33 -24 -13 -72 56 -10 35 26 57 53 -50 16 32 -45 -9 -6 -31 48 -19 -5 27 25 1 42 33 57 32 8 15 -82 -37 -93 -12 52 2 51 -49 50 -30 12 -126 -7 -17 -38 -51 -56 6 28 33 -28 35 -77 -23 23 -31 -39 -66 0 -55 7 -46 62 -21 25 -20 -14 16 14 -28 5 -15 11 -62 -37 55 92 -95 -21 -36 -5 37 -52 37 -21 -8 -44 -47 70 7 80 42 50 31 21 36 24 -45 -20 14 14 -38 -8 -58 76 27 -77 46 -61 18 -8 -58 28 42 14 35 -59 -6 13 -30 -47 -64 -65 -27 -46 26 48 -48 11 0 -18 -64 -4 -53 70 -76 27 26 14 48 -33 25 62 8 9 -46 -69 50 24 34 -10 15 10 24 -4 -75 82 26 -29 55 31 88 -40 -1 55 2 -89 -42 -51 16 35 -17 12 46 27 9 5 18 -44 70 -51 -10 -78 71 -27 -15 -67 69 3 52 3 -73 -27 4 74 -21 22 -46 41 4 8 25 44 -11 5 48 -31 15 -41 10 22 24 -10 -41 -71 97 13 -59 -47 1 -26 76 -24 46 -29 14 -58 94 -20 -44 36 33 -4 40 26 -27 123 -9 24 94 -59 23 24 49 -40 -82 42 -79 9 55 -16 54 17 -75 21 -2 9 66 37 78 25 62 -8 32 2 -41 -44 20 28 -38 -21 67 88 60 -5 39 -37 53 12 35 -13 2 34 39 -20 -37 0 -48 6 67 -23 55 -18 -70 99 4 -10 -62 -13 -104 45 29 38 19 86 72 -23 39 41 -8 66 -67 -58 23 -32 -10 -26 -46 -24 -57 44 -38 -26 -3 -6 -9 -81 -32 24 -18 53 58 -12 -38 48 -59 25 -59 44 -50 -59 -1 -13 0 1 -68 32 70 -77 -3 -59 -49 -8 47 18 22 41 38 -60 -79 31 -22 -55 -17 -23 -13 -59 -63 32 5 55 -43 64 15 6 13 -17 38 -104 8 34 -6 -6 55 5 15 -49 52 36 -52 -39 -12 -12 68 35 10 25 -16 -61 -22 -39 3 84 -28 27 -24 37 18 -21 30 -29 -31 -8 -66 78 -15 -41 -40 -47 -73 -61 -18 64 -71 59 37 -43 67 -15 36 -28 -40 -101 -106 -66 45 -86 -59 31 47 -34 -18 18 -16 -52 59 5 38 -5 30 36 84 -19 68 44 -15 45 -14 -14 -59 20 16 -23 27 -29 -35 -8 14 -50 12 -18 -61 10 48 35 50 -1 -65 -7 80 -61 68 -41 17 37 59 87 15 -21 -41 -38 42 -112 -19 -6 16 -76 74 58 21 14 74 39 -38 -11 -8 10 38 -70 30 -87 48 -37 58 -44 25 54 -17 -51 -76 -13 2 -125 -32 -2 -32 23 -34 47 -10 14 77 0 5 80 113 -9 52 -37 8 33 -82 7 47 -18 -52 91 46 30 -57 51 19 33 80 2 -4 53 36 -22 113 -28 -35 37 -20 -62 -44 -55 -3 -27 20 53 -24 75 62 -35 14 62 -57 -51 13 91 21 -28 -14 25 15 23 -5 56 -4 -12 -85 -64 37 -27 -73 -47 -53 49 -35 22 5 -18 58 61 -17 97 36 -64 65 -32 -38 74 25 -83 57 42 42 -17 -15 20 -1 -66 -32 -21 23 -62 69 -99 -63 70 33 39 -34 17 -30 15 17 -81 25 -57 79 71 -19 48 -3 41 36 -7 29 41 72 26 -22 65 -64 -21 -13 -59 42 -26 33 51 81 34 19 -28 -5 32 71 68 56 63 -27 39 83 33 -6 -67 19 19 67 108 54 14 -59 -63 8 12 17 -56 79 17 -25 -13 -117 -38 46 25 -18 33 -51 16 -20 51 -5 44 69 18 -58 -7 7 -22 5 -22 -26 -40 -69 -31 -36 -6 -27 -77 72 -16 15 42 1 79 -10 -1 23 54 4 -68 25 -1 50 25 40 40 34 24 -50 -7 -31 -25 -69 9 1 5 20 30 -12 26 -32 63 65 -44 93 27 -21 -7 54 19 8 -75 54 -23 -19 69 85 105 11 38 32 0 61 10 -58 -27 25 51 -18 -11 -11 -50 8 -18 -43 -94 10 21 -53 -31 3 -51 23 62 -56 5 46 -64 -35 -54 36 38 -28 62 -62 14 -75 -18 -44 -20 -16 -20 9 -23 -95 44 -77 74 -44 -51 38 -56 -28 17 -26 -92 40 7 46 -11 -64 30 -1 21 48 89 49 -30 -18 7 -30 15 -40 -76 82 16 -19 15 -41 -2 9 32 24 -43 -44 -32 -72 15 -2 -4 5 -37 -59 27 -57 34 -91 -58 8 -14 -32 -63 83 19 43 -68 25 7 -55 -68 -65 13 -29 64 69 54 -43 -22 21 34 4 16 -38 -35 1 46 34 88 -26 26 11 68 -24 -31 59 -45 -2 23 34 -26 -33 90 40 -3 25 9 0 59 4 -89 12 -47 -72 -63 -102 -81 37 -44 -124 54 -63 10 48 -13 -41 -26 25 9 -61 -3 115 -30 -14 -53 -36 -48 19 36 -12 20 -27 72 -4 21 42 62 1 20 -31 -24 17 -10 -3 -31 16 -5 43 9 51 43 69 -42 -103 -62 36 17 7 -12 70 -1 3 27 52 67 -45 -70 86 18 -19 58 -22 78 -53 27 89 11 -49 -75 0 7 -34 -7 12 -56 85 30 12 23 -44 3 -56 -17 48 30 5 -7 44 -46 -57 44 -50 -40 -24 -17 54 -9 26 -9 28 86 -86 62 -24 91 -7 -12 44 -15 30 -51 -1 -68 9 38 -5 -64 -11 -13 35 -67 20 -7 71 108 -57 19 -18 17 -34 17 39 -92 -24 77 -16 -67 62 15 -8 48 -24 45 -85 -70 -46 8 -57 21 57 8 -4 -54 37 -29 -85 55 -15 6 -67 -37 -96 23 -18 5 -65 -99 -13 -37 -29 -27 43 -27 -80 46 -52 51 -11 -45 51 -17 -58 43 14 -29 1 60 52 -3 4 -9 8 -3 -27 53 33 30 -7 -14 -26 58 -9 -73 -40 84 13 -10 -23 20 -57 -81 26 -86 -27 -62 -13 7 19 -21 29 43 -36 47 -55 -43 -46 -95 24 -9 2 -58 86 -28 16 15 -27 26 27 -84 -56 -71 40 -36 62 36 -35 24 -47 21 -45 10 69 -11 29 -69 -56 -39 -18 12 13 -40 2 -11 6 -66 27 -47 -11 65 7 -19 -23 -1 72 -71 -3 37 -28 69 -29 -36 37 78 43 14 -64 -38 1 -55 49 7 -22 49 -66 73 30 24 -55 19 -43 -44 44 11 16 -69 -4 53 80 57 48 1 -18 4 6 -115 -5 -53 -44 36 -28 31 -30 -43 -39 58 48 42 -23 -24 63 85 -26 -73 -120 -31 33 4 57 -35 -7 92 29 -12 52 -48 65 41 -15 -2 -22 -13 -32 -40 23 -10 9 42 70 -10 84 39 60 -22 40 -23 10 -14 -10 16 9 -21 60 32 -23 -9 23 39 -15 34 45 33 -5 5 40 -7 -28 -14 40 71 11 -50 20 114 -23 -38 25 22 2 22 41 38 -4 -48 46 5 6 -45 34 17 -21 90 -68 -76 32 19 0 17 11 39 -55 -44 -33 84 81 -24 -82 -8 19 63 -66 57 -3 64 -42 57 -22 -43 -35 -20 43 17 -28 46 -57 22 95 33 8 -54 56 -14 94 -54 29 55 -4 0 88 -25 -24 3 46 -6 -60 -2 -15 38 -17 -85 -83 84 59 27 -14 0 -37 31 -17 -36 -65 -30 83 -22 -39 -28 -22 19 -20 -31 -36 -33 37 17 -129 -23 21 36 -7 -46 88 -18 57 -12 25 21 7 -32 -1 -74 -50 43 -5 -9 14 54 -19 45 18 -83 12 -24 12 -92 6 -49 12 -21 36 -21 82 59 -2 65 -50 42 10 -38 -65 -46 -72 -3 -45 20 -29 -16 -18 -6 -33 64 -2 9 3 -21 22 6 -10 -88 18 -27 37 34 -12 -54 -111 -16 23 77 -14 -58 -55 72 -83 45 -82 -11 -27 -88 -97 -58 -18 35 -40 -95 -33 72 -29 15 -44 25 -66 47 5 30 -26 37 -8 -17 19 -62 46 39 -1 -40 46 58 -40 38 -63 28 -4 -62 42 27 96 -4 35 -51 -21 4 -84 69 -75 -49 25 -37 -37 25 2 14 -33 79 -31 -17 64 -68 30 92 -122 -39 -30 15 37 4 47 8 3 17 54 14 -12 -93 -40 -12 -22 -36 2 45 68 19 61 17 -3 42 24 64 47 57 -37 -7 45 -69 -51 -52 38 15 -25 49 49 104 -19 -77 74 74 96 -5 28 -76 -53 -16 3 -47 81 -26 -50 49 -43 55 -20 -59 78 7 32 -21 36 4 -101 0 11 -64 51 -34 72 14 -50 41 43 -29 -36 -53 -30 -57 24 34 65 -52 -83 90 15 -68 37 -34 21 -25 -26 -7 -45 3 -80 21 17 -25 61 -57 -123 -12 33 -64 80 2 -16 76 62 -48 -56 35 -70 38 -17 48 14 -11 -34 20 -68 48 1 -14 -30 39 26 29 72 32 39 -56 -25 28 45 50 -24 43 -70 -38 10 76 -57 -37 78 -43 -21 14 -65 15 -39 -44 18 27 -22 50 5 -40 34 -26 59 -16 -75 -17 -76 -50 -16 12 -35 60 18 -12 -8 -44 -18 -18 -26 61 -94 -3 -7 35 -31 -118 -25 90 -65 38 -44 27 51 27 -48 49 -29 82 23 17 -40 45 55 38 82 -17 -73 -17 27 12 -2 35 93 -77 10 19 -38 51 -35 30 47 61 77 -5 -6 18 71 -105 2 -10 33 -51 -9 -63 -19 55 -6 -23 35 -54 -77 26 8 0 -11 -53 -39 40 30 -23 -13 68 -2 86 27 -47 43 2 -44 65 -67 -42 -23 5 63 -56 33 -12 30 76 -64 45 -22 -68 72 18 7 52 23 -32 -24 -45 -51 17 22 44 -2 -45 -13 8 -25 75 18 -48 -1 -62 -51 46 92 4 -81 -62 -77 34 65 -23 -99 33 -51 -69 -42 -13 64 81 20 26 -52 18 55 -55 61 8 35 -40 3 29 -27 -42 -32 -23 3 1 -21 63 -60 -8 53 25 15 -78 17 -27 -21 -29 44 49 4 -33 85 -26 44 85 -72 29 16 18 16 3 62 11 -50 14 -5 12 -79 -21 -1 40 82 -62 81 -30 5 81 -4 -105 32 16 -37 -25 52 -28 4 26 -40 44 4 80 -80 72 -84 -89 -72 35 27 39 28 20 18 -3 19 -40 -6 -132 -70 -51 -3 -25 25 -79 -68 -35 66 -73 -31 -44 -24 -3 -24 39 -116 -49 -18 23 -1 -61 -56 -40 -23 35 -25 75 28 -44 45 -36 21 -14 -59 13 -12 -71 -62 66 42 -41 17 66 26 5 -76 -10 -28 -35 55 4 -80 -17 39 -6 -71 -4 -41 -3 -21 -26 -53 43 77 -53 71 69 -3 -2 15 -62 84 -17 -44 17 9 -135 -9 -41 59 15 -92 40 -72 7 42 -92 56 10 105 -44 -56 -61 35 -24 47 41 -30 33 15 -32 -68 48 53 -31 -30 10 -109 -10 51 57 34 -14 -1 73 84 -7 27 -20 -13 50 -19 24 -9 100 20 -28 0 -61 95 16 -23 -45 26 -48 56 -19 -5 29 21 -49 66 -19 5 -50 8 24 49 68 89 -100 -15 15 -7 -41 6 -36 72 0 39 -18 23 4 42 -29 -2 -32 -25 77 -31 -40 37 -18 -113 3 -10 20 49 27 17 -35 -1 -18 6 7 6 -22 94 -46 67 -56 -13 83 -4 57 -5 53 80 25 -55 35 61 -82 -63 86 -64 -1 -54 57 14 -22 85 -41 72 -42 106 -36 -3 -20 -15 -17 -14 73 -15 -80 48 -38 35 -6 -10 -34 -49 -51 46 115 -105 0 36 -14 -73 130 20 -47 52 66 43 -60 35 30 -38 7 2 -3 17 -33 -10 -73 0 -59 71 61 -78 75 -15 47 4 -14 21 -69 10 7 -68 -15 -24 -4 -35 59 -44 -17 -4 58 -84 -59 -6 90 10 50 -17 16 32 78 -18 -32 65 79 46 43 57 43 -57 -66 -26 1 -51 35 -40 76 39 -12 -1 -47 -5 32 1 22 -32 -29 82 4 -42 -27 -27 -10 -66 9 -20 -31 0 -17 -10 34 -24 25 -18 -22 30 -68 -47 37 -79 16 -33 -23 -87 15 57 -96 27 -1 13 31 -23 -48 46 44 22 -67 -4 -4 61 46 3 106 -69 -71 46 24 64 6 -28 28 -124 -25 -23 9 -25 1 -15 -16 34 -16 -28 -43 -22 -18 -9 47 86 -14 -65 43 93 39 57 -42 -18 -19 -34 -46 15 16 56 41 31 -50 -2 33 -47 -5 -83 -91 -25 71 104 -62 -54 -45 -47 -90 -58 -33 60 18 60 -13 41 -1 20 2 66 -151 35 -58 4 80 3 89 56 -66 0 56 -11 -29 1 20 -48 -15 -49 43 -1 -5 -7 52 -15 -63 13 29 -4 -20 -40 -94 -14 -33 -92 -6 -19 -22 -20 -10 37 -61 8 -43 -38 -18 28 -17 -19 -75 24 93 -72 -36 21 -72 26 44 -14 40 -98 24 68 64 -3 -10 33 31 9 13 -59 -31 43 40 28 -3 68 13 26 65 64 -7 24 70 20 -111 -18 38 -55 -16 -63 88 -30 72 -33 -49 -18 -49 34 11 -58 39 23 7 40 -14 61 18 -76 22 28 -71 -130 -41 14 -7 32 38 17 -47 51 -38 91 14 13 9 31 86 57 -53 -35 -2 69 93 -17 54 26 94 -108 -28 38 -55 -51 -4 17 -78 -86 -24 -16 -2 11 49 79 49 12 -16 44 -71 -10 9 17 -6 6 60 35 61 -15 -90 -63 29 -16 -13 31 -39 -42 -72 1 22 -77 -22 62 16 21 13 68 -39 -21 19 24 -4 74 1 26 6 27 86 30 -68 -12 -96 -65 -24 9 44 0 39 83 46 -60 71 -8 33 -27 79 22 -8 -21 -10 62 54 51 68 27 37 -31 -26 53 -33 43 52 23 -115 7 -16 -14 -7 -61 87 41 -14 -59 97 39 -73 -12 -45 -92 -54 104 40 -53 39 -18 16 35 -63 -2 88 -36 37 -48 -28 -31 79 -48 -25 -49 -11 11 -10 33 62 -41 40 73 7 27 -47 13 -62 -22 62 -31 -21 28 -49 25 -65 83 6 -4 -42 37 -14 18 -52 -1 4 18 64 -13 56 23 24 -66 -60 82 -32 14 -18 34 68 49 -29 -52 50 28 -36 58 -10 22 -42 3 -42 -88 7 43 45 -51 -21 34 40 15 -18 -17 -41 -23 16 73 23 -20 -54 43 15 45 -50 -21 -43 -10 -66 34 -77 -15 15 14 -68 43 42 -28 -29 26 29 -8 5 -47 -19 -27 -12 33 62 5 -68 76 39 -3 -23 -80 32 48 -61 99 11 -44 -76 36 -90 72 -42 3 1 -17 -53 -4 41 14 43 -21 -49 -33 -32 76 75 42 -35 10 -32 -28 13 -18 25 -42 45 -86 -15 30 68 55 -55 -51 6 20 28 7 -32 51 1 23 27 -42 -6 -52 7 41 -22 -30 -20 2 -8 -41 15 5 45 27 -28 53 -78 -15 51 49 -57 -8 -2 8 -61 -44 47 -2 -27 17 -29 37 38 -30 -66 -38 1 -15 -45 -2 11 -52 48 33 0 31 29 68 42 -3 -12 23 -75 72 -60 -42 62 15 43 -70 74 -20 -29 5 4 57 20 31 25 96 12 -44 -31 -39 20 -14 14 53 -22 -7 -59 -66 -39 4 80 33 49 45 -89 -9 40 19 -48 54 43 -25 4 51 22 34 -87 -9 79 65 -25 31 24 51 -22 76 15 22 32 -61 -39 -56 -15 88 59 29 -28 68 -19 -18 7 -56 -25 -60 -59 -12 -12 65 -42 -53 20 37 42 6 -126 -8 59 26 50 -41 -20 94 35 -48 7 16 -26 -26 12 5 88 -85 23 56 -2 59 -41 -60 86 -23 13 -55 74 -42 15 -43 -156 -39 63 81 -40 32 60 15 22 -65 -93 -40 -45 -56 15 -15 -42 -112 -26 -26 -45 -27 49 -8 38 -54 -35 103 -77 9 111 -83 75 32 -111 62 -8 26 41 -57 3 -49 17 -35 36 29 6 95 -37 8 65 75 -38 8 53 10 -16 2 -1 -69 7 53 -43 44 76 40 108 -20 69 -70 42 -70 7 -38 92 -53 -30 -37 1 12 -29 -17 -26 -16 -26 42 84 -25 25 57 74 -75 58 -79 42 37 -52 37 -42 44 -10 7 89 -23 -4 -12 11 -70 0 35 -29 1 37 38 -19 26 -22 -16 26 -16 -3 -57 68 -31 -15 61 -33 47 4 31 -13 -75 -63 66 65 44 -12 84 12 0 22 58 28 3 32 12 36 -11 55 27 -7 42 -61 -24 -31 13 56 -17 52 -68 32 -78 9 -40 29 -25 -44 -26 83 -13 37 -25 -46 -62 -64 -1 -8 40 51 -37 14 7 -47 25 39 -50 -36 -19 -9 44 -8 -28 -19 -4 26 -12 -61 61 35 11 -73 -5 37 23 -38 -8 36 -5 -3 92 50 37 -53 21 -105 -6 99 -21 17 -71 -39 88 -43 -13 18 -6 63 1 -26 -8 32 40 39 57 -16 66 -79 -80 28 -80 27 -22 -41 -26 32 47 9 5 -44 -31 46 -41 72 18 8 -55 -46 5 66 -40 -38 68 29 -6 -41 12 -47 -37 -2 -5 89 17 -1 -69 43 -19 11 15 43 -68 33 -72 14 -22 6 54 -39 -50 28 -86 -35 0 -51 9 6 -45 21 -98 3 -33 -33 20 -58 -39 14 0 43 63 11 38 -2 38 -24 -54 11 -29 36 43 49 43 -4 46 9 42 -6 -62 -3 40 28 -68 50 10 -58 41 53 -62 -72 -52 60 -32 -27 -33 -67 42 -46 36 -73 -31 40 13 -48 17 -44 -21 -51 4 -37 -30 -45 -74 -27 40 -32 -13 33 49 -59 -19 -34 8 25 -115 5 62 -1 7 -55 9 -22 -59 20 56 -79 -65 44 24 -24 51 -17 -27 -42 -67 93 59 32 -39 -59 28 -39 -47 43 -58 62 -75 -61 -99 55 -53 -42 -3 -26 6 -33 -1 -13 5 67 -55 -80 -33 -27 -53 -31 -8 -109 11 -59 -52 -42 27 54 -74 76 -38 52 48 3 -37 -60 -69 -78 24 -8 -18 12 -45 1 -26 21 -56 -38 101 -5 -37 -4 -49 -89 0 69 70 71 40 42 30 11 -3 58 42 -51 -26 44 12 -31 74 54 2 72 -4 -6 -17 11 -23 -52 -57 32 -67 28 16 28 68 74 54 52 -35 113 44 -6 -66 60 25 -51 -61 -35 -22 -38 43 -43 13 55 -35 -30 43 -58 47 -16 -10 9 -80 -88 22 -21 -78 9 72 -23 61 43 -74 -65 63 36 -12 35 -19 -27 -28 50 61 8 55 36 36 20 -45 11 82 17 26 56 -53 52 60 68 7 -36 5 -22 -28 102 -18 -11 26 -27 -55 -18 -12 -57 10 -1 22 -59 -38 -5 -30 10 16 -69 -71 66 -28 35 50 -20 58 -92 -20 -16 -83 22 39 14 43 -11 15 83 79 -26 -66 -23 20 -55 19 47 21 -51 11 1 75 -16 -16 -34 -14 -17 -12 -56 67 67 68 -54 -56 -11 -87 7 -79 -16 18 35 56 -50 -16 22 -33 -46 -2 63 5 101 -42 67 -18 15 -48 6 -54 10 8 29 -19 66 17 24 -2 21 -10 -16 -16 27 -52 -81 -41 -30 72 59 -44 92 41 21 -21 -49 -42 26 -16 -27 -58 44 -52 -67 -3 -2 -27 -38 -6 45 36 -52 3 7 6 0 -24 -57 0 46 49 -12 55 77 51 -26 21 -30 29 5 -64 44 -19 44 -20 -6 -21 41 44 5 -15 63 -51 -38 73 60 15 3 24 -99 -45 16 -10 -2 -30 43 21 -4 -18 -64 21 -30 -13 -59 -11 -18 30 22 21 68 -17 2 -15 21 31 67 12 98 -23 48 38 -59 -42 57 -110 -37 1 -23 -30 71 18 18 30 -35 -44 -25 26 -20 46 60 -21 -38 38 93 24 -82 -3 -49 -19 10 -28 33 60 46 36 -31 8 -47 -27 -44 12 46 -55 -27 -2 -61 -56 -34 26 -16 -42 -44 0 -43 -38 64 0 -87 -21 44 63 -46 58 -26 -73 -17 21 -67 -31 3 11 59 4 85 -43 -51 52 -7 50 20 -53 -2 -71 65 2 -48 61 24 52 16 -27 -54 49 -5 -115 23 46 29 97 -68 -2 93 -97 72 47 -33 15 31 -24 -3 -15 -81 51 -19 16 -61 3 46 -4 41 -92 31 74 22 0 -22 -16 -73 37 -80 19 18 -16 54 -46 17 -54 -42 43 -62 25 9 -36 -3 85 36 10 29 -7 15 64 31 17 46 28 53 27 51 31 29 -24 37 25 91 23 -38 -69 36 11 86 -52 -29 -43 36 -32 59 -25 42 53 51 63 22 -26 49 -20 -75 -20 -1 33 38 1 33 80 1 -95 37 24 33 -33 -1 -40 70 43 -34 -71 41 22 28 27 80 -14 -108 -22 -1 -35 52 4 -4 46 -54 19 -75 -67 19 21 74 -5 -18 27 -77 29 -12 57 -90 76 -23 -25 0 28 -10 52 -19 12 -42 -8 63 -29 -41 41 19 26 42 -51 76 81 59 46 -98 -14 -7 -14 38 86 -50 7 44 5 39 -73 -58 16 -6 -8 32 -1 -44 -44 -50 0 0 54 -41 -3 -8 16 19 16 -1 76 8 50 -36 26 77 -62 -35 -45 31 32 67 14 -29 6 37 17 -18 -27 14 -51 37 61 71 -121 34 -55 47 20 -67 -33 78 -85 -54 -22 -125 56 -42 -7 -28 -27 -3 -59 35 26 -49 -67 -56 -18 -81 74 26 39 35 62 19 -51 49 -37 45 -52 66 11 -2 40 -32 -1 1 47 -49 -104 63 47 14 52 -78 -40 14 -74 -35 0 -78 63 -23 -1 -25 27 -26 -51 21 14 23 16 40 0 6 50 6 54 46 18 -53 -64 69 72 -20 16 -73 -49 25 -68 -88 -34 -59 34 1 -35 -35 -48 -88 -3 55 23 -56 -47 17 30 18 45 -48 51 51 -43 92 -23 -22 -8 24 14 -5 35 -60 -58 2 58 -71 -126 19 -20 53 -36 55 21 46 60 -30 67 -38 54 19 97 -54 33 3 18 28 -2 -72 38 -3 57 5 -1 -3 51 -93 65 63 29 -2 -53 -30 44 -57 -46 -34 12 -33 6 -1 3 -22 -33 9 -76 21 53 -58 -52 -63 -42 65 -3 39 46 -22 -95 66 26 -47 -82 44 -28 9 -18 43 28 -26 40 -28 31 -94 19 46 0 47 -35 -28 62 35 24 -32 -72 4 -35 37 20 -83 74 31 -27 -10 68 -41 -50 98 -83 26 -8 -5 55 6 -32 -6 40 34 65 56 -27 -41 46 -11 -39 25 -1 -53 -65 -71 11 -65 -51 -22 -103 55 3 22 -16 21 -8 17 62 -96 -5 49 80 6 -2 -13 -31 -1 1 6 29 -70 -1 -29 -17 -76 44 28 31 45 -42 29 -75 -3 83 -10 -5 -58 -83 2 75 51 -39 -45 -84 -2 -22 53 87 41 1 -21 -15 -35 -9 15 23 6 43 27 56 -33 1 -123 -6 -10 46 45 79 -6 -7 -21 16 19 -48 -11 -15 43 27 -44 -16 47 14 -6 -45 -28 1 44 -24 -47 -40 92 -89 -97 -72 19 39 48 51 23 43 -24 17 -3 -39 -110 39 -16 58 -3 13 -49 -52 29 25 -35 -8 53 -59 -71 19 -33 -81 96 -41 12 -79 24 -24 -13 -27 23 67 3 70 10 -10 81 -46 1 68 -57 11 54 6 -69 -21 -68 -7 -57 22 -1 -39 -56 -56 36 28 -13 -70 25 33 81 46,-57 -44 4 77 38 -35 11 29 -8 15 81 99 -27 -71 -28 31 -29 36 -15 47 36 -63 50 -77 20 -37 -23 56 15 82 23 41 12 -75 -96 49 5 55 -40 -7 -10 -4 -16 15 -81 22 -5 30 -56 75 3 32 7 37 53 3 -29 44 -55 -4 -7 -31 92 38 53 -3 -15 65 -17 -51 15 49 30 -36 -10 -36 -42 49 -22 -53 -98 -41 -38 -85 -17 -30 -48 22 57 31 -19 110 13 33 -35 -10 11 31 -26 -26 -42 64 -1 79 -70 -74 -44 23 46 20 71 -20 -54 32 -25 59 5 35 -76 -62 -10 103 37 21 40 -38 -18 -18 -14 -33 79 30 65 -3 53 1 77 32 8 4 21 -39 26 70 74 -32 -50 40 51 -74 15 -60 27 95 53 -3 -19 -7 55 33 -42 -64 -9 9 15 -13 26 -71 -3 52 -38 14 59 -36 -24 5 27 -16 -4 6 -15 27 -40 -5 35 -55 10 -47 20 14 76 116 -2 -54 12 -38 4 30 31 -20 -5 -28 -14 39 -35 50 4 16 4 48 -81 100 -29 -111 -45 -67 -30 -60 67 26 -77 90 -61 -6 -17 -79 -42 23 -77 18 21 -34 -84 28 -11 56 41 48 11 20 -86 -59 35 -55 -2 115 54 -76 -38 42 12 5 -32 20 -81 26 26 -24 55 -137 -18 7 25 -13 17 70 2 21 -2 8 24 -39 -49 -24 37 25 32 58 -88 -36 -121 -20 -48 -96 -76 63 -29 -49 53 -23 -10 65 -43 83 62 -84 45 -49 6 82 33 65 -15 -41 113 23 15 2 66 -43 49 72 -67 13 35 80 12 8 90 -22 -48 -40 -18 22 17 -46 55 35 46 60 -46 -38 4 -29 -57 -27 -45 -58 -17 1 -21 54 -39 33 32 26 -49 14 -31 -55 -62 -15 -35 -24 22 -58 -1 48 39 -68 -40 19 78 28 7 12 -54 -36 54 -44 58 -21 -44 18 4 -81 -52 43 -4 74 4 34 11 -15 8 85 26 31 -1 -79 -27 -20 42 44 -12 76 108 -26 -13 -49 -40 17 -44 48 -6 -25 29 -43 -14 26 -4 -17 -24 -33 -6 14 22 -38 59 -34 -30 22 17 -72 -49 -35 -72 54 11 56 5 -48 34 55 -39 53 30 44 -65 38 83 -67 -36 5 29 65 33 49 3 -48 69 -37 78 -40 -37 -5 -30 5 25 -81 28 9 -52 65 -39 -91 -38 -82 42 36 -8 -4 48 -83 -56 -34 28 28 33 93 -64 -39 -17 5 -59 29 -34 -46 -23 -29 -25 56 -30 -45 51 12 6 46 39 34 65 -18 84 50 56 -46 15 -20 -10 -37 93 -56 -44 15 71 43 26 -18 -6 4 12 -37 30 -16 39 -41 25 -22 67 -43 -20 25 -10 2 49 54 44 17 58 -38 28 -22 41 25 -28 5 -6 24 -22 57 6 -14 -7 8 -70 25 -9 -44 -1 38 -30 55 -41 -26 4 -40 -55 38 35 -46 -39 -72 24 14 11 16 18 35 -43 -10 -48 -13 20 16 20 -34 -38 51 67 -37 22 26 16 42 7 -52 -39 58 -90 -29 -66 21 -7 -50 -3 1 25 41 -8 31 33 -36 53 33 -56 -50 -8 2 97 5 29 54 -68 -22 42 -25 24 1 27 -13 45 12 36 22 -51 -38 -51 74 -3 -6 -67 -9 -19 44 -13 71 -140 37 -1 -76 3 42 47 60 53 -33 -90 18 55 68 -23 33 -25 39 -8 33 9 55 -28 -20 35 45 -68 -61 -12 57 -24 29 19 66 -15 -37 7 -106 -25 -36 73 -38 77 96 -27 -39 -22 -24 -41 -5 46 -35 70 -56 -17 13 54 -35 1 -86 -33 -26 87 -69 75 9 58 -17 -20 84 -3 73 55 -14 -31 -2 -16 66 -74 -65 34 11 -16 8 -22 -71 -75 -41 -9 101 -67 15 -47 -9 -71 -47 56 -85 17 -61 81 -10 62 -19 -67 -64 68 -38 -22 -71 -56 -13 69 75 -25 -59 20 -1 46 22 -7 9 87 -60 -63 -47 -29 59 55 -2 10 -3 -64 -42 10 98 -46 -56 -1 84 33 27 -9 -92 41 -38 -63 28 5 35 -29 -17 34 -63 66 53 -33 -53 19 17 -40 0 110 -29 15 11 -59 -6 45 75 -19 87 55 49 11 -49 14 14 -51 45 34 51 36 -46 -18 46 -65 -61 18 -51 -15 66 66 11 -58 -12 -19 -1 -16 -43 71 10 -20 -28 -2 21 -39 -18 -44 -72 57 7 17 33 28 -5 -34 -43 -29 -1 36 18 14 58 58 67 -30 -7 -54 -65 14 25 36 -19 6 52 48 -102 54 29 -25 -25 54 55 -12 25 16 7 -17 -29 -21 18 18 -73 -7 2 -40 20 85 4 26 26 -7 -45 -22 -2 -32 61 -41 -58 -72 -59 -13 69 -69 45 62 15 -55 39 0 -60 46 39 -28 51 -16 -35 0 53 2 -20 37 -25 -82 113 11 23 -10 23 -76 -47 -22 74 -80 88 62 -4 -44 -2 -74 42 -41 10 33 -45 -91 -9 42 0 21 52 66 -59 -39 0 -64 76 -30 -62 -102 33 78 14 53 4 17 18 -56 59 11 12 -84 22 16 38 75 15 -50 42 -16 -34 46 30 28 16 21 -42 -23 64 4 -68 -91 57 -59 -60 53 -21 -38 -90 -68 -19 65 26 10 66 -31 24 -58 -2 29 -52 19 28 -40 9 -29 3 -47 41 22 -31 -37 -53 30 -29 -22 -2 43 -17 -39 -27 -27 -33 -16 -49 28 31 47 -34 17 -10 -24 -59 -10 -62 102 -85 56 -9 56 -64 -79 121 14 -15 7 24 29 89 53 -44 77 -44 40 3 6 -111 20 62 59 21 24 -26 -7 43 -30 33 -16 17 11 10 24 42 -52 -34 -13 43 107 -38 53 -23 -50 -36 35 -17 -68 56 -47 41 9 -5 -58 -63 62 61 -41 -7 80 58 1 26 -18 65 44 26 55 8 38 50 33 -32 -25 25 -13 4 16 -46 28 -25 -43 32 -31 -18 54 -46 0 60 -14 -22 22 7 -2 28 -72 4 18 69 87 -17 13 56 -48 -10 36 24 18 -42 -56 -44 40 34 -9 54 46 72 35 52 -43 26 25 -2 30 -18 1 -3 52 -20 -50 27 4 -48 -29 -17 13 -60 -41 -35 -40 87 -70 -51 31 -26 -17 78 -7 -76 -32 -3 26 -6 66 -29 -4 29 76 -9 -43 21 49 -45 14 54 -9 -21 -38 -38 11 -24 50 -39 44 27 -55 39 -4 25 51 40 -31 5 99 15 -24 38 -28 -92 1 -8 -3 22 -44 -64 -13 2 50 -28 -74 -3 34 -56 -48 -46 -50 -8 8 24 74 32 37 -68 42 4 -17 -29 -31 3 -29 -35 -41 -78 20 -62 2 4 -81 29 -40 34 63 2 -67 30 82 10 9 27 56 76 15 -26 73 49 -61 -27 -49 -5 2 56 28 -10 -15 -11 30 -61 19 -16 -76 17 8 26 24 53 -58 12 57 54 -9 -25 -32 -32 2 -85 4 2 80 46 -37 -55 1 -20 60 83 47 79 -66 -18 11 -22 25 63 24 -19 -65 -57 29 36 -17 20 67 35 -17 16 69 18 21 17 8 11 -34 9 -12 2 55 -50 10 77 -46 -2 -16 -27 73 -52 14 3 52 -37 21 30 -101 43 -13 35 -39 -45 8 -41 21 2 3 -36 -77 -9 -72 36 59 -1 58 15 -10 -73 29 54 8 -33 -26 97 8 6 -6 17 15 -22 19 -33 -15 0 66 -17 -18 -3 98 -27 27 -56 1 -51 11 -10 -52 38 -39 -62 35 10 -70 47 26 11 28 -11 4 -1 -29 -8 5 64 -22 -13 -10 -59 8 10 56 44 6 -25 -36 -19 -82 -73 -57 21 55 -78 -4 106 23 -90 47 22 -41 -85 -87 -81 97 -22 -33 37 11 21 -13 -56 -12 18 53 -13 -14 49 -16 -23 -97 64 108 -58 38 26 -38 10 57 -39 -42 11 11 65 -1 29 13 36 9 -9 43 3 -6 22 23 -19 88 3 15 36 75 71 29 -121 33 53 38 44 -88 -36 32 18 34 3 -43 67 -26 -56 15 23 51 8 56 70 50 55 -68 -38 4 46 -38 0 -10 12 15 22 51 83 -78 14 35 -45 -18 59 -79 13 44 76 10 41 -30 114 42 -40 -23 -4 50 35 1 13 1 -1 51 16 21 0 -67 -52 67 28 -56 10 -34 9 11 -41 128 -11 27 -57 -56 86 3 -16 -59 21 -42 -53 42 14 -22 43 -44 -60 -40 -17 13 19 54 -6 -37 -4 -33 -63 -93 7 -24 -24 57 9 -27 4 -3 43 27 28 24 -10 83 26 -5 -92 62 39 -14 -18 49 13 -13 -28 32 1 -92 10 46 -72 44 -26 25 -48 -57 -11 30 -56 -43 3 -45 -27 15 -50 -42 10 115 -30 -3 21 -36 -22 40 -6 23 -6 24 -48 -11 33 -46 43 -72 -31 82 -45 76 60 -11 109 16 -26 44 66 18 -33 36 -41 -17 35 62 -59 -45 11 -10 -54 -3 -15 23 81 12 -11 2 -36 2 44 66 -38 64 43 -5 68 -52 34 19 -22 -8 -4 -14 -43 21 23 -11 54 -57 14 -9 -10 71 -53 39 46 -14 -35 -16 -15 1 -18 -5 20 60 19 -10 23 -66 42 -7 47 -85 13 -17 -28 51 51 -86 29 -65 -24 -23 17 1 -16 58 7 32 48 -49 36 55 48 -9 14 8 -24 -17 -17 -64 -31 -78 -18 8 -86 4 -13 70 8 84 -32 65 7 77 14 -59 -86 66 -3 -44 60 -39 6 -30 -18 5 -57 -23 -9 -29 -35 -29 -39 16 18 29 -75 -1 -20 17 -38 -28 -90 53 49 2 -10 -30 -3 -67 -60 -71 -7 -42 24 44 -70 12 -50 -75 -115 64 -4 36 35 -26 33 40 46 33 11 62 -58 13 3 0 3 46 43 60 -55 -26 37 9 39 -6 15 21 -1 49 -35 -19 -77 -24 -53 18 -43 -32 26 -55 -10 -69 -36 109 -44 3 61 5 -28 27 -46 -3 -59 -42 52 -15 -2 91 49 27 8 26 -4 8 72 18 36 -1 10 41 -21 -47 10 -77 -3 -25 -6 -3 -4 58 23 24 30 67 14 -8 -84 18 -26 45 -2 76 11 -49 -14 28 -57 45 21 30 -5 70 -48 -62 12 -53 20 66 -9 69 -7 -81 25 -41 -78 -50 63 55 -17 -49 55 3 -15 -22 32 9 52 84 25 15 4 49 48 -36 -57 -4 -70 -20 56 53 4 11 -52 42 -30 34 -78 43 -42 -57 -15 -30 -93 75 -64 -62 23 -26 49 -11 10 -61 -4 -53 26 -29 5 -28 -29 -5 -53 -80 43 18 54 75 32 67 -17 -23 -72 23 -84 30 -98 -41 20 38 32 -10 -32 17 -41 18 -86 -71 1 -37 -16 -45 46 -35 14 -45 -36 -15 4 39 13 61 20 58 54 57 46 0 68 30 110 -80 12 -43 -36 -28 18 -11 38 -21 -64 -8 -24 82 39 -33 -12 43 -10 -36 -4 26 -43 -37 -39 -50 -19 -6 11 4 35 74 14 29 -25 8 111 46 10 -74 -54 49 -29 31 -18 -15 -35 36 59 -58 76 73 14 -14 -55 24 -76 -19 56 89 -24 16 35 -60 -9 -104 -58 -7 37 62 51 -41 64 -45 2 -49 10 -14 6 -18 -52 57 61 -33 -41 -53 -58 4 -52 -28 -57 43 35 -31 30 28 110 -30 47 47 -19 7 11 30 55 40 14 7 -32 -10 -19 25 -5 -48 41 -16 9 -31 -20 -25 37 -45 -17 -62 -39 73 -15 -14 -11 28 10 -45 58 17 82 -29 46 -6 49 -48 59 -32 -60 -25 21 -18 66 25 -41 86 -13 -44 51 22 30 41 111 -63 21 23 -59 -47 -22 -1 -1 -48 43 -53 -5 28 -44 77 32 -21 -59 80 -13 -6 -11 -71 26 -45 55 28 57 -60 -8 32 60 -44 -72 100 65 -12 -62 -40 -12 -34 -28 -29 -40 -31 -56 -19 -12 -18 -28 24 10 -23 62 15 10 3 26 34 -84 -39 0 -67 -40 -51 105 -48 3 50 40 26 -30 -74 55 48 37 24 100 37 63 23 44 44 -79 -25 48 0 -60 -28 5 -110 97 -16 50 -14 6 26 -31 -25 -36 -63 -16 -22 -62 52 -17 80 -47 -59 -72 5 54 78 -50 10 39 55 -26 43 -39 -19 30 -45 28 -43 27 8 -30 27 58 78 23 6 43 22 63 -27 20 -13 28 -62 -31 68 19 -42 -54 39 23 40 32 70 -57 15 -42 -71 19 -48 -35 -42 25 -17 60 -6 85 -15 14 -34 57 -117 35 -41 -74 40 -35 -43 -96 -12 87 -66 38 -4 -32 -34 28 -42 27 72 22 -73 -70 69 -37 -29 -78 -89 36 17 -49 -68 15 -22 34 -61 -6 -6 25 -60 -85 -44 -8 86 -20 43 -56 48 -83 -26 -15 -46 41 -7 -29 -28 -32 2 -51 41 -31 53 -5 50 -18 27 -37 12 79 0 -19 32 -40 47 16 -44 40 39 78 38 -61 -15 -5 35 41 35 -75 -6 -62 -54 23 -38 18 74 9 34 0 4 67 24 87 32 -6 41 70 -30 -44 -11 -18 1 66 2 34 73 10 -31 30 52 51 30 23 -21 38 29 64 20 53 -49 -31 67 24 -2 0 38 53 -19 45 -19 -16 -25 -99 -55 69 85 -59 102 -81 8 16 -62 26 33 -9 -84 -50 3 68 -25 25 59 19 10 35 5 -40 -44 -5 20 -12 23 -45 -88 -37 -16 -31 -100 67 -14 -41 42 -33 3 -66 -31 8 101 -53 13 -15 -36 -94 -15 -45 -67 75 -14 -29 -68 -32 8 -21 -73 29 21 50 21 -55 41 -30 -41 -38 46 -71 -57 7 87 -30 -7 124 -79 2 -69 3 29 -24 24 -26 26 -48 62 64 -48 41 54 30 55 -81 29 -34 92 110 -31 -30 10 -19 71 28 -7 -31 -8 -36 25 73 -37 -42 55 -34 -56 75 13 43 11 -39 3 -38 41 -14 -62 -72 15 27 15 -17 -29 3 -51 60 3 50 -52 99 75 10 -47 26 12 62 4 -45 -25 2 -19 27 30 70 -4 1 -35 -19 9 17 -7 -66 67 22 79 -8 9 -64 -19 99 62 70 -20 19 -67 -29 21 -39 17 -18 25 -51 29 9 -41 -59 5 -42 -34 24 -35 -22 -11 -68 -9 -49 7 13 11 -21 51 3 21 -19 -43 12 -13 -32 0 26 57 87 12 -40 -37 83 -51 27 -3 -1 8 -17 -22 25 -65 40 -82 55 -70 -20 17 76 20 17 38 -26 13 54 -59 27 -80 9 -26 -1 -42 42 10 66 64 -2 47 24 27 -35 -36 17 -19 -15 -59 -26 1 -76 -18 -32 44 26 27 49 -28 -16 4 14 -34 8 -23 -32 24 60 -85 -12 67 -29 28 -31 -19 -99 30 19 -55 -34 71 11 54 46 16 35 -47 32 19 52 34 -29 38 -75 -37 8 -84 55 -86 31 -29 -8 -46 -30 -16 -19 21 -8 -7 37 -82 38 4 4 12 11 17 34 13 54 -47 61 -20 29 27 33 71 4 -26 -12 -75 6 -38 -14 0 55 -36 -79 -6 3 26 5 -14 60 34 0 -105 -9 -28 20 30 22 15 27 -18 -100 -80 31 -23 134 -6 22 -82 69 49 -24 -6 -46 -40 -72 35 -70 45 -8 -13 -29 52 -37 -63 41 44 -52 2 -60 14 -35 47 15 48 1 -3 10 -62 93 57 4 -50 -33 68 40 73 104 -23 -11 9 -64 48 -46 37 81 -40 41 6 21 13 52 -114 19 41 24 82 1 -35 -8 -66 53 103 67 -4 15 -71 8 39 36 -12 -60 -28 18 56 -16 -79 -10 -28 136 -53 -76 45 27 27 4 33 43 44 -27 -14 37 15 -20 -30 37 55 9 -6 -10 76 -28 9 11 -28 -13 40 14 -60 63 6 1 -1 111 2 -53 1 70 122 26 20 13 29 -29 24 -3 -20 44 -15 -54 -8 64 -33 -14 -15 -64 96 20 -23 26 22 54 -38 -8 -20 -30 -101 -25 41 8 -52 -43 -79 -2 5 -16 32 24 -20 87 -37 1 6 -53 71 29 71 -38 -94 -12 -50 -50 77 -16 22 -55 -33 51 46 -81 -28 -35 -27 -49 20 -109 14 22 -6 -23 -20 71 67 10 39 19 -50 -89 18 88 -62 -43 29 -47 35 72 25 -16 20 -34 46 -70 -21 36 -20 -31 -64 4 -52 -80 28 -34 52 2 11 -32 -45 -36 -39 26 -61 6 -5 75 -26 29 46 -64 28 -72 -67 -1 -66 -73 2 -55 75 48 46 42 -86 37 -134 -8 -16 -36 64 19 59 74 -40 79 67 23 -47 -38 4 -38 -45 26 50 39 23 26 52 -18 -35 -32 16 -4 -39 -70 56 45 56 -117 -76 7 -10 -2 3 61 -41 -31 16 -44 57 3 -25 45 57 -42 3 -63 44 -62 -42 -6 13 2 29 -29 63 15 11 54 42 -35 -42 4 7 40 32 -17 24 -19 62 49 -68 58 -22 -60 45 82 21 -30 -123 27 28 -72 3 -46 -50 -60 -108 -66 -46 -21 -53 47 7 -22 17 3 -23 -28 25 97 41 35 12 -42 63 -36 -114 -20 -62 6 70 35 -32 9 50 -96 -15 -13 6 -39 68 42 -22 37 16 -22 12 -72 -46 5 2 60 -36 37 83 45 40 -53 -11 -49 14 -33 -22 -31 73 -9 74 92 49 -139 74 -46 0 45 -30 -53 -41 -39 -49 -8 -18 62 -21 31 -72 8 0 -33 4 48 13 6 -2 -43 -17 7 -64 -12 -17 72 6 -42 47 -74 -41 34 62 47 37 -99 66 -35 13 59 -49 22 -37 28 -22 -75 -76 26 57 -82 -23 -19 -54 62 -25 47 -19 22 -30 -38 -7 -11 -9 -49 -77 21 -2 -6 50 30 43 82 21 -29 44 -6 -34 2 -3 -14 -16 37 -21 -11 -47 -59 19 -28 57 -15 -46 10 45 -36 -19 4 -38 98 32 -32 31 16 34 28 0 -20 25 -30 28 -31 1 -70 -41 -42 27 62 35 -50 83 -32 -35 45 19 80 -12 16 45 -26 -42 -33 81 40 27 -34 -51 21 -33 25 28 -27 -15 -44 25 -31 130 9 49 -13 -56 30 -21 33 -23 -15 12 -22 74 28 -58 -45 9 -11 -5 11 -45 3 112 -40 -22 7 -24 82 33 -12 2 64 -12 40 -21 -28 -41 -15 57 -20 -5 -56 83 45 43 40 19 -64 -72 -39 -73 -64 18 -42 -8 -4 10 -41 -29 -61 -6 -92 -22 20 38 55 5 -42 -15 0 -42 -4 66 -36 18 36 19 -50 -56 54 58 22 69 -35 -53 -24 -35 105 12 -68 24 -39 -11 58 48 -46 56 46 -57 6 -16 -57 33 59 -35 55 -50 44 21 28 -6 -26 -20 4 44 -27 82 11 -20 9 40 -18 -32 71 101 -44 98 3 39 52 -46 13 -38 58 -41 17 -51 -38 -16 -51 69 26 -49 -48 -23 -91 -16 60 -22 86 -24 5 -32 -61 -70 -33 -10 8 -56 17 14 28 66 39 49 67 55 81 1 9 -14 35 -71 72 1 23 20 43 37 -23 -8 47 5 -8 10 16 8 -37 -25 38 -60 -68 42 -51 8 -31 -73 -72 9 -23 50 -27 -25 -24 6 66 -67 -29 -39 -54 46 11 -27 -28 22 41 109 153 -21 -49 -45 33 -81 -55 3 14 49 87 72 -35 -54 -6 15 -8 49 -22 -14 -39 48 69 -24 -81 39 5 33 -31 16 -45 -26 19 -20 -10 7 -15 71 -19 22 37 -76 51 8 78 37 -109 29 -54 4 19 25 -34 28 40 -13 -14 23 -67 38 31 32 -99 -42 -12 -17 -16 -21 -72 105 68 -42 18 37 -8 -2 -18 -43 1 -67 -25 -17 20 28 37 13 70 67 50 -67 -48 -58 -61 30 -49 -49 58 -89 -41 -8 36 -62 -21 1 18 1 -32 -107 4 21 29 0 83 34 -5 33 32 4 -35 81 -30 -32 36 3 8 52 40 -3 -48 -44 1 57 31 -10 11 -34 -111 3 -62 99 105 56 -38 -23 -2 -65 42 45 -31 -31 -57 53 -11 -51 23 2 -28 -49 19 -46 -56 -17 23 -67 -6 43 -36 75 20 -20 39 20 46 39 48 -40 45 -33 -2 -45 -15 -6 30 90 14 84 -4 14 -23 65 64 13 -54 89 33 0 38 61 -81 9 40 3 19 30 50 -41 26 -26 -55 -1 -98 -56 37 -17 -17 -76 -58 -78 32 5 15 10 14 30 18 -71 -6 -38 -40 -44 75 52 25 16 8 13 9 -59 -12 -75 46 30 17 -10 15 -26 -54 33 31 -105 47 42 1 -24 -65 8 -5 -54 57 -77 -14 -12 46 9 -65 -114 -3 -70 71 21 8 -18 26 2 8 41 36 -45 -17 -19 30 40 78 1 -52 34 -31 17 -58 -28 -56 -19 79 25 -39 -6 -82 25 -24 44 14 -56 7 54 -61 2 56 35 -4 -26 33 -6 3 15 -46 27 59 11 44 0 21 -15 -45 -9 -6 -51 33 -3 85 42 -13 75 43 -29 -50 57 30 -53 127 19 10 40 14 22 -3 -40 -29 27 15 -51 -40 66 -19 -8 1 -59 20 91 -70 -69 32 -14 45 29 9 -59 59 -58 50 28 -43 -42 30 -101 -34 -39 -66 26 9 -13 -70 -41 -38 22 -28 -103 -19 24 -15 -23 -48 -10 -5 42 24 80 -60 38 93 74 -79 0 19 75 -112 -8 42 8 -82 35 -43 42 19 -47 -17 0 -39 -11 -78 -52 -3 50 45 -76 -94 -57 42 20 -65 -47 4 -10 4 79 -13 13 -31 31 23 -48 -68 17 -35 13 16 -21 -4 40 61 64 -18 75 31 30 21 1 11 39 12 -18 7 -64 29 -50 3 40 -20 -16 48 14 64 29 69 -24 -30 60 54 88 -24 20 27 -98 -7 -53 -28 -89 2 -17 84 35 -56 5 1 -55 5 -22 52 -52 28 -13 11 20 34 13 3 -45 -48 34 12 -20 -28 -38 -21 1 1 20 -3 -27 -6 -20 20 -13 3 57 18 -73 -42 44 -5 7 -35 23 -53 -73 -81 -81 -18 81 -40 -44 -79 -20 -22 46 117 68 18 -4 -37 32 -49 37 46 -39 -83 -37 0 37 -61 45 -27 -20 28 -39 14 59 65 -10 -48 25 6 50 37 -12 -1 11 36 33 58 -78 -96 -19 -72 -44 -104 71 68 -22 12 41 -63 -32 -24 57 33 -21 15 19 72 -46 11 100 -46 7 19 1 15 -67 32 29 52 -54 -21 -37 35 -5 10 41 -17 3 52 41 65 56 22 -59 49 -20 -35 5 -13 58 -23 13 -37 7 -48 -56 -10 -27 -20 -2 -43 12 13 -27 -40 67 6 2 51 106 44 -22 41 -42 28 -28 130 32 21 -47 -30 60 -55 28 43 36 -44 51 21 43 -62 -10 -58 -33 -24 42 -76 -5 55 -51 17 -4 -47 13 -36 -6 -8 18 30 47 16 -5 -85 -12 79 -61 29 50 -72 -39 54 -101 -22 7 54 -5 -72 -11 56 -25 -34 -27 77 -6 9 -19 14 76 51 -13 30 2 -89 31 50 28 52 26 19 -40 -32 -10 26 71 75 -37 -21 -70 -7 -47 70 -10 -36 102 1 -76 0 -28 -47 -27 -22 15 36 -88 -102 35 22 -27 53 -43 -5 -9 12 10 -34 58 48 27 3 -56 -15 -67 -50 80 4 -27 -5 38 59 -38 52 -5 -13 -5 -17 45 5 -11 51 -64 -11 23 -85 -25 72 -43 17 -42 -13 28 -7 -56 -70 17 -20 -40 72 24 -33 -39 -12 -55 41 4 52 -63 -50 -34 2 -3 30 -18 -5 -78 27 -14 -32 20 87 65 5 -72 23 -58 -5 20 -99 9 23 46 -62 7 50 -20 38 -51 -41 -7 37 -60 16 54 -55 35 41 65 -58 -83 -26 14 3 49 31 -50 20 -39 79 29 -26 0 -48 -25 54 32 36 5 -23 -49 -82 -9 39 -71 1 -53 -50 -66 -101 39 -25 2 39 -36 -15 13 -79 3 -36 39 59 -10 -81 26 29 92 -1 25 58 -41 26 -1 -34 -38 0 -15 -13 33 -92 7 14 38 -27 -93 -44 2 -15 16 46 -22 74 -71 1 82 4 35 -15 55 -79 -39 52 -58 36 -13 -43 19 -43 63 43 7 -89 -43 -24 24 -47 -12 19 -86 -42 -75 -27 61 18 -68 -20 -76 56 -42 -18 58 -65 -56 -48 39 16 -118 -82 -37 5 9 -18 -7 -51 -14 -78 2 41 15 95 -6 -48 25 44 -5 1 24 30 42 -89 23 14 -29 35 57 -58 52 47 88 37 31 -8 7 -56 33 17 81 -2 32 -63 15 82 -23 -28 54 40 -48 22 -8 43 -16 -29 7 48 39 -22 2 -75 90 4 -23 20 -59 7 17 -41 64 52 10 -51 65 -19 -17 8 -8 25 -113 19 -102 -11 -22 24 -84 14 27 -45 29 -86 41 38 -20 -26 33 -4 -77 34 59 49 -12 52 12 -74 -40 -28 -49 -67 1 -37 7 46 -15 73 88 -8 26 84 16 59 59 56 -47 85 50 10 -14 -4 -15 110 54 7 12 -30 18 -1 13 59 72 46 31 -32 6 36 -6 -81 -53 -28 29 -49 -22 24 -51 50 -16 -34 -54 39 -48 5 -11 -27 5 -45 31 -52 -14 81 9 -57 82 34 -38 58 77 -7 70 37 -36 -83 -43 -12 -92 21 45 -12 23 -46 -15 -53 -15 28 -49 -53 -12 -6 75 -32 -84 34 -66 2 -28 21 -12 75 -42 1 10 -82 -18 39 63 49 16 -21 -7 10 4 -50 2 -66 23 70 -67 70 -102 73 29 28 -42 -57 1 5 67 -3 16 35 56 50 4 0 41 -30 -65 -2 36 -39 101 57 -67 -74 72 46 101 82 50 -10 10 44 -13 4 -36 -61 -53 -27 -23 -61 18 -16 70 -9 42 4 -18 -14 51 -34 13 2 -51 43 19 -59 50 -5 25 40 8 -16 -16 -73 8 35 23 5 42 50 -15 54 26 -1 -41 -9 -92 -44 -87 6 4 -4 80 -45 -35 10 -73 -21 11 -86 -52 16 -93 97 20 67 1 15 3 3 -33 -66 31 57 0 -60 -55 -76 54 93 36 -21 20 -9 -26 48 19 28 34 33 -6 -26 -45 17 -82 26 -50 -49 19 -28 12 -8 -33 -30 -74 -6 33 -34 -36 32 -33 -103 -24 76 -23 -13 13 -65 31 -40 73 -11 22 58 11 -99 -62 -46 -8 44 28 49 60 22 -14 13 -26 -20 -27 13 67 41 40 -16 -98 0 20 25 -24 9 -46 -23 -93 -2 -10 -83 -7 -46 51 46 -51 -69 12 0 26 -46 -101 -50 -12 54 -15 -32 -28 35 44 38 29 -48 -82 52 47 -65 13 -57 0 -27 23 8 -18 -68 80 0 -16 -67 24 -19 -40 -6 26 -5 89 60 100 -62 -22 56 44 12 12 0 27 -44 19 29 5 52 -73 -8 -78 -67 95 46 -28 -67 -56 10 41 -30 -13 10 -13 77 -23 -45 -18 -35 10 95 42 56 33 20 -35 -34 36 81 33 -8 64 -21 74 17 -48 47 41 84 -105 64 98 -41 -17 -42 50 -10 8 -49 -32 -101 -30 7 -45 22 106 -96 67 31 84 -12 -32 7 22 34 11 34 2 68 18 -29 -42 -19 38 -58 14 61 -29 102 -63 -37 -30 3 -36 62 -25 -1 3 71 -4 -12 42 53 -6 61 63 -7 -33 21 45 23 -10 -101 26 -17 54 38 -105 -5 -44 27 2 -24 85 28 29 19 55 0 -18 -23 -52 -14 -15 -12 30 7 -45 18 -38 15 10 -9 -9 -18 -61 -29 29 -6 -49 -2 72 -34 -41 42 28 -3 27 -74 0 40 33 -63 81 6 82 4 -7 22 72 -79 -31 21 13 -41 -19 -47 52 -21 1 -33 -58 -70 -17 -5 33 17 3 34 11 -19 73 66 -40 6 -12 25 -33 60 -9 2 -28 82 24 -1 -41 43 -63 2 62 42 -98 -55 5 8 1 -9 -95 56 82 22 -38 57 -42 -26 47 -22 -56 -28 21 0 44 -46 37 -63 -21 33 -24 52 -111 27 32 17 -131 -42 76 -9 -71 19 -32 11 -11 8 53 -41 -48 -24 -34 -59 -8 56 24 7 -76 -56 90 1 -35 -86 51 -25 61 47 70 14 -96 -101 -53 -4 67 40 41 -66 -49 -47 2 -52 3 -30 89 82 5 -13 59 -5 87 -18 35 -10 43 -56 68 46 8 -65 -14 18 -11 26 -34 52 16 -20 21 43 -13 44 -62 36 20 22 53 19 13 84 68 -41 17 -45 61 16 28 -21 -23 -6 -73 5 -9 -54 6 -25 15 12 0 -6 15 21 33 3 25 42 -26 -10 -47 -21 24 -15 28 -38 -20 72 -19 37 -18 7 -30 38 -72 -31 13 -32 -43 -101 33 -115 -9 29 107 12 76 -30 103 35 -53 19 -77 -83 7 15 -43 -9 37 -88 -6 63 67 -59 -50 40 38 -6 -63 53 31 -56 -49 111 -55 -23 -32 16 24 -69 80 6 79 61 -13 -22 55 56 -72 28 -15 -20 82 -64 -12 -18 -62 -37 0 -78 19 60 -17 -5 -45 -84 -54 22 -6 11 -24 -49 -1 42 -83 -24 2 -86 57 -10 -16 -26 17 40 63 11 67 -51 20 13 54 30 50 -81 54 -68 22 16 -9 -12 -47 -22 14 35 24 -8 -2 72 -9 75 -83 -13 -26 -49 -54 -50 28 57 38 36 16 38 44 50 -9 129 -54 -3 88 -45 28 -17 -59 50 32 62 -59 -12 -98 -103 25 -58 -15 16 67 39 48 1 55 -13 6 -12 -41 31 -39 -8 30 -36 74 -40 42 85 -87 -38 21 -31 45 -33 78 109 9 48 29 -45 -44 -72 -52 4 -44 -103 -16 -45 10 -42 50 -33 38 -16 -21 63 -44 62 -37 -36 8 30 -57 -58 -7 -82 -42 -66 1 24 -47 107 -31 -64 -103 -25 28 27 -32 31 -36 26 -30 1 49 -21 92 34 17 48 -34 -25 -8 40 96 -32 -38 57 -34 53 -48 95 13 0 -30 -42 -26 12 21 -22 -31 -22 44 -22 -44 66 -62 -53 -5 -81 22 -60 25 -39 -29 36 13 59 -12 -96 -47 -78 -44 42 -2 -40 10 -78 -26 60 96 18 41 -34 58 -26 -10 -50 14 60 79 -21 0 -20 27 -27 -67 16 11 -48 -4 21 2 62 12 2 39 -35 62 4 56 -20 -18 33 -19 -23 25 -99 -21 -80 -30 -22 59 -24 17 -26 32 17 40 -23 -38 43 -47 -75 -22 -12 -16 -57 -38 6 -14 9 28 38 25 71 11 15 -44 -50 94 40 9 -17 -57 -49 -49 -63 -71 30 -26 -41 -18 47 69 -35 -20 -25 -29 14 -17 4 -3 -68 -24 8 50 2 18 -59 -7 -19 -92 98 54 -21 -11 55 60 34 -2 56 0 9 -14 40 -13 -34 2 42 -68 -41 -29 -44 -80 12 56 61 70 1 -131 -34 -18 25 11 60 -37 -9 75 34 -85 -22 -2 -5 -47 -41 48 -56 20 8 20 -10 -22 35 29 101 28 50 32 48 -22 47 -31 58 -44 37 39 22 -5 62 61 -6 -1 -2 -54 -76 61 -57 -25 -73 50 28 25 -41 42 18 -3 72 -49 -12 -63 27 -58 -25 64 27 -56 65 -21 42 -61 -15 -71 7 0 -20 84 36 -73 66 47 -3 -9 -53 -38 33 -56 78 69 84 77 -7 -35 -56 57 58 2 -107 -7 19 -75 -40 13 -46 37 34 -56 -28 43 45 83 -21 -33 -29 15 5 -16 -4 -48 -68 27 48 68 -26 55 -47 -30 -57 59 11 80 -69 -43 78 26 -31 -35 -9 34 -8 48 54 -15 36 103 -43 4 -68 38 37 3 53 49 -21 38 -37 -22 86 -24 17 16 52 -6 26 -2 34 41 -1 39 -5 16 11 12 30 38 -24 42 24 -10 24 -13 61 -4 -13 -48 -6 -22 111 8 -47 -91 -58 -12 18 -27 27 -13 -31 102 54 -17 -48 33 -8 6 48 26 -44 -52 27 46 58 63 45 60 6 62 4 37 63 -42 0 -11 71 12 -39 -5,-98 38 -54 19 -55 -32 -50 -42 29 -25 -68 20 -12 24 40 -27 24 35 -28 27 33 31 75 18 -24 -23 -51 -2 32 16 15 23 -10 7 6 1 44 25 17 -32 -8 -32 -2 6 6 -37 -2 4 36 65 57 -40 38 71 71 -48 50 87 -113 76 74 -79 77 103 106 74 59 65 -48 82 58 -58 -91 -93 -67 69 83 -72 48 108 -40 68 -91 -25 -99 -30 37 41 -48 53 -54 37 -34 -7 30 -16 -28 -8 -31 -16 3 -40 36 -61 20 28 -60 -74 7 40 9 52 -49 58 -68 -92 -61 -52 99 -66 55 90 -51 -41 -46 75 -51 68 -37 -83 -32 27 31 -64 -52 56 -73 -53 48 54 -38 -50 100 76 81 -100 98 -44 -17 -48 -47 -63 -68 -62 -29 -20 -7 -22 -25 -19 10 27 6 12 -8 12 -32 -24 -39 -27 9 -4 -45 19 -2 -19 21 6 -6 4 -5 -2 -2 2 0 -40 0 -25 -12 10 23 -34 12 7 36 -13 -14 2 10 26 -38 -41 -19 30 -38 76 -20 -36 -33 49 53 -62 -123 -54 85 111 83 -76 -98 -63 63 -101 68 17 47 -65 -61 32 29 26 -37 -47 18 22 -13 -37 33 41 -19 -35 50 52 43 -20 8 -13 -54 26 -15 -3 23 -16 13 21 -28 -31 10 -6 18 54 8 18 1 -7 53 -7 -8 27 -7 6 -8 -3 -21 11 41 -14 1 -20 35 1 58 -54 -39 -40 63 -87 -15 -55 -24 50 -66 16 -51 7 -98 -94 -86 72 40 77 -78 -57 69 39 86 47 -69 -54 -67 -54 55 72 -48 -39 49 89 -33 -68 -60 -58 -48 42 27 -36 10 -15 11 53 58 0 -21 29 29 19 -6 11 -36 -3 17 -17 8 -6 4 -30 -6 -27 -3 1 -3 25 -11 -7 -7 24 -3 5 29 -2 0 -10 -10 -8 24 3 6 9 -3 13 11 3 1 54 -32 -15 -9 43 43 57 -30 46 -37 -34 -42 -72 -52 -13 39 40 -41 49 20 -26 38 -50 33 45 57 46 34 20 34 -35 28 -42 10 -15 -7 -18 -11 -15 19 8 -3 -46 -6 4 -5 -24 19 45 13 2 -8 -13 -21 -32 0 -27 -10 -29 52 -39 -38 49 0 40 -57 -63 65 -46 -55 -111 -85 -65 67 81 -73 -59 59 57 44 -48 66 59 37 -66 -7 -7 34 59 -52 9 62 -75 -114 -97 101 105 -126 -137 -109 -101 -113 -127 134 -96 95 65 78 44 -101 61 44 40 -33 -48 29 -59 40 38 31 -54 -67 -82 -76 18 -56 -12 -24 46 -68 -54 -90 -64 -93 -61 -58 67 43 58 34 -50 -41 -17 20 -66 -20 34 18 -18 -25 16 15 -23 20 11 49 -22 19 -16 19 -9 -7 6 -49 -5 -11 -5 -18 -25 -24 -2 -1 -29 13 -5 -3 20 22 30 -33 -21 -35 -21 62 -43 65 69 38 54 64 65 51 -47 36 38 61 -53 -38 -2 -8 43 -39 28 -9 -13 21 -30 -22 -15 13 -18 -29 6 -4 -21 -33 19 -5 4 21 4 5 12 2 15 -26 -9 20 11 14 -10 7 -2 -3 -11 -11 -3 -6 8 -3 25 65 25 16 -39 -32 12 -42 49 -33 49 -32 -48 31 33 5 14 -19 -85 -14 -18 -9 -20 46 36 5 -58 23 31 -12 34 10 -49 -23 -48 60 -41 -60 -48 -59 -13 78 77 -63 74 -68 -23 -54 -50 -42 21 5 6 -16 19 -14 -21 -1 -29 -10 -6 -1 23 6 -7 17 -18 -3 -16 33 -13 -30 21 2 -15 0 -11 23 13 -2 -15 13 -4 14 -5 -8 10 -17 -43 -31 7 -3 1 -12 -52 -28 8 0 -16 -32 -23 -36 -23 -12 -10 9 18 -28 -9 -35 1 -13 24 27 -11 65 3 -39 -20 -47 86 -108 -52 73 -146 -124 -97 144 79 163 -142 -132 170 145 -170 146 165 164 -99 -130 143 163 118 93 106 -110 -91 -66 -97 -80 -65 -44 41 36 44 -63 23 52 -20 44 26 -7 -19 50 -34 25 21 35 -19 4 30 -17 18 11 20 11 17 27 -13 -8 2 7 16 1 31 -31 -4 6 -27 31 -53 26 -20 -19 -45 37 -26 -34 -9 -8 -11 10 -5 33 -38 -25 19 -13 -24 -3 -3 -8 -23 2 20 -21 39 36 -6 -18 3 -22 2 -13 -3 17 -47 -16 0 -13 -6 8 -15 2 -26 -6 3 1 1 -4 10 -1 13 16 21 3 9 -25 -16 -26 14 -2 21 18 23 39 21 -3 6 -46 19 -19 -17 -11 -35 12 2 -44 -5 -4 -12 6 -24 -13 30 -13 -3 -17 1 11 -12 -14 -18 -5 -30 16 0 15 19 -27 4 12 32 24 -58 -6 -54 -51 -61 68 25 69 109 -78 -96 -149 -52 -98 105 125 123 -94 72 -58 37 44 -27 9 24 -50 -29 17 3 18 -8 13 50 0 -37 -75 60 -113 -43 67 -86 64 98 -120 -60 84 87 103 -65 57 47 -61 103 54 44 -56 -79 52 28 -61 -31 27 20 -45 -50 30 -41 -18 -22 -34 28 -31 44 2 27 13 21 15 -22 -3 -35 -6 13 -21 -26 -11 -4 2 8 33 -8 27 6 20 12 25 33 12 27 -27 36 -31 84 110 -93 109 94 90 -101 -94 -87 -130 -83 99 -63 -96 -82 -110 111 -82 99 -82 -86 83 101 -56 -67 -51 -51 65 58 23 67 -80 -48 -66 -27 38 37 28 46 56 -76 37 -44 -38 74 -48 -41 20 -71 -41 -56 61 -51 -37 39 -38 -53 71 -51 -58 -47 60 44 38 39 -15 -30 40 -59 50 -55 51 39 18 10 -2 -22 7 -16 -9 8 -3 -3 29 7 -5 -9 3 -10 26 16 18 29 -18 24 28 -34 -52 -11 -26 5 29 -30 20 23 -12 17 39 14 -22 22 -12 -20 14 9 44 3 -13 -9 -1 -8 10 20 -13 -13 -20 24 -30 -28 13 21 10 3 11 4 8 -29 -1 -6 0 6 15 -15 -32 -3 20 -9 5 1 10 -11 10 -14 -1 -5 -2 31 -3 8 -23 -22 16 -30 -9 41 -10 -23 38 -11 -24 -15 -20 -29 -20 -61 -2 -57 -23 -11 17 -10 9 -14 -16 16 -14 24 -21 17 -1 -11 13 8 -3 -1 20 -11 25 30 37 31 11 -14 -5 15 6 9 -8 -27 -6 -5 11 24 5 -26 4 -22 -17 -8 -7 1 -5 4 3 -11 -10 13 19 13 32 28 18 8 -22 -31 -61 -14 -40 -26 -36 24 10 -7 33 -50 -10 -4 -4 12 3 -10 -3 -62 44 -31 26 62 83 -56 -47 -86 -77 89 101 87 99 99 -95 -76 -98 -107 80 -46 37 47 59 46 -17 31 25 -33 72 -61 80 -60 -18 59 -70 -71 67 89 31 81 -69 56 24 -41 -18 -59 50 -9 -11 50 15 -23 -10 14 -3 8 -17 -6 0 4 -6 -10 -1 -11 14 6 -6 11 20 8 -2 -5 -15 -19 -15 22 27 -13 13 49 2 -9 -51 29 45 90 33 -45 -88 -73 -71 94 60 16 -20 15 15 2 25 9 -25 -9 28 -22 -7 12 37 -25 20 12 -36 -45 41 -36 32 -36 -38 44 -33 27 60 -43 28 -41 62 47 -10 -38 26 69 -9 36 67 -18 -38 34 -22 7 55 26 31 50 -25 25 -18 27 12 -26 34 -1 -45 -15 32 37 -23 -30 0 -46 34 28 33 -29 23 -33 36 3 -6 -11 15 7 11 -5 -4 8 -15 -25 -3 26 -7 -43 5 1 -40 -23 -20 -15 -38 -40 39 -49 -47 -29 35 -44 -27 10 -26 -2 -20 0 -16 4 10 1 13 3 -18 49 -22 -17 18 31 -23 14 -26 17 -31 -70 33 -72 63 29 2 -27 37 63 74 80 31 -68 -105 93 -29 -28 -35 -54 15 -7 45 40 15 -27 24 16 24 50 29 37 18 23 43 28 7 -1 -5 -2 41 11 -6 11 -2 -9 16 -33 1 -13 2 -1 -2 -2 -16 -2 1 -14 32 9 -14 28 -50 38 67 60 88 -112 49 93 89 -101 61 101 110 80 -104 -80 -105 130 90 -90 77 99 -115 -78 -58 85 54 55 -23 -20 -17 -36 -22 15 38 59 8 2 -32 26 -28 -11 -25 -35 45 25 3 -16 5 4 -7 34 38 60 -9 -9 -9 26 9 14 -2 -6 -12 -19 -3 -4 -7 2 61 0 -23 19 25 6 11 -11 52 -1 -1 21 53 27 39 -11 32 31 -28 -43 41 -36 -26 -39 -27 -41 32 38 -2 -28 33 -33 -7 16 -24 -15 34 12 -12 3 -20 6 9 -7 5 -3 -30 -10 -9 0 -14 13 -4 -3 7 -11 7 2 -5 -3 10 4 -8 -8 4 -14 4 -8 48 -19 -15 -10 2 -2 25 3 4 -23 11 14 -11 37 7 34 43 22 25 -34 -3 -24 -47 35 -33 13 -39 31 -24 -38 -20 29 -34 56 -17 -49 17 -3 26 51 36 -7 -31 36 -25 -21 -22 -19 -11 10 -47 54 0 12 -40 -26 0 5 -34 -38 -19 -24 -24 -46 33 38 -51 -109 -101 -116 89 -95 110 -67 -69 -70 -57 41 74 55 60 26 26 36 32 -3 7 2 0 7 -6 14 48 -23 -1 10 -4 2 -7 0 41 -27 -4 12 -8 18 -19 26 -35 -29 17 -9 3 -27 -46 37 -31 -8 -6 9 1 10 -16 9 31 -13 3 12 9 -46 41 17 33 54 -36 -41 35 25 29 -37 -56 37 26 44 -50 41 44 -42 32 53 22 -57 -90 76 89 -35 -53 -45 44 0 -8 -22 -15 4 -17 5 -4 20 -17 43 3 2 -17 30 -6 -21 24 -20 -12 30 -31 -12 11 -5 35 -5 -15 7 -38 -41 15 0 -34 47 9 -45 54 -54 84 67 46 96 -62 -90 84 86 -97 -53 -101 -96 84 -84 55 -71 92 -76 91 -93 -73 61 43 80 45 55 -59 37 -75 69 65 -62 31 -77 54 -56 -35 18 -21 27 -14 -46 62 -51 -12 28 4 -8 -3 8 19 12 -52 -7 -3 -15 -5 11 -11 -1 -3 -13 8 13 10 2 -6 -2 4 12 1 7 8 -3 -9 3 0 0 2 9 -13 -4 1 -1 -8 -3 -5 14 28 26 -16 0 -10 -21 22 37 49 -52 60 20 -57 59 -46 -47 55 18 -7 -15 0 -41 -20 13 44 38 -24 -45 -20 -15 -2 19 -36 -15 32 -27 -14 36 -70 53 -30 38 -52 -25 56 64 -39 42 -50 65 22 15 -34 -31 -18 -12 -4 4 6 24 -6 25 -51 75 -82 -72 -84 -70 -77 -69 -31 42 65 39 -52 40 52 55 51 66 16 -34 70 43 43 -37 50 -56 31 -47 2 49 -35 -37 -32 -62 64 32 -55 30 -51 -45 -51 -42 51 58 -73 72 -54 20 59 -60 49 32 13 21 -15 38 19 26 -15 -7 -58 -94 -134 113 -121 120 122 -160 157 -119 109 -115 -100 -100 -68 -89 93 -62 -24 48 56 91 68 43 -45 -24 27 -61 34 -64 48 52 37 -50 26 45 -39 18 63 -42 -34 5 -35 -28 48 -4 0 31 0 13 -8 16 -5 19 6 30 69 92 -41 -63 35 -78 68 -51 -75 18 58 53 49 -36 -31 10 -18 -31 38 65 -37 40 18 37 12 36 27 37 -39 -19 -59 -89 67 -115 103 -89 113 -121 69 -93 87 57 -81 -23 -56 56 -47 11 -32 -36 -23 21 -31 -14 -6 -37 22 18 11 23 18 -11 22 -30 45 43 -44 55 49 -80 -68 35 49 72 -73 86 103 56 72 35 37 73 67 60 36 -77 -63 21 -22 -19 -46 -31 10 24 37 20 1 -9 -20 31 11 -38 34 19 -6 -6 -18 4 29 -11 4 3 -19 5 0 -11 24 14 -9 -7 -9 -12 -13 36 13 -30 -25 32 10 -26 47 12 48 -46 47 -29 -66 85 56 -36 -112 50 71 -45 -46 42 -27 -46 59 49 59 -52 34 -42 -26 35 47 8 -37 -4 -9 0 -24 -18 10 28 24 79 -69 0 -84 70 53 -79 60 48 97 126 -111 119 -148 -173 -163 -129 88 -101 154 94 95 98 -143 -107 135 96 91 107 86 73 -107 89 49 79 47 -26 15 12 31 25 -71 20 -12 -21 -27 17 11 41 3 -31 3 -5 -3 13 5 12 29 -47 18 4 1 15 33 24 21 -5 8 16 -16 -22 30 -20 -15 -5 3 -17 -14 -33 -16 2 12 -55 27 33 -58 11 -50 -30 27 55 80 -21 -67 -52 54 51 36 40 23 11 -9 35 51 54 22 36 -32 21 15 6 66 73 -70 61 40 -75 82 101 133 -93 68 82 94 -76 114 -117 -154 146 167 142 -195 106 94 -125 131 103 -50 -85 89 -2 37 -15 -65 -50 -21 19 -45 -50 -31 -8 29 56 47 -43 46 62 -67 -57 68 -76 -78 -64 84 59 -63 51 -40 54 -18 9 34 -2 15 3 -7 -4 -4 -12 8 -69 -10 8 -30 9 -2 22 4 53 -27 0 0 9 27 -7 7 -23 2 -2 -6 -4 25 5 0 -25 3 -5 5 17 -21 -42 -15 36 37 17 28 -18 -8 -23 -13 25 -29 21 10 -4 -3 -50 1 6 -14 -1 17 56 -20 -33 -1 42 48 -28 37 -61 -64 -104 -107 79 -104 117 125 144 -130 -134 -147 94 -148 137 -64 -39 -77 74 70 32 -80 59 -83 45 75 -26 40 -38 38 18 -8 -3 -26 -13 24 -16 22 47 -59 15 -56 -37 117 -47 -66 -74 -72 -13 65 -89 -72 54 -48 -65 37 -5 -8 12 15 -27 12 -40 -42 -13 1 23 21 29 -10 2 -1 -4 21 -11 25 26 21 -5 26 -30 -11 3 3 22 27 2 -39 -21 7 7 24 48 9 62 -35 -75 63 59 -79 -60 66 42 -49 64 29 12 -38 32 26 24 -9 -12 9 -15 -12 22 14 19 -8 4 24 -18 -19 10 -47 -7 5 17 10 -1 7 -13 4 -10 -20 -35 15 -3 -5 30 -11 19 -29 -44 -33 -42 38 64 40 -53 46 38 -31 33 -33 24 -39 -34 3 32 -6 -5 7 2 -6 -20 -10 13 1 15 36 -10 -22 -9 31 38 -27 49 -5 14 -11 0 3 -19 -21 -3 -9 -20 -1 -4 10 15 -15 -26 -21 -2 0 -16 8 11 -2 6 -7 10 -15 5 0 -27 0 9 1 4 -17 23 5 -1 -19 -27 -49 -31 -39 -46 9 -55 -30 35 36 13 -2 36 20 11 -13 5 -22 -29 -6 19 5 -7 1 26 -13 7 27 17 14 11 42 -25 -21 11 -27 -11 58 -3 -39 -20 -31 22 -25 -29 28 14 -26 -5 -22 31 -51 -25 31 46 -13 18 -26 -24 -25 -25 7 -30 -29 5 4 52 -38 -51 -21 22 39 -5 -58 -42 77 -117 98 67 -70 102 -92 78 -44 71 43 -62 48 -15 -32 -42 -40 0 -23 -9 24 -20 -22 18 -29 -3 18 8 -20 9 1 -22 22 -21 3 29 -27 60 -26 -34 23 33 48 71 -53 -63 58 -86 83 -51 -34 45 -65 22 7 34 -33 41 -44 -35 18 36 52 -35 -1 6 -22 -13 0 31 -15 -5 53 8 41 -6 -47 53 -33 52 -65 -90 -68 73 88 93 0 -45 -42 33 9 -6 1 -8 7 15 28 -4 3 -7 -31 -13 -41 14 -19 -13 0 4 5 8 12 6 -6 -10 -25 -11 -4 -6 44 69 53 -53 76 -80 -102 -79 -95 92 87 -58 52 52 -70 -66 62 66 -47 -63 27 13 -21 -28 28 -18 -13 27 -46 -19 -28 -4 -22 -25 -14 -12 9 -29 21 7 -3 7 28 -41 34 25 26 -43 44 43 48 26 -22 -30 24 2 21 5 -26 8 6 8 13 -12 6 -14 -16 23 -22 -6 -12 9 15 3 -10 12 -10 6 8 -16 -24 -19 -1 8 16 52 25 -7 7 8 22 1 7 22 -4 15 -7 -19 6 -27 -37 -35 16 -71 -33 -52 45 77 -91 -85 -44 52 67 76 -78 -91 -64 59 -74 -87 -73 -56 25 -59 -63 -3 2 14 34 -16 17 -9 5 -21 17 10 26 -13 10 36 5 15 -11 10 -15 1 3 -2 -14 5 30 -5 -10 -13 6 -12 -5 11 2 -3 -8 -4 -28 -37 74 -35 15 -28 67 -64 56 56 45 44 -35 16 -55 -43 -21 -15 -26 -47 -19 24 -9 -17 -7 -20 -5 4 -25 29 -31 -27 27 39 32 -35 41 81 48 58 -70 -27 -8 91 54 65 -106 -98 -141 161 -166 105 -146 -142 -117 -63 -132 -153 -164 34 106 -99 -142 76 -44 66 -96 89 -46 58 -75 49 -69 -22 -23 37 -34 -42 7 -68 56 -30 26 46 -52 43 -38 48 63 -48 -96 35 88 -104 78 -70 -107 54 -57 58 -60 -92 78 -65 -34 76 53 -68 -41 65 -90 96 54 -74 74 12 -53 0 -22 0 -5 6 0 -22 -11 -3 -22 1 30 13 -1 27 -6 -9 -31 8 21 73 61 69 85 40 57 71 86 85 -111 144 102 -103 -115 -123 89 -133 -106 149 90 31 -83 -61 2 -5 24 5 -32 -12 -26 15 -7 -7 -3 -22 -15 14 -11 -14 18 51 -10 22 -47 -11 -1 -45 11 -22 -33 13 35 -24 41 20 -37 29 17 -81 -75 -68 3 -93 122 114 122 -114 -123 98 105 -49 63 -90 51 -75 -47 -65 -87 -135 -86 -146 115 -96 66 -63 -29 -88 62 88 54 -24 39 60 57 -60 -62 38 -39 41 -39 34 -57 -22 -22 19 -19 16 -39 -24 -26 22 36 68 82 121 125 -113 -155 135 88 91 -149 125 -127 -113 -148 114 -116 -95 66 -89 -121 96 -62 119 -47 -21 41 69 -53 23 -16 22 0 35 13 -10 1 -3 28 30 4 3 6 -28 -6 12 4 13 1 4 10 -5 1 4 0 -17 17 -9 13 13 32 -15 -4 -27 6 -4 -2 -15 13 0 4 22 4 0 3 2 -1 -18 -2 17 -5 2 3 10 14 7 -29 -33 4 23 6 50 31 21 21 33 -38 28 13 6 -27 34 4 8 -29 6 30 -7 -6 -15 -4 9 0 -2 -29 17 -11 -16 -19 42 32 -33 50 8 -36 35 31 -50 6 -56 -57 34 -49 -54 -21 -43 16 -22 30 51 34 72 -62 19 -34 -46 53 18 24 -1 13 -26 -25 -1 70 25 -61 3 27 -40 -50 -71 -47 1 -73 -74 78 -73 -112 81 62 76 -88 -81 -60 101 104 -68 -83 126 -75 -73 -48 -69 38 41 14 -2 20 2 -27 47 2 -3 -3 -5 -21 6 -8 3 13 16 0 11 20 -3 -24 -27 1 -9 3 -35 53 -40 62 -72 95 79 -48 -88 103 -106 86 69 -76 51 0 3 26 34 10 -25 -18 22 40 18 0 -15 -31 7 11 -14 35 -34 47 11 -32 -23 30 4 20 -24 19 -7 26 -39 -19 -8 -17 -59 -16 -22 -14 -58 -54 6 -14 46 58 50 28 0 57 -34 -3 -7 -58 -54 65 33 82 -57 -70 -73 23 -76 -13 -61 27 3 -23 59 -27 -16 18 2 -4 -6 -15 -20 -22 -18 8 18 5 -25 17 -27 -44 -46 -15 -39 32 12 -13 3 -10 4 -40 -36 25 29 -13 -64 -55 -44 36 37 -59 -60 60 44 -19 94 -82 119 -98 -61 -86 94 115 -106 44 52 97 100 90 -64 48 -2 -22 -37 -28 -1 63 -30 36 44 -38 28 -6 -34 -10 20 0 38 -18 67 -26 -11 24 50 62 68 -47 49 100 -97 -72 71 49 -53 4 -31 -36 -36 27 11 10 33 -21 14 25 -39 32 -39 -40 14 5 -8 -9 -9 3 -43 -9 -34 35 -14 14 -14 28 -18 25 -29 -38 7 -17 -12 19 16 0 -33 -90 101 103 87 119 -110 -92 71 -77 -77 91 -36 7 61 30 8 -10 -7 -2 -3 -8 -6 10 -1 -2 20 -34 16 0 10 10 9 15 10 27 -17 -25 -18 20 25 22 -43 22 -7 -4 22 -18 4 34 7 68 70 81 97 -93 100 88 -53 -74 110 -69 78 -22 46 41 59 -34 -8 14 -9 -16 -13 26 28 1 -8 47 14 5 -15 22 -23 22 37 41 -6 -30 -26 -73 -10 -23 28 14 25 3 -37 -3 20 -24 9 8 -5 13 1 -2 26 -19 3 -4 13 15 17 -7 19 -33 -1 0 -4 9 2 10 8 11 18 0 -7 17 1 10 12 6 32 -39 -1 24 38 -52 -52 74 45 -50 37 -30 80 85 41 -22 -56 56 54 60 36 15 50 -43 -58 -45 60 -64 85 -46 49 79 -55 47 -13 -38 35 55 -50 1 -26 25 -38 -6 -25 -26 -34 -11 -18 7 -22 -8 -1 -4 6 -7 -15 18 17 15 -9 4 -19 30 36 -11 -9 5 21 22 -20 -20 5 -24 -11 26 9 -14 -2 -4 32 17 11 1 7 -16 1 38 27 8 21 18 -26 -18 16 -13 -13 -8 -26 -12 24 -14 13 3 15 12 -5 30 8 -19 47 52 -50 -62 96 63 54 94 -94 -101 -102 -42 -72 63 -90 48 66 82 -73 99 87 -73 120 -121 -121 -99 68 112 -126 -148 -131 -84 -57 -79 -56 46 -99 55 100 66 -100 83 84 47 -76 95 -46 89 88 121 77 49 -90 -122 83 -83 -74 -96 75 -48 -72 -59 61 61 -42 -38 35 -44 -33 -3 -14 -58 -40 -24 -16 -1 -54 -16 -9 28 12 11 -30 33 -34 48 -15 -48 57 12 -59 -50 -46 53 5 -45 -42 74 -78 78 58 80 47 -39 58 72 49 -48 -44 61 60 -63 36 -20 -42 45 39 36 47 5 74 46 42 49 60 43 42 34 -14 -48 34 -26 -40 -38 21 88 33 -56 -52 -64 -40 17 -55 -13 52 44 48 -89 -53 40 41 -30 71 79 -54 -54 -46 46 -2 -5 -40 -6 -10 31 12 41 45 -57 47 50 43 41 -32 -39 59 20 38 -47 37 -55 20 -9 -41 39 -37 -18 -17 11 -18 -14 6 -16 16 -26 17 8 25 43 -47 31 3 -51 -54 33 -66 -79 51 81 54 109 -74 -66 -126 -81 -67 46 -99 -120 -87 40 16 -78 -95 41 31 -55 43 60 0 -25 -48 26 -26 -9 -31 -32 -1 2 -32 -3 -15 15 5 3 21 -17 -36 2 27 29 42 -91 71 81 36 -116 75 52 -62 -50 82 75 89 71 71 98 66 -61 -60 54 -59 56 34 57 -50 59 -72 -50 -60 -87 97 70 100 -66 70 79 -63 20 9 -35 -48 33 47 48 -27 15 5 -20 5 -7 10 13 -1 -30 -42 -37 25 8 17 -34 -23 -10 12 8 16 -11 15 18 26 -62 -13 20 -7 43 -10 38 29 14 -1 4 -24 -12 -10 8 16 21 16 6 -12 10 -9 0 -12 23 -20 -3 -12 10 18 -51 11 9 27 -9 -8 1 5 5 -10 -10 12 -13 14 31 -7 11 -78 -62 77 75 99 -100 -102 96 98 105 86 -56 -36 -47 -87 24 -98 -62 -56 57 -92 39 -60 -69 -50 -78 -85 93 -56 -75 81 87 -96 106 92 -74 -69 83 61 -14 -31 -36 -65 -29 15 -49 6 21 36 15 25 23 -31 -4 -1 5 -16 14 -28 -24 6 12 -9 -20 17 14 -35 -24 -6 16 5 -32 -3 -21 -3 -16 3 23 10 8 -8 -55 -7 -28 20 -39 8 -29 50 -42 -19 33 38 33 -15 -25 49 53 -9 -23 -22 12 18 -4 -32 -17 -6 0 -15 -6 -16 0 18 25 -9 -5 -39 -19 -2 28 -10 15 -9 30 -9 -46 -6 3 10 -15 8 -5 -1 19 -17 13 52 20 3 2 -10 -1 21 -13 6 -27 -26 0 26 29 37 25 17 38 36 34 -27 23 26 56 -70 -74 34 19 63 -63 -7 -10 -2 17 36 21 10 -1 -50 11 7 6 -6 19 -10 1 -6 -2 3 -15 -29 -30 33 49 14 30 40 12 -31 -97 3 -55 -40 38 21 -17 -64 13 67 76 -77 -89 68 50 -84 74 -56 -16 -21 44 27 -8 -18 -24 0 7 21 -32 20 17 -13 -29 -9 -35 -31 7 35 -5 11 35 -25 20 -8 12 -53 6 -10 25 5 21 0 4 -15 7 -3 -9 -3 52 -18 5 13 9 -18 26 40 -34 -24 30 119 88 -82 -92 41 -64 75 -148 152 -121 114 -108 -97 -68 92 -12 -25 84 108 -62 32 -52 -39 -64 -57 -48 34 -30 -24 -39 -57 -67 -45 -26 17 7 37 51 39 -47 8 19 21 -34 -5 35 -10 -63 9 12 -50 6 10 12 -1 -9 -45 -1 -16 -13 2 -14 -4 -12 -17 19 4 -35 -21 -10 -6 0 -1 -19 28 27 35 25 16 15 3 -13 28 -21 -18 -20 17 40 13 12 -2 -13 -4 -9 7 7 22 71 45 38 -13 58 63 -91 66 -73 99 115 -101 122 -93 95 -50 -69 71 -64 -53 -44 -70 -31 62 62 -84 56 42 66 -75 63 -35 -71 -73 -31 -104 -84 77 -61 -120 101 -111 110 121 76 123 -89 -2 75 25 36 -83 76 -18 -2 27 24 43 -10 41 -59 42 62 50 33 -53 34 -82 -106 -93 71 88 -111 92 -81 -148 -83 101 -82 80 -88 -77 -83 49 57 4 -98 -101 -95 -69 41 -72 75 30 -39 33 75 -37 -69 40 -35 -36 -24 34 -10 49 -27 24 6 11 -2 -19 -21 -19 17 -19 24 11 -49 4 31 -1 28 25 -16 1 8 -14 29 -12 -30 31 -26 -49 20 -32 -4 6 19 17 -1 10 50 18 -1 66 77 113 119 -131 103 -97 -108 97 -24 51 100 -55 -71 45 29 -84 66 -50 -63 59 -59 33 79 102 -46 44 -10 64 -60 -43 15 -24 38 -2 11 -6 -21 8 -3 -11 44 21 -15 24 37 35 -29 -9 -29 35 -17 5 -24 49 32 -21 -12 25 -7 68 31 -15 25 -36 -16 15 15 23 -5 -15 20 23 35 -9 21 37 20 -14 34 -58 44 -59 -39 -90 -47 46 93 91 76 -84 92 110 87 -117 -90 107 73 111 -82 92 -73 -75 22 11 -81 -107 -115 63 -89 -64 -83 -26 96 -83 5 -22 -16 12 -49 -28 27 2 -17 -3 -47 -27 -52 -54 -57 -33 59 -57 -24 22 22 -7 -43 -32 -38 29 -13 28 -13 23 15 1 -37 -27 -4 -31 -4 4 4 1 17 15 -33 -17 21 23 7 2 1 -17 14 3 -41 32 5 -2 -8 5 64 7 -2 9 -21 -19 42 -26 -24 -21 -18 -5 33 -10 -55 -44 -14 -36 -52 -29 70 -44 53 -77 -33 -47 24 -2 -74 54 10 18 -51 -26 19 -11 53 -15 12 20 32 -27 -16 -18 -9 15 -4 -24 16 -12 -3 -19 -6 -5 6 -2 7 11 6 -67 14 16 45 13 34 -6 -20 4 34 -23 1 12 28 19 58 -39 51 44 79 -11 -85 118 -100 124 122 127 124 70 86 77 -72 45 -17 36 -50 50 59 76 -31 -28 -48 -40 32 -55 -82 26 86 -27 65 -62 10 67 56 -59 -76 -65 -81 -130 -114 154 112 -127 75 96 -92 -51 49 56 100 62 -58 25 26 50 19 -8 -50 -29 -15 0 -6 10 8 31 28 19 -22 -53 -5 22 -10 32 31 -36 -24 3 -30 43 40 -40 -4 -3 -1 -13 7 -1 -23 8 10 8 1 3 15 -47 -55 29 49 52 61 -51 46 -76 -84 -65 -20 50 56 44 27 48 21 -7 -8 42 17 -19 0 2 11 12 15 2 15 -21 8 8 15 -2 -9 35 14 -15 18 24 52 -31 -24 59 -13 -67 -59 74 49 69 52 -38 -44 70 -53 -63 91 78 -89 70 -95 30 -46 45 -40 76 -9 -25 -19 12 5 4 -30 1 -12 3 22 -10 -10 2 27 15 -15 -32 5 14 -3 46 66 50 -21 -34 -58 64 -68 -27 -32 -94 -28 -42 -49 54 -50 -36 71 49 56 -38 25 52 23 -25 57 -14 64 22 -2 -30 41 35 6 -32 -74 -29 46 -55 -31 43 -76 46 95 76 -58 67 51 59 -47 51 -54 -55 31 -30 -45 -24 -2 24 27 8 14 6 4 -4 11 17 -13 17 -35 10 10 1 -13 -22 8 -19 6 16 13 -5 16 5 -33 23 20 -11 32 8 -12 -41 -39 74 -42 -59 47 -30 -57 57 13 27 8 51 15 -40 38 -27 -18 2 -44 -11 32 20 17 10 4 -2 17 -29 12 -13 5 2 -21 8 13 -11 0 0 26 17 5 7 16 5 9 10 -3 -5 -2 13 1 2 20 -11 -6 15 -1 -15 -22 11 -8 5 4 7 -2 -2 11 -11 -22 -26 -31 9 -25 -17 18 -46 32 -75 -40 57 -58 26 56 -43 98 97 73 -98 -94 -105 124 180 -115 138 153 168 135 -119 -181 127 -147 97 123 -125 50 80 -39 30 -16 -49 13 47 15 33 -21 20 33 -10 -56 75 31 -87 93 -111 -103 -83 79 -103 106 123 -137 100 -152 165 -117 -94 90 -118 127 104 -17 -46 67 93 -43 26 -33 29 54 26 22 55 59 36 46 -1 48 -2 -31 -39 2 -44 20 -43 -66 52 5 75 -112 -103 -47 87 -104 121 -105 100 105 143 59 86 -83 56 -78 -65 -54 65 31 21 24 19 -21 -22 2 10 0 -37 8 26 14 55 91 -87 -47 114 124 125 124 104 -133 -105 -71 96 -91 83 -72 68 52 -17 75 -52 6 62 -71 51 -52 -69 67 -37 83 62 57 -83 48 -31 -56 -88 67 -66 28 -63 58 -40 79 30 -91 -76 58 119 129 125 -125 162 125 127 -2 -99 -28 -35 -62 123 48 -56 65 75 93 58 -43 -38 70 -74 46 -72 46 -24 -13 -1 -35 -36 47 -39 73 -62 72 71 65 77 78 -121 63 -85 86 75 -47 -79 -66 78 -102 20 58 61 23 26 34 -41 -4 -64 -24 35 40 29 -50 67 -59 58 -113 -42 -50 68 -97 -34 99 -59 71 -61 97 -75 -74 -104 -87 86 93 -78 -90 -95 -87 -76 29 77 100 151 142 142 -90 122 -120 119 -105 109 93 85 80 -56 71 -72 61 -99 -51 11 55 84 47 -61 -25 47 -85 -29 -51 4 42 -26 -36 1 -33 16 2 -13 -15 -5 -5 -4 -5 -5 -5 -14 -4 -8 0 20 20 -19 -16 -2 -26 0 -2 -4 14 18 39 10 -27 20 -1 24 1 -9 -12 -23 11 -4 32 -19 26 37 56 -56 62 84 -69 46 -53 -56 50 57 30 46 39 -76 -67 -82 65 -76 -59 58 98 35 -52 41 61 41 37 -46 66 -4 14 -61 -18 4 28 52 34 27 -36 -27 19 -13 12 -20 -20 -28 9 -15 11 1 -50 13 25 -16 -8 7 13 27 -23 -6 6 -3 -5 0 2 -33 3 -22 -6 -14 -9 2 45 17 43 18 8 -27 -23 -6 11 41 8 -15 28 -13 25 21 7 55 28 -39 37 30 51 55 -79 55 -56 -59 69 80 79 -91 -107 133 -81 70 98 -101 84 41 -64 77 17 107 -54 51 -30 51 -59 25 33 17 50 -30 30 -64 44 65 -17 -3 4 53 -33 48 36 -58 -31 -70 96 -71 -72 -72 -86 66 -81 61 66 25 54 37 68 -31 -35 17 22 36 45 80 -38 -13 41 -23 -44 -43 -68 -57 -57 -57 37 56 50 39 68 -4 -27 52 2 -10 -26 -28 0 -34 -18 -29 14 -28 -16 13 34 10 -6 16 -2 -13 11 17 32 27 6 10 -57 -5 9 0 -43 33 44 40 25 43 14 -57 -44 -35 -61 39 -7 54 -57 29 36 -37 -49 49 47 -49 -41 -43 -59 35 -31 -23 -35 31 -30 -1 51 -10 -26 -21 -16 -15 -19 3 3 7 -18 -16 -14 18 13 48 29 -23 -33 41 39 -26 50 42 -32 -42 -66 -49 -45 43 -29 53 -27 56 -18 18 -22 -20 -12 4 1 -33 -24 -30 41 19 -14 5 -13 -13 -45 -34 -49 -59 66 -10 41 65 -70 -69 -69 84 85 -66 -19 70 61 51 37
6144,-9 28 19 46 4 -7 -77 87 -14 -22 -49 -73 -7 17 -25 3 32 57 -43 -17 -1 -12 -35 46 -3 -30 57 3 47 -75 -23 -54 -18 -61 28 -1 -23 34 -32 -99 -90 107 -45 -38 39 -98 -45 -61 17 32 -2 25 26 -1 -5 -67 8 0 -7 -64 71 28 -22 -4 62 10 -17 39 -2 -60 -11 20 -16 1 -44 31 12 87 35 35 -37 -8 -20 13 50 32 47 -46 51 -62 5 -38 -60 19 -42 -50 -49 -2 -18 75 4 -36 -33 -31 35 -3 39 -51 9 60 -12 -41 -51 -27 47 -17 -22 -22 -101 1 55 -7 -54 -9 -64 -33 52 19 -41 -31 -36 -76 33 20 -37 27 -37 -30 -85 -28 13 -2 24 41 34 34 9 37 91 -41 89 -3 40 16 -41 45 7 42 -19 66 41 13 -39 -52 5 -30 -1 1 -4 -45 8 49 67 -60 -19 -44 50 -84 -54 24 27 -46 72 77 36 68 -18 29 13 -32 -12 15 4 -79 5 -30 -3 107 115 34 5 26 -22 -26 1 -22 -52 77 56 -20 33 28 -31 62 39 28 9 -38 -63 -22 -67 -61 63 32 -14 -40 26 10 -8 14 42 76 4 72 39 -3 -62 27 66 -23 38 -41 -34 64 44 34 -32 11 -19 -26 81 32 30 -13 4 47 -6 38 -38 -11 35 -57 -14 -63 -23 8 -39 77 -67 -11 21 -20 47 6 -3 59 -16 0 13 -39 -19 17 -42 9 -48 -17 -110 -74 32 -29 21 54 17 67 -58 66 -63 -21 8 -70 -91 -28 43 20 85 -104 -42 27 53 44 -34 -71 65 46 -40 60 86 -2 6 -63 -54 33 29 -5 -52 67 -19 30 -15 32 16 33 34 27 -62 23 -51 -32 17 -61 32 10 24 8 21 -59 77 33 47 -57 -44 -19 -44 -23 -17 -45 -75 23 29 -71 -7 -4 -66 99 -30 -38 15 24 -60 -4 12 3 -15 -30 24 64 -144 58 36 44 95 -38 68 51 -5 -24 56 -48 -42 13 -88 4 42 -42 51 29 -39 89 -1 -38 -12 18 18 40 49 46 -23 0 -67 -11 14 37 -16 1 109 21 -19 64 10 -56 -26 -37 17 -5 -33 17 4 -11 41 72 -46 3 -52 -43 -23 -9 40 56 -33 46 16 72 48 41 63 13 7 -34 -63 -67 4 37 -32 -1 -59 58 18 -6 -23 36 49 -69 30 19 58 -16 20 81 -23 -4 72 59 -45 54 -44 -45 26 12 -59 -27 -15 -79 -7 85 65 -43 -10 -27 46 68 44 -11 0 46 30 -66 3 -34 -36 -32 -11 9 85 -72 -24 -7 25 12 -4 -1 81 -84 43 103 4 -21 44 41 -52 -92 -23 -1 -55 2 -14 59 2 -63 18 -4 47 38 -49 20 55 -51 3 -7 34 -67 29 -42 -9 -32 7 34 33 50 -45 38 -5 59 38 16 28 -52 46 3 -16 6 -26 3 30 33 20 53 56 25 -45 28 55 -79 -11 40 34 -65 121 63 20 -15 8 -67 -65 93 -18 -9 30 17 -75 0 18 -40 2 4 19 21 6 7 -44 -48 43 -42 -30 58 -15 9 -9 77 19 41 50 52 6 60 57 48 77 67 -44 6 -14 -44 -40 71 -42 -61 16 40 27 -15 59 20 17 14 32 -89 10 6 -12 5 -20 41 -23 64 -75 51 3 -22 39 -84 13 11 74 -24 72 21 -42 28 56 -22 72 -62 -36 -66 26 25 29 -94 -57 4 -12 -61 -69 42 100 -15 -71 77 -27 -75 -22 3 -55 6 -44 -22 -13 66 -16 -80 -19 24 22 85 32 76 -34 43 22 -15 32 60 -68 8 17 -3 -8 57 41 13 28 -31 62 29 5 -20 35 42 -44 -2 65 47 70 27 24 30 -28 32 25 65 56 64 -37 55 25 -52 -69 -32 -40 43 29 80 -99 11 15 2 22 85 24 -90 -4 -53 89 25 -23 10 24 -63 -51 19 -40 71 -56 22 -10 98 -5 43 -13 -47 -55 -48 32 -20 -79 59 20 16 -64 -31 47 -56 -39 29 -16 35 -42 -42 -22 -50 54 56 -19 38 14 -26 6 -86 89 -9 118 -35 86 13 5 9 -8 9 -8 31 48 -47 -4 -37 7 -12 -40 -68 36 -42 -58 -38 -39 -46 -95 109 -28 19 -1 3 81 -4 -41 -52 5 47 -10 35 -48 -38 -63 -3 52 -63 69 30 37 58 -64 -21 39 -47 -24 77 50 -24 49 -98 -37 -16 -45 -6 44 56 59 26 -44 109 47 -49 -9 18 -7 0 110 -2 -84 -53 55 -9 31 -35 27 -53 14 22 52 9 -12 108 -73 -37 28 20 -68 -52 91 -47 -26 69 1 -42 80 17 22 50 -1 74 32 36 -11 -57 -65 50 34 7 -18 48 -37 1 -42 21 -17 40 8 -13 -7 71 54 34 -7 2 -5 18 -8 -80 -91 28 47 -10 9 -50 -11 -35 13 -33 64 27 62 -44 -22 25 15 -79 6 47 -13 52 -1 -13 3 -24 -39 4 68 74 -15 27 -84 40 12 32 -5 37 -65 -66 12 54 31 56 4 -61 -5 0 -14 42 -19 75 -12 48 -35 99 25 52 -6 28 40 67 -28 10 -30 -32 6 24 9 -49 52 37 11 -24 -17 -12 7 87 53 -13 15 67 -77 -22 20 27 -33 14 9 -19 -13 -103 -47 33 44 -22 18 18 26 34 13 37 -1 -60 -27 132 -1 -52 -42 34 -57 -32 81 14 -72 18 11 -53 82 24 -53 -26 71 75 -33 32 -2 16 -62 71 -7 -74 -80 35 49 -81 -39 12 -13 40 -44 45 87 32 -3 6 34 -59 -20 -63 -56 -47 -30 -59 -2 -53 -22 -66 -71 -75 39 68 -14 71 15 106 1 -25 54 -12 -27 -53 -30 -29 114 -3 6 -53 41 71 60 11 10 -35 -45 -85 -43 33 -54 8 -6 -5 -39 -46 -9 -40 96 -29 5 23 -13 -2 -28 -49 -76 46 65 -59 45 60 -74 25 -27 -60 31 -37 63 21 -27 -12 -3 -31 -28 55 -51 -15 38 99 -20 -47 21 -25 26 22 -72 21 -41 102 -11 -28 23 3 37 47 -6 -65 -58 30 -5 32 -45 -46 -31 -8 -21 9 23 12 78 -50 -83 42 44 -26 -5 53 -8 -39 33 -63 -2 -46 27 43 -10 78 -63 4 26 -27 -13 -37 82 55 -22 33 87 30 -13 64 -31 -35 -29 16 28 21 -74 39 -49 1 -20 -55 -10 79 -24 4 23 -18 44 64 -6 6 -81 18 -17 -54 6 45 84 -1 48 18 -4 -1 -41 21 -17 -1 -7 58 -16 -13 6 74 -69 -4 25 -10 26 -10 -47 -22 15 -72 22 29 -22 60 31 -47 -93 -109 -2 40 -45 9 -12 -20 -32 -24 -33 -17 44 11 39 24 65 -60 -36 2 43 21 25 26 13 -50 1 72 -7 -77 31 -58 63 34 -8 91 39 50 -34 85 -52 9 -54 -9 28 -14 10 -65 -20 15 -6 68 -39 28 28 -16 -2 14 38 14 -51 42 -11 -51 27 16 76 -22 45 23 26 12 37 56 68 -2 -7 54 -46 11 10 -23 3 5 -10 -7 81 30 15 -43 61 -53 -44 -73 -73 -8 -2 -76 34 10 -104 40 -55 19 -8 10 31 13 -61 34 51 75 -9 20 79 -4 1 60 50 -50 26 7 86 18 18 -12 -8 5 43 45 53 38 8 -25 68 9 1 -7 13 -23 23 32 -32 -62 10 -40 3 11 -30 6 -38 -16 -22 18 43 30 40 -17 -22 -9 -77 28 51 14 78 -35 35 7 -33 40 -54 -38 -6 -85 6 18 61 12 41 -5 -46 67 -33 -66 23 92 -1 -25 42 -37 -13 42 -17 -92 -80 52 -64 19 -74 -3 -85 8 -19 -7 -4 -27 -6 9 73 -40 -5 67 -75 -87 84 49 -39 -12 -61 -23 -37 33 43 -51 52 -19 -7 38 19 88 14 13 -10 47 101 -98 -49 -69 79 38 14 -29 -37 -18 59 43 -11 18 7 -50 -2 -40 49 15 0 12 -3 -75 6 2 24 -59 -66 48 -14 -79 30 103 -81 13 -6 55 -44 67 -9 -35 9 -15 -42 65 40 -33 -56 30 5 -27 -43 39 11 -52 -19 27 56 42 4 2 29 13 9 47 16 -10 4 -44 44 47 -11 71 -41 36 7 -59 -24 32 -56 12 -60 -42 77 22 -39 29 68 -18 -15 -25 78 20 -37 18 -88 65 -6 32 -18 52 -5 -73 -11 -2 -48 27 28 -72 56 0 -49 46 -10 19 15 -19 -59 -14 17 48 34 17 -4 16 36 -14 -20 -7 17 84 -40 -21 -5 -55 49 -2 51 124 24 -55 -52 3 22 -24 38 62 71 11 2 0 26 -13 -14 20 -79 -8 64 -58 -27 -55 -38 -9 72 28 41 -53 -26 52 -51 -84 48 -48 15 51 36 86 -42 -47 51 -19 -73 51 56 6 -6 7 45 -9 -20 -45 48 -42 -50 48 26 17 -23 20 -26 -17 -54 37 -49 74 -16 -11 16 -3 -57 -33 -29 58 -44 -5 24 11 9 -9 -35 2 -82 -57 43 -11 -47 -1 -58 -80 27 -117 -60 49 -9 26 18 50 -62 83 -23 -30 -52 11 6 11 -73 -18 3 -27 7 5 -75 38 -25 -13 40 -71 -70 32 -8 -25 1 -69 -33 48 42 -3 -81 27 25 61 -60 -36 14 -89 -43 106 6 0 -15 20 53 27 -38 20 -32 -79 -101 50 14 -56 -62 22 -4 -2 -58 -14 51 -63 -11 -76 66 -35 38 75 53 -82 25 89 85 -87 -20 -45 -7 64 30 55 -21 10 -31 -46 -53 5 24 -73 15 48 -6 44 46 62 -108 -32 -8 -39 -9 -47 22 52 -33 71 31 -30 30 54 72 96 -47 -32 54 -87 27 90 -45 54 29 -19 -25 70 51 2 71 15 -12 41 21 42 51 4 -65 -59 -49 -18 -12 -3 -6 -53 71 -33 -40 21 29 -98 -78 -12 54 -103 -48 -47 49 59 -18 37 -33 26 -44 -71 -79 37 2 -48 -35 24 -31 -9 -61 47 -2 -97 -5 -3 59 69 27 41 49 -23 -7 -13 14 25 -92 53 -37 -58 -1 -14 4 -39 -24 -27 -7 64 35 30 11 63 -71 -63 14 5 11 61 16 -49 -36 -15 50 -18 -54 46 -10 -52 11 -1 -29 -8 -51 50 -13 82 -57 58 -38 -62 -58 9 27 -1 40 23 -23 -9 -40 71 -2 -53 -36 22 -100 90 61 -18 -30 -33 -4 -8 -60 0 78 -60 -16 76 59 -67 -44 -91 -29 -5 -21 53 23 -58 -75 55 -7 -19 -32 48 2 -54 -76 14 -32 30 34 -51 50 61 -84 3 25 38 33 -43 -14 -82 65 -5 63 36 48 65 -20 65 11 6 -34 15 -64 38 13 -17 -14 -45 34 -37 0 29 16 -30 2 43 18 72 -77 78 -10 35 -18 -14 -12 77 -2 46 23 50 79 -36 6 -14 -32 -35 22 -16 -28 -91 1 35 37 -32 39 48 14 -10 -3 93 8 11 -20 -8 16 52 -95 -31 -48 4 -1 4 -47 56 8 40 18 -28 -32 29 2 -50 37 65 72 47 26 15 -65 -18 74 -38 -65 -26 -60 -70 22 39 24 -90 -98 3 55 27 7 -53 47 1 -40 -41 -52 19 -65 50 49 25 -39 -37 76 9 43 -18 -41 -77 61 12 -34 -61 31 51 43 8 24 -22 37 -18 -5 -27 -25 52 75 31 72 -54 34 -107 -38 16 -32 69 -20 8 36 -55 17 -25 -6 -66 62 -89 135 -91 23 -27 35 78 -45 25 81 -8 -36 24 -25 4 11 -94 -107 16 0 -12 41 -40 85 -6 -4 26 -6 -35 -45 -24 -53 -21 -44 -48 15 -26 -14 42 89 -11 -47 41 -23 -2 43 29 -36 26 41 -92 -35 30 -36 11 -35 49 -3 -15 -18 4 -33 -55 43 32 -24 -9 9 -83 7 -58 -19 -2 33 -41 -1 -29 29 -20 -10 41 29 32 43 -30 -47 40 -16 17 62 91 37 45 11 -63 30 11 -60 41 25 58 -68 16 -44 -46 73 -33 8 -20 49 -73 34 19 39 67 -16 78 31 -3 6 -23 -27 -48 13 -26 -4 -44 -43 -72 -107 16 8 -41 26 2 -17 -20 38 38 69 -2 -4 -56 -53 78 -12 38 -56 50 -41 79 -84 14 17 9 -34 48 -72 -65 56 -61 84 -9 -14 7 -22 -81 12 -28 -4 20 -5 -16 -53 -20 -120 10 -81 -80 33 -69 -30 -3 -3 -25 30 -2 66 38 -44 11 98 17 -57 -23 -20 26 -60 14 49 -53 38 -53 -74 -45 23 38 -47 -49 6 -57 -59 -18 -10 -69 -87 -4 14 48 23 22 -62 36 -2 -40 29 27 22 -24 84 27 -62 -29 -23 -87 48 -17 -20 32 31 7 85 -112 -53 -55 47 -59 42 -34 0 75 -8 -9 45 42 -21 -33 -13 31 -2 -28 12 66 32 -105 -12 37 -126 -9 32 22 -68 -5 8 -38 -27 -59 -78 -101 -81 32 4 56 14 7 1 -32 -20 5 -4 -10 -8 31 41 -24 -68 49 -3 13 9 6 -40 -47 -35 -77 21 44 -86 21 43 -23 -52 -38 40 -35 -2 21 -40 76 0 79 -44 -22 -101 8 6 18 24 22 33 61 42 89 33 26 -65 12 56 9 -28 13 14 14 -32 -7 7 -42 32 -41 -64 7 44 -104 -28 0 -67 0 -81 20 2 -21 -50 -70 90 -61 -31 -55 6 -31 -81 48 -87 -17 -66 86 -68 -18 89 24 -78 17 54 -35 -21 -8 -24 66 67 24 42 -62 43 15 -52 -9 -29 -56 -52 -38 -103 -39 10 53 65 26 -40 70 -38 26 -35 10 -20 -70 -25 59 -45 9 34 5 -10 46 39 -58 40 -24 -10 -76 10 -9 -16 -5 14 36 40 -66 4 -54 21 68 -2 -28 -6 33 95 -10 -32 -22 60 -18 -7 22 41 -18 -39 -27 69 -84 46 -21 -1 -59 4 -26 51 27 -22 -50 -30 -32 16 -29 -23 68 -58 59 -27 34 81 -63 -52 49 -5 -19 -52 -27 -38 65 104 -8 17 -13 33 45 40 -68 74 61 -46 -15 -45 -55 -42 16 -90 97 18 -77 -7 49 19 -21 17 60 6 51 -33 -43 -2 56 -15 39 -31 115 31 17 -68 -36 -18 -35 -35 -53 47 -41 -44 -1 23 -31 44 -32 16 -15 -77 22 -31 8 -126 -31 -9 -22 37 -7 -110 -59 -52 -53 3 -30 29 -26 -59 67 -36 -24 49 31 4 57 -79 -19 -43 -4 -6 0 -75 -41 -58 34 -8 51 -101 -34 43 -63 21 -13 3 14 -28 -11 12 -78 -41 28 -12 -94 52 27 -48 43 -29 -71 -3 41 -29 -48 -16 -12 -8 6 -11 68 63 -84 -25 -46 -23 -59 96 75 37 38 32 33 30 -28 -64 -22 59 51 42 -34 -102 -30 -17 -25 9 -20 -46 -17 1 2 36 19 -86 -50 -90 -95 -16 -33 21 -12 -13 11 -44 -11 -27 44 27 -15 8 2 -2 9 -18 52 25 -21 -19 65 -50 -54 -18 5 -28 8 -13 68 -44 20 -23 8 -32 93 45 23 71 47 41 38 -18 79 14 68 47 -35 30 -62 -35 2 7 -18 20 -69 86 37 -28 -23 24 78 80 57 -101 46 74 84 10 -34 -25 50 54 -66 33 27 42 -14 -21 -64 3 3 -30 -28 11 10 70 -45 64 -9 -16 58 -23 69 -65 -6 77 67 12 36 -2 46 38 34 -3 7 -38 -4 4 -33 -8 -53 -25 32 -7 -10 23 60 -22 -17 -6 -43 -71 56 0 48 44 -6 -39 -15 -41 -7 13 -64 -47 24 -61 -79 26 22 78 -5 23 22 55 4 79 -77 14 63 -61 11 66 63 -27 -51 16 54 26 0 -61 30 13 17 -4 31 -23 12 -36 -6 22 -7 13 62 -24 -102 -27 19 -65 -22 35 -11 -8 0 -6 -48 9 -19 5 -32 22 -40 28 -67 20 -53 69 -49 62 35 -23 -15 -26 -62 48 -84 -29 74 -82 28 -56 -5 36 17 -66 2 -2 -6 -12 -5 19 70 36 26 -46 16 -14 0 62 -51 -17 45 -72 21 -61 27 -11 -19 78 -72 -20 -65 56 -22 26 46 49 -5 -95 -42 33 30 -18 -13 -9 -111 79 -65 -61 -32 -15 -84 22 -61 -12 57 38 -34 53 -56 72 48 11 84 -20 129 1 -51 -18 -42 39 32 31 53 28 -62 -35 20 10 8 38 59 60 -71 34 14 -87 -49 -90 -24 -62 -55 -10 32 -11 24 -51 42 14 -28 23 -34 -43 45 -49 62 -19 -15 -28 -39 5 -35 -73 18 -54 -69 -52 7 -24 39 26 -29 -67 38 22 33 34 -52 -12 -13 61 35 -11 2 29 -32 -20 -79 -89 108 -37 93 -59 -52 -55 -33 73 101 -59 8 71 -61 -43 61 45 10 -20 99 51 2 -65 53 -55 41 -57 -58 70 30 -13 51 30 24 13 6 -65 -3 -31 26 -25 -24 -31 4 12 27 -6 -2 19 68 20 -30 34 44 59 6 3 45 6 -37 -19 -18 -37 -105 65 68 -4 48 -44 1 -72 45 18 -36 18 -13 -36 -66 -77 -64 -16 71 -33 81 -1 -6 -73 65 -9 -49 -97 -34 -13 -61 7 -8 6 90 16 17 14 70 -52 -33 66 48 -70 -17 -38 -1 -35 84 -1 -34 -11 -9 15 -11 -54 -63 37 8 0 -29 -11 -52 29 -60 -4 -56 47 -14 -67 4 21 9 60 52 -34 -37 79 38 -54 69 52 -67 54 51 54 -36 2 -9 81 5 -7 38 69 19 25 31 31 89 -20 13 11 -90 25 11 -96 40 -47 33 -48 -27 -43 -44 -62 38 -62 58 5 -7 27 92 -59 14 57 -29 75 37 33 77 -81 -22 62 -40 -85 -44 -34 18 27 -27 -29 27 14 68 -20 -81 79 -73 39 -95 -48 31 8 -72 -8 4 34 58 -2 58 -38 23 -72 -19 -22 39 24 -45 -33 32 82 -7 -42 79 -61 75 -16 -34 17 -101 -53 -47 37 78 -27 -5 -77 85 9 12 -29 -62 29 -15 -6 34 -33 -1 39 54 44 -14 -68 37 25 113 7 -52 55 -35 -48 43 0 43 40 -74 -23 -11 5 -53 27 -8 36 -26 29 18 -72 -38 -25 54 13 -14 -16 28 2 -40 -17 39 -49 -66 5 35 1 9 67 -26 -1 -31 -5 -45 -5 57 40 -4 -18 -51 31 -56 19 -22 -65 -70 15 -59 -19 -54 -22 -12 38 -30 -32 -49 1 8 -3 -27 17 -11 -49 125 15 25 64 -2 -73 25 -42 13 54 -15 -22 13 -41 6 48 -85 24 -7 51 -2 67 62 61 -14 41 54 -67 51 -27 -6 -31 -41 18 -26 5 10 -30 -22 83 -22 -31 -9 -39 -86 -74 30 64 75 -24 -7 -16 -56 -74 8 -32 -34 -68 -54 -133 -54 -13 -37 -25 86 -24 25 -66 31 81 53 -42 -90 -7 0 -15 -4 -29 26 -29 29 3 8 -13 -25 -1 55 -61 -48 -53 -42 -49 -40 -37 59 -7 -108 -79 -24 34 52 -56 -15 31 -24 -28 -84 -6 32 27 -40 53 18 83 17 -46 -16 8 24 -69 57 52 33 63 37 75 41 49 -18 1 5 2 -33 -81 -95 27 -69 23 11 -53 -82 -43 -43 -36 0 17 -63 -24 40 34 -68 -15 -49 -3 -71 39 -33 47 -13 -2 -20 -107 24 -39 24 -63 76 -2 56 29 -81 65 -22 -30 -61 -30 -80 -25 14 27 -62 -19 7 19 -80 -9 55 -22 46 16 -98 -37 37 40 -12 51 -38 -33 68 7 5 6 13 41 27 -7 -7 -17 1 65 26 41 55 -60 -22 -55 22 -48 6 -34 -54 13 10 -17 34 62 -53 -5 29 -75 13 -29 67 -37 -11 58 -29 -5 -79 4 -11 33 24 -30 37 72 82 -16 43 -75 46 -65 39 19 26 30 11 -18 -25 33 -34 -51 3 60 14 15 -6 60 -51 -70 -63 91 -51 38 -54 -87 15 20 -2 -55 37 -40 -76 67 -47 52 26 47 -87 38 -9 104 -38 46 16 66 -2 -39 12 -45 -59 -33 -58 -103 23 9 75 35 -32 -47 57 -74 -63 -14 40 73 -4 -40 -65 13 -59 -59 42 38 16 -96 16 -3 -36 25 96 60 18 -11 0 -9 -26 14 94 -75 61 -15 10 77 -18 68 -21 61 21 16 45 -17 27 57 36 4 -10 -103 21 -11 13 -34 24 0 47 34 14 -70 -5 -8 38 -14 15 -25 68 33 49 19 -59 21 -6 -20 27 -63 51 25 30 29 -22 -25 -58 63 -50 54 -38 63 7 74 29 -9 -17 81 53 58 -5 28 84 24 17 16 45 -6 -39 69 -34 22 12 22 -71 29 -7 53 11 -11 9 -16 -47 -33 -20 41 -2 13 -10 -70 29 -75 -52 -77 41 -109 9 -72 13 49 89 -3 27 22 27 65 91 29 -2 -41 -67 11 44 83 -44 -39 12 -14 -43 92 29 25 -15 7 1 -79 45 0 -63 47 42 -56 8 5 -71 -20 -58 -121 37 -61 55 2 -56 0 -39 -53 19 62 11 -24 -2 -37 -10 18 -37 -26 -28 2 -55 -14 -39 -30 -21 12 68 -80 -59 73 72 -11 -28 10 60 42 -2 79 48 31 40 3 -39 -101 -10 64 -1 -41 -57 11 -6 -44 -17 -38 36 7 97 85 -24 2 -43 30 -74 -46 14 -12 19 45 54 -24 -38 -62 27 45 -19 69 -12 13 -12 20 10 54 -10 -33 -34 90 -57 -14 -2 50 -70 45 -52 64 -11 17 -81 -2 -69 -30 -37 73 49 36 55 -49 37 1 -3 -16 -24 42 -16 47 -35 -8 -29 -57 -49 73 45 -4 1 68 47 8 -3 -78 -31 9 -3 -8 -31 15 -85 -4 31 41 -55 -45 37 -39 31 -28 6 12 30 32 -39 10 -50 -12 -130 54 -17 73 -81 13 33 45 -1 1 -78 38 45 4 39 -20 -32 -95 16 92 37 29 -94 -65 -41 -51 13 40 59 102 9 44 -32 -15 -7 55 -22 -46 -54 -27 70 14 23 -11 43 35 48 -62 -41 -7 -16 -80 5 -68 22 10 42 -21 28 64 35 -4 16 1 -8 -45 -3 46 14 17 27 -11 -27 27 13 -11 -50 -12 12 39 6 1 0 -10 -24 -16 -63 -8 -18 10 -19 10 27 41 -10 9 -114 -23 -1 17 -46 81 -61 -43 2 -12 -50 -20 -9 -34 76 -21 14 -12 -48 -33 38 1 10 -25 11 -38 -102 -100 -15 -18 40 28 -52 40 8 -58 37 -6 14 108 -6 47 6 9 21 -3 13 9 -12 -44 -25 -49 -69 -58 -92 67 90 -79 8 88 -48 -36 -40 61 -5 -50 -18 -30 11 -49 89 -31 39 -28 35 -11 40 21 -52 39 -3 -6 23 -48 -71 20 -33 -36 42 17 -53 -22 46 17 9 99 114 -9 -37 68 -70 -29 -45 -22 66 31 -77 23 -40 -18 15 -78 -40 -3 -4 -58 42 38 -30 -13 -53 -25 -37 11 41 -25 -50 -26 82 14 -8 -51 -8 26 -55 -53 -26 68 6 27 -77 34 3 -59 68 -18 -11 51 -33 33 57 7 -32 0 -35 99 -54 4 -83 27 -12 -22 -4 -42 37 -51 -45 -109 -58 47 11 1 27 -8 -38 -41 -11 103 -41 -93 -70 -69 7 -49 -50 -31 43 6 13 25 -77 -6 28 11 -1 50 -46 -2 29 4 -7 47 92 23 21 56 57 93 5 -19 -29 39 52 38 -40 18 -26 -32 -51 12 38 10 46 -70 -74 4 -47 123 -39 -21 20 71 -50 -15 26 -51 -1 42 36 36 41 -51 -38 -49 -26 41 26 -63 -29 -47 -1 58 22 -56 12 -16 41 -22 54 34 -15 -54 -63 77 -33 51 29 -70 13 -1 -46 2 -14 -27 34 81 -39 -54 11 23 -37 -48 -71 10 -72 60 14 -25 -32 0 34 86 -34 37 23 -71 78 9 51 61 -86 22 -33 30 -9 19 -34 17 -10 -36 34 73 106 -57 43 -25 52 31 -16 46 26 -38 -14 -25 14 28 -49 30 80 51 -23 11 13 0 -42 -14 55 -52 -69 8 36 21 -60 23 -78 43 48 23 -68 48 -26 -41 -44 36 9 105 -34 27 35 -23 -15 -117 17 -6 -1 -44 -96 -35 -46 73 -95 34 -7 18 -69 -54 76 -12 29 53 -29 22 -56 40 -79 -58 4 -21 -20 19 -53 -20 -43 43 -6 -2 -50 47 38 27 45 54 -62 11 -67 -33 -56 26 -5 9 25 45 -47 -59 -52 -9 22 -54 35 -8 -14 4 9 52 -11 -7 84 29 56 57 -25 -14 -32 -23 -3 -12 66 -64 23 9 1 -107 -90 -28 -41 53 9 59 102 4 -44 59 -25 75 24 39 9 65 -59 51 -29 -45 18 -48 28 -14 59 -35 -11 -11 61 -27 -65 -36 -72 57 29 23 99 30 57 -32 -1 -18 14 7 -59 -9 -20 -23 -21 36 -22 -70 52 -12 -53 19 76 -52 58 48 -36 -62 -52 10 -95 -42 71 -45 -66 -47 -14 -47 -12 -80 8 -21 34 68 22 -29 31 28 63 44 -23 -62 48 -29 -53 28 -64 -16 49 -30 16 -69 -46 -6 48 60 19 25 11 -27 -77 42 -69 75 -2 64 -32 -25 4 -11 -82 9 14 25 11 22 9 -53 97 28 9 -73 -30 59 2 47 41 -80 -14 4 -52 -12 -57 -55 -97 -32 26 73 5 -27 68 -60 -7 98 24 -21 53 50 66 -14 -37 9 14 -30 -42 53 16 -65 48 33 31 29 -7 -14 46 60 35 31 17 -17 75 27 -66 19 41 30 -42 48 -29 -81 19 -21 -41 51 5 -41 31 6 -30 -21 -28 34 -91 -24 4 92 16 48 -36 -48 -61 38 54 -55 -33 0 59 -59 -58 24 -13 80 -13 79 -25 40 -14 -4 8 -40 18 -32 -25 65 23 3 -24 26 -56 -28 4 -50 -7 -16 -27 54 -7 -98 -26 -56 -16 -79 -36 54 21 45 -8 13 42 -28 -10 0 0 35 33 -26 52 4 37 24 79 9 59 -73 -33 -41 -51 -8 60 -30 18 15 19 -94 -24 -11 -1 5 -63 54 39 21 63 -68 -101 29 -14 -4 -12 5 -19 -30 -107 -20 -75 -47 17 26 -23 26 -48 3 77 -5 -38 45 -47 -92 8 -31 -60 55 -6 22 0 46 -25 -7 -8 -2 18 -1 -2 -5 -86 -6 -47 61 -66 16 64 -63 -71 80 73 56 12 33 -60 48 -5 72 -12 39 50 -18 38 50 -69 50 40 -104 -49 -58 -15 -91 -43 88 -85 -148 -32 48 -27 59 -10 8 -28 39 -78 -23 -2 23 -66 20 79 -35 53 50 -23 -32 40 18 -31 -22 13 -64 -4 57 -9 -38 36 -45 16 -8 32 -38 85 -29 -94 -12 68 -13 35 41 24 28 -9 -78 14 15 107 -30 -66 8 21 -51 17 -9 20 60 0 0 8 -73 -45 63 -58 -7 -55 -16 -64 -76 76 -34 -22 83 21 81 -16 -49 47 -35 -22 -2 -7 -36 46 43 -15 -6 -32 -56 20 -42 -16 -62 16 57 -20 24 -80 -43 -57 -4 20 1 -8 106 17 3 -18 9 -3 17 -19 72 12 43 -60 -48 -48 8 -27 -26 13 -94 81 55 43 -31 -50 -24 89 -14 -9 51 3 47 26 -54 -50 -49 6 69 -3 -29 -34 -46 12 -1 -63 -80 -5 22 20 -38 1 -31 -62 11 -34 -66 -44 4 69 63 -21 -7 3 10 45 -78 24 -39 -41 19 -43 -57 -4 -16 -5 -127 -39 -25 39 19 4 -32 -49 55 -38 -11 27 3 -31 23 -25 55 -8 70 61 -16 16 -15 101 6 -68 8 -9 2 66 23 2 -64 -109 79 -32 7 31 -26 10 -24 -1 29 -7 -11 38 17 26 -8 -5 9 -52 19 -15 12 -74 19 36 77 -32 -59 51 89 -51 32 21 44 37 -39 -49 -23 51 33 -111 -7 -75 46 -10 -79 45 -39 -50 -33 -10 71 9 67 55 -1 16 -57 -81 -28 24 -30 5 -33 35 11 21 7 -42 -5 -14 -6 4 6 -9 -31 -57 -95 -8 -16 58 26 -47 37 36 36 -19 -64 -22 32 -38 -68 20 55 102 39 3 -69 -12 29 -8 29 -21 4 -34 4 61 50 -72 -13 -26 -26 -4 41 -27 48 -27 38 29 -14 31 -10 -54 -11 -45 17 -60 -52 -51 -19 16 -71 71 -37 -4 -18 6 89 31 -83 43 47 87 14 1 -18 3 -1 -12 -63 9 -2 17 -80 1 26 3 -68 12 -6 59 52 25 -74 -55 -5 13 31 -17 40 -16 13 32 48 2 -8 49 1 -22 60 -60 -37 -70 -86 32 -30 34 19 -32 -92 -41 7 53 32 39 -31 38 33 -57 -14 -14 59 -19 7 -78 57 -17 -8 76 -28 43 -6 -62 -5 -52 -34 -32 -6 40 62 -39 25 40 -30 56 44 53 18 -74 -25 -15 -34 51 -101 -17 -35 25 34 37 -22 -108 47 -42 -40 -30 -82 -49 -16 -76 2 -53 12 51 54 -36 24 114 -47 19 -64 45 -21 53 -33 -78 6 -45 -15 -41 -8 3 69 -67 -50 65 -34 -44 -10 -19 -64 59 -29 22 49 -15 13 -39 6 65 -34 -36 7 -66 -19 -54 35 12 84 53 32 -42 4 -21 -97 -3 10 -33 41 6 -53 -13 -65 64 38 3 -12 -16 29 28 45 6 -54 -91 73 -39 -73 36 16 -127 -15 37 84 0 65 21 -63 28 -3 35 -28 -56 24 10 -34 -20 54 60 -4 14 57 -39 25 -46 54 26 41 -47 -61 -20 -48 23 -17 15 8 -8 -23 75 -1 8 -7 -15 39 21 8 19 8 45 74 31 -8 15 2 11 36 70 36 31 -40 -2 50 -40 -9 19 -72 -26 50 -54 -17 -20 48 32 6 -11 -81 -87 34 82 -47 -20 5 7 4 58 27 -25 -6 -10 -26 28 -18 -41 64 -1 -44 -41 34 58 -33 33 -12 -59 36 -73 -22 17 -9 -33 31 -39 27 40 29 -12 18 16 -77 -11 75 3 -2 -38 55 101 89 72 28 75 54 -21 2 20 -3 28 -50 2 5 37 5 25 -18 65 65 -9 49 54 -56 -24 31 -50 -37 -40 -52 -40 2 12 -94 28 49 62 -23 -56 -19 -62 -12 27 34 51 10 35 -9 -10 121 11 -90 26 17 -7 -78 3 30 37 -77 -70 9 -32 -54 5 -14 18 29 65 13 34 2 57 61 -9 -80 55 -16 38 -72 1 47 -4 -62 62 61 -9 -24 -4 -35 -11 2 21 -34 -48 112 10 -108 -44 2 -66 3 -53 79 -63 -17 83 15 -40 -16 8 -10 -5 0 14 -5 -45 -31 -26 -34 -25 -26 123 -40 19 -26 -6 -24 -4 10 -13 60 24 -49 9 63 -29 -11 -49 80 -56 -55 11 25 -8 -14 -23 44 56 74 -2 -76 -41 -83 -20 40 -9 -2 -65 39 45 26 46 70 -56 -14 2 -29 -46 -27 -85 25 2 69 2 43 -29 -67 54 8 -19 51 -80 35 -19 -60 -26 66 26 11 -13 -29 -44 9 -77 -9 77 34 -78 5 -17 -38 24 -48 48 -62 -64 -30 27 -100 -46 76 50 58 -64 18 9 32 -136 -60 -52 -65 71 21 -29 -11 -30 -27 -13 66 32 -44 -5 24 67 22 28 -51 -27 23 -9 72 -77 37 19 27 -43 -3 -53 28 15 41 -18 75 -20 -31 93 7 -5 20 25 86 -49 -42 -63 -32 -58 -7 -25 -37 49 1 36 14 -7 -49 -18 -59 49 -31 31 24 -65 18 -23 -4 11 11 64 -2 68 -15 10 0 16 35 -52 -14 -15 66 43 -21 -17 -13 -33 -5 31 -24 58 21 1 -51 39 -73 3 -58 -16 -86 12 -23 -27 -7 -10 43 57 -89 27 -14 73 -38 60 -31 -41 49 46 -75 62 37 -19 47 -17 33 -22 24 -13 -5 2 -24 91 -26 28 66 -12 -83 -12 -42 53 -14 30 91 -76 35 -19 -13 -96 -20 -65 55 -48 -78 -29 16 13 -57 -56 16 64 0 -58 -54 100 12 -88 50 -27 82 -59 -37 -29 34 39 -69 61 -13 78 34 21 68 8 8 113 66,-30 -60 -39 -71 41 47 9 25 -32 44 10 23 30 45 -68 72 -12 119 5 42 -74 -25 25 14 44 -29 -62 41 0 21 19 -68 2 49 48 13 -44 -35 -9 -45 0 41 -94 -118 48 49 56 18 46 88 19 -30 31 22 13 46 26 4 48 14 -7 30 -114 3 -28 50 -64 -7 23 3 -71 38 9 -62 40 -75 -34 23 32 -65 13 -2 27 63 -6 36 70 -41 -8 29 8 50 -95 -19 -30 -77 3 28 29 -10 -29 -61 45 -46 12 54 -1 20 -42 -68 -21 27 23 32 61 -1 46 -72 -24 -39 -23 -14 13 34 -30 -17 52 -8 -81 -25 18 -85 37 -10 -17 84 -34 32 -35 25 -40 15 -16 -32 63 -31 -2 21 -47 0 -33 -27 11 107 6 -40 -4 -9 5 15 -54 5 -23 -112 24 -55 58 51 80 -9 -6 75 52 -38 76 -16 -27 -65 -4 1 -33 32 -37 -4 10 39 41 -127 -17 -21 -14 -43 44 67 0 -2 61 -58 56 -22 66 -58 -27 -16 84 -31 59 -53 46 -79 50 -93 -88 35 56 48 37 -80 46 -77 -28 -27 -22 -61 -36 -47 -36 -91 11 6 4 121 -19 88 18 12 -7 -76 1 28 31 41 5 -97 -50 61 -13 51 7 -2 68 -10 -5 -54 -29 0 17 -1 -5 -91 7 -15 -20 38 10 101 -59 61 77 -2 5 15 -20 -33 2 -26 -84 -50 23 39 -18 -18 -77 -17 124 -73 54 38 -34 33 -63 -39 1 -31 -54 75 -31 -41 22 70 31 38 22 60 -13 17 48 -99 -60 39 -24 -112 29 8 -55 48 23 -59 -20 -5 18 20 92 80 -63 -45 -100 38 -17 3 40 -73 -39 -13 -58 -16 -38 -29 -58 32 20 9 1 25 48 0 49 75 8 -42 -35 29 66 35 77 14 -16 25 -52 34 -72 19 20 31 39 -37 -20 -20 -47 26 28 0 -82 -42 33 -120 -29 9 -14 -28 12 -74 -53 -28 -66 32 -57 -26 85 36 19 40 -76 8 32 21 -13 -61 -61 -37 30 107 45 16 -32 9 -73 2 10 -83 40 7 19 -47 15 6 5 17 57 -28 -8 -43 18 3 22 -67 -23 97 -18 -38 49 -41 24 44 11 -37 12 35 20 -46 -54 -57 19 32 25 -2 8 -6 82 -53 -1 11 -24 -32 13 5 -53 5 53 -7 -9 34 60 58 -88 9 46 46 8 48 14 9 29 88 -52 -7 53 32 1 -2 -33 41 23 52 85 -42 23 -36 -5 31 -4 29 61 -45 -62 28 -46 -11 54 -7 5 59 41 -4 51 0 51 2 -12 67 -18 -67 -82 -69 -7 63 -11 -85 -23 -68 78 -58 52 25 72 15 29 -10 -101 -3 49 43 97 34 44 -29 4 -46 -63 -16 91 -16 62 25 33 -61 86 -60 75 54 -17 -23 -29 25 1 54 -38 36 57 -33 44 -59 6 64 13 1 81 -18 26 73 -72 -51 -24 -49 -24 -16 -49 -59 20 -49 73 33 105 -43 -1 -56 -32 66 -9 -47 46 40 27 -58 -55 -14 -20 -23 77 -23 37 39 -58 2 39 -100 62 -40 52 97 -19 -21 -33 53 22 95 52 40 -41 43 43 -44 10 30 21 34 -22 23 23 -83 41 -6 58 57 47 18 26 -6 -45 52 -88 -104 56 69 23 33 -1 0 -33 -38 12 12 -63 -35 49 -20 11 4 4 46 -15 -33 61 39 -36 29 2 -35 -71 36 23 -5 36 20 9 -43 70 -5 36 92 -26 40 -104 -37 17 -77 -30 60 21 -20 35 80 53 -35 -59 15 -28 -18 -36 7 -13 -8 -38 -43 -27 -73 46 -14 -77 -46 -7 -17 20 33 -39 -25 25 -37 -26 15 -39 -89 30 -11 15 -63 32 -32 -12 94 -21 61 -48 -3 27 8 39 -82 -34 -38 -49 -51 -52 -47 -42 -58 -43 -70 -64 -13 -75 -33 107 11 7 -82 -40 46 27 -23 49 -18 -30 37 -5 50 -6 -94 12 38 -61 -50 -36 51 -48 19 54 32 -10 63 34 -24 -38 59 32 68 34 -10 25 65 -81 -18 -26 25 -54 -30 -31 30 3 -21 -47 18 -53 -61 33 -92 15 17 11 14 30 -73 53 -87 -101 -38 45 19 58 9 -37 10 -33 -65 -30 57 60 85 28 -49 67 -32 52 -31 -2 -7 -54 -49 -38 -60 108 87 48 29 -69 46 34 -16 -19 49 -77 -79 20 -53 -15 -2 -2 -12 -52 22 -68 39 53 -27 -5 -107 17 -47 36 83 35 21 -54 56 -17 -15 29 61 6 17 12 49 -25 -9 -44 0 40 84 65 15 -24 56 -9 46 -18 -49 49 -20 -22 -54 -61 -68 5 87 18 -63 62 2 -57 36 -5 34 -23 -11 -10 -1 69 88 -25 17 -17 -4 27 -22 56 -28 98 9 -19 1 40 -48 18 115 -21 -49 -23 55 -37 60 31 -18 37 73 -33 22 -9 -65 -4 -11 31 49 -32 44 51 -34 -17 60 -53 -77 -37 9 -89 5 -18 43 -33 27 41 -41 -83 -51 24 -31 37 -46 46 -78 -28 -20 72 -84 -51 50 -45 -52 16 35 -86 -52 -2 33 -23 -10 -60 10 52 -50 -82 90 -25 32 -22 -64 -23 -19 -32 -15 -38 -66 -34 -21 -40 -26 -46 58 -20 -36 -25 -17 -3 39 -35 -78 9 75 37 49 -44 -18 -30 31 21 -25 -55 7 -7 40 -49 -11 -52 -17 14 -14 -93 -65 17 -54 27 94 22 41 -10 23 -17 55 40 85 19 -30 121 -80 59 15 4 4 -5 59 -22 -13 28 36 -57 20 -42 -18 -12 2 -35 104 44 34 -62 -44 -41 89 -33 27 -40 -25 10 -55 -6 2 26 14 86 -45 8 34 -8 20 54 19 -3 88 52 -37 -16 -32 56 -55 49 -29 -69 -42 -35 -43 -6 -45 18 -21 -52 52 55 36 69 39 40 -44 -10 36 -2 16 34 75 -26 61 3 -17 44 -7 -66 59 -1 -31 62 40 31 5 -40 5 40 70 5 30 31 -19 46 -21 29 13 -31 18 -5 -37 60 17 20 50 -55 -25 31 8 57 5 23 -10 -58 23 -37 -7 -104 65 -62 57 44 -55 -24 37 58 -68 53 43 -30 -1 2 -39 96 54 -52 -13 2 -72 45 70 27 20 16 -18 35 14 32 0 9 61 -26 -45 17 62 -28 -11 31 -7 -43 63 6 58 46 37 22 37 71 -33 42 -56 40 57 -10 63 100 40 40 62 46 -19 -27 38 -47 -12 -68 -52 -58 -26 -21 25 -62 9 13 -57 -21 58 37 24 13 94 6 86 47 -16 -18 -51 42 -9 -28 80 65 -63 16 23 60 -14 -11 29 -37 -5 -67 8 3 -36 37 -62 22 -8 44 48 -101 52 25 -58 -9 17 13 55 1 30 24 -95 -11 61 -60 50 25 78 -1 -65 -86 -45 115 13 -24 -51 -55 -86 -2 -95 -26 28 -15 16 3 -6 29 24 -60 10 -38 7 -33 -13 28 86 41 -90 0 -76 -43 4 -6 29 83 17 -74 12 14 15 -59 -24 38 73 -59 0 -41 42 29 -40 -74 77 -58 9 -29 -66 57 62 -41 -37 115 -42 69 -72 -21 -52 -14 14 -32 48 5 21 5 -30 -4 -71 -25 32 -28 -33 0 -66 -70 -47 -95 43 -121 -6 -6 13 65 21 -24 47 38 -62 -39 -47 28 -28 -58 -8 15 25 -16 20 68 -49 17 -27 -26 -45 11 -12 9 -27 57 -17 17 50 55 -11 29 -9 31 38 -6 61 25 3 39 -95 103 -30 17 0 -42 72 -65 42 56 70 18 -24 4 45 54 -4 102 -36 -6 43 26 -49 42 4 81 41 -39 43 18 -22 78 19 1 50 19 -51 65 -68 -62 -98 66 -43 52 -33 51 -31 6 -91 -74 31 68 29 -56 68 52 38 -28 50 45 -68 59 -37 27 29 16 -22 -2 -17 -107 -69 71 34 17 -16 -79 -57 49 10 44 10 -3 9 47 -47 -18 -24 17 -56 9 -52 0 -49 65 -32 -49 37 -7 8 -22 -42 -57 10 37 73 -41 -112 24 -59 -33 81 11 -1 72 -9 -12 -20 -64 19 -71 59 -69 -47 -22 -24 3 -41 75 93 -17 31 63 15 -54 -68 -7 34 43 65 -8 47 46 49 4 31 69 -50 -85 21 -93 9 28 65 -94 -54 93 -18 49 1 -8 11 -32 -6 -8 -35 82 -25 24 36 71 -15 -12 -17 48 -7 34 109 75 -61 69 -48 -13 -31 -52 -13 4 -33 11 8 -24 45 -14 -30 2 6 -66 -88 -39 40 3 -42 24 88 5 -38 -28 75 74 60 6 53 12 77 21 123 -20 -14 -47 59 3 58 -86 26 18 -48 -66 -41 33 42 -65 0 -64 -23 -19 -17 -19 8 71 77 52 -48 47 52 -68 -22 -18 34 -41 -42 -25 50 89 -52 43 92 59 31 -46 60 -61 4 47 25 -58 -2 87 -4 2 -56 -5 -40 1 24 52 -57 46 -14 -48 -61 39 -15 34 -26 -39 -22 25 -47 -43 62 41 20 57 -61 -6 -14 -44 -52 30 0 -30 -75 -6 6 17 25 -85 -69 27 17 -58 -39 2 -34 -52 35 -9 81 -20 -2 -16 -29 19 -16 24 53 18 -35 1 -43 -26 -12 39 -7 26 16 58 -3 9 -59 55 -86 -57 39 -28 41 48 55 16 56 -25 -32 -6 46 37 -71 -71 -76 -13 -19 -28 -38 41 44 37 53 15 -17 -17 28 -77 52 -9 -54 -24 -71 2 -14 35 -30 -7 -2 -48 -10 -55 61 -7 3 64 31 61 37 84 15 -11 8 40 1 -55 50 -75 43 -20 -62 51 -80 12 3 -27 57 -51 3 -3 -29 7 38 -61 8 78 10 72 71 -63 52 -8 -31 31 -8 -60 87 4 5 -51 -22 1 25 81 42 67 -35 -56 -28 1 -24 60 -47 -21 22 -31 66 94 25 29 8 -39 76 -40 29 -56 -29 -50 58 -39 -33 17 -37 57 -9 51 -35 17 -6 2 1 37 -56 -11 140 -7 -4 63 -62 2 -6 10 -48 30 -82 -57 -68 0 42 30 -5 8 -59 76 35 80 -47 -52 44 62 -17 16 12 40 -17 56 83 16 -6 -41 -5 -22 47 -42 -70 46 -45 69 -19 -15 -35 20 -4 16 8 -18 -23 49 -24 37 18 -52 -51 -45 -23 -67 24 5 -38 55 7 -41 -24 9 22 108 -43 -88 70 -43 17 74 -22 -21 1 43 8 46 -74 -12 76 35 -15 7 -102 -13 -14 3 80 21 -47 33 -31 -26 -60 26 -68 -36 35 23 50 22 52 46 1 3 52 26 -8 -36 -29 16 -59 2 -47 3 -32 -30 -6 1 85 -23 23 -30 -32 16 -41 -38 -3 -10 59 58 -12 -47 -51 -60 61 -105 -91 -61 -32 35 36 51 60 -37 -49 27 -31 -61 26 6 -52 -18 26 39 -31 43 91 -20 -12 13 43 -36 47 -63 -9 5 55 25 19 -20 45 10 -1 73 80 36 14 45 25 -70 -39 -23 -15 61 -37 -7 59 -26 53 29 67 -33 -98 -13 0 -6 19 -18 -77 -12 -58 27 -8 -34 -42 -53 41 -42 -56 50 88 3 -20 92 7 -89 114 -9 -38 -36 -84 1 41 -38 -15 24 -40 -6 33 9 -32 -30 -48 -92 -21 -74 -24 -59 -49 55 41 -55 20 36 -45 -34 64 99 1 -28 18 -5 -72 69 58 36 -48 -71 38 110 59 -3 -66 38 -9 33 -26 -15 -25 -19 83 35 31 61 17 11 59 -16 -49 25 110 -54 -38 58 27 -57 -32 32 5 -37 -49 -5 60 16 -6 45 -30 -36 10 -4 -42 -1 21 -17 45 40 16 -46 -49 65 59 13 -61 -49 49 -56 -33 -35 -9 36 45 -59 -33 124 -44 45 26 -34 15 -12 -18 -3 -19 -98 21 2 58 1 -47 49 1 -17 21 -34 -20 -56 -18 -35 37 -13 -52 -37 0 9 35 -20 13 56 -51 -44 1 -35 -14 46 -22 -22 -16 14 73 49 23 18 -36 34 24 55 -8 -24 24 -48 7 -1 -31 72 28 -19 27 -53 -6 -100 -57 47 0 -38 52 57 0 -19 -73 -25 -18 -29 -64 33 1 41 1 38 -108 -54 -16 34 -37 -12 -45 -18 8 -33 10 -6 -81 -17 -40 -56 -61 41 28 8 14 26 -64 13 18 -22 2 45 -76 16 51 -55 36 -70 25 -17 -53 -54 -10 71 -30 -53 -8 30 40 -39 -18 37 69 -16 -40 -16 42 74 77 15 105 57 35 -24 -6 -12 -26 63 28 73 70 5 -3 -80 -65 57 76 -10 -26 -17 47 -65 14 11 -41 -54 -32 -36 -26 27 -45 15 3 62 -58 -1 -39 4 -2 5 -13 12 -57 -42 40 -28 -8 34 -19 -55 -53 4 -9 61 -39 95 18 -22 39 25 -44 -35 -9 20 106 -13 0 -48 66 -17 2 33 63 0 -71 -51 25 -55 -26 23 -3 83 10 22 8 78 -68 48 47 58 -2 -50 -18 -62 -67 75 -46 46 5 25 2 -69 -50 38 -38 43 32 -5 38 -19 -5 -53 -25 10 99 -55 84 17 51 -15 -17 24 78 13 35 47 -30 18 52 5 -16 -66 22 -2 6 -31 27 -39 38 58 35 71 -31 -22 -26 13 16 -8 -41 20 31 23 48 -54 -28 -68 5 -17 -48 -92 15 -49 -30 32 6 38 -62 44 -66 -9 -16 41 44 -70 13 -84 82 -17 1 9 -98 -42 67 21 -6 6 18 9 59 22 -26 -23 -12 -3 56 -22 30 -85 -58 10 67 26 57 -11 -35 55 44 -12 -27 -89 -10 -24 -72 20 -23 0 -31 -61 -21 6 -3 64 35 -9 -27 86 76 75 80 -3 33 20 14 24 -63 54 27 24 4 -66 68 -64 11 21 63 28 -42 25 -37 -18 27 -25 -35 -28 -77 31 -78 44 -28 -64 17 77 -68 -62 27 60 -33 -78 29 28 40 -41 -7 62 -95 -56 7 -51 2 4 -6 25 -25 43 -17 -45 -55 5 20 89 12 -7 4 14 -3 -53 -16 -9 14 37 58 -12 10 -19 27 -24 69 6 24 -30 59 13 14 -66 11 66 24 7 59 34 -66 -53 -49 -64 57 30 55 -78 -38 -14 42 56 -5 16 -53 52 -34 40 5 -32 41 -15 75 30 10 -74 -65 59 73 -44 -3 44 18 7 -71 78 -41 8 23 16 -11 20 -43 -14 -50 -102 -28 5 -17 -65 -42 44 -22 3 41 -40 39 12 13 -40 -101 -20 6 -22 -46 -25 58 -3 17 -53 5 -16 60 46 27 53 89 -90 -12 12 -27 49 26 12 93 -26 49 -50 -28 -14 19 -6 45 -19 86 -3 28 -18 -63 -60 -4 -84 -80 8 -36 66 17 17 12 33 -8 15 34 -13 53 -14 -1 -4 -24 2 51 -21 -76 40 -8 -41 3 74 13 60 -93 -37 -83 9 -15 -23 131 7 5 68 9 -45 65 -29 -13 23 -3 -50 79 -50 53 96 -25 -38 45 18 -56 35 -61 -6 79 63 24 10 -49 -42 101 -2 108 48 -10 -24 13 15 15 10 68 13 11 21 -1 -29 7 -50 -10 32 -16 -16 58 36 -30 21 30 19 -73 -48 -72 13 -17 -81 23 12 -9 -38 34 -1 43 -18 29 21 24 -44 -26 62 15 -18 -62 -18 -38 15 -15 26 -8 11 -70 -86 -56 27 -64 9 84 53 -57 -43 -93 -48 -86 0 -57 -73 -10 -24 -20 -41 82 -8 -30 33 -31 -23 68 5 11 -19 25 -40 -17 34 5 -44 -66 36 55 30 -35 27 -101 54 -13 -50 -32 60 -27 -80 -4 103 -25 77 -49 -10 -28 1 30 36 -112 5 11 60 -34 10 80 -11 40 -50 -38 -4 -9 37 52 -22 -5 42 -49 43 -58 55 93 41 -21 63 -99 -45 5 50 35 47 36 -90 -64 -20 -12 21 5 -13 14 77 -7 60 -67 27 -39 -6 11 -1 -82 -72 44 16 2 -23 -49 -65 29 -11 -52 39 -61 -16 -64 -11 -42 -21 70 -12 4 13 51 57 -10 -38 -42 46 22 25 -33 -93 -39 38 48 -35 -44 -34 92 -30 -36 -19 -36 47 -15 24 -16 -4 -57 25 -3 -24 7 -86 22 -105 -42 55 -31 59 91 51 0 -30 20 -68 -40 36 31 -26 -95 -42 11 -1 19 74 -43 -28 5 114 22 17 35 -44 -30 -16 29 23 -5 -19 -46 96 -31 -40 11 -15 20 -20 8 -25 -51 -10 51 43 -6 -50 -8 -35 -35 -69 100 -78 -22 -35 36 -53 60 51 50 33 34 17 15 -34 15 -29 57 -5 49 -8 -7 -17 -47 34 -33 89 -12 -67 -70 -27 -22 -9 10 22 -49 -34 -82 30 19 -59 15 43 24 -71 24 -64 25 -43 80 -47 -13 -30 43 -51 88 -27 -33 -16 -30 -42 -36 -9 -26 -13 12 34 -105 49 -23 106 -100 -27 23 22 -37 -101 111 38 -76 -81 -69 41 -2 17 86 59 -48 -38 -77 46 -40 16 13 69 -5 -45 60 32 -14 64 -39 -39 75 46 11 -75 23 10 -24 -44 -30 -37 -94 -36 50 -6 -24 75 -66 -20 -33 72 24 20 -84 -24 -78 1 -51 42 43 -19 -41 9 -24 -40 -53 31 -65 7 45 -89 -60 -49 -10 12 42 -61 9 -30 -46 30 -27 2 83 25 16 -2 -3 37 -37 -45 11 -26 0 -44 -44 8 99 64 -47 16 27 -59 -57 66 -67 -9 18 -42 15 -18 -55 10 -35 -65 85 39 -42 -40 11 -88 -38 -43 48 -5 -43 -14 -4 -16 27 -5 40 51 34 54 64 16 -36 -63 -17 19 -11 46 -3 27 16 -74 -8 13 -59 65 7 -86 -29 -19 -20 -50 -59 83 28 -58 42 36 -86 -73 -45 -19 19 5 0 46 50 2 -18 28 37 42 -53 -2 93 1 -58 59 3 -17 108 -10 19 -29 38 -46 -11 -15 -22 -33 -38 -30 -93 -19 58 -11 23 70 -20 -42 -43 31 10 -57 -40 20 43 89 0 -73 -102 37 -34 -32 74 -7 -43 -61 -9 -57 38 3 13 21 61 -55 57 -28 -5 -5 -22 -68 53 17 -15 1 -39 39 32 -51 -27 -57 -7 79 5 -63 34 -99 -66 1 -6 68 26 -36 57 -31 48 14 -52 -36 -49 -44 44 2 -52 -13 -43 13 13 -43 55 -45 88 -47 -14 -52 15 -73 45 69 100 -33 -75 -33 40 72 -21 66 22 78 20 46 -1 19 -29 -79 -35 29 8 -35 9 -4 -32 84 -44 -4 55 -3 -45 41 30 -93 24 49 42 -90 52 -28 -56 13 2 -4 14 69 83 56 15 -103 -66 70 -49 5 -24 -90 33 -28 -54 -46 -15 62 2 -109 52 54 46 -40 35 -9 85 20 56 -24 -56 70 68 84 -45 -10 2 74 28 -57 17 70 30 38 -14 -21 -10 -17 -13 -55 84 -93 27 15 -43 11 -54 -39 -90 32 60 32 39 13 -28 5 -34 -30 -25 25 59 7 -31 8 -12 -96 48 -43 2 30 -58 28 41 -70 13 14 61 -9 -23 -38 -57 -29 30 43 -8 -10 92 50 -54 3 35 96 61 -45 -58 -25 -25 -59 -44 -67 48 -38 -49 -38 59 56 -29 43 89 -40 13 18 41 8 -33 36 -33 -53 -7 15 55 43 -12 18 -27 46 -58 -3 37 74 9 45 28 49 -30 -14 52 74 -58 -5 28 -30 35 34 30 -16 36 -69 26 15 -18 73 43 -27 63 -49 -86 -6 -63 8 -40 -5 -3 46 -28 24 -21 -26 47 33 27 -9 44 71 25 1 34 -49 -64 23 35 31 3 -37 -31 -52 -100 -46 61 -22 -1 -38 45 -19 -65 -15 60 102 -4 -10 33 36 1 39 47 -48 13 -28 -36 -13 38 -46 -41 10 -51 8 -18 -6 -64 -5 -45 34 -78 -6 67 -5 36 -41 16 -34 50 -39 -49 3 -19 -87 -72 30 -53 -56 21 -52 51 44 58 41 91 11 -60 -61 -51 -37 -17 88 -2 -90 -81 -7 -2 39 9 9 87 19 4 26 51 73 -40 -2 45 29 -55 -69 -3 39 74 64 -55 -50 22 -50 -43 93 81 24 -90 -34 101 -22 -32 2 61 19 -15 49 -34 -91 2 -30 77 56 20 37 -34 2 8 67 39 -43 16 -5 79 -3 -44 46 4 46 72 8 -32 -69 -11 -32 -4 -2 -64 -58 -49 37 53 13 31 -18 58 -3 23 31 20 -112 -17 -19 -26 -38 -35 39 -65 -51 -10 49 -2 36 -12 -25 -1 85 46 -41 -47 1 70 -16 -42 -28 -54 -32 22 -33 66 -73 49 0 7 22 58 -8 26 -35 -47 41 -101 20 -34 85 -16 -28 56 1 29 -62 -31 -97 -75 5 -11 27 21 -35 6 35 -23 -59 -30 -41 45 3 24 -9 30 9 -61 6 6 46 16 -11 25 -19 50 4 35 -39 -52 -45 -21 36 -4 -18 20 66 -21 39 -16 97 -41 -69 -8 53 30 18 -35 48 44 -46 -14 -52 -7 -58 56 -1 -103 15 -78 62 71 5 81 9 -75 -33 46 -105 -79 71 -27 12 -98 120 -5 -69 44 -17 -10 44 24 -40 90 -40 -54 -40 -55 -61 30 27 -49 -69 40 9 14 -53 -102 -24 65 -26 19 17 20 -7 51 -62 11 -30 6 4 36 -24 -35 24 98 -11 61 -7 55 65 29 33 -107 8 21 91 20 -17 25 72 55 -46 -39 -59 -44 -17 95 -6 53 -101 101 0 -84 97 -36 -19 -102 -31 -2 -38 -32 -38 -76 56 20 -6 27 117 40 93 58 54 -11 -82 20 -63 32 -2 -18 -17 -11 12 -4 12 -36 1 -18 20 -25 -16 10 21 -18 -5 -8 30 3 48 -54 92 62 32 1 -6 21 -77 20 62 85 -90 -61 12 12 -41 -23 -33 38 13 11 -20 22 -21 27 -1 49 50 -37 -4 -23 -60 15 52 -9 -28 -6 -41 32 19 111 -25 94 59 13 37 -33 51 -20 -31 71 -88 4 5 37 2 34 -11 -24 -17 93 -38 53 12 -61 61 -43 13 19 5 -85 21 -43 -57 54 -77 -30 -51 -29 16 -1 48 -61 2 36 82 -47 83 78 25 -58 -29 12 55 14 18 -50 -35 0 -32 -1 -47 28 35 70 7 -16 25 -24 -6 3 -93 15 -27 32 18 15 45 13 48 -34 59 11 12 -14 13 46 19 -38 -7 -40 -27 27 -23 6 86 -49 31 -40 61 -30 -59 65 -32 -7 -57 -39 16 37 11 -23 -45 -42 -68 46 52 1 -47 -20 -57 -23 -19 -51 -65 0 60 -23 -7 32 15 -75 -20 27 41 -37 -54 79 4 32 -27 5 -51 -26 34 -17 -14 41 43 3 81 57 33 57 65 -2 -43 13 -37 33 34 -33 61 -81 54 -6 21 96 6 -11 31 -1 31 50 -55 -51 -65 -21 -50 -36 31 22 16 -50 120 -38 95 -66 16 50 -41 23 72 -12 -61 71 11 -7 -25 -87 -17 -32 111 -24 -49 -13 37 -23 21 -61 -56 42 54 -8 -15 53 -78 -40 -40 33 -2 -24 -53 -71 -21 -40 26 -45 -33 -47 -17 60 -44 45 11 -52 -50 -21 -43 15 74 32 56 50 51 28 17 9 -96 -15 -25 -50 1 6 -31 68 -50 83 -65 32 -11 10 46 -18 32 -105 -36 11 10 -66 44 0 29 14 -68 -93 -54 -42 -18 88 -31 35 -33 -42 59 35 -5 6 -37 -50 -63 84 73 89 -37 65 69 1 76 10 -28 -25 6 -79 -40 46 -105 34 53 22 -90 -56 23 16 69 54 -30 29 -58 -24 -8 34 -39 -66 3 35 -61 43 5 66 -47 31 7 -28 -27 5 -62 44 85 -27 89 -10 -51 -70 44 67 -63 91 -42 -3 -48 -24 31 9 -46 -26 -41 66 37 -63 26 -126 -47 29 -17 -55 -13 64 7 -49 6 -60 11 -10 17 18 72 42 21 -81 66 -11 21 -72 -13 36 -38 -23 -31 69 8 -58 -51 -17 9 -16 8 -28 18 -52 -33 -29 41 -3 24 -6 25 22 62 -79 -45 -3 19 12 30 9 32 -13 -10 27 -53 -11 32 -12 -1 -102 30 -37 -13 -90 -23 18 37 31 56 -26 -79 30 -60 -23 68 -29 -16 -34 82 -26 -66 47 -44 16 -12 14 88 25 26 4 48 -14 27 73 71 17 -35 -16 70 -1 -38 125 90 -22 -54 -53 -32 -15 22 46 -13 46 127 6 -52 38 -30 69 -28 13 -33 -33 7 5 48 1 -45 26 22 -6 21 51 23 68 14 -56 66 74 89 63 71 -86 -9 17 1 -24 29 5 -78 -8 -35 26 -3 79 -10 70 -50 -22 63 50 32 -41 43 -48 61 -36 93 -25 64 -25 25 -27 43 -86 57 -46 -37 18 -12 -7 15 -2 -50 21 38 15 76 89 89 1 38 -50 57 -17 19 -13 -25 -19 -72 34 12 -45 47 7 -8 4 62 28 -1 1 -4 -8 -87 25 -31 14 63 22 40 -94 12 -65 -24 -17 -52 7 -54 31 31 21 -47 -39 -75 20 -21 48 -10 -9 26 -27 17 -53 -33 30 39 83 33 -20 36 30 108 43 -62 -24 -63 -30 42 -33 26 -31 52 35 54 65 71 -44 -46 71 -18 108 -8 -35 -59 7 -15 -35 35 -32 -61 74 63 -83 29 -2 13 -27 -31 -26 55 -73 -15 -12 -6 41 84 -22 -27 27 -111 50 5 77 19 -15 -25 -34 -36 -45 41 1 -80 -30 -15 -34 45 -20 -58 -1 -15 17 -30 17 -44 37 -60 -1 -81 47 13 48 15 14 -27 -27 -40 -7 -75 26 -37 24 -26 36 -16 -39 73 4 44 -19 -44 -60 6 -25 30 -50 -86 -91 104 -67 18 -47 35 -39 59 -85 -69 -97 24 -51 -39 -77 10 46 -47 -55 -55 10 -62 -27 -75 -16 19 -45 29 -19 -36 58 -72 23 -70 7 43 45 19 -65 31 -52 -50 -53 0 -23 9 51 -24 -33 72 -95 42 -4 -71 -94 0 -50 75 11 -34 -33 -7 13 40 -41 53 34 42 70 12 -15 24 -40 70 47 67 -58 -24 58 -6 -49 37 36 12 95 1 -13 -72 43 65 41 66 -60 -7 -80 6 -17 -36 26 3 20 24 1 60 -59 -57 16 22 15 -38 -25 18 42 53 47 -45 -32 21 74 96 5 -38 -41 82 -23 -9 -29 -34 63 -5 8 -7 -2 -38 -80 -45 -42 -60 70 -17 80 -66 42 -12 68 -12 -13 61 15 39 14 82 16 32 -37 90 35 -43 40 22 -11 69 -58 -1 -79 84 -12 2 -6 45 -77 -54 -34 17 10 71 16 35 -4 -37 -28 -63 -53 -53 37 34 23 -35 59 -126 17 48 -32 14 -22 60 -7 19 26 41 -43 -63 -39 38 -84 -18 -11 -40 0 13 -17 59 -41 -73 41 67 53 26 37 64 -44 71 -47 16 -3 26 32 98 10 44 -40 70 86 -47 3 -89 -57 -5 -26 86 -41 -17 23 1 -16 54 30 84 -44 17 41 54 86 15 47 -45 18 87 -50 17 -14 107 66 98 -2 -56 22 84 11 -21 -117 -38 35 16 49 -2 15 -59 20 33 -60 93 36 -22 101 29 7 40 -17 -6 41 31 -9 65 77 7 77 11 39 -19 -63 -47 9 44 49 -85 -34 2 68 26 75 -95 -56 -11 36 50 10 -20 47 13 -20 43 -12 -47 0 42 -48 -32 48 -6 112 1 26 115 -12 -41 46 -72 6 -89 22 -3 2 -79 -21 27 32 -103 -3 16 30 77 -3 26 -67 10 -62 32 -14 -35 32 -2 -45 35 -49 7 -31 -29 36 43 -21 69 8 -26 -20 71 17 70 -68 -22 -21 29 68 -32 64 -87 18 34 -47 -14 0 -74 -102 -80 -75 11 -38 -45 -15 51 -23 7 -67 3 -10 -15 -61 -32 -50 -23 -82 10 -14 18 -22 -19 -43 38 -12 103 -49 8 -68 -53 126 72 -3 27 55 -47 -7 55 -30 -52 73 -6 -48 81 0 33 -45 -39 -66 -17 -20 30 -51 -23 -73 -59 39 -17 23 25 -52 13 34 13 -63 11 31 -68 -45 15 38 44 -2 -45 56 45 119 43 20 12 47 -70 -111 35 6 62 35 46 -55 115 -1 -42 23 46 7 -6 9 34 3 18 8 -30 -29 54 -14 42 29 -61 49 45 -38 -28 -77 -42 -48 7 66 -45 70 -38 14 -60 -7 83 -32 5 -48 16 72 70 7 -55 21 -22 -72 -45 -10 -19 -37 -45 66 -98 13 32 -52 58 -30 29 42 21 -21 71 37 49 34 38 56 -22 -24 10 23 10 5 25 -53 35 22 -44 -38 68 14 -9 4 -27 48 -2 -28 -48 67 20 -39 -83 -5 -47 -28 -48 -36 22 -48 -77 80 8 -22 6 2 -56 -40 -44 61 -40 4 -19 32 28 13 59 11 -72 -29 45 -63 55 -47 -83 37 44 59 26 -9 43 2 -3 39 44 12 55 1 14 71 -18 68 -53 -9 14 30 -2 -2 29 -72 35 -4 -60 -64 5 -45 -3 -2 44 6 -45 1 17 -32 -23 12 49 -13 1 -31 75 -21 29 4 46 -25 -2 -70 48 76 -11 7 63 23 -18 -49 3 85 -4 26 -78 47 19 -9 -5 53 68 -20 27 -11 6 17 -76 -34 -14 12 9 6 -22 24 36 -67 14 83 -30 95 11 25 -46 10 28 32 -44 76 -1 48 2 -49 50 -101 29 87 2 -57 31 23 -49 -6 7 -36 1 -48 19 57 -58 41 -12 70 1 -18 14 -13 33 80 -37 12 0 -55 -66 -55 -22 -76 68 -38 -24 -44 -43 -13 -16 45 24 -12 -77 31 4 47 -38 48 -34 -25 -3 24 33 71 -28 -39 -42 -99 116 -36 -79 95 -25 -81 7 -19 17 39 -2 -49 -17 -68 24 0 21 -58 -58 33 37 -2 -52 64 84 -13 31 -37 -16 29 64 -52 93 -13 41 -41 83 4 -72 46 22 48 10 8 -14 -16 23 8 3 -22 26 58 -25 -6 -68 58 -24 -32 -34 -103 91 53 -13 -38 -58 33 70 -13 25 -34 -35 -58 34 53 -56 47 13 -8 25 -42 -13 -44 -76 6 51 -32 -22 31 67 33 -6 -16 -31 66 22 13 -64 -12 27 -82 -60 -15 -45 9 -19 -59 10 5 34 -15 -5 61 21 -8 -4 55 128 -63 40 21 19 -29 84 -48 10 23 66 -53 -82 7 40 -44 30 41 2 -55 96 50 -76 53 38 9 -74 72 0 1 -123 53 73 -13 28 14 5 8 -79 -6 -9 31 26 83 -21 -67 -38 68 -30 14 9 73 -6 -42 -12 3 -109 -76 -31 -86 11 55 51 -34 -32 100 28 73 41 24 -25 -66 -75 48 -22 36 -36 -85 34 5 45 -6 -30 48 5 -44 43 40 -10 6 -59 82 20 40 96 -27 3 -18 -37 -85 66 70 10 124 -7 -27 -32 -75 -79 -75 -14 14 42 114 25 -10 -21 -64 46 3 -53 -10 13 -28 13 40 27 112 18 -21 -11 -9 19 62 80 45 15 31 48 15 4 -1 -41 44 21 18 -13 19 -19 -82 -83 -35 -122 29 21 34 -23 -55 -8 -58 -64 -46 -22 -30 2 62 -10 43 -34 -38 -31 64 72 9 -5 19 -63 37 -11 35 -101 -13 28 19 -24 8 -10 -29 24 -100 101 -82 -37 -49 24 59 -55 18 2 -18 -37 -22 -12 -6 31 28 12 8 2 -38 -26 -72 48 22 0 -26 -11 28 -38 -15 69 -53 -68 67 53 -60 6 -69 1 -8 -80 28 24 19 -59 -70 44 15 20 72 67 56 -108 30 -33 -39 -12 18 -57 -25 4 9 24 34 11 0 55 -37 -38 -17 -15 52 -30 31 -82 29 104 77 112 67 9 55 -31 59 20 27 -53 -5 57 15 -35 39 12 11 -26 1 -19 -33 47 -27 -60 18 1 -2 -84 -45 -53 53 8 2 71 29 87 -15 -28 -28 -15 39 25 -60 -42 54 -64 -39 15 -84 -1 -7 -1 4 1 -3 26 -12 23 101 34 -8 5 -68 -91 118 -8 -60 -50 -29 3 28 14 33 24 -85 27 56 -89 5 -3 2 -28 35 111,-66 44 97 69 66 58 -34 -11 -54 -62 -54 -29 -29 25 -66 -71 45 21 -9 -30 56 -37 -14 24 -45 -33 39 58 42 -28 -57 -5 64 -45 44 -65 -56 64 -64 -96 -76 87 -113 -131 120 -49 -76 -24 22 -65 8 -26 14 -14 -10 -1 10 1 7 3 -1 1 0 14 -7 -1 20 -8 5 8 9 -16 0 5 -18 8 -3 13 25 45 -34 12 56 50 15 52 58 -86 77 -73 81 -52 -93 86 -66 -74 -24 72 72 24 -65 -47 -41 -32 -90 -65 42 -45 70 47 -74 -55 -48 -72 63 21 11 -14 -7 4 10 -3 -3 -4 -16 -16 -33 -35 -29 -37 -16 -51 59 57 -38 64 -68 -62 -52 -51 52 47 10 -6 35 20 15 -51 15 -4 1 29 17 17 -9 -4 22 5 33 -9 -14 -37 -26 -25 -62 -46 -49 -61 -63 -20 37 67 113 -118 -96 -80 115 -133 -100 69 75 -96 101 85 61 54 -83 76 44 -57 -21 -45 72 -40 52 -11 -53 52 54 -78 44 26 -35 -87 -75 -55 -98 132 135 -142 115 151 -164 104 68 67 63 -38 -47 -16 11 7 -1 21 -14 17 -6 -30 -16 4 -4 -21 11 0 -12 9 5 18 8 46 27 -42 -45 39 1 36 -9 21 4 34 -6 2 7 -15 -19 5 -10 4 1 -3 4 0 -13 16 35 32 46 14 12 29 -7 -24 1 -36 -14 24 -42 52 40 -33 -49 57 -49 -96 -88 -114 -116 -85 77 -72 91 78 -77 12 -12 52 -18 57 30 -44 -23 75 -77 27 -37 -31 -31 113 113 113 -110 -115 100 67 -77 95 56 -92 77 -24 -62 56 66 86 -47 41 91 47 -56 44 66 73 73 78 -80 85 -60 -40 52 -36 24 -5 -10 -24 -37 4 20 -19 26 -36 -18 6 -10 -15 -48 -29 -14 20 42 -37 61 -51 -43 49 -56 -43 16 -56 -27 -52 31 -24 -11 -28 14 -29 16 -19 -54 7 -28 7 9 50 -28 -8 4 -11 -24 -60 -24 67 49 -49 36 -77 -34 44 -60 -35 -48 40 38 -70 -13 22 -22 26 -9 37 27 9 -15 25 9 12 2 2 4 -10 3 -4 1 3 16 -6 9 22 -6 -24 16 -2 -6 -10 4 0 2 -4 -3 1 2 3 -9 -22 -12 -24 8 -4 -10 -1 14 3 25 16 -9 10 5 23 28 -26 4 -7 4 26 19 40 -41 -11 -3 41 -10 -17 6 5 -16 -20 21 4 -4 1 26 48 -14 24 56 -65 -50 -56 61 86 69 -75 97 86 90 -31 79 -53 -48 -26 49 33 51 -34 -28 42 20 33 -64 65 0 -51 78 7 65 108 56 97 -92 -71 -82 -115 -80 -73 -61 57 -64 -46 42 -57 31 24 107 79 53 -52 -58 -66 85 -72 54 -42 -69 107 99 99 111 79 -95 60 71 30 38 41 0 19 17 35 29 -9 17 25 4 -20 -7 10 -8 -38 27 49 63 -41 -5 76 73 -47 70 94 123 -100 102 -103 -112 72 -27 58 61 71 -10 -55 29 -25 12 -16 23 6 19 13 0 -7 13 -7 -2 -22 38 38 -37 -18 -39 33 25 -1 -53 70 76 91 114 103 -89 -103 107 -77 -63 52 -64 -68 74 22 30 -89 63 31 40 -70 50 -52 38 46 -80 85 -102 75 -101 68 -52 31 -10 3 -47 1 -28 1 13 -4 -9 -46 -18 3 -6 -15 25 -32 -34 -60 59 54 32 -40 -64 105 -66 -47 -72 72 45 99 -104 97 -87 -111 -71 94 -68 33 -51 -19 50 13 83 -21 -51 45 59 28 -96 45 -53 41 51 -18 5 25 -25 17 9 24 -30 -3 -5 9 10 -12 0 17 13 -8 6 -6 42 -6 -8 -1 -22 -10 -21 9 -6 -3 -24 -2 0 40 -71 39 20 -44 -79 -134 -124 89 109 136 -130 123 -122 -111 112 143 134 -32 111 -112 134 76 -26 36 80 -75 -63 26 -25 28 -39 65 74 46 110 98 -124 -93 -141 -140 130 -149 -133 114 122 123 -105 -112 97 -43 -92 66 80 36 -52 -45 -58 -59 18 54 -23 7 -49 -30 30 -29 23 48 23 -9 24 38 7 -19 17 38 -6 13 26 -59 -60 -34 66 -58 -21 -41 45 -40 -32 -65 -70 -81 -56 92 -98 -133 -85 -92 72 -87 -94 -75 -82 86 -78 58 -68 -97 -119 110 88 -103 84 28 17 20 -38 -25 30 88 -20 46 44 -35 51 -41 -61 -80 -46 49 3 52 28 18 -58 50 39 3 48 31 48 44 -2 42 -12 -62 54 26 18 11 24 -45 8 1 52 83 -52 37 -53 -73 74 57 1 -42 52 -30 -30 30 68 -34 -1 49 36 48 -60 5 30 39 -34 -18 -11 14 22 8 6 14 -20 -7 -6 2 14 6 2 11 5 5 -22 5 4 1 5 27 -40 -38 -40 46 39 71 -55 -23 -33 -23 29 -16 5 14 -15 8 30 -32 10 53 -14 -22 21 7 33 -23 -38 -13 -21 -44 25 34 -25 36 -21 27 -49 11 45 13 22 -26 -10 14 -31 -21 -16 -18 -64 -11 9 -36 11 56 -89 66 -57 76 63 80 93 60 102 114 -131 134 -93 -82 -109 83 -105 -56 71 68 79 -72 100 -52 -74 55 68 -51 69 63 -57 -43 35 54 -43 -77 49 -47 -63 -49 -48 -82 36 -36 42 47 63 50 43 52 69 -53 -87 61 -66 -60 -81 89 -5 -34 47 82 18 16 28 -20 23 -60 6 61 -27 22 -16 13 -39 -57 4 7 -49 -51 -46 37 38 -28 -49 -63 38 16 -17 25 24 41 -49 -33 27 -38 -51 -22 -12 -20 61 -9 -26 77 -18 -13 6 4 9 12 -32 27 11 -2 -25 -18 10 -17 53 -8 2 4 -19 46 -12 44 -19 4 9 -5 -28 -10 -1 -18 -18 21 -38 -62 -45 54 -18 -21 19 0 -15 -10 -33 13 -1 8 16 30 -14 26 49 -35 41 42 -35 62 -53 -46 56 -42 28 49 13 -27 -5 10 -13 3 11 5 7 -6 -16 -15 32 8 -4 0 -25 0 -18 11 27 8 -1 -24 47 59 -56 -38 -74 58 73 49 -43 -40 -36 -45 -41 -73 50 46 -1 -20 -34 -3 -8 -34 62 24 -28 -60 60 -64 -77 -65 59 35 -62 50 -51 27 2 -18 44 -8 27 37 31 6 10 7 -35 13 7 1 1 18 5 -8 -21 38 -34 40 -61 -40 -60 37 63 59 42 55 -3 5 -30 -39 -39 37 -19 -25 25 31 10 -20 -19 11 -16 -15 13 -28 -11 14 -16 8 -19 24 -17 6 -3 23 1 13 -8 -19 -7 15 -27 2 2 -2 14 21 2 -13 -51 -33 22 7 8 35 -34 18 28 -28 -19 11 -37 -4 -21 -4 35 -45 -42 -27 37 59 54 -102 82 -49 -98 65 -112 -115 107 -142 156 91 -112 71 127 76 -99 53 -31 48 -21 -15 6 5 -7 -5 31 -9 5 -13 5 12 16 2 12 -19 -7 9 -35 29 -22 -17 -11 37 38 -6 8 33 -38 12 -49 10 21 -32 -12 0 -3 45 38 -12 33 -39 47 69 56 89 83 -74 80 -83 -100 -58 -5 72 -56 -37 37 44 -15 35 -12 33 -36 30 -30 -11 -19 12 -9 -27 11 -35 -46 -3 8 -2 5 -1 8 -13 -1 12 4 19 -3 -12 -22 3 12 6 10 -7 14 13 9 27 11 24 -3 15 2 14 -5 12 3 -6 -5 36 -38 -45 -26 25 39 44 27 71 -38 -52 -77 88 97 -141 89 -82 99 138 -126 106 -112 -123 -106 -51 88 79 60 75 54 -89 -54 40 -55 -55 71 45 98 -73 -125 -65 -80 61 -84 -70 -66 72 -55 74 -73 -94 -46 91 -56 -40 58 -40 53 60 7 -54 60 31 -71 -56 4 8 -45 87 -66 74 -68 60 89 -59 59 -36 -45 30 -66 40 37 -61 -43 8 24 -37 -41 -53 25 17 39 -24 -6 53 13 24 43 18 41 -25 -30 -2 18 16 37 10 30 -23 56 28 4 -39 -64 59 -46 12 75 49 28 41 -54 38 27 -9 -6 17 -9 14 18 -6 -31 -15 36 -29 -10 23 35 24 -59 -40 -37 37 40 22 -52 52 26 -48 -52 26 8 -16 45 -24 18 14 -18 3 -10 -15 -29 70 40 39 -15 32 3 3 13 22 -15 10 2 35 -14 44 17 7 -16 20 25 -28 -12 9 -36 10 -21 -34 -32 90 -47 20 49 -32 46 -40 -18 15 -22 -5 1 -34 -20 4 3 17 23 -21 11 -9 -42 -40 -42 -46 39 19 -46 -62 -56 -43 27 -56 36 41 -85 -30 -25 -61 -86 -60 36 41 47 46 -19 -14 48 -28 13 -7 -17 4 -19 15 18 20 16 -7 61 96 93 -60 -55 89 -89 -32 19 -77 53 -109 39 88 -78 -43 -108 -44 -58 51 23 -70 -56 49 16 1 25 -37 45 -24 41 15 49 41 -32 36 -63 -90 -52 64 -62 67 68 -17 8 -39 -40 -30 54 20 -45 60 31 37 62 -67 -27 38 1 -55 65 -4 -15 15 24 -53 35 -21 -42 72 28 8 16 38 -9 -8 -3 28 -7 -11 -7 -2 -5 1 -9 2 8 -35 -5 1 2 20 16 -9 22 -25 -7 40 -29 -12 9 45 43 -54 -19 47 60 38 -3 75 34 -43 -33 34 -56 -49 66 59 68 81 -59 63 -87 -73 -61 33 61 -40 -29 -41 3 11 -34 -6 14 -26 15 4 16 6 -36 -10 -21 -11 0 -35 -20 -1 -11 25 4 13 4 -57 19 -15 17 8 15 1 -13 -17 42 10 7 20 28 47 -22 -24 -47 -41 -71 -51 35 33 -50 29 67 -65 87 95 115 124 -127 -136 65 -108 113 63 -113 113 -39 12 -59 24 67 -13 54 79 -89 72 -110 62 54 85 -48 -65 -56 -80 -28 -40 -63 -28 60 41 -26 -8 -17 -89 -20 -83 93 -122 -140 -100 78 98 -110 74 -73 88 -49 -40 -38 21 56 -36 -22 61 -42 52 -1 38 46 -28 32 34 22 25 45 30 -51 -14 -1 0 10 43 -33 30 -63 -42 58 30 -17 -28 -24 -25 -17 -27 -38 24 -2 9 4 20 14 -14 -3 -39 -14 16 31 -13 10 15 -8 11 -26 -7 -9 -32 -30 -47 -27 5 -36 52 -28 42 -57 -35 -7 43 32 36 27 22 31 16 -23 -18 -8 39 -20 21 -49 54 36 6 -28 -58 -87 -47 -53 -96 57 -26 67 51 73 -44 -39 -79 -89 101 -79 67 84 -50 -54 55 -61 -49 57 -26 48 -44 -26 -38 -24 34 39 -24 46 30 -26 49 33 -77 13 -42 -52 -10 25 66 30 36 48 45 -43 53 69 8 21 26 -55 22 1 -13 -19 71 25 -12 -49 20 26 -33 -68 53 72 62 -60 49 98 56 -60 -56 -58 69 -69 45 37 98 79 -65 -59 -46 -72 -72 46 -59 -58 -44 -65 43 40 -48 15 21 -58 70 -43 40 42 -43 51 -37 30 25 3 -17 -24 -43 30 -30 -13 18 39 14 8 -2 -13 6 19 -12 23 49 67 45 66 113 -111 -154 125 -131 -103 -138 -35 -104 73 -4 -62 -30 7 22 18 14 25 -11 8 34 76 -17 -2 36 -4 15 -89 30 -71 -73 65 97 79 -96 -74 -90 79 -71 -69 -38 54 49 56 63 -82 -54 44 -60 83 -55 -60 101 108 107 128 -98 107 -57 -82 61 -30 24 -40 -67 45 -49 82 -70 89 -39 59 -55 69 -67 -42 12 61 3 61 17 -4 -20 45 17 -15 23 27 -19 -15 -5 -4 2 14 1 -6 -2 -7 -9 4 -9 19 -26 -22 -5 22 68 -36 -47 -64 70 70 -81 -71 51 -72 86 59 61 -57 2 -64 -4 -26 15 2 0 23 -11 -5 -10 7 6 4 16 -32 -12 -5 -1 1 -7 13 -1 -14 -1 4 -19 -1 -18 4 -30 11 1 32 20 18 27 -29 32 62 39 35 21 39 27 -17 2 -35 -5 -13 35 62 43 -47 57 -84 -72 61 -56 65 -95 38 -66 50 44 27 80 -52 30 52 60 42 57 -15 -24 50 47 24 -36 -38 -38 -15 2 -21 -40 5 -9 22 -1 9 -26 -4 -13 10 -1 8 20 -42 -43 -39 13 -56 34 -50 40 38 47 -10 51 -19 -28 53 -71 21 -17 32 47 -41 4 -30 -30 -37 -28 11 68 -29 -48 -22 -4 -31 -36 43 -37 -23 11 0 -7 53 -33 31 43 8 -7 -20 -15 36 5 0 -2 -25 69 38 10 56 -41 -57 -51 30 19 -11 -8 36 70 -2 -2 -14 19 23 11 -17 18 17 16 -9 -27 18 13 -2 3 8 20 -19 -10 20 18 14 16 -4 17 35 -6 -8 -18 1 7 -4 -17 28 -21 15 -39 -29 19 -40 -49 -2 5 -29 -36 -33 13 -35 -33 33 21 15 -18 65 35 7 48 25 31 -16 54 -85 -74 -60 -98 -97 -99 -58 34 63 70 61 -53 40 -23 -18 13 15 -30 -25 -5 -9 9 25 -14 5 4 2 -6 27 9 -2 53 10 12 -15 -33 -4 -14 -23 -19 -3 34 -15 5 18 1 -28 8 16 20 -2 -34 28 17 4 0 47 29 32 26 41 41 -24 51 37 42 -31 -53 38 38 -26 46 -46 -12 22 -9 -28 36 28 4 -35 -32 -42 87 -38 3 18 -83 -58 -58 47 73 21 -23 -20 -16 -15 51 -42 -25 -33 18 -9 76 39 44 -7 -54 23 -11 -34 -23 52 29 -10 6 5 11 2 -46 -2 -25 -26 -29 -22 0 -16 63 29 22 6 18 9 -9 23 -15 32 7 -6 40 11 -44 19 -10 -18 -7 9 -11 -7 -2 8 17 3 -4 -16 14 -25 3 29 29 30 -30 2 -20 13 15 2 -17 41 -72 9 -22 -17 -17 31 25 3 -48 34 11 24 -3 -24 47 20 12 -6 3 -19 28 -2 5 20 -3 16 -9 -16 -12 -19 17 -16 -17 -6 20 28 3 20 13 12 28 -29 -40 -15 0 -11 -24 13 -27 23 16 27 -58 17 -79 -24 -18 -18 -30 1 -50 -71 63 61 -72 -124 114 131 -117 119 81 -108 48 -97 -58 -55 -2 -78 46 -52 20 30 64 -26 -4 -2 14 0 -17 -5 55 -47 -49 16 -14 0 65 39 -52 -27 42 -28 53 -27 -53 66 -40 38 -63 -43 -48 -75 -77 72 -28 25 -60 -65 49 10 -5 53 63 15 0 2 -44 -4 -15 36 -34 -21 -27 -20 0 -35 27 -18 -41 27 4 25 -32 53 -12 -7 13 17 11 5 -26 -17 18 3 21 -15 -42 -1 1 -40 25 -30 -28 -34 52 -43 -46 76 24 27 -30 -27 -40 -18 -35 32 11 25 20 7 13 -6 1 -19 -23 15 7 -2 47 -4 21 15 16 -6 -12 -11 -6 1 -7 7 8 16 0 3 -2 15 0 -23 -4 -6 -10 -1 -10 -16 27 -54 -10 18 -25 -39 37 -30 58 83 -76 -77 47 -67 -61 -51 -62 -72 -73 68 -4 -28 42 -56 29 -26 27 50 44 45 45 30 38 -21 -1 24 14 41 -1 19 -30 -36 20 -36 -3 -37 26 49 83 -63 64 58 76 55 38 -61 45 30 48 -77 -26 70 11 21 -36 32 10 3 -20 -9 3 -13 2 19 8 -10 -65 39 -37 44 -75 -81 54 97 72 -73 -74 70 71 -47 5 60 16 20 15 -36 51 -29 43 -42 -22 -39 -13 23 23 4 9 42 39 -57 -46 -65 -99 -107 97 108 98 84 128 -101 -96 -81 67 -77 -75 -80 56 -24 2 37 -45 -6 8 -22 -6 -2 -4 -5 11 9 -37 24 -3 -35 -47 0 10 7 2 -15 -18 6 -6 4 -10 2 -22 16 -10 9 8 4 -7 -14 -5 6 14 1 -16 37 32 1 3 -2 7 12 -2 -12 14 -10 -19 -13 -35 33 -14 -26 -39 10 -71 25 49 70 60 -95 -80 39 -36 -28 54 -31 23 -19 -29 1 -40 3 -29 22 -13 24 21 36 45 71 53 -58 95 -99 115 106 -120 -128 109 -88 132 -97 67 -17 -13 64 -54 -11 -17 34 -35 23 -67 -10 -39 -28 -33 34 41 -18 25 5 -43 39 -48 -20 3 16 -18 -20 8 13 -39 -38 25 -29 21 -4 -14 -10 -11 -29 16 30 -21 38 -35 29 29 -6 11 39 -39 -37 42 -59 -55 34 45 31 -7 58 -74 0 -62 -59 -74 -50 -95 -53 36 -77 146 -136 101 71 -86 95 -89 -77 73 -23 21 37 38 2 8 32 7 -8 32 -21 -10 -11 21 52 28 -42 -27 -31 21 23 5 1 -12 20 24 -46 3 -24 39 38 -39 69 -30 -106 76 -51 55 -129 -125 -125 -98 100 103 -106 147 120 -92 -93 59 60 56 0 16 -64 11 -2 7 -5 -9 9 -43 60 38 61 49 49 61 51 68 -51 -71 -36 -38 6 -14 -46 -1 -25 12 -36 8 2 -4 14 -18 3 -22 -9 16 12 3 10 -26 -7 9 27 22 -8 -44 14 -29 11 -8 2 21 11 24 27 -19 -6 0 -33 -13 44 18 -93 37 -74 -68 -74 67 -71 -39 -31 -49 -63 -48 66 78 -71 56 -86 59 67 40 -32 -55 49 40 -32 -37 28 -5 -20 15 -7 1 14 -7 -18 3 -10 -13 -11 -3 49 -24 -36 -68 52 -62 74 -67 76 -67 -48 97 -105 -86 68 76 -81 -51 86 95 -107 81 100 -105 65 30 23 -26 33 45 -6 -4 2 -9 -27 3 -15 23 32 3 62 49 45 -54 68 50 -35 65 -63 64 -36 -73 -19 51 -34 -29 -40 50 4 15 72 33 -57 -114 96 -122 115 104 102 92 -93 -84 44 -23 -29 -3 -10 38 -47 -17 -8 15 -40 16 -5 -7 -9 18 -64 4 5 10 33 -12 -25 30 -67 -9 37 30 -42 53 -31 -56 -52 49 61 -44 -82 89 91 -115 -94 80 -128 116 140 -131 133 -62 -102 -143 127 97 -41 76 -68 64 52 29 -10 -23 -26 -2 -11 -29 24 -21 10 0 -5 3 6 -17 -25 -13 -4 17 -11 35 9 3 9 7 35 -23 20 10 -8 -32 -18 10 -8 23 -25 -20 2 28 -15 2 12 -8 20 11 -5 -13 -18 8 6 -9 -4 -31 -4 -28 13 -23 33 12 -54 -40 85 43 66 -80 -74 -75 94 -61 85 -67 -39 -47 48 3 59 -10 -28 -35 10 4 40 -2 -23 6 18 5 -34 35 16 18 36 42 32 60 -4 31 -24 42 30 -47 -10 -51 -2 24 -1 -15 25 -11 -69 -27 21 -19 -3 34 27 13 -3 -1 -8 -43 -42 -44 56 55 -59 55 -35 -2 -23 -29 -21 -72 -78 -72 -62 105 81 68 4 -60 -6 76 -12 54 -43 -39 -30 -40 -35 -50 16 -1 20 51 30 10 -5 16 -40 -39 -16 -32 -3 9 22 -21 12 13 -10 4 -15 26 -24 -25 48 19 -51 -38 -88 -69 -90 -68 -70 83 -100 -61 -55 68 26 24 -19 66 33 53 -2 -15 -63 38 -38 16 61 61 42 -36 -77 91 72 58 -13 30 66 -129 89 70 90 106 55 117 98 35 42 -105 -85 -48 -66 -73 43 52 -58 -77 -59 48 -28 7 -23 -45 -35 46 74 -46 83 -60 -72 -31 42 -70 69 -56 10 8 -63 52 18 -23 -20 11 -2 -32 -13 -13 -45 0 -37 -13 24 18 -30 -62 29 -21 -44 44 40 -22 -53 21 -46 46 52 -44 -47 40 -88 -38 30 -43 -20 31 -25 12 -42 -54 -11 -44 -19 -21 -37 -57 69 66 98 92 -58 -60 -58 59 -17 53 -45 -63 -73 -46 -23 47 50 -12 -34 14 -51 41 -30 16 -19 -34 22 -20 39 -21 -41 41 30 47 -41 27 61 29 -89 87 -79 90 -102 87 69 66 90 104 -50 -58 -102 -41 -46 -85 38 88 68 -80 89 -92 -59 -69 39 -53 90 -62 -39 -7 -32 -77 -28 -26 -40 -41 17 31 -30 -8 28 -20 -20 16 4 88 14 -40 12 -69 -39 56 -45 -55 -63 -84 -88 23 41 24 64 75 -49 44 -27 19 2 -22 -26 16 2 14 -20 1 10 1 6 -7 -15 11 -16 2 -23 -14 -6 -12 8 -1 8 -8 9 17 -8 5 -30 5 10 0 -18 -11 2 -23 -15 4 35 -12 0 -16 -9 0 4 6 6 -8 10 -2 -2 -1 -2 10 7 -9 -6 -11 25 -28 -19 2 7 6 12 17 41 65 -70 60 -46 60 55 62 61 -65 -51 -56 79 -67 112 -110 42 45 60 21 -40 -52 56 72 49 -90 39 32 62 -5 32 -48 11 -31 5 -9 21 10 14 -16 10 -21 17 22 22 12 -13 -10 44 -8 13 -23 8 26 -7 6 -5 7 -15 34 6 -47 -23 71 41 36 -67 75 78 75 56 59 37 70 -98 -83 -113 76 96 -118 -73 77 -81 -73 30 69 70 98 80 -96 -83 68 91 -49 74 94 -42 90 97 -75 -15 19 -60 58 13 -62 -17 -61 -55 -4 -9 -9 -10 -10 5 0 14 4 8 7 18 21 4 -9 8 -19 -23 69 -21 18 -52 -57 5 43 -59 -61 -76 34 49 -61 25 23 38 59 -85 -59 -50 -61 39 69 -34 -59 61 -72 -50 -74 -59 70 70 74 71 -54 17 -5 -6 1 10 -16 2 -6 -29 -3 -25 -15 -18 29 -1 23 16 4 -21 6 -20 -11 -4 2 -10 5 -6 33 -5 -6 1 -30 -21 57 -1 -59 -56 26 53 13 -18 -27 35 20 31 25 -12 16 33 -30 -27 -29 23 -28 30 -28 44 -30 -19 -17 17 30 -42 -43 19 36 -71 75 -29 -47 50 68 81 -44 82 -83 -87 91 74 -73 -62 52 -58 47 19 29 -5 -35 14 -26 34 -35 -86 -69 52 -65 57 -62 85 64 46 80 -88 -49 55 49 -84 57 -72 -53 -41 -92 56 -43 -26 -11 -31 31 3 -2 -39 29 -11 0 -5 -43 -62 31 28 -65 -49 -36 48 42 63 60 -65 54 87 90 -69 -43 -96 -85 -60 71 -61 66 77 92 -111 105 100 106 -81 65 -66 -58 -44 -57 29 48 44 32 -36 -29 20 15 35 -15 -2 -8 -6 3 0 -4 -13 -9 -2 -2 3 -11 16 -3 6 -19 0 -3 12 5 16 -6 -13 13 -10 -18 -24 4 10 -12 -11 -6 20 21 -51 -43 -20 15 -28 26 -32 -43 -27 40 -18 -5 -31 -38 -71 54 -81 -31 40 49 -36 2 -1 -24 28 -4 -17 -1 -13 0 -2 -10 -6 -20 -37 -65 -70 -29 -47 -51 43 43 -44 23 21 3 -10 -21 29 43 3 -19 -28 31 -21 23 -24 -66 -23 24 -46 20 33 -12 39 34 -33 13 1 -1 16 -10 -19 38 67 -60 -70 35 60 84 72 46 55 -16 52 -62 -23 -1 55 -17 12 -7 22 -11 -21 -48 0 12 -16 -27 18 17 -2 42 -26 -14 -4 12 -25 50 10 -60 -81 41 -32 -65 -70 -95 85 -53 -61 -47 67 70 83 -67 13 -51 -44 42 38 -6 3 -42 37 7 -7 1 2 33 -20 -10 -32 -4 6 9 5 -15 11 -19 19 -25 -16 -4 -29 20 44 13 59 -25 -23 46 42 -49 -27 -15 120 51 -42 -40 -44 12 54 49 84 -74 -135 102 76 -83 101 -102 86 56 79 91 80 63 95 101 60 105 72 -112 58 64 33 -11 37 -34 20 -37 -30 -27 -84 66 70 80 -66 -6 71 -60 32 -48 -55 49 -14 -34 64 24 -31 57 28 -94 27 69 -89 -67 -36 -73 88 79 -51 -75 -76 106 104 141 -106 -156 -142 122 -142 155 130 -150 -143 -162 98 -96 82 63 -65 79 -88 -78 -101 117 -88 122 96 -138 -117 117 91 -82 -95 -88 86 -22 51 79 -44 -33 -54 32 21 -25 -38 -18 -7 -16 -12 -42 -1 7 19 -14 -24 16 1 25 -9 3 -2 -2 -13 -29 6 7 -5 0 2 1 4 -6 15 5 -7 -23 -16 10 -14 -6 -10 2 -5 -4 1 22 0 -28 0 -2 -13 21 -16 -14 -22 -38 52 -40 20 -26 57 -55 -34 99 42 -73 65 -56 40 55 -47 -54 -54 90 -83 -88 -67 -62 -86 -92 67 -74 75 -21 6 -28 -49 -41 30 15 -31 46 6 -50 57 -54 -47 -75 -65 -56 75 -48 -54 -54 67 -70 -70 -59 61 58 -91 31 53 -63 58 -34 -51 -36 47 76 -78 47 58 -81 -80 -66 40 6 -96 93 -26 42 25 87 44 -22 -24 45 55 46 32 68 -37 -29 -35 -46 -40 59 -79 64 -77 64 -44 -74 -46 101 30 -90 80 99 102 -63 74 -107 97 121 94 109 67 -56 27 -31 -28 -48 -22 -47 32 29 -28 -19 -22 17 -29 -15 -32 14 -15 23 4 8 -5 21 4 -22 -14 13 -24 -6 -26 -22 -19 -10 12 -16 -73 92 -66 -46 124 82 -130 106 53 -61 -79 -59 -84 -39 -36 33 -53 -12 23 -14 -42 -28 5 -32 11 -17 -60 -17 -9 38 42 54 58 -77 -94 101 -105 -47 64 -100 -120 75 -28 -75 -57 -28 -14 -31 59 49 -42 -26 8 3 -63 9 5 18 22 -29 -38 -10 5 -6 16 -10 -27 -3 20 -12 12 -4 -7 10 6 -5 -16 27 -13 -37 48 -11 -43 -2 -1 -2 -11 -9 -5 -57 16 26 47 15 -34 57 22 -40 -3 37 12 16 -24 -23 -36 -41 -16 -44 44 51 -39 45 54 39 38 -61 -3 -26 33 7 9 -19 7 10 23 -19 12 -35 20 -42 18 30 -24 26 -20 -10 6 -47 -19 21 -49 -39 -21 59 -67 33 -23 35 -50 32 57 -81 -116 -108 93 84 -69 -89 -46 -15 -15 -16 -27 14 -8 20 -1 -25 -14 32 -16 -30 -14 -43 -11 -23 24 31 43 -34 34 -37 -60 68 -40 81 -67 -64 47 -77 -60 -93 -88 -136 -97 -87 83 111 53 -83 88 39 -66 -69 70 -78 71 81 -66 53 -90 70 64 34 65 27 -26 81 -4 9 33 -18 22 -3 -10 -16 8 12 -1 -6 -16 23 -22 -26 -2 -43 26 45 -7 5 4 8 -4 20 -2 -4 -6 4 1 -16 -5 -9 -27 37 -3 19 -21 -7 7 -14 0 23 -25 11 8 -26 4 -14 -11 11 8 10 -4 -17 0 -1 14 55 1 32 19 -24 -5 -52 -17 36 36 21 5 -8 22 1 -38 -5 -20 62 29 59 -87 76 86 -116 95 72 -117 -100 -73 139 -116 -76 85 -52 -54 -97 81 -16 -4 8 -5 62 40 -14 23 -27 39 -50 -65 -2 -26 46 42 -35 -24 59 73 -52 -30 -55 -35 61 38 49 -31 31 -33 40 65 29 91 37 -72 -19 -49 66 -107 92 121 111 124 -138 -107 -75 50 71 -114 -94 -54 47 -21 42 -46 42 61 82 68 -73 -48 -43 89 -97 -64 1 -37 -33 -63 23 -21 -96 77 99 79 -63 -87 77 107 -56 -75 -70 -84 82 87 -107 -104 -83 -78 -135 -86 -75 -59 -105 64 77 39 -51 -64 -28 52 33 -34 -21 10 -6 10 -14 21 -10 -2 25 22 19 -10 2 2 -3 25 12 -13 -51 -13 -20 -81 16 -25 -4 -17 19 -29 -37 19 33 2 13 -30 -2 81 27 -4 29 -8 -15 -8 23 -26 -7 -9 -32 10 -47 -15 -39 -20 -17 -37 -21 -17 -25 30 28 27 -12 39 -19 13 -1 -12 17 -9 -1 -3 24 16 -4 6 -10 30 12 -3 -37 -12 -21 15 -3 16 -14 11 16 -26 -38 42 -10 4 -21 44 29 -6 12 34 -8 -20 -22 48 17 24 1 49 2 -33 -30 44 -6 2 14 -23 17 -8 -33 22 34 -24 9 14 -22 5 14 0 -13 41 13 -25 -46 78 91 61 -72 -86 81 81 -84 71 114 96 100 -159 -145 -119 115 155 -154 -153 -103 105 160 -115 79 -86 -94 -99 -81 13 -76 10 18 81 52 -42 -40 -61 50 -9 -44 -40 37 19 -39 16 -5 -12 -10 27 6 15 5 35 -36 -49 -88 -67 63 101 -67 72 102 114 -137 -113 -69 56 -40 -55 74 34 -35 -43 5 -40 -42 -31 -24 5 -15 -10 -7 2 3 -17 10 -3 3 -6 16 9 -3 9 -10 3 8 25 2 -24 -39 31 -28 19 -14 -22 -28 32 38 -11 0 -16 19 30 -21 -19 -48 12 4 -14 -6 -13 -17 -8 -8 4 9 21 0 -4 -3 -4 0 -7 -18 38 -1 -11 3 18 12 6 8 -13 24 -10 9 -31 7 -6 -4 -3 -34 -34 21 -41 -47 60 -58 -10 -9 -69 62 -51 46 77 -75 -61 -43 -78 38 37 2 -5 39 -12 28 5 -28 -17 5 -13 22 -9 21 9 -22 2 -19 -3 29 8 37 -10 -14 53 11 69 -91 88 91 -115 114 111 60 52 -46 -46 26 27 9 -29 -34 -18 -33 2 14 -15 2 -29 -3 -4 30 40 26 -6 -27 19 -5 49 16 31 -13 6 16 -15 35 -25 21 -8 2 -9 -19 -29 -8 -13 -8 -16 19 -15 -6 9 3 30 37 -25 -5 -3 7 22 6 -30 -3 7 4 -2 2 3 26 3 -4 -9 -2 6 -11 2 9 13 -1 -11 32 -6 8 3 -2 3 -12 24 -17 15 -49 -38 4 2 -11 7 6 15 25 13 -15 -6 -7 -3 -70 32 -32 -60 36 13 41 16 -61 -24 30 60 19 -41 -17 39 55 -62 -43 42 40 -49 46 26 -17 22 -56 44 -4 -35 41 -19 -20 27 -30 21 20 -7 -5 18 1 8 9 4 -4 10 22 -22 10 -1 15 -5 -23 5 -14 -1 8 -8 -22 -5 -3 6 14 -31 44 4 -11 8 2 -5 -10 10 -3 15 -26 -11 -11 -2 -21 37 40 -9 -8 -9 27 -3 8 30 -11 9 -11 53 13 -50 -47 26 -65 -38 -30 28 35 -43 37 35 -5 10 -10 -11 -16 -10 -7 -18 33 -21 -3 5 -15 10 23 -33 45 7 -81 -74 9 54 56 42 62 78 69 69 113 69 48 88 71 -53 -56 -67 37 -60 74 -47 59 53 -80 27 24 -48 -55 25 -20 -14 -56 -27 -22 -54 23 -13 9 31 23 -9 -6 45 -14 -29 17 19 4 16 23 -45 -21 10 34 -11 -49 -45 -24 -8 -39 11 3 33 -7 33 -51 -42 42 -31 49 54 50 -62 60 72 76 57 102 -44 11 -42 48 -31 -39 -5 -52 -32 -44 -24 -11 -7 30 -18 -38 6 26 -40 -45 44 66 -36 -35 -38 -14 36 8 2 13 -18 -21 14 -23 -15 18 12 5 0 12 -5 -17 -13 -9 68 -15 -24 45 -62 59 -51 -63 -48 72 59 -53 22 -70 -31 42 12 -50 56 -11 3 -29 -44 77 35 59 73 -37 54 43 44 -73 -85 -50 -23 126 65 -64 -76 -77 99 67 62 48 62 -63 -50 -10 17 -39 -36 -12 41 -11 -9 -19 -3 -3 7 -40 -1 2 -6 0 -1 -5 26 10 -14 -20 -8 13 17 2 14 -9 21 -17 -7 -25 13 39 4 11 -68 99 -16 -43 -84 117 -65 -121 118 126 111 -79 97 104 94 -73 -114 -75 -54 65 89 -26 -37 -61 -50 65 37 44 -58 -54 28 39 43 24 -15 -19 -14 -5 54 -62 47 19 -30 -27 -55 -21 -2 1 31 -41 20 6 27 20 35 -37 -24 51 46 -82 -83 -79 -71 -76 -101 -92 -102 94 142 114 131 -141 -94 -114 -85 100 -63 63 77 -74 92 -30 -45 94 84 27 -51 32 -78 67 -71 59 47 -50 18 7 -11 28 -21 -4 29 -17 41 19 -31 10 -35 14 -42 50 -52 -59 -11 -66 -77 -78 93 -41 60 66 100 119 -79 40 -58 75 -95 69 -47 -80 68 72 -72 48 65 -76 55 -29 10 0 45 -10 -40 21 -41 45 -44 -48 32 85 -57 84 -50 50 -72 75 84 -105 103 -101 -110 -74 -82 -40 18 -8 -23 -15 24 51 -39 -28 -55 44 -106 -65 -34 108 -172 -122 89 -108 139 -102 -99 -102 90 83 -118 106 99 7 77 20 80 -48 -49 93 213
6144,-96 -49 43 76 33 41 -28 17 75 -20 87 -148 -31 -83 1 41 12 -72 -92 12 25 -66 -39 -91 -40 -43 -52 50 -23 88 41 -17 -20 91 -12 14 -95 -124 124 30 54 115 -75 76 157 47 79 62 114 -12 -33 -39 59 142 -81 113 61 16 47 67 -87 120 4 -47 -38 39 -60 130 -47 -60 -120 131 72 -63 -56 -51 5 9 107 -63 60 -41 67 -116 88 -50 22 -8 -46 64 112 -50 -105 95 -6 57 -137 98 -29 -70 67 -12 167 -54 155 61 -90 -92 94 -58 -19 91 -44 -53 9 10 18 16 -58 35 76 87 -25 -14 -90 -10 -63 74 145 109 19 -124 -11 -111 -30 -73 -60 -100 26 -88 -64 -43 -53 -76 -16 -98 -131 113 -119 -35 45 18 -4 57 -26 101 -49 -5 56 26 -58 106 10 -45 57 -18 -116 10 -40 113 -114 -80 27 -53 -7 -106 -75 34 -19 -143 -105 25 22 55 118 -46 -92 18 70 62 94 -127 35 -145 -32 -81 5 -39 -82 -108 42 33 4 -60 137 67 80 -67 93 -119 76 -50 91 -124 35 -16 -6 -40 -77 -3 -105 -2 -35 -78 -41 47 60 82 -93 68 73 66 87 53 -72 -99 -87 -74 -172 53 -2 126 0 -47 -108 55 -4 -65 -34 -29 17 -75 -20 -55 101 6 -28 -67 75 -13 162 19 -27 -13 -72 -26 -25 29 45 58 55 -11 25 -32 -98 49 45 -82 11 -35 -16 -76 -82 -26 -69 121 -9 47 88 99 -49 57 44 -92 34 -5 74 -83 34 -30 -47 11 -19 -17 38 80 -111 -53 -48 -32 29 66 140 44 49 75 -95 89 57 111 -50 101 -74 107 -30 -79 -58 -17 80 84 -30 -55 18 -24 -98 -91 21 -47 33 3 -47 19 -32 57 81 13 27 -47 49 9 56 21 26 75 78 -7 -92 57 55 -63 -30 113 -70 -52 -108 -130 -10 -97 -55 28 -71 47 62 -46 73 37 39 -59 -83 -37 50 58 47 -115 -55 35 -113 -34 137 -181 52 -63 119 77 -73 114 121 -107 -89 -72 -95 78 34 108 87 -84 61 23 42 -124 -62 33 44 -24 100 130 64 -39 116 -52 -3 -39 48 -48 56 -116 -31 17 -3 -33 55 -4 -98 -25 -2 37 36 -26 -89 12 -67 -6 -77 -90 4 -84 -20 -18 37 31 -116 39 -93 -34 -53 32 -51 -18 -68 91 -101 -68 105 -53 -56 34 50 -52 19 -17 58 48 6 113 48 -2 18 -11 -39 22 -42 33 37 -34 -60 65 48 -84 31 32 -84 125 -108 81 8 5 2 55 65 62 36 36 -43 -4 33 -66 -37 88 -57 75 -59 -23 -178 34 -68 -91 -18 8 -25 -72 -70 20 -19 79 133 -41 29 -63 77 -56 14 -88 67 106 79 1 -17 99 57 75 39 30 20 -118 4 127 -22 -69 -12 -23 77 -114 -26 -20 57 -62 16 -66 7 -28 68 -69 20 32 47 119 2 56 98 57 -90 -47 34 -144 -34 43 -65 9 88 -29 -79 61 -72 32 47 84 -91 -49 60 18 -39 44 -87 -39 -121 -33 -88 78 34 -75 -38 76 -10 -25 69 38 -80 40 -49 -30 -57 -44 -176 9 96 48 14 -6 -49 80 77 33 63 120 79 -21 32 12 -69 103 -14 99 -92 87 -9 -34 -31 -76 39 -36 85 -51 -50 67 88 89 -73 -13 15 -74 -17 50 -55 -33 27 78 43 137 82 -12 5 -56 -117 43 26 58 -14 -75 58 -61 -146 -103 83 102 -23 64 20 -47 -104 21 52 45 -106 55 99 -13 -93 -67 -18 86 -50 -1 -7 -28 58 12 -83 78 32 -15 -6 -110 -18 -10 70 105 74 -47 -113 84 -69 42 96 -33 40 96 66 47 -60 112 26 61 51 14 80 1 19 36 -124 -73 -12 87 12 27 27 -5 92 -8 -108 -81 22 -48 -71 45 44 -49 -61 35 -81 -64 43 -26 7 9 108 -82 4 -4 109 -77 21 17 -34 74 -52 91 10 -59 34 86 122 62 15 -2 110 15 -6 -46 -119 8 17 -24 -58 -38 6 128 32 -19 153 64 61 -77 -17 -56 75 101 35 110 42 44 -76 88 -77 42 55 -128 -46 -42 -107 10 42 5 -26 31 114 50 -13 18 0 86 -14 25 -38 -51 -43 50 -45 96 -70 22 106 48 58 -109 52 17 -34 -60 -80 -55 49 70 67 65 61 92 60 23 24 30 -32 102 -14 56 64 -52 67 -112 23 48 35 7 57 117 -28 -14 -5 9 57 26 74 -44 49 41 31 -97 -75 92 0 -115 -50 -91 93 0 95 9 51 45 -30 -45 -101 43 -121 -37 -127 93 -72 70 -22 -42 -87 -105 65 -2 42 52 -69 -53 -34 -70 16 11 120 32 -34 0 23 -40 -59 84 -93 0 8 101 54 -51 39 -107 -78 39 80 136 99 7 59 -10 -139 91 -41 6 -29 -78 -48 -18 -103 -165 -76 12 -79 -107 -14 94 -22 43 47 34 -30 -115 10 84 -20 -78 -53 -2 101 110 95 60 -72 37 -14 5 -138 -134 61 -47 -29 -20 81 -27 -11 131 63 79 84 -51 -21 62 -36 -112 -13 -19 71 15 63 -15 -28 15 75 -93 28 35 38 -31 103 51 -102 -106 -51 70 -94 -52 -16 -63 34 -87 -88 62 28 -102 21 -72 3 -20 128 54 63 9 130 15 -70 39 -87 -110 -81 81 -65 -45 -24 -54 -78 -60 88 61 87 70 -33 -73 -33 -118 -26 47 8 -92 -11 -7 -112 76 10 -8 67 -27 -104 105 -22 -40 -23 -6 -28 -63 -62 69 26 29 -93 -112 102 -91 81 -131 42 -42 -84 82 153 45 -44 1 44 64 103 46 -26 -2 29 121 -90 35 109 14 25 89 55 23 -70 93 57 99 -72 43 145 -75 56 47 -115 13 -17 -21 36 -10 91 24 46 -76 -23 68 15 -29 -83 91 68 83 -54 -92 -77 -102 -31 -15 -67 -27 10 -73 -79 59 -70 119 28 36 58 43 -102 -111 -85 -46 -19 -101 -39 42 -36 -60 -131 20 85 7 26 62 -87 79 -23 -57 -23 -53 22 68 -62 17 12 118 13 -3 54 113 56 42 14 -83 -47 -42 44 -57 -64 17 26 -70 -31 7 -45 48 -26 -81 53 56 35 -61 13 90 -29 -66 -134 -27 -72 -18 -60 25 74 89 -96 -32 -82 -34 -106 -64 4 135 -58 -32 15 6 -39 -12 -2 27 29 15 63 -120 -94 69 50 -38 -68 72 62 -14 141 77 -70 71 26 -45 -29 39 31 -36 10 14 -46 -68 88 -34 31 92 -79 33 115 20 66 -45 12 -42 17 76 -88 45 -23 -84 58 97 82 22 -12 63 92 -108 33 3 -57 46 62 -38 -56 -4 21 -48 -21 83 76 13 -19 -37 -82 -25 -48 -25 81 72 -19 -67 -122 -100 72 47 61 -52 42 8 -85 -37 95 17 -33 -14 -36 32 -3 -66 57 18 49 53 -31 -108 23 50 -28 44 -65 19 -1 26 -83 -47 20 -65 49 -34 -34 -93 64 65 117 46 -56 -44 -24 -39 55 -31 0 -21 68 94 68 21 62 -96 -43 31 76 -6 82 -32 40 -85 69 -54 -16 87 63 81 -70 -81 11 -118 -29 -127 4 116 25 16 -36 32 -30 -106 56 -33 -61 -103 67 -44 -59 82 -13 120 -58 41 -21 77 -40 65 -64 128 95 -35 61 115 51 29 -34 -60 -35 -35 -45 -71 -74 -122 78 -22 -14 -70 -4 101 -95 76 -6 -83 -12 -72 -39 -29 64 -13 -10 -25 -4 -20 54 12 -77 70 -43 55 103 -45 76 -23 100 11 30 -19 -76 46 -3 -13 4 -38 25 54 -72 -36 -52 6 3 -2 -10 24 -14 -44 37 2 74 77 -66 -70 -64 52 -91 -19 -22 -40 -42 16 97 66 84 14 -6 111 87 -55 -132 -54 -49 -84 30 89 110 -89 -103 -64 -68 45 -95 145 -40 18 14 -69 -54 66 -56 -25 -112 86 28 -32 -45 -139 -123 -2 -84 -53 110 -3 20 23 -38 68 37 -29 -64 -37 43 1 53 -107 -76 35 6 33 -26 9 54 69 68 70 94 102 -97 -50 18 -94 66 16 -56 -4 -39 93 -29 77 43 1 -25 77 -44 73 85 119 -75 -89 -73 20 -66 -42 -54 -96 56 -40 -141 47 -65 0 95 42 -78 31 -56 -103 4 -106 -34 -37 6 -54 -64 49 82 -121 -4 -12 68 45 -4 11 63 77 103 -51 -69 -32 18 -73 -56 92 -30 53 -50 55 91 -34 19 -40 -130 -41 -46 2 -55 -84 -18 1 78 -12 107 -63 77 -131 -9 -47 2 75 21 124 13 147 -76 42 27 36 123 -67 -40 34 -107 85 111 -43 41 -34 53 -65 -46 -43 37 120 17 -102 -7 54 -49 -57 56 46 -68 -96 134 -81 -37 -66 -26 11 109 -49 -36 -11 55 25 17 47 79 63 -79 -85 -87 -84 -77 -55 77 58 13 -61 -97 -42 -50 -70 38 96 15 32 -2 13 -56 47 41 61 -91 -54 -34 -86 74 14 -84 -72 7 -84 94 -16 81 -38 53 -53 88 105 -40 -106 -6 112 -50 -66 51 -62 40 -56 -35 16 -85 -19 -106 53 -5 -17 85 -58 -113 -1 7 -104 -2 85 -32 -69 14 -112 -125 48 95 22 28 2 -56 77 2 50 11 -12 37 38 36 -29 -56 75 87 -15 26 -12 -6 82 13 -11 -23 123 -57 -6 23 -1 -48 -124 116 162 39 75 -18 83 -79 -51 92 100 -34 31 70 90 -6 103 -37 44 107 73 -38 -61 -47 -24 155 13 -11 -12 -68 -21 -59 32 -45 4 -96 -88 42 70 92 -10 53 -2 19 -32 -48 6 -21 24 -37 117 35 39 -43 58 -73 61 -76 69 42 107 20 -28 -52 10 148 -3 71 -21 -40 -62 -126 -92 -34 159 -27 -70 -99 10 73 56 44 38 -32 32 106 30 -45 -48 -98 118 -100 -77 47 -96 -113 -76 -53 -86 8 -6 -23 -7 -41 11 62 -62 -7 -76 98 -79 80 53 -116 -9 75 79 41 6 -52 0 -53 -30 49 -27 79 -3 -83 55 65 -44 -44 -89 79 -66 -14 53 49 -68 -112 -19 -114 54 68 57 -43 33 -52 -36 35 -64 42 -68 -53 65 68 25 -13 96 -31 9 -5 -30 -10 -114 -90 105 55 6 1 -104 -13 -76 46 -59 -24 99 67 123 41 -58 81 44 -7 63 51 -52 -41 -38 -73 55 -40 -118 -58 9 45 -69 26 38 -33 -74 123 -15 59 56 -70 47 26 65 -82 -89 -71 -158 -73 116 1 -71 -29 -43 72 -2 -72 -51 -63 -21 -58 -21 -47 -49 -61 2 83 71 -22 -31 -22 -96 -53 -65 -120 -39 -104 -9 -27 67 125 -86 110 40 -94 20 -58 9 86 -61 83 -77 23 145 11 -76 55 6 -57 -93 -31 56 38 40 -75 46 68 -84 56 64 27 -109 1 -1 115 46 25 -13 -56 -57 -25 12 -83 84 26 -118 -38 49 77 -90 -35 -69 44 48 -39 -32 -11 -75 92 -8 -51 -12 24 -12 -34 -129 28 -11 -25 -43 -116 51 -13 -19 82 19 28 30 81 66 -111 56 38 -115 -82 46 -39 -50 2 -53 83 80 95 -56 -43 -69 -71 89 -170 72 -59 133 94 -28 83 -76 -86 -13 57 -89 17 -87 115 99 59 -78 1 73 4 73 16 -92 -52 28 -12 -24 -17 -66 91 -45 8 12 -11 -101 -127 -56 -3 -89 67 -55 32 -29 77 -117 -43 -67 48 -97 33 15 -79 21 96 -39 39 56 81 170 33 5 -101 -56 92 -19 41 -50 -56 -33 33 122 -67 -38 74 64 -62 -54 -39 -57 46 50 56 -90 91 -76 87 141 53 -1 -66 37 -97 -60 -130 54 -16 57 74 -43 127 38 71 57 -71 -36 -76 32 -66 -92 15 -93 -53 -6 0 45 -107 -33 36 -1 2 -84 -17 -31 106 -59 -16 60 -31 30 -45 47 -24 101 6 -80 64 99 44 -46 -18 29 -72 -70 -6 -118 84 5 -37 -17 1 -46 -28 -93 -55 -83 -12 122 8 -17 2 55 -58 -31 -27 67 123 -39 -40 92 -60 51 11 79 -43 4 62 -127 117 -50 68 -19 31 147 35 52 88 -60 76 22 -133 -74 91 68 39 0 -36 -46 75 54 -40 -44 -83 -84 -18 19 40 -62 -8 -63 34 6 99 -55 72 -61 -77 -40 110 -71 -47 20 2 -15 70 50 -17 35 90 60 -13 -79 56 -13 39 127 -66 -154 -100 21 112 -19 -5 -4 26 -92 -135 -48 60 96 8 -49 -45 22 -57 0 -115 62 -62 34 -114 -19 -54 1 68 -81 60 -18 -60 44 -64 57 -117 -29 -38 -83 30 -130 -92 68 -92 -72 -106 -58 87 82 48 45 29 21 -10 33 86 76 -46 -68 -34 35 36 73 15 -50 86 -50 -4 -6 66 -93 52 -1 -50 67 -65 33 75 43 -55 30 -46 -15 -1 134 -2 -33 -55 58 -79 62 79 -17 -1 -23 -106 -8 45 63 11 62 -11 -90 -46 -71 -39 -71 13 -32 11 54 -90 -33 -65 13 -51 32 -24 19 -49 -10 -19 34 -48 99 59 92 74 -102 -20 93 -6 143 132 73 81 -23 63 -71 -92 53 11 55 29 -26 69 127 -14 -81 25 -30 42 -13 -19 -29 -18 -8 45 -58 -1 -74 52 103 44 -46 99 22 37 55 43 37 60 -58 -16 43 -57 11 54 138 -59 -64 5 47 81 30 -22 48 -71 64 -65 -60 116 8 -77 94 11 37 -102 67 48 -40 -37 130 -60 -20 30 39 86 41 0 36 71 33 44 -11 -49 60 34 -60 -19 19 141 -45 -49 -78 -21 -67 -52 -63 -21 48 39 -83 34 -81 40 -138 -108 47 97 -38 -43 -25 -57 -38 12 -21 -41 60 131 24 43 -67 -82 -78 25 -23 76 -89 -23 -7 25 79 0 -27 30 -97 26 17 54 -109 54 -33 -42 43 -113 24 -49 93 3 16 58 -5 5 -58 51 9 -114 93 62 129 98 43 -13 -33 19 -31 88 87 90 -16 47 -64 12 -74 -72 -108 94 77 28 -64 87 38 49 40 -108 54 -6 60 -45 -56 22 81 -94 -68 -1 -68 -104 -34 -48 -9 -34 -112 -3 -28 -84 -1 27 38 65 -35 9 -48 38 97 -79 -20 74 -78 59 63 65 -66 70 -14 -6 59 31 -88 -79 -26 -64 69 36 79 51 -13 26 86 64 -70 7 41 -70 -14 81 17 52 -64 -35 19 -9 23 24 -84 72 60 79 26 -102 -36 -66 -39 -79 -50 -137 -53 -35 -58 -103 50 -20 66 -113 47 103 -71 3 83 114 -51 -135 -90 32 49 70 38 -26 74 109 -4 -30 55 32 -41 -99 -50 55 30 -22 17 79 -20 95 -65 95 -103 9 -36 -121 -5 -4 44 90 44 85 -102 39 16 -34 -21 26 -148 12 28 27 -33 105 53 -26 46 -82 -20 -33 78 -4 22 89 83 42 72 -57 -88 -53 31 -113 -17 13 4 92 -5 -35 5 27 -68 20 -18 -72 -22 9 34 -9 20 -93 26 -57 70 32 -17 78 -24 -15 3 22 -90 -13 20 -76 50 -106 93 71 121 73 152 20 148 23 87 -18 -87 94 -94 -56 -50 -85 -107 141 -25 -73 106 62 59 104 9 50 -38 -7 -22 39 -10 -70 65 66 20 -41 87 78 -8 -16 98 -71 -19 -9 53 70 40 -99 -65 -54 79 -64 -62 58 -18 -28 -49 -40 -1 30 -71 0 41 -70 71 57 21 45 1 38 76 74 -23 67 96 -104 76 -57 -70 41 103 -4 -68 3 -6 58 -22 -26 18 80 50 -110 96 69 -34 68 -38 55 53 -44 54 124 10 87 60 -76 -1 -15 -29 -91 -26 65 56 -137 -62 -62 -79 -37 50 -86 75 23 -70 -60 -7 94 44 -2 -3 -65 -87 -24 34 -111 30 -90 47 78 -38 -100 -62 -75 -133 17 -63 -26 86 93 137 -64 39 25 57 -57 -142 -47 -19 109 -77 -106 -40 3 101 -45 67 51 136 -102 -8 28 8 31 19 30 -100 103 87 -77 82 69 50 58 29 13 46 -62 -11 141 -126 9 -22 -80 -42 16 -10 70 -45 92 99 -16 -90 -83 14 50 40 44 -80 75 7 -69 -145 -41 -29 -47 -36 -96 -96 -17 54 -11 -35 7 111 -74 -43 132 -25 50 94 -78 28 -77 -87 -62 99 51 34 109 13 -113 -23 6 46 -73 119 91 57 -79 88 -19 51 -101 -95 75 -32 -41 -76 -1 -7 48 -58 -88 24 98 -73 29 -8 -55 -27 -123 -55 -128 72 70 -22 -36 -44 15 -38 13 19 7 51 68 -84 66 -19 -30 57 49 20 60 -27 -46 -32 -52 2 75 68 52 4 73 -18 -72 -99 75 -19 -110 -157 64 18 -36 39 -139 -61 -5 70 -4 -16 121 97 22 -72 44 14 32 -86 71 -9 -10 5 93 70 93 -75 -95 -29 20 -105 6 -72 -83 -48 -7 30 -87 -87 -53 131 -18 80 -36 50 -84 47 -33 -88 -89 -82 68 19 30 -62 -59 113 -12 -81 -69 -83 0 41 89 -50 36 -18 63 -22 -39 -29 105 -27 29 -60 -3 97 -8 -73 46 -62 14 114 -48 6 112 71 62 109 -48 22 93 -48 87 -74 27 -47 -43 44 1 35 76 9 48 -78 86 -19 -75 33 -93 57 44 -52 58 -97 27 13 101 125 78 -35 107 22 166 38 -34 -83 13 1 -52 28 17 -30 -39 -130 25 23 -2 37 -35 -86 102 31 25 -86 -61 -82 -57 -111 -68 81 -89 32 -29 43 4 66 82 -100 83 60 -62 86 -19 -35 -4 11 -109 39 -71 78 54 -49 -100 -90 -54 -78 8 120 106 -83 56 -35 31 80 51 69 28 22 40 -3 -59 -77 31 43 -35 -69 -56 71 82 52 -73 16 102 -42 -74 86 -99 -42 -49 116 33 -54 40 33 62 -86 -39 86 13 51 -9 66 -56 114 40 92 -101 48 -52 -47 24 -76 -78 -27 25 -37 -72 61 -3 -67 37 -42 75 -78 -64 35 -58 13 -3 45 -54 14 -5 -42 -21 138 -19 95 -69 10 57 -61 74 -23 -22 -73 53 -48 -56 10 -75 -11 -70 -17 -40 34 -9 -24 57 28 13 57 -63 43 -17 -101 -28 73 2 20 109 71 128 62 -2 -27 -69 64 -13 -52 76 -41 83 -33 80 -88 -53 58 57 62 -79 16 -99 74 22 28 -30 -28 49 -64 -11 -60 -29 34 41 43 -59 58 7 26 -51 61 104 7 3 -98 57 87 20 -101 2 38 -107 -59 -46 48 37 -51 -53 99 19 -73 53 17 60 21 36 -68 -27 62 62 44 -86 -49 -37 46 -3 26 -79 54 -28 13 -52 55 127 18 -14 -47 43 -5 48 -103 115 45 27 -3 -73 -46 37 29 79 25 -4 78 36 -96 25 82 -44 46 -52 -96 -7 -12 -70 114 70 -140 54 -6 -7 10 72 -62 -72 -26 33 -98 64 -48 71 -152 -12 34 -9 105 35 50 32 0 -108 18 59 -68 10 106 -145 -33 19 -121 -70 19 -2 61 103 22 -44 -100 -108 -60 34 -30 57 23 -2 -51 56 -84 18 19 64 -63 69 26 -22 -19 36 -61 123 76 -19 94 51 14 71 56 75 59 7 -76 77 -94 5 -104 -6 122 128 -55 50 -82 44 -104 12 -24 -114 26 46 -52 15 15 -14 -68 42 -56 146 99 -128 -15 75 60 -50 88 -63 -86 24 21 -81 -169 71 46 49 -80 27 35 -9 -11 56 -14 145 39 106 14 65 -59 -33 19 64 21 64 -67 -27 63 -41 106 -77 -61 71 72 -27 91 69 61 -20 -71 25 0 65 -59 41 63 -74 50 -18 0 72 -25 5 -81 57 -39 -63 -12 -54 -140 -88 76 -10 -2 50 -80 61 -1 56 17 29 -110 33 -64 68 85 -64 -76 -96 -24 69 123 86 53 89 -15 -110 58 66 78 -47 -90 -105 83 -20 -130 -115 77 91 -25 -84 -93 103 23 58 22 67 66 -70 23 61 -72 15 -17 109 61 0 -39 -59 -5 -14 12 108 62 -124 -33 3 -82 10 36 -52 -36 21 41 -62 112 -80 -86 -69 -5 47 -41 -53 31 36 168 57 -99 -75 51 33 -53 64 -200 -82 -73 -24 98 -20 72 34 -23 -32 92 70 55 113 -49 59 -86 -38 -14 139 -34 2 -29 105 23 37 44 -40 48 -14 90 -21 133 121 -24 16 -2 -95 85 19 10 62 45 -96 -21 -94 -74 127 51 45 117 -49 -120 -26 -99 -11 -109 -12 53 -73 5 35 -46 38 -20 -65 -82 -49 -104 -30 -1 8 83 28 -81 0 82 86 19 45 6 -29 -21 9 -74 104 3 38 70 31 -54 -43 51 57 103 0 -115 -59 97 47 -1 -43 53 -9 -86 -67 -51 -165 -66 -133 18 49 -33 -48 -24 -41 -78 20 20 -129 60 -5 7 -60 62 94 -4 -32 -60 50 -122 -83 -47 -17 22 -55 -20 -68 137 70 -113 14 101 26 -44 39 -78 21 -64 -42 54 72 -13 -62 -4 -72 -60 66 95 58 -86 -64 -23 -34 129 -48 148 40 -81 -11 -93 -101 -65 -58 24 49 22 -8 107 -7 -97 -11 -4 39 -80 63 1 94 -87 -9 24 -41 65 -40 90 -33 83 58 -79 15 -21 20 44 18 78 -22 87 111 -68 65 -17 -92 59 -10 2 57 -90 20 -125 65 -93 -116 37 -99 16 -138 -90 51 32 12 25 50 -13 73 -5 -54 109 56 98 81 70 102 61 -85 38 -48 -30 91 81 83 -46 56 25 -66 12 -61 -52 39 -44 58 -40 -14 5 -6 132 -49 43 -2 -41 -9 80 32 -46 62 -76 -7 38 -60 -8 -1 40 63 -102 26 -82 114 -37 -84 -63 -15 46 23 19 20 1 72 -120 34 81 -81 111 -18 22 63 -116 54 -50 -54 122 -12 15 69 -81 -61 100 -50 -69 -93 65 -117 -42 -87 -73 18 75 -84 45 75 138 58 37 -117 122 86 139 34 -70 15 -104 -36 111 60 -103 -92 65 -42 -64 -47 35 -56 99 -92 7 32 -118 -134 79 63 -80 -5 -37 -69 41 -16 29 29 28 9 143 104 32 119 1 36 59 -145 105 -67 5 20 99 -64 -59 53 -63 -72 -48 -51 88 -48 105 -7 8 43 -57 -66 -43 92 -7 -16 -28 67 -84 -86 83 85 -27 -31 -33 -53 -21 -58 65 37 118 60 -54 -68 -82 55 23 -57 24 -16 -42 54 -44 -94 11 91 48 68 -111 -3 -95 55 83 -19 19 -6 -16 48 26 33 24 73 -110 -94 -68 -135 -28 -73 94 -23 -93 -19 -63 -47 180 14 -10 52 149 -32 8 -85 -24 -40 46 -56 66 70 11 -7 -63 15 46 -71 -36 -68 -85 -64 28 22 1 156 -64 -40 47 61 -41 -27 34 69 16 -100 61 43 -115 53 -32 -4 68 8 -60 -61 102 136 -102 39 -99 62 -64 93 56 73 20 61 25 20 -28 -25 -45 -45 40 1 43 77 54 -56 -39 -49 25 -28 -38 76 -49 -48 23 38 90 24 -18 44 77 13 -134 -162 17 -25 -59 27 98 -28 36 -73 111 -52 -65 43 -42 4 -126 -78 24 49 -35 12 1 -27 43 16 -30 -46 37 -34 10 -32 32 -130 -79 -42 -79 -66 -46 -123 107 50 -31 -104 -24 -27 -38 -39 -97 -91 -8 108 39 46 -25 97 -38 -30 89 116 1 -51 -8 30 -40 -48 69 15 -3 -59 119 -55 -27 -58 30 62 21 48 24 38 56 -18 55 -84 98 49 -40 -128 -106 -57 -90 -55 -16 10 44 -52 -26 -143 80 -23 -47 -2 -53 -101 36 -34 -46 -8 69 -122 -19 -14 31 15 -54 -17 -53 -11 -40 83 29 -46 -32 57 58 87 35 -34 -5 65 5 67 -38 -70 -55 111 -62 -38 49 -29 -85 -2 48 -34 -87 77 85 -19 121 67 36 -5 -74 107 -12 63 13 55 -18 49 -57 -15 14 -2 79 -30 39 -74 -116 42 10 35 119 -54 -67 -46 -51 -18 106 -31 -87 -22 -16 66 55 76 11 67 -85 60 -47 -74 44 56 -38 25 -90 77 146 -84 89 37 77 84 -49 -41 34 -72 -8 126 -62 14 -34 76 30 -59 -30 88 62 -68 69 116 -53 35 48 -96 -31 13 32 54 54 20 -19 -91 -88 7 121 29 56 -28 41 10 53 137 -72 -16 56 17 122 0 -49 22 12 59 -3 75 -23 -2 0 -17 -9 83 96 2 -71 -29 91 -49 91 35 60 -102 -95 37 77 -94 4 -112 -10 -47 17 42 54 13 -18 42 69 -2 67 -7 -31 76 -48 83 -55 79 -56 16 -8 77 -26 -106 -67 58 42 -57 71 98 -45 120 -97 19 -29 51 116 105 -60 38 96 -13 -22 -8 96 56 -38 -125 -81 -59 57 101 -21 -72 106 71 -48 -67 -25 11 -58 -59 -81 21 35 67 -84 26 85 -20 34 32 58 25 95 44 -11 -166 21 99 34 87 -40 -77 -17 89 -75 -37 -26 105 -7 -16 -60 59 87 -80 25 -72 -60 18 55 -80 37 -52 -61 -65 -49 19 100 107 -60 94 22 30 113 40 54 -33 -27 -93 131 37 48 30 26 -56 -86 -164 47 -60 63 -36 -73 -82 -80 -72 -91 33 152 -6 26 87 -72 29 -95 157 -2 11 -69 -77 -111 39 77 -90 -8 -31 -38 55 11 -28 -52 -109 -57 -96 -110 -70 -44 25 -69 -69 6 -20 -115 38 -5 -31 72 36 60 -53 -3 4 41 -52 -26 -9 24 -18 65 33 -24 122 -73 40 -11 -7 0 -92 43 14 32 82 -6 36 92 7 20 20 101 53 -24 5 89 -39 -119 -25 -22 84 -14 -59 41 -78 17 -81 37 -31 36 22 -17 99 -2 -46 -77 -20 9 -65 -46 134 -56 39 3 -33 -23 -44 -76 111 75 -113 3 -103 72 -90 78 74 44 62 -5 -59 -42 10 -70 -112 -102 66 17 -109 114 -70 -27 -24 67 -25 14 -118 -56 71 21 -43 23 25 9 -17 73 -78 57 -34 34 82 -105 3 65 75 78 -78 -82 41 71 85 5 54 -38 -72 -77 110 -5 -6 59 -51 -75 43 -67 -1 2 71 -17 -108 -93 45 30 -65 -173 108 36 -86 -66 111 121 36 -46 -72 -53 31 20 -58 -49 3 -4 89 -20 -33 -37 -37 -91 4 65 -70 128 52 150 -46 118 62 -6 -57 -72 25 -9 39 -6 82 64 11 -28 -13 90 42 5 71 -37 -51 -103 8 146 -80 59 76 -21 72 -37 66 152 29 86 -63 81 33 3 -41 65 58 56 62 72 -51 -114 51 -35 88 29 29 24 -18 -100 36 24 103 43 39 50 -19 43 7 -123 31 -58 18 -88 14 9 77 -30 42 -96 41 62 -12 52 16 -92 -16 17 102 77 54 -61 -29 11 -18 64 -2 -31 68 86 -80 -81 35 74 70 -38 -129 94 101 -61 -80 28 44 -47 63 56 -30 57 57 -38 -4 -58 -107 -75 -43 22 56 -23 -24 119 102 -33 -2 19 -97 -62 85 97 -43 50 28 8 92 -101 -36 -24 78 -73 -48 -14 -24 32 -26 -65 -44 49 49 -71 44 -38 5 81 -66 70 63 47 -7 -36 -29 -31 -53 -88 54 -85 -8 -75 -33 16 -94 -27 58 80 39 121 -45 -42 58 22 -56 86 -59 -10 -84 45 -124 74 -18 -33 -5 -143 68 -92 -115 -10 42 -93 -22 -22 79 69 44 19 -100 -5 3 8 54 108 -39 72 58 -12 45 -58 -74 82 3 -2 -45 -16 4 15 -79 34 -74 17 76 -62 29 -9 52 -12 51 -90 128 26 -20 -30 -57 21 -98 8 -28 109 67 -39 -90 -66 41 -50 -7 19 -3 -62 47 -55 -49 57 126 -119 -22 112 -7 -96 -10 -3 -113 -49 -51 38 43 92 81 20 -106 -1 65 59 -91 74 9 85 55 -13 67 -64 109 -18 -2 15 -55 43 -45 -60 26 83 2 -65 15 107 94 -25 40 -22 155 52 99 60 9 -93 39 59 -20 74 29 -18 19 55 -43 41 -22 -2 -52 -33 -79 -64 68 54 -80 43 19 60 62 -45 82 55 19 -79 -21 16 -15 103 91 36 -84 73 48 52 -7 6 10 36 93 68 169 71 -53 119 51 -38 79 49 -30 38 -73 -81 11 -40 -56 -38 20 61 -84 29 63 72 -11 -47 13 -3 -94 -7 -58 28 43 -57 66 50 57 44 -21 -6 -35 -23 59 95 67 -57 78 63 -39 -63 -83 4 101 91 -50 18 -107 26 99 61 10 -29 -49 -77 -34 -56 -11 47 -104 7 -90 63 -45 -77 -41 12 -10 54 50 -41 51 -48 70 -4 101 -47 70 76 32 -31 -10 75 35 -90 -31 -47 63 15 -27 -110 -52 -116 -21 1 -36 -24 102 2 -52 -10 -79 55 91 -59 35 -46 103 -76 -23 -87 -127 -5 21 72 -56 71 127 40 -25 72 -54 19 84 118 -4 -80 38 47 100 -65 31 -76 24 -7 114 59 -115 25 -25 34 -53 91 -4 30 -124 113 113 -48 -32 -94 -17 43 -128 -39 109 36 51 -24 -88 -74 60 -67 -73 -36 -1 -46 28 -67 -13 -52 9 17 -71 -74 49 -42 68 28 -58 11 62 21 -9 50 76 -43 23 57 -18 84 -103 -19 -55 -8 76 66 -111 -83 108 76 54 -134 20 56 3 -72 40 -103 26 -22 17 -58 53 19 11 65 -20 -67 -42 -29 -64 0 55 -15 -6 61 -56 -23 27 -142 12 31 32 -56 -40 -44 -27 86 7 -28 -122 -33 -98 -11 49 40 60 10 63 5 11 -50 -84 40 99 -56 36 -89 -8 -27 33 -21 78 34 85 -50 61 2 1 55 4 34 -40 6 72 127 32 2 -98 63 -26 -17 13 17 -101 62 -26 3 -24 74 -19 11 131 -38 59 52 -82 125 -38 -82 47 -108 -46 -16 -69 -93 66 -54 -72 16 -67 -118 -127 65 54 6 -29 1 14 51 142 -38 57 83 12 36 117 -48 -11 110 52 62 -99 -68 -69 -14 17 22 -29 -16 128 -95 37 65 -1 100 126 -71 8 23 86 16 -35 -63 -116 53 48 -42 -70 -112 126 12 -1 -15 18 -13 -72 -70 7 38 78 74 -38 -14 16 30 -108 -127 -43 74 37 -50 -35 -74 48 -6 -30 16 -139 -44 -17 -6 -4 -55 25 -100 -59 -20 41 47 114 -89 -42 118 2 -76 -25 20 -33 52 -25 -30 50 42 -43 26 26 64 -80 25 32 -40 -93 -72 -13 73 39 -22 -49 17 23 -89 -116 -14 15 -29 4 -14 -18 52 -25 88 59 -78 37 1 45 72 25 20 69 104 -91 -54 -97 -69 53 40 101 -62 -10 -9 33 -38 -47 -38 73 2 -90 -3 -41 -68 63 -101 64 27 2 44 48 143 -11 -75 13 44 142 96 58 -47 27 -18 84 27 56 -127 -67 -52 128 -36 124 5 18 -17 50 77 29 -52 2 -108 11 -29 64 34 -97 51 48 -113 -82 52 29 38 -93 3 -86 -48 77 25 48 7 100 -96 86 -10 96 -41 6 -10 16 73 97 47 51 -92 90 79 115 -4 29 -67 37 -29 44 31 -50 -87 78 86 52 -30 -26 -66 137 13 54 -30 20 -8 76 -3 -48 14 -56 -79 -87 34 96 -108 -75 -32 47 -90 78 -37 87 -81 -96 71 17 26 -118 31 24 -57 -20 36 27 51 35 57 -43 84 25 -47 -85 -53 159 -13 -23 -48 51 69 51 -21 172 -10 -97 85 98 -75 -17 26 -38 57 27 71 -66 -101 2 -57 -59 20 -126 -11 -91 -93 -4 44 76 -7 -60 -66 -37 90 -50 1 85 66 119 -18 -71 -18 -86 41 -43 -76 60 38 81 59 147 66 -72 46 9 -84 -47 23 -3 -47 -29 9 -46 4 2 -66 -26 16 42 31 154 -96 -22 93 66 -41 85 -70 76 69 25 39 20 -30 8 53 -25 58 28 -13 -16 -114 -53 14 44 114 81 -54 52 54 37 -47 91 20 40 104 -124 -82 30 -51 -39 -50 173 15 -49 -23 68 -52 -109 82 14 -27 81 -15 -65 -8 -52 -14 7,-64 76 28 55 -36 61 59 30 76 5 11 59 -98 34 100 80 120 87 -40 62 -62 57 -7 93 -60 69 86 -46 38 64 -39 63 83 -87 113 -15 61 94 66 -40 -101 -84 -35 -106 131 -30 -139 -58 -1 13 91 47 95 14 38 84 8 -30 27 -62 31 40 -71 121 -95 15 -18 -96 41 -19 -62 -38 -83 23 14 -78 33 51 -13 -53 38 25 4 -78 -55 -76 38 -15 12 99 -6 41 82 -47 -78 32 -26 42 72 13 -85 -89 124 -23 -14 -128 -115 -71 -60 76 -11 -31 -132 49 69 134 -67 62 65 41 44 -44 -74 1 -32 65 -30 -21 28 -46 5 3 74 -118 87 -43 -89 15 20 98 -42 0 42 62 -56 -14 30 112 -74 -88 62 -45 57 3 -75 -80 -17 115 -74 101 -96 -38 76 86 -36 87 78 74 27 32 -30 -22 26 -91 -41 -9 58 83 -102 -17 -3 -96 37 -71 76 56 -43 -41 48 -23 -73 30 -88 102 139 -60 -74 34 -32 90 110 -5 4 54 67 -82 1 19 -40 36 13 36 11 -10 -80 69 15 -35 -44 -71 65 20 -26 34 -8 63 125 23 -142 -65 -27 -24 132 -27 -5 72 60 -33 -31 -98 53 50 -117 25 -72 119 -92 27 -106 8 -117 -52 66 96 -132 74 -16 33 3 103 -49 75 125 64 42 -17 37 -66 -30 12 -88 -43 12 87 -5 53 -8 -9 -82 33 -40 57 -24 -1 -33 -2 -72 -43 -106 -115 -71 -119 -3 101 42 -56 41 98 -68 -49 148 -12 -111 153 -62 46 -17 -51 1 35 -96 60 66 -85 33 -19 31 20 -50 -93 -21 -39 133 -39 -39 75 -10 -104 -17 19 65 21 18 -91 96 -62 -63 28 -115 -86 1 9 -37 -78 -35 103 -106 -38 -92 -38 5 -16 152 -25 13 119 11 11 -92 113 100 -34 48 1 -36 -90 63 -92 99 -36 -65 -51 72 -28 36 83 -56 13 -92 42 54 18 -62 -99 -36 -89 77 -89 70 -36 -7 48 1 -64 85 77 -94 79 -104 -59 111 64 8 -28 131 77 17 26 -44 0 -19 7 -97 15 -37 -37 28 -32 22 65 77 13 -18 -77 -68 14 -71 67 -153 -27 72 61 -27 114 -57 75 -18 77 78 -103 0 46 32 -128 -96 100 -83 -8 -63 -27 119 -113 76 128 2 32 -38 -29 81 29 69 34 -69 -100 -61 21 -60 49 -81 26 -32 -127 13 41 -58 74 -112 38 -13 75 -36 -80 -56 59 78 57 -43 96 14 -16 -116 -96 16 110 -14 19 81 34 -81 -24 -64 56 -33 -10 54 54 -50 51 -73 36 -2 -29 9 -46 61 8 -98 5 99 -58 -69 -41 89 19 4 88 -1 46 -34 -110 -22 6 11 12 -25 -16 92 -3 -23 -75 96 -59 -62 24 44 61 15 -57 -11 -57 -21 -37 -7 64 14 17 -62 -33 64 88 -94 63 -2 -64 59 103 70 -148 54 126 1 42 5 46 41 6 22 17 36 -113 -19 51 -84 -13 -7 -68 27 23 -27 -70 56 -61 13 3 34 97 -70 90 25 -8 25 107 -51 -57 -23 28 -10 -101 -105 49 4 32 -76 26 65 -60 -49 -80 76 -30 -92 49 32 -92 87 -4 -18 27 -8 33 -62 -62 -12 2 62 50 32 -64 -51 31 103 115 15 -3 11 -111 34 -28 -59 78 -90 -62 -24 -62 -67 -105 -7 -39 -53 -23 -68 -52 46 -24 -58 -35 10 -58 -63 43 -86 -57 -118 4 87 -50 -80 -37 57 101 4 113 37 37 128 89 75 77 -99 88 17 -101 -25 45 -58 -56 -15 -52 -46 72 -29 25 81 -90 -66 33 28 123 47 -13 26 -37 -12 -75 87 -86 7 33 -34 -76 34 68 -1 70 -134 -111 -105 38 -20 -61 -45 107 48 -31 47 -102 47 41 94 -10 33 50 -102 -66 77 120 -55 -28 21 -26 17 -131 -59 1 -71 66 74 36 37 -22 28 -92 -47 34 25 17 65 -32 40 -44 89 -142 72 56 -79 -45 -13 -8 45 63 -134 50 71 -86 -60 -104 -4 -30 -22 -46 65 -101 -57 -69 46 -63 -70 21 88 19 18 -70 -46 153 -23 15 -35 -107 63 122 43 -27 56 -62 -28 35 -110 -51 -57 60 6 -79 18 135 75 -91 40 -98 67 -11 53 -107 -8 11 -116 -96 -86 99 15 -42 60 -58 -34 -28 72 34 -89 7 -24 -35 58 -96 84 -44 -20 -87 11 25 23 138 91 -79 18 20 89 53 72 93 -13 -67 17 138 48 88 8 -68 -47 -52 79 -69 -39 11 98 64 -29 51 -19 33 -42 -82 28 -29 -67 81 46 -90 -61 -93 79 92 -60 25 -60 68 1 -43 -23 -75 33 -136 -52 -157 -7 -6 65 -3 49 -23 -39 43 -61 -94 55 -57 84 24 56 -26 -22 63 -111 -3 -65 -91 -33 42 -43 57 95 -9 -28 98 70 -13 -46 -113 -4 64 -115 -105 -28 49 43 -78 3 63 -19 -46 9 -79 38 -89 26 84 74 -9 -57 62 90 65 -83 101 43 -15 -14 4 -82 112 -55 56 51 55 -42 -114 -93 5 104 -25 -120 7 17 85 81 -87 -4 -11 -110 -75 -58 76 -18 64 -79 70 72 -61 -2 -33 -40 -4 57 -111 -69 58 102 -41 -60 22 15 22 -29 46 126 -68 43 -34 103 -103 -77 -6 86 55 -82 73 -38 -71 -48 -22 88 -49 84 74 -34 8 2 23 2 23 41 -11 18 -45 -143 -28 43 -89 -65 -84 -95 137 -48 38 101 55 45 -32 -36 -44 -9 -58 114 36 0 18 130 101 -72 53 -32 69 10 -6 -89 -3 -69 -161 -14 -57 31 22 -44 -50 -26 -71 103 -22 94 54 3 -133 43 91 57 -38 -105 -11 37 72 -50 12 50 34 -39 19 3 -92 3 67 42 45 105 105 -36 -17 38 -79 -12 25 45 2 -86 -9 9 84 -16 -18 56 65 -36 -51 105 33 31 -118 62 -29 -70 28 9 -62 -27 -10 61 -109 -101 -70 -118 -63 -50 -57 -105 -3 44 97 5 -68 -96 -60 22 -38 -76 79 -64 2 -48 -71 71 -55 89 84 -27 80 -77 29 -73 84 -70 -121 -79 0 -136 20 16 -90 51 -54 -31 -93 -107 44 -13 54 68 139 -58 126 -40 -48 -5 -30 -70 54 89 22 11 -21 2 25 110 -12 -120 -89 1 60 -11 4 -103 -53 -15 -41 84 52 -121 -72 -26 -49 87 64 -67 107 -13 -3 1 -47 -33 34 64 87 65 19 87 -98 -55 -72 -59 -69 -49 93 59 -13 74 -55 -7 -99 -24 -15 -84 54 43 -55 96 66 -137 -23 -54 -26 -29 -23 44 32 8 -6 61 -34 68 -22 -113 13 70 -1 -72 87 47 28 115 -11 -86 79 -29 28 -111 -26 -81 -41 -43 -36 -20 -51 66 13 25 60 -57 98 24 39 -76 -41 -35 152 -24 -48 -39 101 -86 -38 110 -52 -37 -170 42 89 72 -33 140 101 29 114 41 89 -37 54 7 28 -2 -31 -97 -36 88 -112 33 -118 75 -109 64 14 17 -52 80 -53 37 -65 -61 -26 41 -29 -32 43 -107 141 -91 111 48 -33 -48 87 -2 97 55 73 -50 37 -51 100 -34 -16 -51 85 23 109 -90 138 6 108 -70 -38 65 75 -57 65 91 37 13 20 -45 -2 16 -47 17 5 -30 12 -11 -41 22 -29 -21 -105 47 -100 116 19 69 -70 76 27 -61 55 -71 72 50 28 62 45 63 24 1 20 -53 -82 -16 51 108 96 -28 102 75 -47 -1 -7 64 -48 -100 -98 -29 -76 44 -1 76 -61 118 -63 -6 -28 40 -1 125 81 -125 -53 71 -64 51 -58 36 -63 -46 -92 -50 36 54 -67 -31 9 12 9 119 51 -72 -34 79 19 15 -39 -40 -90 -50 -15 67 8 -80 9 -100 -31 79 -81 116 49 -57 19 20 -58 36 -37 57 15 -60 -28 101 -156 -21 45 51 -20 -43 -17 -37 -53 39 85 -12 -5 -44 41 54 54 -39 106 99 -3 52 50 62 -73 -91 42 81 53 6 -42 69 56 65 -49 -68 -40 69 36 110 62 71 -32 86 37 -17 -96 8 25 -27 49 -88 31 -27 -122 116 -28 -110 -11 -61 -50 -8 71 97 17 -4 -98 32 -55 35 70 -30 18 -55 75 53 56 -31 50 -55 -89 -115 4 71 37 72 -24 17 5 -94 -94 44 -24 76 60 58 44 109 -58 53 -62 65 66 67 102 77 70 33 74 -43 -109 -7 -110 159 -59 40 -109 -36 60 -101 -76 -99 -27 110 -33 -98 61 -108 23 35 53 -5 36 -28 -43 6 -18 -28 -66 -99 3 117 -76 -90 32 58 -8 21 -133 130 99 -34 -77 -67 71 -27 35 -4 51 -82 -5 4 56 16 81 -93 108 -8 39 23 52 -70 40 -16 -72 27 -9 -75 53 76 -22 -187 -87 27 12 103 86 -42 -76 38 -33 -83 -19 -53 -106 16 -21 57 35 57 83 51 -42 63 59 23 -15 105 -41 11 46 -84 89 120 -53 57 49 -79 2 -92 -46 5 42 -70 29 49 110 59 -24 -8 29 -28 35 -82 -38 -67 -3 24 105 30 117 -43 -72 -73 -74 113 -54 44 104 -55 2 40 -53 -99 42 -125 -21 -46 -42 116 -93 -55 63 15 -71 19 -38 1 -88 -73 -77 -60 -22 -78 31 30 37 -87 -112 139 -42 -42 -94 -11 -20 55 105 -47 -80 38 7 -45 -34 -77 87 -105 -3 82 -104 28 -14 44 -30 90 15 35 -18 -74 -37 117 70 38 -88 -220 1 -46 -70 -24 48 -53 53 -63 -85 -67 -32 -73 101 55 -82 -53 -27 66 21 -131 43 56 -31 65 105 31 -36 -124 -118 -22 44 74 43 70 -17 16 26 18 95 -30 -13 39 87 47 -39 -6 -114 40 -6 -93 -24 -52 -23 29 42 -55 -61 35 31 9 96 51 53 60 -37 -73 -50 -45 46 -62 10 65 71 -6 52 19 -64 -40 87 -54 47 8 -40 -31 61 94 83 72 -94 34 83 130 72 129 22 101 -96 -12 60 -69 -95 -70 12 95 -11 33 -68 46 36 19 186 5 -40 -34 -62 -84 27 -99 65 115 -18 -37 73 -85 73 25 44 -95 -51 48 -97 -16 69 88 113 -23 -34 22 25 71 0 -84 -59 -47 32 90 -70 48 -56 47 -41 -20 82 6 -22 72 124 -41 -129 -30 140 -23 -55 -56 -62 42 -1 39 52 46 -50 -68 -57 -72 -17 -8 85 -29 -68 -124 -24 -15 11 142 63 3 77 72 5 30 -25 -117 -114 -24 4 -56 -64 -133 44 -96 77 -35 66 5 76 -70 51 68 38 54 -99 -21 78 -69 62 22 -16 -40 -89 -36 28 52 58 -87 48 48 -80 31 -92 -72 25 -38 -51 -35 -83 -93 27 -24 -10 78 -51 15 108 -95 75 74 -45 -77 77 72 -53 71 62 -125 -66 -13 -114 -78 -52 62 -72 60 -103 66 49 33 59 33 -43 -18 -98 -74 36 -30 91 -108 23 63 50 -43 30 125 -56 123 83 -35 79 -117 -38 -47 -60 -83 -10 82 -106 -87 -19 -3 -107 0 98 15 -55 -32 -25 -51 -95 -30 90 -55 17 -41 -55 22 43 -9 6 67 -74 83 -65 57 1 50 88 138 67 67 -138 124 -35 113 138 -74 -81 86 -44 78 -26 4 -67 72 33 -21 54 -10 -113 62 -109 131 118 -8 62 37 120 -26 7 -37 -4 4 1 101 73 -19 51 -77 22 17 54 12 55 -51 85 123 119 -79 67 15 60 -15 -81 6 -93 -118 52 95 51 53 1 -75 -28 -88 11 30 10 23 79 74 -22 88 46 -64 57 48 30 80 -64 40 -20 57 -92 -30 58 -31 5 22 -41 -73 8 -11 -40 -25 -95 89 -30 -32 -6 119 -87 -14 -41 -50 27 -45 -29 -103 -81 -28 16 70 35 44 -109 57 13 -97 113 -17 -22 -105 24 -3 -49 -44 20 -124 -13 -23 -77 30 135 -47 -49 76 1 -91 79 119 -55 -47 151 -60 -76 75 -16 2 -37 -76 -49 38 83 116 80 29 -26 64 -158 -84 -26 48 -56 52 -70 54 12 16 -18 -50 -8 -35 -17 -53 -61 -44 -75 62 -5 -16 57 -39 4 -54 -4 -6 -14 24 74 -61 29 -10 60 52 -60 53 30 59 -30 81 20 56 -26 56 69 103 114 -78 36 -72 -62 -2 -89 117 -49 -67 15 77 -7 6 14 16 -11 -37 -5 29 64 10 -40 -77 -101 30 45 -58 -44 15 -45 -28 -62 104 -97 -142 0 77 -57 86 23 100 -80 95 -19 12 18 -40 -60 -131 -72 -14 12 103 -61 82 66 -40 48 9 82 30 -39 -1 29 -15 -16 28 32 -58 22 53 78 -3 -12 -24 -54 40 33 53 -80 -46 -65 -88 42 56 93 98 60 85 58 9 -78 110 32 47 -9 119 46 14 -7 38 -53 32 94 49 -77 -38 -123 47 2 -65 81 -14 43 -37 -118 48 62 -99 -116 -42 -63 24 -103 65 18 82 -92 25 47 15 31 -78 -64 73 17 63 -26 49 -52 35 -8 43 -33 -50 37 103 83 59 64 58 -31 22 -52 -23 10 31 -40 -97 -26 -14 51 -110 -75 104 -54 9 8 133 48 111 -11 50 104 119 -59 31 40 -48 50 -99 47 -54 131 -78 -85 -71 93 36 11 43 -73 53 -77 11 112 10 45 -98 -57 27 79 99 -50 -56 -53 -20 -126 -103 -70 68 -83 -69 54 -37 69 -16 -80 -61 16 76 -29 112 16 14 -109 38 67 33 -53 68 67 -46 -66 -46 -40 30 88 67 -48 -33 -50 -52 56 44 -74 4 34 22 53 -33 -32 -105 -58 -145 -42 -29 64 57 -57 -66 58 -40 111 78 -100 -18 121 9 102 84 8 64 46 29 -54 -71 -36 -73 27 14 -73 56 -28 99 13 -31 -63 0 -77 -74 -46 76 -1 95 48 15 -13 9 37 5 36 -62 -48 -73 -116 44 -77 -47 -109 14 -49 31 49 -33 34 42 -32 -53 -11 -123 -59 -10 113 57 15 -106 45 -46 -33 -19 -29 -28 -30 -8 100 -64 39 -4 -17 102 91 -21 -24 0 -69 -7 -2 127 -57 -20 -53 -33 -103 63 -80 120 9 -49 -20 -20 -43 85 -30 30 -49 -64 -2 -78 -105 -100 -34 40 8 -56 33 -57 81 -4 -59 -73 136 17 -150 -22 42 -60 -102 23 92 -67 -84 61 -95 109 66 -141 -51 6 4 35 -84 -89 -70 -46 11 -90 -99 -87 81 57 12 30 -60 -75 15 -46 -48 100 -41 61 81 -113 3 -76 81 -8 -38 61 -98 -105 69 -98 -40 84 -92 -44 -43 106 82 69 -51 -7 -5 89 -77 -11 35 -89 11 25 -27 -26 84 66 43 -53 -131 -70 78 66 -5 65 -7 -40 121 -82 -110 -17 -25 88 -77 -14 83 -75 -83 -102 -85 -24 -74 70 86 -128 53 -73 56 -45 -88 38 78 34 80 -129 -1 -11 -73 -28 98 20 -48 37 -32 -53 25 -60 -52 41 34 -63 37 76 0 -115 -27 28 122 45 -15 -6 28 31 -65 -92 101 4 -105 -22 52 7 42 85 87 -60 -20 -104 -134 -74 92 -41 -59 35 60 36 -104 48 75 -36 -75 -107 -69 90 -58 110 40 -57 59 40 61 106 -24 -60 -58 27 -17 -69 -69 -49 72 105 47 74 43 -8 -75 30 51 -88 -1 -44 60 132 86 -11 26 72 -130 -27 -17 -16 33 125 -131 111 22 -26 -16 -59 -74 20 34 -80 -68 -26 -60 -48 -29 -50 -82 -2 89 -26 19 88 -124 94 58 98 -8 12 62 82 -6 63 -46 -30 -61 27 -31 -70 89 -12 -138 16 30 74 -116 23 -52 -39 65 13 -39 64 11 -10 28 14 31 -98 -10 -53 -54 109 -95 -17 -149 0 -91 -23 -56 -102 -50 -35 67 52 80 -66 151 -136 65 -25 -61 85 -87 88 -9 33 -29 13 75 114 2 91 -29 -35 75 -72 -107 -89 39 38 15 -44 122 -49 -28 131 -76 42 52 132 -21 24 -46 -35 57 96 1 161 52 -24 -42 95 20 -27 76 -38 -47 69 -53 72 137 -12 135 -17 -61 -42 -29 60 19 -3 55 -28 94 -68 29 39 40 -55 72 82 -69 -29 49 -83 -88 -84 -66 -146 -12 20 21 108 34 79 18 -84 -40 -117 68 -9 2 147 -152 -70 16 -57 5 41 -23 45 -72 -56 99 -54 70 74 -49 -47 43 -54 -85 60 118 -12 27 -92 10 72 59 -58 -7 93 24 -38 -16 36 89 -49 -140 -59 -51 39 80 111 52 75 3 38 -87 47 3 51 135 48 -99 -57 100 37 55 46 52 -30 57 71 51 147 24 4 36 41 35 87 -20 61 37 6 -43 -97 58 -110 31 -68 4 67 -37 -3 -15 20 -102 62 -77 36 29 62 -79 -62 109 -10 67 -70 -65 11 -43 -29 43 -29 -46 55 -4 84 12 -5 92 -11 -153 20 -24 -142 73 -33 99 73 -12 69 -69 88 71 -22 56 -103 -37 117 73 -58 41 -47 23 16 64 -41 39 10 28 54 101 77 105 87 -7 -77 33 65 43 -92 54 46 16 140 29 72 -95 158 -53 10 -72 34 -18 39 -9 -86 -9 96 -46 39 37 -162 43 -55 68 44 -47 49 86 -43 64 -69 -115 76 62 -28 72 -22 -14 135 121 49 105 -12 65 26 -108 -8 63 71 55 134 65 -29 69 -65 -73 67 125 -97 -9 49 -70 -55 -44 89 -82 44 150 102 122 -7 25 -75 -59 36 -21 73 -21 1 -47 -57 48 -30 47 25 -88 -20 75 -115 -14 -71 50 37 -24 -17 22 -125 -76 -63 43 81 -94 94 -91 93 -9 -57 -103 49 -90 -40 -109 108 -109 -4 -64 41 91 20 -36 -58 63 41 66 -52 -24 56 -84 -54 11 -38 27 -71 9 -11 62 94 26 57 -13 41 -59 -75 -48 65 -33 89 -8 121 -57 -33 -82 -27 64 74 -17 -21 59 122 86 -32 9 -49 123 30 56 67 25 12 -110 -71 25 56 31 -46 161 -45 -27 93 -74 82 -72 -32 -35 89 28 16 52 46 101 92 43 91 34 -24 16 -94 77 -4 114 -15 122 50 118 -102 -57 42 -131 50 -69 -37 -75 65 99 45 118 34 11 68 -17 -108 -7 -7 -75 -115 18 -75 55 96 -4 -139 -81 12 131 -65 135 -60 -73 -11 9 93 31 -19 71 -26 56 21 12 102 -55 -30 38 93 -76 74 -101 -47 19 -61 68 67 77 12 145 53 66 -51 88 -52 6 80 -11 -27 -112 -70 68 90 46 64 -18 -35 20 69 54 -114 113 37 45 -52 -49 98 99 76 -38 70 -7 -1 3 -56 1 51 82 121 53 40 71 -6 -92 -68 86 -74 -52 -30 49 102 -53 -70 25 -87 35 44 0 -46 0 18 86 -58 43 92 111 -77 -23 48 92 -57 39 -72 -20 -79 -78 117 -1 84 64 -4 28 -75 33 -43 5 -30 61 19 -51 5 37 -21 -10 19 137 -29 14 13 -7 -24 -33 -109 88 47 80 -8 -72 14 -20 95 112 29 62 2 64 -51 -24 63 -84 -158 49 -69 40 -19 -136 55 -69 -39 66 56 -19 30 -147 52 -61 55 -80 -49 63 -21 81 75 -51 -22 50 86 90 94 -50 -29 24 -49 -83 -92 -117 25 -1 83 -35 -4 -90 87 69 65 -34 59 42 68 -53 66 -78 -11 99 -48 59 23 47 -36 55 128 -9 -85 63 127 -28 53 -67 -37 91 43 -78 76 -65 -87 142 -91 28 -94 -65 52 -17 43 88 -41 42 -22 52 -62 -20 -72 -68 118 35 -91 -5 -27 70 67 78 39 -86 -10 6 35 43 -83 122 18 60 -26 101 -142 -1 -62 10 -37 -92 55 -88 -91 -65 -14 -87 53 -73 -40 -55 43 -152 -38 57 -92 -5 8 89 -30 -17 -99 38 63 -137 38 -76 113 -23 -67 111 -30 -50 -43 71 27 60 -23 21 27 -80 -37 -81 -24 -98 -78 17 -77 -11 -15 17 101 61 48 76 -32 -45 98 -104 -71 -92 -5 57 98 -2 -34 39 34 38 -68 -112 -86 7 4 -51 -41 -62 -90 -101 12 34 -18 73 -12 -41 21 -97 55 -7 58 -2 -50 -154 -42 144 120 36 9 -7 -83 101 108 -7 -81 25 -24 -96 45 16 -57 154 -136 -119 -6 -39 9 86 -74 -105 -54 71 -62 -71 -62 -48 42 58 71 -42 42 81 59 -5 -66 24 -15 70 -64 72 -109 66 -81 38 -61 33 51 -75 -47 -109 88 16 30 -72 7 -8 57 64 -46 -81 51 5 53 -3 97 41 20 7 48 56 -104 81 -133 59 -124 -87 90 3 -36 80 -104 31 118 -40 87 -19 -76 116 111 -128 -15 96 31 30 -18 -93 58 -1 7 -50 3 12 57 -5 116 77 51 -76 -5 -35 -113 50 23 52 -43 22 -51 -28 -96 -113 -62 12 -69 -12 7 -58 -75 102 121 27 28 -52 -38 -22 38 -6 61 54 41 8 88 111 -7 -34 -4 -101 -36 -9 59 76 39 78 12 39 -159 -75 -67 -73 4 -14 -44 61 -15 68 -57 -22 76 6 42 100 62 27 64 56 -28 -71 65 -108 24 -97 -3 -9 -69 -77 -6 64 -22 -19 -60 -59 26 38 30 -13 30 -60 91 -85 -127 -26 15 114 79 7 64 80 -25 -56 37 -41 12 -30 -45 -58 -39 -12 7 0 67 -96 -22 -70 95 85 7 -45 -43 45 64 1 -43 -40 -107 -33 154 -103 -56 47 -56 112 1 40 73 -84 -98 -45 -11 -2 72 4 -24 50 27 -123 -69 69 -9 -23 -111 -70 -114 -118 -6 3 20 -92 -16 -40 -71 10 2 22 -24 60 -26 -76 -87 -117 -24 -35 33 10 -13 -18 30 53 -28 -73 84 -143 56 -52 -49 72 -80 20 9 -15 -111 48 50 56 42 1 64 -54 -115 82 52 59 17 50 57 -2 -63 -21 66 43 69 -2 69 33 -42 -1 27 45 50 -74 40 30 -50 -115 -120 -34 -2 37 -40 26 59 88 -73 61 66 89 -58 84 -43 -85 29 91 -84 21 15 -26 -3 -66 -55 18 33 21 42 -120 12 67 84 96 4 -47 -2 -73 -69 14 -35 -14 94 85 -89 77 -22 -54 108 11 -39 -24 62 -4 -74 -50 -70 41 -42 54 79 -35 63 -105 70 65 6 47 -68 -32 -29 -67 56 42 -70 -93 22 -46 1 66 58 96 60 -50 34 101 -40 17 -26 32 5 39 -18 90 78 -9 -36 50 -106 -60 -101 -58 77 44 62 -55 -9 -62 -20 -58 -67 12 62 -31 -30 -14 -23 -105 -67 46 53 2 -98 45 1 -86 -73 70 67 -55 53 74 -91 123 -68 27 24 22 131 -54 -12 54 21 68 38 105 -55 62 55 38 -31 -136 -53 35 -38 -35 69 92 -41 -23 -58 3 -7 62 -72 32 -22 101 -64 -9 77 15 -86 36 75 -80 117 61 77 69 -52 -14 -44 23 -172 -24 -35 1 55 35 -29 20 94 118 -33 -44 -134 -99 -54 45 94 -43 55 97 79 -73 56 97 4 21 -36 -28 45 -15 5 -19 -81 38 -66 30 -36 13 34 -2 127 -21 -43 43 -10 -40 81 9 -80 6 50 18 68 -5 29 -11 -65 -80 18 31 -60 135 57 72 -63 -111 68 -46 -55 95 -45 -44 -39 -20 149 -34 105 49 57 81 -13 106 112 58 -80 65 -70 66 -66 30 72 -14 78 -8 45 -16 -46 -99 -101 -91 -86 13 18 -13 100 -65 38 19 39 -13 112 86 -108 65 -38 -59 -100 -93 10 -77 -37 -56 1 70 84 -11 96 -69 7 -63 -68 76 -91 -126 81 -42 -148 62 -102 13 86 -75 -87 -69 -50 97 -92 -7 -27 -77 15 2 25 21 -40 18 123 -30 73 37 113 9 8 37 64 40 55 -117 -35 -74 -72 -19 72 99 81 45 -90 -82 140 -68 22 13 29 -75 -55 28 -61 -64 -99 -8 35 -23 -50 -38 -84 -27 50 -89 76 105 113 76 43 94 45 -41 -94 89 -1 34 25 40 100 -7 82 -124 -93 8 36 23 30 -79 75 -20 28 71 -38 66 1 81 -9 -99 59 95 35 -76 -1 36 -102 19 -76 81 -102 67 -42 -2 13 -13 -25 54 55 -46 120 121 -47 -67 39 123 -23 -96 -43 -89 -70 53 39 21 -26 88 65 34 -127 17 3 3 9 -36 37 -48 22 98 -14 60 28 -106 -40 23 -66 -30 -44 -45 18 33 -50 49 6 47 81 -30 -109 -57 32 68 -36 -88 21 -94 -112 -11 -117 10 29 -54 -66 56 7 40 9 -33 34 -103 73 -27 -102 99 80 -91 -23 30 0 -30 -60 3 -139 -91 76 -39 -45 -87 -83 44 180 18 0 -69 -5 -31 -20 -59 -83 17 -47 8 7 32 -7 -45 10 -69 43 -57 -22 -10 -19 8 26 -22 -3 40 39 -60 64 75 -68 -30 54 -38 -47 21 72 9 32 -34 62 -48 -41 34 -95 44 55 14 26 -37 -23 72 -26 82 -92 45 29 72 150 43 26 -39 -56 88 -43 17 8 106 -28 96 -17 -27 51 -49 34 -5 -105 -19 68 4 29 -12 -51 -95 127 -29 -6 88 5 82 -60 -33 36 45 -134 61 99 49 28 62 -44 46 48 -66 5 75 -8 -37 -18 -55 57 108 -37 20 -27 82 80 44 -103 -66 -57 63 -40 79 84 -16 -113 40 -105 13 41 4 -75 57 114 103 -10 5 83 -2 14 -18 89 -19 9 119 -57 -15 27 60 95 80 -52 -112 -85 -15 -6 38 70 15 68 8 28 11 37 37 116 27 -102 45 -65 76 134 63 138 135 -30 19 -76 30 0 91 28 -117 92 -32 24 -19 3 -54 -34 -126 54 -101 89 -21 25 29 -53 -30 -127 -124 -16 18 -101 -71 -95 -42 -19 57 12 31 -183 74 101 -48 55 -22 -107 -20 19 -72 -48 -24 35 14 -65 134 58 14 99 -10 7 -122 43 82 107 -41 -62 -67 59 70 -63 -46 60 -36 12 -64 6 50 8 47 59 -10 43 -46 -72 8 101 56 -13 -48 -22 3 99 -25 -42 -74 3 32 -56 -58 -18 111 -4 42 -99 -56 44 -118 81 54 -69 16 -154 37 -69 -26 -51 16 45 -56 -148 36 -9 126 120 55 18 -26 105 46 153 -14 27 -110 -43 -111 118 65 -47 -62 -86 125 -92 61 -164 81 80 71 -11 85 -61 -7 46 -23 -81 -14 9 -11 -39 37 16 30 -47 -12 -58 -22 79 -11 -12 -107 49 -55 -36 -61 3 97 -82 -39 -107 94 -10 -97 55 81 78 -86 -37 19 40 99 36 -89 121 15 -129 -44 48 -10 12 -44 -50 -89 66 -23 -57 -12 -63 32 54 26 48 -48 -70 20 87 26 28 -64 82 -24 -63 -52 -38 62 65 -67 34 -8 95 -65 -104 41 -96 -19 -46 -87 -12 80 -70 -41 -88 -14 -35 36 -84 71 59 108 -38 20 -9 -118 46 40 110 -26 -134 58 -89 -84 49 -82 -46 64 114 22 80 -33 36 -100 -66 -50 -68 15 -114 -35 -79 -123 94 15 43 13 -47 -46 -44 -112 -54 -51 60 -39 15 -32 -52 72 -61 78 -8 -50 98 76 43 63 11 -42 -48 91 -112 -41 19 44 24 -126 40 76 42 -46 121 -55 -35 33 -40 -58 0 117 50 95 -58 -84 40 86 -81 32 -44 21 11 52 79 1 -27 68 66 92 -137 -76 -30 91 16 33 90 7 72 -68 81 -64 175 9 53 -8 -51 -46 91 0 60 -42 85 -36 21 10 32 40 32 71 66 47 30 36 -50 52 -33 50 3 -9 -85 -68 18 75 -30 -62 -118 28 -36 60 -59 104 38 -118 106 -3 -65 -51 16 -84 -62 37 -121 5 28 -105 -49 -54 4 -62 -39 139 -24 -78 -24 95 -2 31 -45 1 -1 22 -72 16 -1 71 70 -11 33 46 -158 -53 57 -57 70 -77 -70 -1 -75 -53 55 -64 46 -55 -71 15 35 -62 -17 8 5 -32 20 -29 63 -26 26 130 -24 1 54 -19 27 -78 -92 85 27 -34 -5 108 33 42 57 15 42 75 46 -62 67 86 82 -60 -37 36 -24 -7 -34 -85 -47 79 62 -2 -48 27 -110 69 68 -16 -74 103 72 -89 77 67 -59 -70 -75 -38 -23 -59 -138 104 29 72 15 107 -57 -18 -27 44 18 -21 4 22 5 42 56 -27 -86 -23 119 72 4 -2 54 16 63 -27 -40 -28 -26 82 47 -60 70 37 -57 20 104 43 -108 67 -80 -50 40 -63 49 -73 -39 -93 45 57 -13 -22 -55 23 85 109 89 -43 57 -20 55 101 -17 -80 33 96 -9 87 -91 108 -74 4 65 -51 -72 46 25 45 -42 -15 -121 -102 -46 109 47 -78 -31 5 110 21 0 38 92 -68 -110 43 -124 31 -94 113 -34 -40 -49 -108 54 -50 106 104 -4 83 -97 -65 125 -105 -5 -20 -15 57 -14 3 -91 56 36 -126 -64 -9 -13 95 38 -33 11 38 -3 -19 -44 -53 65 -31 -114 71 41 -57 90 -6 61 -86 115 34 -72 69 7 46 -61 -38 71 -10 52 1 2 119 -15 -15 14 60 -61 154 67 -40 56 -74 113 -50 65 -19 -53 -73 -54 -78 -8 79 71 -40 -67 57 -58 -6 28 -64 7 120 -49 -90 -17 -125 92 -17 34 23 -57 83 -29 -14 -38 30 125 -28 103 72 43 -113 96 -122 -99 -74 -3 77 7 -38 -61 1 -83 -41 68 34 102 53 -99 -85 -47 15 107 7 -55 24 108 -10 62 95 -21 -61 -31 54 20 -15 -13 -63 -11 30 118 71 -54 19 -72 -1 -69 -65 -53 -16 -16 131 -76 63 -65 39 21 37 127 -37 -102 92 -94 -7 -34 -3 -17 -107 52 106 -39 -97 62 -55 32 25 73 87 -94 -40 60 39 60 -85 70 -1 -57 19 68 11 -62 48 116 75 -61 -37 62 69 35 -53 -46 13 -78 -9 62 106 99 93 32 -32 115 41 -3 -33 -104 99 -26 -38 -9 -52 60 18 -31 2 83 -56 82 -124 -14 -101 -29 71 32 -37 53 36 -130 19 128 -23 -60 -13 8 -46 -23 15 -16 -41 113 47 -75 36 -81 -90 76 41 -78 98 -96 41 -103 -16 -78 -76 101 -67 -84 -61 -11 95 -125 -59 -17 1 -71 -40 -75 0 -41 71 22 -64 41 47 26 90 38 -85 -4 60 -72 -90 34 60 -81 75 -115 -23 32 -102 69 32 -101 -52 127 4 -20 -101 60 86 -67 54 -48 29 -51 62 -19 0 79 59 25 117 121 16 85 41 -110 97 -40 102 -21 60 72 40 18 -74 -83 -34 11 -26 -64 -26 -1 -32 74 27 18 74 56 121 -33 -28 5 79 -155 23 -32 71 57 108 -22 -64 -53 70 51 3 -6 39 75 -2 54 -16 -12 -82 -109 9 -104 40 -92 1 104 94 36 -40 -11 55 -3 38 -133 -47 10 -57 55 30 40 15 5 -29 54 96 38 85 66 -64 -35 15 38 72 12 -64 43 20 73 -47 -66 -14 -59 -59 92 -48 108 90 30 32 131 -112 -12 -61 -26 46 52 176 -59 -45 50 -11 5 -77 98 -15 105 75 -97 -10 -5 -6 45 -21 -18 -52 89 88 -73 32 -95 -27 109 -30 -5 130 -88 101 -6 80 76 11 12 -68 7 13 -51 4 -39 46 110 42 -34 -53 -104 -88 -82 36 69 98 -124 -80 54 34 18 -59 17 -29 -105 -14 -128 -48 17 -69 -66 -53 -20 43 -19 -30 -83 -99 54 -61 35 -63 32 -1 -60 5 -115 58 72 61 23 -120 90 -76 -56 -50 -45 -56 -98 -67 77 -56 55 -30 -15 -72 -167 -77 15 30 -74 -28 -17 1 69 -30 44 -11 42 -58 -66 -51 93 -48 43 54 -12 16 41 -53 52 -87 79 -18 18 -101 -75 74 -5 -82 -2 -136 142 132 152 -21 -63 25 -21 64 -50 -45 31 -43 -142 -76 -43 103 -41 -33 60 28 52 73 -57 33 -54 92 -76 -56 0 -20 63 -71 -40 -65 -47 -87 -64 -12 -47 -34 -66,-203 -213 166 133 125 108 -108 111 58 116 14 -28 -88 -65 -101 -95 47 -49 4 -57 8 21 -1 -24 78 -79 -14 56 -13 41 78 -50 -106 94 -140 132 -83 -224 186 153 216 239 -242 244 178 198 174 160 -4 116 -100 -88 -165 88 -86 161 117 90 148 183 -168 134 193 -236 -235 219 -153 162 -196 -187 -163 150 152 -50 -92 -64 -62 -63 69 -87 105 -15 74 -97 117 -139 130 -145 -132 139 92 -102 -188 183 239 184 -179 212 -226 -211 190 269 259 -232 158 222 -227 -194 211 -214 -126 139 -102 -93 186 188 186 194 -147 158 100 153 -151 136 -135 -114 -60 106 124 132 40 -76 -47 -117 92 -84 201 -56 33 -135 -146 -109 -107 -156 -210 -157 -140 211 -195 -179 148 176 174 78 164 103 -148 -128 106 150 -151 98 -144 -152 151 -163 -136 169 -153 103 -107 -43 122 173 -116 -143 -91 115 -143 -54 -137 -177 140 164 203 -212 -180 197 203 239 233 -191 248 -209 -261 -154 -211 -119 -74 -119 -212 140 -143 -88 161 134 95 -76 156 -129 84 -87 91 -101 107 -122 -119 -93 -83 121 -78 123 154 -92 -120 128 159 151 -180 174 159 159 148 182 -167 -170 -181 -172 -162 195 -175 227 179 -131 -157 230 -190 -189 -149 -125 133 -82 -140 -127 95 -96 115 -64 30 -73 22 -111 -75 88 -6 -38 -45 39 -12 -10 -19 10 -41 25 51 -41 -3 15 -9 -8 -2 -19 2 30 -35 65 -79 53 160 206 -227 219 190 -204 174 -200 177 -195 170 -165 -152 147 -135 -180 164 69 -82 -94 179 -123 116 78 151 133 157 186 -175 171 171 141 -134 87 -155 124 -119 -77 -116 -146 85 66 -131 -83 26 65 -125 -103 -67 -20 -98 89 -85 25 -54 15 64 -120 47 -57 52 64 46 53 -100 37 29 115 -29 61 -130 -65 -94 99 -71 -127 -20 -143 -246 -175 -208 188 -141 240 191 -140 141 147 146 -183 -146 -196 193 185 208 -230 -260 275 -216 -302 266 -218 268 -270 245 269 -275 284 381 -274 -288 -289 -277 236 182 112 183 -188 85 119 130 -127 -92 107 105 -130 91 112 79 -108 39 -96 -133 76 -7 0 67 -83 -42 -63 -33 70 75 -78 -33 -88 113 81 41 -71 -102 120 -67 -91 -60 -106 141 -114 -169 -173 112 169 -192 179 -157 -210 -92 172 -93 162 -140 181 -113 -107 105 -191 -157 141 130 -166 189 -125 121 96 135 152 129 175 166 -148 -170 141 -119 151 180 -164 -105 108 122 -160 44 -104 -38 132 -24 86 -73 34 -42 19 22 31 41 0 -18 -61 19 3 66 39 -57 31 86 -29 -19 31 16 -15 -43 -1 13 -48 0 -11 6 13 -56 -21 -15 12 -33 15 -15 -13 -50 -45 -64 -8 -51 -7 -22 16 10 80 75 -41 -49 56 -54 -41 68 -40 54 -57 -84 76 22 -81 101 -71 -124 -142 184 -169 98 148 203 202 -215 153 176 201 -124 -151 124 -73 -118 104 -91 113 107 149 -52 76 -106 94 83 96 -95 -83 38 -109 -132 162 -130 -55 -118 -159 -170 149 100 -56 -84 119 -103 -97 -173 76 -57 96 -89 -108 -108 -107 -126 106 116 -163 102 183 -129 158 139 120 112 122 103 52 47 -45 17 40 51 52 -49 39 -23 -1 -5 -106 113 -111 137 -148 -126 84 122 147 -131 -129 -151 -70 -140 116 -87 -67 64 34 1 -13 -5 -33 37 -22 -10 2 -72 5 -51 -92 77 -66 -80 -159 122 101 -144 123 145 -25 -102 -95 -125 182 -138 188 157 -167 -168 -164 -197 87 -88 135 72 -33 96 115 -102 49 99 -52 -60 -88 -124 152 146 113 140 -188 -146 157 -146 129 118 -94 -171 148 162 141 -66 97 183 174 148 196 211 245 218 185 -170 -147 -191 164 -171 128 143 -163 127 -146 -189 -144 151 -174 -184 160 146 -143 -90 44 -27 -17 -91 -19 92 93 28 -37 49 -93 72 -26 -49 -46 -74 22 -65 -59 89 -70 99 53 100 112 -135 125 82 102 118 -76 -68 -124 103 -93 -96 -84 -170 111 144 -98 100 139 141 -158 -153 -112 172 105 -186 94 113 88 -129 77 -87 130 116 -161 -87 -86 -143 211 127 -96 -62 102 61 45 -78 -108 -92 91 -131 89 -83 -80 -121 88 -144 158 -148 -138 27 88 77 -133 152 108 -169 -246 -147 -75 147 157 174 123 123 138 141 96 55 52 -84 19 -61 44 52 -5 51 71 20 70 83 -41 6 32 -22 -21 41 -43 -90 103 72 -131 96 81 90 -137 -110 70 -147 -180 -174 -144 102 99 111 84 16 -112 -65 -133 -102 24 -54 133 -89 187 -133 104 126 -159 -155 -94 75 98 79 76 -64 -80 -63 -58 73 -97 -49 3 71 68 73 -47 23 18 -87 -96 89 133 162 -157 129 -178 -179 212 226 152 213 227 128 193 -94 153 -156 167 -146 -129 -149 -170 -77 -124 -110 166 -174 -189 -125 112 -115 104 53 61 130 -89 -108 38 -164 -92 -112 -124 123 136 147 148 -186 137 -144 158 -137 -98 106 -91 172 -159 181 -167 -130 160 194 199 178 -47 -81 99 -121 -40 -55 -54 91 116 -115 -44 -29 40 93 14 -87 105 100 -125 120 122 -137 -85 -154 144 -190 -208 -228 -113 138 -122 -111 116 -20 -71 -30 -23 1 -128 105 20 16 -4 52 -128 -5 -47 -29 -59 -107 144 -119 -127 -187 -160 -176 -175 135 38 108 69 -99 -80 -108 -61 -71 119 116 -32 -126 -168 -158 132 169 -168 96 -120 -56 67 -37 -37 80 -26 60 -14 -81 73 -55 42 -127 -158 106 -124 107 -74 -172 -126 -60 62 143 181 -133 135 122 109 130 133 -111 143 180 150 -122 47 104 67 56 52 104 83 -40 21 71 22 50 -51 -46 5 18 -42 30 -2 2 -10 -2 -38 18 57 40 -20 -40 -6 46 -64 -64 82 81 97 -77 -137 -115 -111 -157 198 -140 -195 216 -184 -179 231 -183 192 221 188 133 151 -132 -169 -143 -129 194 -152 -217 130 -56 -36 -28 -27 86 -2 -32 22 -118 117 109 -33 -70 -62 73 54 -86 -113 82 91 89 -98 46 123 173 182 132 -174 -220 -213 179 -162 -151 106 100 -128 -144 -141 -85 130 -172 -173 81 130 220 -209 208 127 -191 -138 -110 -112 -113 152 -109 -65 85 76 -73 -106 -95 -73 -6 21 -74 37 6 59 32 -61 -65 39 -24 69 71 5 33 -23 -21 -47 -57 -65 -5 43 -41 -61 84 133 -105 122 147 -123 -137 139 144 -140 64 -92 -95 -131 113 41 -42 57 59 -16 3 5 71 -69 -32 -78 103 62 -108 107 138 -58 87 81 107 104 -116 69 92 -100 108 65 -15 89 89 7 7 29 9 -74 -31 25 16 89 -88 -13 -64 -63 -104 -84 51 52 -76 -115 -137 -108 16 93 160 -174 132 -143 -92 -68 112 86 -71 -167 -148 179 198 -145 145 -207 190 143 -165 -191 193 99 -125 169 -91 121 111 -122 -48 -52 80 -50 105 -113 -148 -138 185 188 68 136 -160 -149 -30 -69 55 -18 52 74 107 107 136 127 131 -92 -129 141 101 162 77 -122 -170 -57 83 -102 -143 83 79 115 -114 -57 -136 -70 -80 -24 -113 60 103 102 -90 -142 -99 -122 161 -91 -64 -109 158 -161 -154 59 -90 60 -69 48 -29 29 73 9 -33 -5 32 -35 36 -9 -5 14 -18 -48 87 -16 -109 -146 -165 -88 146 -177 213 -168 -218 143 -141 137 162 -131 -128 -73 -124 -141 58 -92 121 -137 -107 -81 -153 89 -29 59 -120 126 169 -138 103 -143 100 18 2 -77 -79 -71 26 -28 24 2 -44 -28 -4 14 59 6 20 24 -17 -56 -18 57 -20 -17 -51 -21 -19 -7 9 21 -42 -78 -74 -49 -67 82 57 56 63 71 93 83 93 -109 -68 -165 -95 -61 219 204 231 -238 -168 -162 -125 151 -116 183 -146 121 121 -120 -144 74 -58 -93 -63 72 58 19 62 -56 -5 -14 -23 -59 32 15 -12 -34 50 79 111 -116 -44 -138 112 157 121 -139 -176 172 109 156 -91 -125 164 148 170 168 146 182 -116 -8 -80 -59 101 55 94 -41 -16 34 -26 4 62 50 75 129 -147 128 141 130 -124 -147 -160 216 -192 -186 -184 -135 120 -139 -175 204 -164 173 142 153 -115 156 -104 -11 -114 -108 -122 -89 106 -75 -107 53 44 -39 107 -92 83 124 104 91 129 182 170 -189 -195 -205 -256 -203 -210 170 -232 206 -165 149 185 -186 180 -160 -216 -190 -140 177 -151 -158 198 -178 106 -160 76 -138 119 -117 -81 76 30 27 79 35 -42 59 -60 59 62 119 142 -131 -142 112 -140 84 130 -106 112 -162 182 -161 166 -73 158 148 171 -85 -116 116 -115 -104 65 119 -116 -166 191 -173 136 -88 -72 88 75 -95 -134 -125 81 122 129 108 165 149 -244 -290 -218 -165 -202 -234 222 207 216 -174 -143 -155 -145 -140 55 101 80 -126 144 152 -120 121 107 170 -130 -123 -194 -170 177 167 -200 -225 258 -202 173 -205 137 -144 132 -144 36 89 -85 22 86 73 -48 -36 -14 -36 -4 91 -31 65 -59 -47 31 17 -64 102 77 -78 -6 99 -119 -33 118 129 -172 -105 102 -147 -136 211 169 122 108 130 -101 79 131 71 51 74 41 45 -80 -22 -19 71 51 -28 42 -56 -63 60 49 74 -38 28 -66 63 35 -108 -69 -46 46 135 156 76 -123 99 -131 -167 157 23 153 146 121 140 -105 80 -79 71 91 103 -148 -139 -127 151 85 111 -140 57 -48 65 10 35 100 -68 -83 -148 128 104 146 183 112 164 -154 -137 -90 131 -151 172 -164 168 145 240 -212 197 -235 286 -198 163 177 153 171 -166 -90 125 87 -153 86 -116 -117 -177 -182 -157 -119 162 -177 -158 -108 116 57 67 119 83 -81 126 84 151 -120 -113 -161 186 -203 -154 182 -165 -110 -85 -86 -21 -95 -82 93 -53 -32 58 6 -24 -81 -51 9 -46 15 86 -110 115 83 150 88 -94 136 117 -128 -69 -140 -74 20 133 -86 145 161 -109 -154 -149 164 -169 -125 82 150 -154 -148 159 -96 132 124 124 -133 174 -189 -165 145 -179 205 -178 -151 181 157 111 -119 91 124 82 115 -104 102 -50 -58 67 70 88 118 -74 -112 -100 127 -135 145 132 182 155 158 -179 168 167 221 200 204 -195 -203 -224 -128 141 -167 -163 -127 114 83 -65 -149 82 144 -95 119 -140 61 124 -109 189 228 192 -173 -149 -218 -187 -141 168 163 -140 -133 -117 181 -231 -128 -111 -141 187 -160 190 -154 -183 -123 -165 109 144 -167 208 -176 -141 -201 -175 -153 -203 -223 -228 -187 157 180 -235 203 178 -127 184 -179 135 113 -123 101 -190 172 138 132 -133 119 -182 -191 -189 -161 117 158 155 -197 228 240 -263 196 192 202 -127 -150 -151 108 139 -169 152 -84 -83 -119 114 -66 -178 70 -100 -101 45 71 -52 82 -41 23 -96 -12 -21 -62 -87 84 -109 -34 -110 62 -75 -152 -100 171 191 -153 -141 -161 126 -147 -170 89 -106 63 142 139 52 -22 36 87 -28 -74 81 -123 -38 -90 -71 106 163 171 -73 -182 -169 -182 178 -146 166 -239 253 260 -293 240 -235 -221 -307 278 -284 297 -266 294 224 266 -214 -214 140 168 119 -131 -80 -65 84 -92 -82 -115 -91 68 -88 97 95 191 -129 -91 -77 -95 -90 -26 -94 -71 -11 89 -49 -123 -102 94 -61 81 -120 -74 89 34 -62 -141 129 150 87 -189 -158 -97 -126 117 -135 138 -158 -203 -188 216 209 -197 -150 119 168 -164 -154 -114 -113 109 -201 115 -128 109 -139 117 122 51 -32 37 24 7 77 105 7 32 34 -42 55 20 35 6 -68 -17 -24 -5 33 -54 -29 5 13 -38 -80 -44 -4 -51 -78 41 40 -49 -71 -91 -46 21 4 -86 47 -66 -82 -60 66 -82 64 86 -49 65 67 -62 -51 38 -10 -63 -45 120 -121 131 -176 -147 -152 165 -122 -180 -182 -121 -132 -139 134 140 -96 -111 100 -109 -136 -87 128 188 -157 -123 96 -148 120 134 -183 -78 110 52 -16 90 -50 45 -74 84 81 65 63 89 -118 71 53 -25 -87 86 102 63 -84 -55 -25 37 27 -36 -53 -23 44 -17 52 38 -5 -48 -27 9 -48 30 -65 -7 -5 -74 -93 80 -128 -102 89 -120 -115 71 66 -92 81 94 55 110 -26 55 101 59 63 -48 -51 -52 104 54 108 -105 -89 67 -102 -118 -123 83 90 177 -153 -174 202 -161 -121 -2 185 -182 154 -82 144 -107 136 100 -43 95 -125 -184 192 -89 83 -154 -229 -202 -199 246 -206 -161 191 -197 -187 -150 -168 152 145 132 167 144 114 -122 171 125 116 -89 -161 -170 172 176 141 -196 -135 138 -82 140 -165 113 -73 111 -135 -123 145 -88 -167 95 108 -102 114 -98 -115 -126 88 120 147 -104 85 -92 114 49 60 48 -68 -17 52 -5 -21 31 73 -84 -129 -151 -73 -59 -109 156 -104 -139 100 -90 -142 -70 133 -137 152 -149 126 -98 -120 -140 100 -82 81 106 113 137 -169 -176 115 -182 112 162 86 17 116 62 -68 -58 -148 -124 64 89 -90 78 35 134 -47 -82 -37 14 -44 -91 -58 85 -79 68 -72 78 -45 55 67 -115 115 78 70 54 80 28 96 61 -32 85 -118 -35 98 87 20 -77 -22 82 79 38 160 -171 151 -141 148 -181 -246 257 302 -247 211 241 203 -220 167 167 -179 -152 133 -125 -152 146 27 91 -108 -67 137 106 143 145 -166 -141 129 -172 -83 -121 123 94 154 -69 -68 142 -70 -62 -83 -123 97 105 -132 145 -139 229 -197 -269 209 200 -191 -188 -189 -230 -178 -190 -162 -211 194 191 187 133 -159 -185 -131 128 -124 96 -115 -109 -115 -134 62 -81 104 95 -70 75 -97 76 -78 104 -102 -74 108 -81 32 -4 10 34 16 -11 33 27 -46 66 95 -85 124 176 135 140 109 142 -107 87 -79 72 95 89 -45 15 -94 71 7 -65 -57 61 66 42 4 -134 15 24 31 10 26 -51 7 -29 -13 37 2 -61 -84 42 -8 -64 -17 -7 -26 67 -54 -28 -50 -45 -38 6 5 21 -10 -43 81 6 31 -98 -104 70 -142 153 117 122 -137 167 -147 135 97 -160 -45 -122 -120 -76 101 117 90 46 114 -129 67 33 -75 -151 129 -125 -156 98 155 151 -110 -134 125 -159 122 122 -113 186 185 164 180 -199 -219 -191 282 -207 -200 -175 -189 -217 -191 -178 197 266 207 -187 291 229 -223 -290 227 216 -250 -171 -232 264 250 206 80 -88 113 116 -110 -87 -113 -94 -96 -90 -51 44 -84 -78 95 72 -38 26 -101 107 -130 203 -155 -151 203 -197 192 163 159 124 -137 148 -200 -167 -174 109 -56 125 108 177 -160 153 191 -238 223 -187 -220 -215 217 -248 216 144 148 130 110 -114 -34 62 -37 -45 63 34 15 -5 -26 3 -49 20 -45 56 -45 -67 -102 -107 66 -94 84 -96 110 -100 80 79 -91 91 -15 -127 34 16 -77 -117 -145 -55 165 -131 124 71 147 247 223 -252 236 227 216 -229 -241 258 -263 -177 -185 -252 -236 246 260 -186 228 264 214 154 -138 75 -143 118 106 45 -102 -83 104 48 -100 -118 21 73 -73 -91 111 -136 -152 -144 129 113 159 -147 -152 -161 57 -74 -91 104 89 -87 -18 -31 -67 -80 -43 46 12 -39 72 67 66 58 -85 -127 80 98 -72 90 131 -168 160 -173 -111 137 129 -97 -158 -106 107 151 -201 -165 161 117 145 -79 131 120 169 89 -109 92 132 -103 102 93 139 149 144 -84 139 164 -182 -133 -135 104 183 -134 -171 -175 -129 -154 156 -102 123 -200 -111 -140 -185 147 164 -87 -89 -112 -130 -147 54 -133 209 -165 137 198 276 -141 -214 -302 -258 230 -175 -215 195 185 99 -165 100 113 68 -115 -159 -90 147 106 -114 -133 -154 141 125 -105 84 155 171 -132 -152 177 200 172 -218 187 -172 159 123 -144 187 195 171 167 190 -137 113 -61 135 116 -64 -171 -183 -154 -131 -145 -115 99 -117 131 106 -88 -62 -26 39 38 12 8 -35 69 -95 -34 -19 132 -66 -113 -177 -138 -114 -128 156 -196 -116 139 72 -103 -106 91 -125 31 78 145 -98 -84 -114 -42 -16 43 121 126 84 -77 -87 -95 45 -131 163 149 229 -231 210 -274 246 -247 -214 132 -171 -211 -190 151 -158 105 -95 -130 149 112 -101 140 -131 -114 -91 -58 -62 -65 -190 68 159 -101 -123 107 -119 140 108 -120 161 158 -133 62 -187 -195 201 188 187 151 -181 -184 -166 -119 168 133 109 115 41 80 64 27 -45 65 -69 15 10 46 93 -90 86 -64 -90 -71 31 85 103 88 55 71 -146 165 182 160 -132 131 -186 -147 148 120 126 117 -2 -78 -49 58 -83 -165 -102 -84 -128 -132 105 -128 -63 -98 108 -131 170 187 100 -157 163 -178 -140 -140 -168 222 183 -207 -133 -122 112 190 -170 -163 -170 149 105 119 -135 148 156 135 -122 -106 -200 186 -234 189 -169 -209 126 -198 -163 173 -113 -145 167 -85 120 26 189 211 97 116 42 71 -78 86 7 82 -114 -118 116 116 133 123 169 150 -114 55 154 -121 117 -68 98 -178 -134 197 -141 113 178 137 172 237 -258 190 214 122 187 -195 -148 156 169 -135 143 153 -126 -65 -69 -131 -127 -154 174 -147 -110 101 169 -207 -139 -180 -163 -178 -147 -175 147 -31 133 -83 41 -92 61 128 -72 1 108 -89 90 -153 -115 -143 167 -82 175 -157 120 169 -198 -163 -136 -155 -131 -246 156 148 -129 181 -213 213 275 252 177 222 224 207 -267 -211 -229 283 266 -181 -150 -237 226 137 156 -203 188 160 223 -129 145 -141 -187 -118 61 79 -78 73 -81 41 36 -57 25 -63 -100 -83 116 -141 112 84 164 -91 144 -201 -202 218 -187 -164 -215 217 -198 -164 162 -230 -195 159 -153 126 -140 -102 124 -109 -59 -47 71 -89 -76 -39 -22 -44 73 -142 99 -121 -107 105 -98 28 103 -64 -77 33 -50 17 -52 -14 53 -35 -72 -4 59 -49 -71 40 27 43 123 -119 154 -176 -95 202 160 217 200 213 198 230 192 -195 -167 -127 107 -154 -140 144 -179 88 -171 190 -141 -176 193 205 209 -198 200 -164 154 109 -163 -153 -107 63 -69 122 -70 15 -52 69 84 -58 8 -25 89 -108 56 46 4 -108 -92 84 -73 -101 -37 130 51 19 -112 -137 70 61 -70 -124 116 98 -72 101 107 62 25 6 -74 -44 80 -104 27 12 -24 -62 56 101 68 -78 92 -104 119 -95 58 73 91 -47 -84 20 -56 50 -64 139 77 66 126 -50 -149 128 129 90 90 115 147 113 -12 73 105 -118 122 -49 -129 100 -81 -132 158 192 -153 188 -234 -207 205 181 -212 -201 -189 210 -178 213 -217 194 -107 -207 156 -129 57 103 94 96 -109 -47 96 67 -65 -39 -25 -8 -30 45 -83 -29 -48 64 58 57 79 -90 -85 -99 -110 -159 -123 80 101 -120 -117 111 -95 93 93 81 -63 61 -141 132 -94 -153 -66 16 106 -168 131 165 178 167 149 162 152 -217 -216 227 -236 257 -192 -275 181 215 -259 230 -213 243 -201 250 -200 -136 180 173 -170 -228 204 -159 -165 132 -117 169 202 -245 -287 246 179 -193 230 -196 -212 -236 190 -216 -205 148 160 134 -157 84 144 118 -99 136 219 178 197 137 182 171 -192 -187 -219 159 -243 189 -233 -224 155 -179 150 -123 -59 69 54 103 34 51 21 -57 -12 -105 96 53 -75 -126 54 -101 91 132 121 69 -103 121 -48 98 -118 -167 -210 -168 -171 -136 170 -211 136 93 -113 132 141 90 -155 -167 -41 -173 -146 180 148 -215 -140 -209 -232 188 177 204 120 161 186 -64 190 132 122 -208 -213 -243 257 311 -192 -280 283 154 -217 -184 -170 88 139 101 93 91 48 -36 100 102 -82 92 129 93 90 120 -70 -62 -117 -152 161 124 159 -112 205 182 -107 142 126 -112 -127 190 124 -144 154 -161 -181 -195 133 170 -89 -80 113 156 180 139 -46 -112 122 141 -145 166 -190 -176 -138 -149 115 -151 131 20 -28 203 134 125 -1 94 -158 174 -152 -161 -126 121 -104 -141 -169 122 -204 149 158 -165 138 -169 149 -215 199 147 -186 130 144 -143 55 115 -149 82 80 -62 -102 -112 -20 35 44 49 125 -118 -104 -100 -126 113 25 94 53 -48 -80 57 -79 89 45 93 -57 -46 -17 5 -55 89 61 47 13 79 44 5 -93 33 74 -70 -93 149 -124 166 -172 136 195 179 -170 -124 149 142 21 -121 -146 -149 89 22 66 -140 144 -152 -78 -79 -68 -64 -56 -63 21 11 6 -11 0 65 18 62 17 -42 73 -68 33 -39 65 64 84 -58 -68 65 -10 -39 -78 -46 54 117 -44 -67 61 37 -123 -190 82 -128 -84 136 -113 114 -88 -169 162 149 -121 -121 -187 -120 -163 122 189 205 -161 -186 -218 -217 182 -133 146 -219 -133 -165 -185 -104 -130 -126 144 146 97 124 126 -152 -78 129 -146 143 -103 99 -152 128 -144 -168 148 -147 115 -129 88 -139 109 87 -110 115 -90 93 91 124 96 -89 101 84 -87 82 186 -159 60 -111 -155 96 -138 99 -104 131 -120 -153 120 -82 155 -67 -99 77 73 61 44 56 111 20 75 -81 13 78 73 19 29 17 63 -32 -134 135 -57 139 131 113 -106 165 -200 -119 138 -106 -125 161 -85 14 -107 -60 66 -89 104 -128 59 -96 -58 -91 131 134 -123 121 -163 -93 42 -44 -74 -77 77 148 -118 79 -69 133 -136 -84 -121 -148 142 90 124 91 110 99 -82 113 137 -159 179 -205 -250 200 -129 120 -128 -142 179 -178 156 145 -134 -214 124 -196 -141 -121 194 -139 -123 -75 -120 -121 121 -63 99 118 94 90 68 -90 47 77 87 96 -56 -134 -32 -87 100 148 -109 -119 143 -213 -163 -168 162 -167 160 -198 -226 245 -239 -250 224 169 -153 -117 -88 -57 76 -92 46 41 49 66 28 41 103 51 68 108 153 -94 94 -126 138 124 161 -139 -154 197 -185 -190 -127 -121 171 -216 156 -91 87 83 -68 -112 -55 94 168 -140 -133 168 -163 -96 201 171 -190 -183 -208 -227 -213 -165 177 222 177 140 -142 -140 -128 140 80 -92 77 117 -86 96 170 -100 117 67 145 102 -24 -121 -57 103 90 129 111 -114 -103 125 104 167 161 111 -173 -164 -159 -49 -103 -65 71 -47 19 -90 -44 13 -13 22 44 19 56 -75 -84 -25 -85 -142 143 -111 138 170 -192 -175 -172 213 203 -145 -152 -149 -129 -95 -158 113 163 125 -108 -92 111 92 -133 -169 198 184 157 -132 159 144 -106 121 172 141 119 177 -123 -80 102 122 -154 238 -189 173 -189 181 173 152 181 202 171 -211 -193 -224 -178 -165 172 188 170 136 152 -157 -166 -133 155 -151 -147 147 -154 -168 217 197 193 230 -236 218 162 -248 -166 -141 -195 -156 -159 181 139 96 78 -96 84 -62 -69 60 -21 48 -71 -58 -45 -20 -15 24 32 -14 5 18 -24 -26 -62 -21 43 -5 4 8 -19 -87 -71 -56 -47 -116 163 157 -41 -173 -151 -149 -192 -248 -239 -140 -210 188 202 190 255 176 -153 -165 205 177 156 -143 -150 123 -127 -185 95 91 -107 -101 95 -21 -54 116 -87 51 65 52 46 75 154 -136 181 -195 177 109 -165 -163 -222 -141 -158 -142 -155 166 190 -205 -153 -123 93 -140 -107 -21 34 -14 44 -46 -31 -11 46 -57 18 -7 -33 -13 -90 -118 -94 -123 -95 113 152 192 -130 129 141 146 145 -130 -156 125 -122 90 -86 -52 -89 81 -62 -79 97 -126 -32 -109 120 -159 -107 39 108 -160 137 135 127 -145 -83 121 86 90 59 28 -71 82 -104 -68 67 85 5 -88 123 -116 -106 107 -122 85 64 -101 -81 158 -103 -175 88 -103 -143 201 197 193 179 109 166 109 -54 76 -53 -57 57 -134 -94 54 10 61 143 -163 137 105 122 131 -143 -128 -139 -43 -113 61 -88 -118 150 75 165 -136 -108 150 116 -109 135 158 -76 -166 114 -160 -106 -134 102 88 86 113 -130 -141 -147 188 125 -163 76 -106 99 50 11 20 -48 98 -50 -16 -32 -7 19 -18 3 -15 15 2 10 15 29 -31 -37 32 34 -53 -29 -24 -26 1 25 -84 15 -34 -21 14 65 -82 -48 -25 -66 -60 24 -4 -78 24 49 -10 56 -67 6 64 -38 82 -84 -3 -26 113 -129 117 -71 97 -106 -27 -99 147 177 -164 148 170 -189 93 -135 -185 -179 126 60 137 -169 -190 104 -128 164 -158 137 96 -117 -54 -71 -94 97 67 -129 -106 70 79 -14 -37 -37 46 -14 -39 -24 66 28 -115 -27 38 -16 -33 47 39 20 86 113 155 -183 -132 182 143 177 141 -163 -132 -171 110 -120 -153 -174 107 -90 -84 -122 115 72 -28 97 -34 -67 83 87 -61 9 2 -125 -151 -47 -65 0 84 -125 98 78 66 62 101 99 -80 -82 -103 107 64 62 69 76 -102 -114 -76 65 -109 94 153 -92 -85 -120 -127 -101 50 33 -76 56 103 -98 89 -21 104 104 -43 41 -80 -89 110 82 -120 42 -2 -112 107 183 -163 -103 -151 -169 -219 -216 -240 -203 200 -149 -147 134 133 -125 79 -37 -15 74 106 81 -37 -36 75 95 2 65 52 21 -60 12 60 -53 50 -74 79 -73 -91 -119 -132 129 144 135 102 -131 72 85 -115 77 84 76 90 -105 103 117 -183 -139 170 -176 187 -228 -191 193 -155 207 -63 68 138 78 115 -81 52 109 -99 -75 123 -117 -104 -133 92 -155 121 -188 -152 -167 -113 -142 185 185 -225 306 -221 190 -177 216 219 89 110 135 -73 -175 161 -148 -183 -166 171 152 -91 87 -53 -100 -69 138 -67 -105 -47 -76 82 104 -83 -18 113 -12 13 135 -159 166 -138 183 213 -191 -255 203 209 177 -154 -151 164 150 142 201 152 -162 -147 -175 154 77 -63 138 -64 -116 7 -53 -52 50 119 -161 -76 -135 159 172 -146 -216 192 173 -252 -289 261 226 224 -172 -142 -107 125 147 -78 -45 -82 -112 51 102 -50 118 -56 -133 214 149 -101 138 191 180 -258 147 172 -224 -200 -208 205 -199 92 -121 157 180 161 -7 -26 135 72 23 -7 76 -28 -46 -45 -15 -17 36 51 -19 48 -99 83 47 89 75 -91 118 109 -139 -120 103 112 191 119 182 -194 -211 216 -211 240 198 142 151 -202 -138 136 144 107 106 118 106 -90 85 103 54 -96 -94 87 -87 54 -113 102 -166 141 -82 136 90 159 125 157 -120 -133 156 144 176 201 -136 -163 193 -179 162 194 -162 151 197 -178 -196 -214 175 108 -141 -216 217 257 -149 -212 184 164 -170 156 157 -196 105 132 -126 -157 -129 -124 -182 -207 104 122 -104 -103 172 96 -148 190 169 -235 -242 137 227 -168 196 184 203 246 -181 -157 -165 193 -236 -173 -177 -181 147 -157 -153 -168 61 57 -49 105 -79 -108 92 -157 142 150 130 -175 -165 -156 -156 -203 -188 179 -164 -241 -177 -236 207 -182 -188 159 206 259 184 -186 -186 144 176 -173 220 -126 -151 -85 103 -111 35 -128 -77 115 -131 221 -197 -145 233 181 -164 -147 -130 132 78 91 -147 -106 -132 -135 125 107 162 -164 144 168 -180 124 -107 -141 118 -169 -161 -128 168 150 144 -123 131 -106 155 157 -122 139 -158 132 172 116 -113 121 149 -126 -118 -168 150 -76 95 -71 112 91 139 -65 -76 84 -58 75 54 -49 108 72 -61 -23 -5 85 -9 147 112 -167 -130 -124 132 -135 -127 -121 95 117 51 120 -158 -82 -135 110 144 -135 134 -135 45 64 -99 48 -50 36 50 -30 72 1 5 0 -80 113 46 -40 -103 162 111 62 -95 116 177 45 72 104 139 164 -127 137 124 -142 74 70 -78 61 30 -38 38 -24 48 -31 80 -52 19 36 18 -56 48 28 39 87 131 41 64 81 -56 114 80 -93 12 14 87 -102 104 105 103 -131 126 98 73 65 64 99 84 162 57 104 -118 35 107 -117 113 -185 -88 163 -216 -205 -180 199 146 -82 132 114 82 76 -15 -110 112 -47 -86 -47 39 38 110 -5 40 41 36 -42 65 -24 -88 81 37 73 -71 85 120 105 -65 11 67 98 101 -98 -105 -74 112 56 145 138 -118 -173 -145 -195 -122 -169 154 -130 122 -59 34 -63 -45 77 -52 106 61 54 5 122 -129 152 -207 188 -201 201 128 191 -178 -147 86 198 -192 -155 -127 88 172 -147 -65 -54 -72 -83 104 -135 -148 116 150 -180 217 -158 194 192 -157 162 -184 161 -171 -178 -147 -126 214 184 186 -183 152 162 168 -69 127 -38 -112 110 114 216 -141 160 146 163 -161 175 -132 -16 19 109 133 -91 -32 -146 151 -130 96 -173 130 -106 104 93 -118 -52 -83 -65 40 -40 192 86 117 150 -169 -177 -161 149 -160 -169 -148 -170 -74 96 -100 8 23 -9 13 55 -32 51 -24 -23 -37 11 -38 4 -45 -1 26 80 2 -13 33 -54 98 -98 -77 -21 -123 109 179 -116 -48 101 129 155 -168 147 119 149 -94 117 -127 132 -105 95 -61 76 36 41 14 -42 -5 6 20 54 -8 -41 17 19 -48 35 -11 13 77 16 3 -54 -26 -38 15 60 22 63 -46 -43 -93 -54 131 95 133 103 111 87 -66 46 -90 -73 73 50 113 71 -87 -62 -35 36 -47 25 64 35 -48 44 81 71 65 67 -7 63 -96 80 77 -4 -89 -108 119 -65 -65 72 69 -115 91 -88 -116 112 43 -69 78 76 -138 115 219 -216 215 -228 -225 124 -168 -127 188 -219 -219 226 -190 -178 253 -201 -200 -147 179 155 171 -150 -183 169 126 139 -129 127 88 -164 126 66 -113 202 72 122 133 -134 -160 -66 -118 132 129 -55 97 69 -140 144 69 -79 61 91 -131 -93 132 95 164 -199 -235 -200 214 172 -174 -164 -157 119 132 -146 -65 58 -107 -74 -26 63 56 33 67 -54 -78 114 99 -144 -147 -168 227 198 -160 -174 -207 163 180 -134 -187 -85 -124 177 172 -163 -136 142 -94 -144 -120 83 87 76 -69 48 40 6 -49 35 62 -62 64 31 -21 101 58 -19 32 22 60 -41 12 1 98 -60 -68 48 -9 24 -40 -66 93 92 -68 -64 132 126 -86 -107 -91 123 68 -128 139 111 -98 130 172 161 207 223 199 206 216 -259 -266 -187 -182 121 129 130 -46 -1 24 73 -71 37 -8 18 76 -45 -8 -38 -42 50 -30 50 49 -85 29 25 27 143 -79 50 45 83 124 100 -65 58 -163 122 94 34 -111 -118 -134 104 -128 113 120 104 -103 113 148 136 -45 99 -66 71 -50 73 -126 -19 33 123 -81 -84 67 108 116 -115 -156 -61 -138 116 181 105 149 188 -205 120 -111 136 -83 115 -167 133 77 127 147 166 -132 171 162 115 -132 103 -122 -83 -21 88 102 -86 -69 62 -9 36 103 -66 -23 6 58 37 -21 29 56 31 104 -68 -103 -47 -23 -39 110 64 -115 -146 -153 173 -179 135 210 153 -149 -112 131 135 127 -63 119 104 -23 -34 25 45 6 37 11 -29 33 86 -44 33 -68 79 -150 -182 -153 166 158 134 -190 72 95 -77 2 -23 -46 85 42 -85 104 94 79 -61 -51 -138 -95 -103 123 -137 -189 -171 -164 -175 143 104 -174 -159 -132 -177 170 -187 -182 135 117 166 -159 -191 -194 -169 -220 -168 -211 228 219 169 229 164 228 -228 133 135 -70 -102 109 -66 -69 -42 -78 -83 101 104 -119 -131 -158 109 148 115 -100 -50 79 8 -32 45 -147 158 100 109 166 187 -154 164 117 -61 32 150 -157 101 -97 -98 91 67 39 46 139 -134 115 142 -123 56 153 137 151 -121 -119 172 -192 -227 -203 101 182 -204 -221 170 -147 -159 147 127 -110 126 -185 -124 -80 -133 100 -95
6144,-49 12 -105 -70 -36 -83 -10 24 -51 61 70 -51 88 -31 -123 92 -4 62 31 -30 66 51 -88 57 8 -88 57 -24 33 -82 70 -108 -80 -79 -64 -50 115 -39 59 -49 -95 -43 49 -71 -101 -25 -41 -67 29 79 -33 52 -69 -55 -49 83 -30 -20 8 -46 -67 -75 -1 75 -113 -64 42 35 -41 131 82 21 89 -95 62 -91 64 -17 -24 -32 35 6 -76 136 -23 0 30 64 -59 28 -74 59 126 130 -6 -30 78 -26 54 25 127 21 -47 -131 10 -57 -7 69 -2 -112 -17 -7 -8 -9 -81 -42 -10 26 108 -57 -56 -52 -11 13 -50 17 21 105 -70 -19 -23 -60 -38 22 -18 72 -43 105 23 12 -65 -53 51 -57 47 79 -25 -37 -9 36 -30 33 38 -36 35 -121 -13 10 91 -68 -27 -67 -9 72 42 -36 86 84 141 9 18 -20 -69 -126 -13 -79 1 36 28 -59 -100 -107 107 -113 -12 183 145 -42 12 35 -3 -36 18 59 -94 -15 76 37 -37 -1 -88 74 46 -30 29 111 -23 -14 -5 30 79 69 52 -116 34 -82 60 -135 51 -8 -22 -79 17 -59 -29 -28 91 112 69 61 -23 -100 -77 -24 -35 75 47 -74 25 -37 -139 42 36 88 1 54 23 37 -23 -35 -25 -22 -25 -63 -66 20 27 -87 -84 120 -37 -55 35 -27 -8 -67 -105 6 21 -32 74 -43 -16 36 41 -26 -3 -69 -106 -141 -73 -36 75 90 20 -92 25 -122 61 35 -17 -39 -69 124 134 81 79 7 -85 -12 -57 51 -29 77 -63 85 32 -2 10 135 105 -107 -19 12 -67 -51 -8 31 116 10 -131 -95 -54 8 -20 -85 -20 12 143 -60 -64 -26 -82 -24 -32 -9 145 -33 92 -93 -16 -6 -110 109 -62 95 105 -24 12 66 57 21 47 -53 36 -33 89 6 2 -74 87 -69 27 -18 134 92 14 146 -78 -12 42 -68 42 -46 -81 22 -9 -42 -106 -49 69 84 -91 28 10 6 1 89 23 -40 114 -92 105 -19 32 53 12 42 -102 -122 -9 17 48 -3 67 -6 -23 27 103 -94 18 -55 -33 -86 -2 43 34 -56 -70 -12 -105 -37 6 10 93 26 -82 -25 -12 -45 -14 87 61 -97 16 -101 -70 93 -109 -52 -108 46 4 28 -30 -16 15 -31 48 -116 -19 3 77 8 34 60 103 -85 99 -6 73 -73 100 61 -68 -134 -37 15 89 13 61 -129 119 11 12 11 -47 64 41 -119 -86 -22 -20 -106 -59 22 9 102 51 -18 -66 -32 75 -14 122 22 68 52 -21 -14 95 4 47 27 83 61 -46 38 82 -46 97 51 -25 36 20 -8 62 -1 -69 -12 -38 -41 -83 -21 -19 70 34 -5 -102 59 27 -22 -153 13 47 80 9 -82 124 -40 26 -35 25 -25 69 -58 94 -54 -15 86 -93 20 47 83 80 -77 -106 -40 35 -62 -91 76 -49 -31 57 -66 -71 52 -68 104 114 14 -73 61 -73 30 92 -85 70 3 63 -52 -103 78 67 -75 -57 -29 -34 46 2 28 -17 15 3 69 62 -2 -150 11 57 98 53 -63 -55 -9 -45 -13 -71 -76 -100 107 -6 80 81 0 -66 35 11 -45 100 17 115 74 93 -81 -66 -20 0 -97 5 76 14 -41 -37 18 51 -89 -38 -15 -11 76 119 75 74 83 -70 106 -15 -32 -46 53 -105 67 -81 -25 16 -24 60 78 -23 -47 -66 60 -61 96 -42 16 -54 -89 -37 10 -13 63 97 -100 10 -71 38 -55 -133 104 58 -38 -80 32 35 36 77 10 -76 -38 -18 46 -60 -99 15 38 -107 -70 -7 112 -107 43 98 60 55 -48 -104 -71 -69 -18 3 37 -40 -62 -68 -17 -15 -11 31 -64 -66 124 25 79 -6 -70 -51 -105 -83 -23 89 39 29 61 78 33 37 -30 50 -33 35 40 -68 33 27 -108 61 -42 -98 -67 -67 -36 20 57 65 -103 82 -25 48 33 31 -26 40 120 -88 46 -147 -31 -56 47 -36 45 142 2 -72 67 28 66 85 77 50 -69 -166 21 62 52 66 31 -24 24 -70 -122 -99 -57 -10 -26 118 17 -94 -1 16 62 -16 32 -54 -89 -48 31 -43 29 5 -3 -63 30 41 85 14 14 -22 88 -47 -34 27 93 -72 -78 41 121 -15 -72 -57 33 -64 66 75 181 86 -143 -58 139 -3 -68 -68 -78 87 45 54 107 -61 2 18 -107 -62 -30 -68 -6 -3 -31 36 -79 65 -109 -78 84 -8 51 68 -114 -47 1 29 29 -6 -78 1 5 -46 -10 75 -18 52 41 64 29 -40 121 32 34 45 68 85 -38 -129 74 55 -59 59 27 5 -63 -6 85 4 -64 -20 -107 -3 88 34 97 -42 6 30 98 -28 41 -13 -64 92 -55 56 -1 44 -45 79 -49 -59 55 -21 66 -126 29 36 84 -40 -43 64 -33 7 27 -78 -101 -47 -26 2 -41 54 28 141 -17 0 73 19 -125 31 71 -26 33 -54 -35 -14 -21 -75 -93 -42 -51 114 3 14 -19 -50 -81 14 37 -59 -53 67 -68 -122 16 54 76 44 82 18 0 94 34 63 37 84 3 -69 97 -41 98 98 -97 -170 -7 -145 -18 -60 -20 -39 99 -128 36 -60 56 -124 54 -2 51 39 -48 -11 -33 -32 -92 15 -76 -5 -115 72 96 -40 91 97 56 -48 32 -97 34 -37 112 -24 34 -83 109 115 57 47 79 71 40 17 -89 42 -88 -63 77 13 -41 26 -43 -44 -71 -50 45 16 35 22 7 -51 56 7 55 40 -98 68 16 36 24 60 -64 -49 2 -24 -10 32 0 19 -21 -35 -57 25 -70 34 69 55 53 0 -86 -54 -89 -10 67 106 -50 -83 86 -4 11 -79 102 119 0 -97 -91 -4 -90 100 -66 0 -34 79 -85 117 1 -11 109 27 79 117 -36 100 67 83 -72 -69 47 -66 131 19 -28 -44 2 28 -81 -91 -7 41 -1 49 -97 -11 -17 -106 37 48 43 67 -1 37 69 118 37 -39 -66 28 29 -75 82 23 -73 -92 7 50 -116 27 30 79 -23 113 -106 -37 -44 44 52 100 68 -75 -115 6 -47 -84 -56 -1 43 -72 81 -69 -7 -96 9 18 61 -48 -117 81 -36 -53 52 -63 108 57 14 23 -89 12 107 -40 98 68 44 49 -68 13 -114 -51 -74 41 22 -161 -32 -48 185 -89 -46 11 -94 47 -90 70 73 -16 -10 61 -73 -61 -65 -8 -114 -55 -49 -93 36 45 26 -43 -47 -42 92 104 -70 52 -60 46 47 61 49 -56 49 57 -71 33 -99 -70 -13 -4 -103 38 43 56 -111 32 -18 -55 -58 51 108 59 67 28 83 -35 110 -25 -120 64 -40 -99 76 -18 -77 -112 -126 -121 -67 83 9 -19 -24 30 62 -65 -34 -30 -38 96 23 -41 25 -33 -21 42 31 99 -73 67 -23 77 93 -50 63 -18 26 15 98 -117 87 90 43 -72 119 -52 92 144 137 -4 -69 -60 -54 78 -122 -2 -42 -104 -47 74 108 -47 61 67 154 78 37 9 -23 -8 -64 -64 -31 -95 -78 99 12 -44 -136 69 109 31 15 -28 -18 -16 50 -80 51 -76 9 -26 -56 -73 -58 -9 -28 47 -27 -97 -28 -14 -13 -52 93 -18 -101 133 17 68 6 35 83 -16 50 21 -26 -63 136 132 16 -106 47 74 69 -84 -87 45 44 3 64 104 -133 62 -5 51 53 38 -69 29 47 27 -108 -5 -13 -36 -32 39 -2 -38 -103 76 39 74 148 -27 24 -6 -69 -106 -65 10 -55 -61 22 -40 -65 -31 4 4 78 34 -112 -60 -109 -118 -17 -109 -110 -12 36 -7 116 111 28 -45 -3 -53 9 61 133 22 -23 -89 -79 -56 -31 -77 -142 -59 28 37 3 24 19 -50 0 -39 -45 -6 28 -106 113 38 -1 95 47 -90 81 120 119 -30 21 -3 16 34 -3 13 -1 118 53 -35 54 96 -90 28 38 -136 57 -128 -2 46 -86 -86 30 90 96 67 -58 -113 -76 -101 94 47 43 54 50 -97 34 -89 -101 -67 -2 -55 -107 -93 81 18 -3 -47 23 64 21 -60 -57 -111 -48 -75 27 35 66 -80 -16 -60 -5 -5 36 -20 -72 -84 93 -1 -66 -45 67 -2 -59 -45 57 34 123 14 74 -30 -9 9 9 48 94 43 -98 59 -32 15 -5 -29 36 86 -130 -52 31 -86 -39 67 -75 -98 44 83 -13 -107 -28 -104 -29 13 108 51 105 9 -9 26 -26 -11 31 60 -95 18 57 -1 105 -108 16 -32 -69 -90 -67 -37 76 28 -13 -57 4 17 -82 54 -51 -13 -119 -44 -53 -31 -68 -30 -11 14 87 -33 139 35 -51 111 -28 -131 -136 44 -28 52 -24 64 51 19 68 14 95 80 -59 -29 24 31 88 16 75 -90 -21 -28 44 100 -40 102 -141 -17 -83 12 -8 -99 92 -128 -76 6 -110 -68 71 2 18 -3 -44 -29 -36 118 -31 89 32 77 -55 -8 77 -47 58 64 66 85 1 -5 6 32 -11 68 54 -71 -123 23 -2 18 23 -19 -46 -9 -54 -58 -97 32 35 -39 103 -62 -63 34 51 -32 -14 -20 54 -17 20 103 54 -39 -89 115 -70 24 94 -2 -10 32 33 35 -91 31 45 -97 44 13 0 91 38 25 -71 54 -76 -38 -70 -55 92 -14 -52 3 -112 77 1 -52 91 45 51 90 79 116 -62 128 17 53 -140 89 -20 -84 41 -85 -46 -44 -17 79 1 38 138 93 -33 46 70 -74 15 -92 -80 26 65 23 66 -82 -64 37 -129 75 122 50 -61 94 7 -28 -125 108 126 -135 -57 -58 -47 -151 -15 -13 133 -24 74 -51 160 -18 -18 108 -64 123 33 18 62 -96 109 11 2 5 -41 -24 -105 -85 -137 -43 -36 1 -34 8 38 -51 60 -119 50 -93 -70 23 -33 -136 -98 -13 41 23 76 -2 -97 -20 9 -6 -105 -86 -23 37 39 15 -93 -57 -50 -43 -29 16 86 14 28 -122 -21 24 -24 71 80 -39 83 69 13 61 -142 -45 1 -41 -17 4 -115 -80 -2 -33 -40 119 26 6 51 -51 -102 92 51 4 49 -55 -67 -34 -10 106 71 -29 -106 93 -125 58 -106 6 -6 -5 -86 31 -82 85 -9 58 -74 -111 -27 139 -17 55 -77 -38 10 -46 26 53 -120 127 -21 78 -15 -26 129 -77 96 142 32 -28 -25 95 27 34 -44 84 35 -11 -64 80 -61 74 82 -16 51 85 -6 38 -85 85 -57 80 61 95 114 104 5 5 96 -17 100 1 45 -59 -54 23 27 31 34 -36 135 129 82 89 22 10 62 -53 -75 45 117 -41 83 -1 -94 -10 65 156 -58 29 -34 85 -37 -44 -94 12 -92 -92 52 -80 50 43 -32 -70 -101 -18 109 -33 104 -38 -44 49 73 10 38 -74 -80 -76 56 20 -43 -103 112 15 54 99 102 111 99 -36 -71 12 118 -39 85 78 -38 -17 -106 47 -63 96 -92 36 -79 -40 -17 -10 -54 -23 -21 -88 -82 63 -96 -82 52 -21 95 109 -74 3 91 -121 0 -54 -119 68 24 98 -57 -10 15 -87 -53 38 47 -60 -14 -80 110 15 -53 95 -91 -118 59 47 63 102 89 67 -64 -40 22 -111 -48 -20 153 56 16 -21 -69 -38 -54 40 68 -12 33 -112 -84 -3 -5 78 -68 -78 19 -84 -45 -52 0 -56 -22 133 56 35 -17 61 -116 68 -74 104 40 63 79 27 103 -77 24 -56 42 -10 78 -111 -64 90 83 -59 -18 72 112 -68 -150 -31 -35 -47 47 -44 -120 32 -3 -80 -7 -48 -18 -11 86 62 21 -54 -16 -15 4 -43 20 90 61 50 14 61 -85 -98 72 87 -34 -64 -95 -43 99 15 20 -14 -46 -61 77 81 -41 -77 33 -63 127 -47 -63 5 74 -46 -88 14 18 -21 -48 -27 -43 -70 -94 83 -93 24 106 -35 71 17 -87 21 -48 -18 25 7 -114 -67 -41 -54 7 65 -102 1 4 52 59 33 21 -20 -67 5 3 47 13 17 25 19 -76 -80 1 -38 -108 79 -8 110 22 -6 51 105 -70 -61 -40 77 -19 73 23 -37 40 112 117 -65 -41 56 10 11 -39 0 -10 7 -42 45 -102 52 36 -78 113 -114 -17 5 -65 -41 -29 -52 50 -115 -68 17 12 -83 -70 -90 -52 94 58 17 -9 -93 -37 27 84 33 20 110 31 -41 -55 4 79 -90 6 -26 88 -54 -6 -73 80 109 64 74 56 85 61 -28 -37 -28 29 73 2 11 43 -46 43 -132 -42 -32 -73 88 41 27 9 -35 -63 -69 45 -25 77 34 124 58 -61 -30 98 91 -87 58 -61 -10 4 100 -23 -23 -67 45 -101 -28 -28 76 -23 1 17 -92 -39 98 -78 42 55 4 -10 71 128 34 10 -60 44 12 101 77 -71 88 74 43 -8 52 -62 -40 -38 -42 37 78 -81 41 -26 78 -104 122 17 51 82 90 -97 -40 59 39 2 -17 43 115 -91 43 110 -64 -11 -163 -16 20 -56 -55 -60 113 -35 111 -78 -15 -77 -6 -27 -2 47 35 -52 -50 -57 -34 -9 50 -18 -51 39 62 -46 -121 -57 -49 -35 -31 14 82 6 -4 -23 -108 -41 68 -105 -59 28 -50 44 -4 61 52 118 32 14 69 -81 -89 122 -37 -1 39 80 68 -104 17 -8 -22 -31 99 93 -1 83 -87 63 -52 17 -42 54 35 59 -4 46 -88 9 -68 -74 -21 -72 48 -64 51 76 71 50 50 -80 -8 -68 74 68 -55 -103 -5 -77 -7 -60 -37 -77 120 31 -53 -105 66 6 58 -27 -37 -41 13 -140 -17 28 34 27 71 39 38 -42 -5 9 -66 0 9 21 26 -49 -40 25 -18 -20 139 63 97 31 -37 39 22 -63 -30 -40 -65 -98 98 70 6 110 16 -89 -22 -64 53 44 95 -73 -63 -9 77 135 -65 -78 23 73 -130 115 61 52 -9 -67 -59 41 -5 -90 36 28 -30 77 -69 9 16 73 -28 87 -16 47 -92 -12 -67 65 -55 -65 3 -26 70 66 51 48 18 1 6 -33 40 -61 -93 -69 -5 -63 -52 76 -71 -111 -89 -89 -103 -14 71 114 18 7 -52 -114 -63 -117 82 -151 39 -65 -33 -43 -12 86 13 -34 170 34 3 -88 -83 -36 92 87 60 -10 85 -56 6 -89 6 -36 -84 3 64 -54 -107 8 44 86 5 -67 3 -74 71 67 -51 -3 -14 48 53 33 10 -10 -9 -99 -75 -28 -23 29 111 -55 -13 -7 -120 -120 6 -121 -15 32 16 36 34 107 15 5 -92 69 51 -59 -99 122 57 99 93 21 47 86 -15 -147 50 -87 -3 66 -14 -46 53 -31 111 102 -90 -4 -14 -10 75 -112 13 -1 92 41 93 63 70 70 42 22 74 -2 73 48 -28 -93 -26 45 147 11 -43 32 -73 77 79 -52 -34 -73 -72 -51 70 -24 48 40 -50 -109 8 -36 4 -127 -75 8 34 82 -28 -2 -135 -26 -119 76 -48 -22 -60 -39 -49 -3 -156 12 38 68 -4 -62 -48 106 84 -23 -60 45 97 107 44 -119 -48 102 0 -60 39 -93 42 -63 20 81 -15 40 27 -26 41 75 15 -74 14 48 31 -35 -16 -65 -79 57 19 -121 -57 102 15 -42 22 16 -56 -149 26 -96 -69 -46 -49 90 66 -47 -62 -3 -84 141 -48 -97 -102 87 -29 30 20 36 -25 -34 88 -6 13 -47 91 -13 84 18 41 -57 52 50 -62 53 101 0 -28 -62 59 -27 -69 69 -100 33 94 -73 36 -42 64 15 84 -78 84 27 -30 -91 -54 -34 49 -73 -44 45 77 1 78 -33 2 31 48 -108 -40 61 -39 27 -120 -36 -132 -91 11 -60 45 -105 55 34 9 123 -83 83 -31 -84 -10 65 -104 -80 -99 79 -36 -16 63 -66 18 85 85 -44 48 52 32 22 8 129 -66 117 -73 37 -19 54 -78 -102 -98 -46 -24 50 83 84 -92 65 36 7 -86 0 89 -87 91 41 0 -34 -34 57 -90 -34 71 79 -90 15 19 33 44 -7 7 63 13 18 48 -92 9 61 -42 -39 38 154 0 -9 117 -32 33 -92 37 36 62 54 -17 -13 -95 43 157 11 -52 17 -36 -36 44 2 37 -38 57 -13 -29 -88 55 -71 9 -74 48 3 -89 -37 21 -11 -103 -18 84 61 114 42 30 -29 -133 54 -62 153 112 -32 33 92 33 -123 58 -38 23 68 -11 -55 -41 1 -1 40 -100 78 99 72 63 93 46 -66 56 -86 87 -51 -34 38 31 -104 51 3 4 -36 -30 -83 36 14 76 -61 -40 -90 14 82 104 97 8 -84 65 93 40 -97 -50 -113 -89 -69 -40 71 20 37 33 -47 -50 -43 -20 95 85 69 62 59 41 76 -52 -50 -35 46 -88 -110 -62 67 27 -81 92 60 5 54 28 -31 -62 53 -38 22 1 -106 -65 -72 23 32 -92 36 7 -42 42 45 -22 95 8 -44 -9 6 106 14 -93 -81 -71 16 60 -32 -8 -68 -22 6 47 -168 -8 -32 10 27 9 -3 -1 -22 -106 52 107 74 -43 -32 -72 -2 -122 -102 86 56 68 119 -31 107 39 -21 35 -37 -8 -23 -68 -29 82 84 59 -56 66 -38 -5 -84 -12 61 -58 68 84 -50 76 115 -82 131 14 -82 52 -85 -29 52 92 -108 67 25 -55 -91 -65 -28 107 -74 -21 -82 68 -78 58 -20 58 -98 87 25 -97 47 -56 25 10 68 83 -62 -75 62 23 -7 -83 0 111 -4 -53 -66 19 -138 99 99 5 86 -78 -28 -16 -42 22 -40 73 -9 41 59 8 -4 0 49 -13 -96 -59 -35 113 -51 19 -25 -80 54 -15 -19 -1 22 -17 29 36 43 59 61 63 2 -94 -40 34 -34 94 7 -3 96 76 79 -28 64 20 18 49 -139 -58 -58 50 86 48 57 -52 -58 67 71 -16 64 -86 -104 -15 -38 -10 -19 -39 -66 61 -111 25 -110 37 1 -7 11 23 -130 28 92 -92 -47 -65 -89 -58 -71 104 -9 4 20 -77 -17 52 28 -34 18 51 133 -125 -13 -51 -31 -10 42 -50 121 89 41 -27 162 148 19 -41 14 -42 -55 31 -2 50 101 -105 -23 -86 60 -41 -22 54 -108 18 47 -56 -48 19 -27 -83 -52 -48 -20 -68 48 1 -32 49 -2 25 -64 76 -37 86 -55 -35 16 -52 4 -33 55 -43 31 -18 -39 52 119 -43 -62 2 68 9 -5 39 19 -11 58 -124 90 -104 42 -40 48 -21 -40 33 112 17 52 -86 -34 -86 -66 79 -117 80 -120 45 28 -32 -52 73 42 83 38 -93 106 56 7 6 -90 25 -10 -94 83 71 -115 -36 94 -11 -105 3 -89 59 79 -4 -40 -4 110 -2 75 35 14 -33 3 -130 58 -3 -53 -1 -104 -30 -28 105 57 115 -27 -29 -49 111 -105 -115 65 -61 -36 86 15 -63 47 -36 130 20 -101 19 35 -128 -70 -38 -108 -37 -55 8 -45 14 -42 99 -49 -10 14 72 19 -62 28 -132 36 81 153 72 -46 88 7 -42 49 -82 90 -79 45 -2 73 -113 40 -44 66 -51 -78 58 -2 -15 -46 23 74 -53 -79 -6 -15 40 -7 -84 -40 -26 -7 22 -83 108 106 -43 37 -44 -22 -54 -73 57 -73 61 65 45 -33 1 124 37 110 59 65 -93 -18 20 62 77 59 -75 61 -64 20 32 -56 -7 50 -22 -35 71 -24 36 21 87 -35 53 32 -27 20 47 41 32 33 -52 40 14 26 -59 -41 13 -51 24 41 88 79 -84 -37 -70 41 101 -54 109 10 -25 30 8 -19 14 64 -30 -34 -90 -112 -51 26 -35 -26 -81 18 -94 -50 -24 53 94 -22 48 23 33 46 -82 65 -16 5 -34 -53 -13 46 83 -40 -30 44 -51 74 106 -46 75 -29 -86 -48 79 -31 24 113 118 -21 -72 -55 -28 -81 -93 -60 -48 65 -56 -104 -7 -25 56 -6 12 119 -33 -27 -116 -22 -51 109 -20 -19 -67 -79 -87 -21 65 13 24 -12 -73 46 4 -110 31 -114 -34 -42 14 89 -20 -41 56 42 125 13 72 -7 81 -34 30 42 -75 55 -71 -83 -111 18 -16 33 119 80 -36 -89 128 85 40 -3 -46 -81 -120 88 -28 51 -17 20 -18 88 -10 63 -90 -53 -18 -80 -132 -28 56 65 -49 19 42 51 69 -66 104 58 66 44 58 -48 -106 61 84 32 -43 -68 87 70 38 -12 -42 -97 -31 37 -91 -4 -31 -10 -97 37 -37 -14 16 -27 -21 -34 3 -63 -104 29 -96 -76 -30 93 -107 48 89 -14 -97 55 38 91 -103 -6 -120 -67 149 -121 84 -17 -4 73 -40 -103 106 -74 68 -36 -2 -84 -74 84 -52 7 -73 55 -121 58 37 -32 -28 53 -59 56 -49 39 -47 -87 -30 46 -101 -37 -70 -102 33 124 -46 13 -63 81 95 70 79 -7 -47 111 -36 -103 45 23 45 109 -61 7 -32 92 -22 46 -30 -66 -138 -29 -81 -42 -76 -76 8 -106 40 83 29 -97 -55 24 -56 -71 38 26 -82 14 -19 22 21 54 -70 3 -99 29 -93 32 58 79 -22 10 -90 -102 12 -6 2 -60 -40 51 85 4 -27 -20 58 23 33 59 117 19 -107 -53 74 61 -95 -49 97 -138 56 -58 -30 89 43 138 -136 -44 -37 24 98 47 53 104 -16 -1 -58 -7 65 5 12 16 20 -68 -93 -106 -84 -43 37 -107 -63 -19 17 20 -36 -81 12 -15 63 -8 -20 48 38 42 -84 -42 -32 88 116 -6 -129 -95 -15 -95 -56 -39 40 39 50 -34 -116 142 -40 50 -6 -137 79 75 -3 28 138 -54 -34 109 43 78 -99 -8 1 31 124 -27 -77 74 -94 16 -70 -74 -14 83 1 14 -110 -92 29 -126 1 41 17 59 55 -47 -56 -60 103 84 -114 -10 -22 112 -77 40 90 -88 -31 -13 47 -30 -70 30 -80 -52 59 -58 88 -149 22 -56 -41 130 68 58 3 -48 83 6 -160 2 104 -28 -32 50 -67 60 52 -62 -109 -18 -2 82 -45 142 72 -50 -49 20 -53 -25 -80 -41 0 -50 -98 -132 39 -94 -36 -62 -6 78 115 -50 -52 -17 -18 -45 29 -85 15 29 97 -79 35 20 86 93 83 -55 104 -23 -50 -109 -55 48 -65 -53 30 41 -63 22 28 -83 40 -41 7 90 -55 129 53 43 111 38 -41 25 87 38 -27 101 -81 -13 69 -46 19 96 -65 -83 86 -99 -1 -34 5 66 94 -14 18 -54 -49 100 -79 -5 17 -121 100 -85 52 64 -7 49 -43 -84 80 -83 14 -43 44 48 -28 -121 12 49 71 1 -76 79 26 -62 -11 -3 47 -73 26 114 14 -51 -74 -50 -45 61 -2 53 -35 74 24 34 -16 50 143 82 30 -47 37 34 48 38 40 74 118 -7 3 26 80 45 91 7 -38 54 -80 -6 64 92 62 2 54 -2 -98 65 75 47 -38 87 10 30 47 -64 118 -74 5 27 28 -39 -40 -41 10 40 65 -56 -15 -32 -45 -33 102 69 19 -83 47 60 102 92 -103 40 -42 46 -34 -38 77 -92 60 26 43 73 61 -71 -33 14 -4 47 30 -71 72 30 -79 23 -23 5 8 -10 -58 48 -28 73 -5 34 -66 63 31 96 44 -53 -105 22 14 106 20 48 -96 -64 55 -26 -88 -1 -56 -37 118 52 -45 15 -62 25 -37 63 78 73 -36 9 87 6 -19 2 -48 71 64 80 -37 -54 68 -185 -3 -38 -85 -126 79 64 -65 -57 90 49 -74 -7 104 4 -74 -63 0 82 112 -92 -70 21 -83 -46 -8 -47 -21 95 9 8 35 -44 95 -79 63 -1 23 6 -128 139 59 -26 68 -4 -58 -40 -25 60 22 -45 100 -49 97 -138 63 -10 -114 -72 50 -109 112 -66 -68 -24 0 43 -92 -24 -33 45 -20 -33 81 45 -84 40 -28 56 106 60 -104 -48 -110 -14 56 -33 54 57 30 3 -55 -103 35 25 46 79 9 30 45 -42 20 -2 -114 40 94 -31 -29 40 22 55 44 99 29 -45 41 23 -16 67 34 34 -4 74 26 -68 -25 37 51 -27 -51 -10 0 -36 85 -8 -102 -82 -44 -110 -20 105 -130 -63 -60 -42 -49 66 -32 -1 -24 0 78 12 -33 42 -13 41 -78 24 -31 -57 78 88 20 11 -114 -44 98 41 -32 110 -8 -38 38 43 -29 64 -35 -75 59 -44 -49 -108 -2 -1 -27 46 -31 92 -68 -128 -46 40 -44 -29 100 -71 103 6 59 -47 88 21 -47 5 -17 103 -48 -39 -34 62 91 -8 98 -84 19 -76 -33 -14 71 79 -123 79 -117 23 76 -17 -23 -129 -102 -55 -51 3 -15 -6 59 -3 2 54 -62 104 37 48 -97 70 -78 -27 -29 -3 62 53 60 -16 90 -53 116 -36 -88 115 66 -8 58 -6 14 -58 -14 -59 56 -94 64 -59 51 57 -17 75 58 32 -49 103 24 -21 -26 -27 39 31 -29 46 -5 77 -47 25 -86 8 15 -24 -41 -59 54 90 -11 88 52 32 47 -51 8 -32 -110 -67 -54 38 -76 7 -83 32 -13 12 17 -12 12 -32 -66 25 -19 -94 -66 93 -53 -63 -52 36 41 115 -84 -135 -45 56 -24 -43 -39 23 -114 80 -107 -29 -119 -99 35 -14 51 133 70 -81 -63 0 58 -26 -40 44 -1 -4 -18 -87 -79 61 -38 -112 -23 -61 -20 17 -21 -140 -19 -135 33 -128 -3 59 -15 -82 40 69 5 -57 -97 49 -18 28 29 50 -39 44 -43 -1 46 62 -7 -56 81 -73 130 101 -21 30 98 -66 67 119 -61 14 11 -27 -19 27 25 -43 63 -45 100 135 -40 -153 -118 57 -48 -5 -113 -34 -108 56 111 32 -12 25 106 6 -103 -3 -80 -55 52 -98 39 56 -61 52 -19 -113 -44 -61 -57 55 117 -94 -64 -2 19 -21 58 68 -1 38 -57 -79 62 69 41 -73 -101 39 53 46 119 144 54 0 118 77 -25 -65 46 -13 -20 -42 90 -2 -52 54 39 -17 47 17 37 89 -53 -16 35 24 19 67 -95 -83 -60 -72 65 3 -96 -72 -59 -52 93 -15 -58 -38 -50 -95 -47 -73 49 -63 -83 -46 134 -29 66 -72 33 51 64 77 -35 14 6 -96 -42 -31 -89 44 26 103 1 29 -54 134 56 -100 68 -46 -32 54 59 25 -119 22 114 83 -71 -48 -69 62 -60 114 -63 -24 -71 54 87 65 -56 42 -57 -44 -54 -86 88 27 -61 -18 86 -21 82 29 76 -26 -109 -45 14 -89 41 26 -14 -32 -9 137 -53 -70 3 12 -24 -20 -138 30 114 116 -76 69 -54 68 -29 33 16 -86 3 -40 53 26 45 60 -133 -71 17 92 7 -125 -55 -29 -71 -73 -74 64 138 50 56 122 -58 48 46 44 37 70 -49 -115 115 36 6 -9 -38 25 -104 -36 -32 -50 -32 18 71 -59 30 -47 6 102 -48 27 -43 -54 -74 15 59 -8 36 -77 -128 7 -8 -88 -11 -88 44 -54 107 44 -2 -100 -7 -33 -75 38 -10 -81 -30 -25 6 18 87 -64 27 5 -103 25 136 91 -41 40 -21 47 39 -17 64 71 15 -12 102 -53 -5 87 -35 46 50 16 -25 -66 -32 47 -44 -5 157 -12 -35 -89 11 97 -39 9 -30 45 -25 20 88 -105 63 56 50 103 -111 -24 -72 -62 -125 51 1 52 82 -36 112 -79 68 27 110 51 -43 25 -16 -82 69 -37 21 53 -33 86 101 48 -47 18 62 96 -134 23 64 -2 -39 16 45 -122 -59 -47 10 -107 -67 -36 96 23 -73 164 115 18 129 -44 120 40 31 -71 39 -70 -36 55 51 -82 71 134 92 57 -71 -111 -98 -25 -45 -97 -32 -55 -93 47 115 -39 -30 113 -119 -118 -41 9 -88 -27 -83 -56 40 12 -38 48 -55 9 86 26 -15 105 24 -54 25 44 64 133 150 58 -54 -84 -74 -17 -69 -61 27 -125 -8 51 21 29 48 -9 -5 7 55 0 -110 -39 28 103 -57 91 -59 22 12 -54 -37 43 -82 -44 117 -78 51 -82 84 131 -43 -41 -41 82 -135 -58 -35 -76 21 32 -28 22 -16 -68 -31 -87 -73 60 11 -91 5 -80 78 72 -54 -15 111 -1 -14 -56 -52 -64 3 2 5 -49 -55 -67 -39 43 57 112 43 5 -2 -93 98 84 33 90 -105 30 -57 38 67 -78 -73 3 -29 66 147 -142 85 3 11 -25 -110 69 42 -38 -59 83 -39 -24 45 -72 63 39 -84 64 26 -65 -2 94 -6 -50 -25 41 -43 -146 42 24 89 32 53 40 54 30 -41 -41 67 62 65 -54 -64 76 -76 -42 -111 91 69 -129 36 154 89 -49 29 -61 -127 -39 -24 21 -44 117 70 23 87 -78 0 -85 -73 -7 -13 36 39 38 80 10 73 56 10 60 79 43 -31 -17 32 -6 -120 -93 98 36 -47 68 -7 -59 -46 -33 -1 53 74 -58 -108 16 -166 123 -4 -61 105 -14 102 -61 30 51 -24 -72 -49 -70 -10 47 -30 45 77 -90 -31 -33 72 -2 56 -14 50 -28 -107 -35 17 5 84 35 60 -77 76 8 -1 30 -59 -45 8 22 123 88 39 46 46 10 -100 -13 -71 76 -59 90 -51 82 14 99 34 -86 -68 85 -23 56 116 -53 76 135 -70 -21 103 40 -88 -33 -117 3 21 -126 -40 65 -23 -61 65 75 -4 -76 28 -53 -94 -75 81 57 -105 -45 76 119 56 -38 12 -56 4 68 87 106 -70 -47 -44 64 -28 55 6 -102 -138 -15 -2 32 38 -77 -73 -56 79 -122 -55 0 55 2 66 31 67 2 -64 -9 -47 -62 -88 85 64 23 10 -45 -135 -3 55 -71 -114 -17 -125 90 -91 5 31 47 15 75 -25 -110 -1 22 -126 -61 0 12 -51 10 -39 -25 -107 15 40 -88 67 80 20 93 -40 117 -40 59 11 20 -33 84 -57 85 -55 78 49 -56 45 97 31 -18 92 1 21 64 -78 116 22 60 50 -55 19 6 63 -78 -41 44 -27 -64 -52 -71 69 -80 -77 -63 -69 -38 -2 97 154 50 -27 55 50 59 -51 62 17 96 25 -99 -41 -38 36 13 70 86 -72 3 -81 52 98 -32 -14 -112 -58 37 93 -28 8 151 -61 47 -5 51 -89 129 -55 4 -102 6 -3 53 39 77 67 -50 119 -41 41 -39 38 63 -40 -24 17 54 85 -49 68 -51 -73 -29 -49 12 86 42 32 70 69 -56 -73 -1 17 83 -62 1 11 54 82 43 -96 -10 45 -86 81 -33 64 -62 -8 -63 62 -55 -69 54 26 44 20 30 -37 -85 -122 -62 4 93 100 74 116 -74 -36 41 82 -25 -61 -55 -116 -78 -12 32 -72 12 54 -67 -69 -89 59 78 24 -74 -117 -62 -111 71 22 82 -76 13 -83 23 -106 50 -11 65 13 -33 -44 -51 -16 57 75 96 -51 -25 8 -64 -64 -83 -13 -40 -112 19 75 -112 -50 -6 7 -110 -28 128 -15 -31 40 53 104 48 -135 -111 79 89 -29 71 76 26 40 48 73 -72 28 26 -12 -44 -75 -18 -48 -46 -47 105 -24 5 -32 -9 -37 74 78 -65 -62 5 -32 -5 88 72 98 56 23 8 59 -43 70 -94 12 31 -89 -12 42 3 55 -67 -110 79 -47 -61 -72 31 59 -83 -52 -16 97 -42 57 -34 83 -68 37 0 -24 27 34 -74 44 -79 31 9 -1 19 -62 16 -51 -11 -48 -60 -42 80 73 101 -35 -14 84 68 -92 50 9 -77 -12 26 46 37 -4 -71 -64 16 61 -54 -57 -53 -88 -53 139 -87 -48 81 15 -7 19 -23 -81 -6 -18 8 -54 -8 -51 -57 -46 78 -68 79 64 89 47 113 -41 -64 -106 22 -76 98 -81 -54 67 -56 2 38 21 -27 -129 31 -74 41 76 -9 -69 12 63 -89 -73 -52 86 59 -35 -87 -69 121 71 10 59 67 23 -27 -41,-88 26 46 -85 -44 50 -33 -94 25 48 70 -85 -106 61 -42 100 -28 -25 29 -36 82 66 -92 -82 -76 82 -33 5 130 -28 -20 48 68 58 40 -23 -39 43 54 19 23 51 -99 -47 111 -11 57 -33 82 23 -24 -107 6 -66 -3 -83 12 -65 41 -30 19 -120 -58 101 59 81 -30 -31 -23 -72 75 -70 -88 7 -92 93 -38 84 45 -52 32 63 -16 -6 -105 8 -9 75 40 -63 -36 -82 9 -75 125 -98 51 -63 -87 -102 -77 18 -34 -18 46 10 -110 39 -26 -52 -20 11 -85 66 1 -41 48 -106 122 87 -81 6 -113 57 12 -6 -80 116 36 -49 -90 -128 80 37 32 46 -31 -3 49 -5 -156 131 89 -76 54 -86 -10 -18 14 -86 49 -75 -32 138 39 61 -15 -60 -30 25 -14 15 46 -64 21 -15 18 -37 -21 19 -41 33 51 57 -55 -90 5 28 66 71 1 7 4 63 -47 -28 42 63 126 23 44 44 -19 -72 -71 0 -41 33 -46 -22 -11 -80 98 -27 115 -129 -19 -47 -47 109 1 -53 32 42 8 -77 8 77 -107 -84 -84 -2 -71 30 -27 68 -19 84 37 3 -5 38 -54 83 74 -61 -107 -35 -124 -1 -37 -45 -17 -16 -71 -143 108 -74 39 -96 -114 74 -58 78 16 29 72 41 -57 -75 -115 -90 -45 63 -36 -27 39 -52 -32 -43 36 -16 49 79 39 -13 59 16 35 36 94 50 36 -134 -7 -6 -77 62 -90 8 49 10 96 -154 94 72 -24 -29 -41 -6 -3 -16 42 40 -47 18 -84 85 53 99 -83 51 -36 -14 -5 68 0 -93 46 50 99 -27 -133 -33 -92 64 37 54 -84 11 -40 47 -104 -44 73 -75 39 -84 57 79 -47 0 17 -7 -65 52 -8 -29 -53 -74 -100 -103 28 -112 12 83 -74 41 88 69 -79 -89 -77 -53 46 76 12 -23 31 -11 -18 67 -3 -37 0 107 36 41 64 -45 57 52 -44 -21 -57 14 78 75 -84 63 4 102 52 -35 104 -54 26 38 26 -32 -5 103 113 -13 5 -75 -111 -30 -43 71 -55 -22 91 -34 -116 17 -31 -81 -18 112 -46 -39 96 -15 -38 -31 31 22 106 -79 -43 -90 -109 27 -65 94 86 20 112 -22 59 -42 71 52 1 -59 47 -95 -93 54 81 -1 86 50 -8 37 -3 106 9 68 26 -84 96 -60 -35 49 94 79 13 49 -87 13 -59 87 -41 -93 88 -12 -132 13 94 64 -111 -26 48 -2 31 -46 -100 -70 56 22 -91 -15 -60 -53 -8 11 24 86 -55 29 -78 -69 29 57 62 -86 60 -28 63 -50 -67 60 -91 91 -42 32 16 -85 -46 72 86 74 17 48 47 -167 20 54 16 -50 -29 6 -22 46 72 -19 -122 -122 102 29 -69 27 51 77 39 -71 -74 -25 66 -4 46 86 -27 -39 -25 -111 -73 97 75 24 52 -34 -102 -50 2 -111 69 51 -70 -29 12 -58 51 -124 -17 -105 -55 -65 35 20 61 103 60 90 131 78 -52 100 22 63 94 -60 -98 -23 -54 -110 49 -49 16 -21 67 40 19 57 57 -80 74 49 -100 65 77 30 84 -77 86 71 79 -16 9 -73 -81 86 -130 50 17 -51 3 77 -43 32 65 -75 -11 105 90 77 56 -72 37 -59 -1 93 126 -50 -83 21 37 -56 11 2 -34 20 31 48 8 -59 3 53 27 -133 17 26 78 55 22 -103 -105 -65 70 -62 -69 -18 -91 84 19 -45 -50 60 -71 21 83 -32 16 30 29 -98 83 -86 95 -93 -126 -3 78 -12 11 137 -100 59 -89 -69 19 98 -2 43 89 -49 40 -50 66 -55 99 61 -33 -9 35 -96 70 -43 -92 16 80 -56 -20 -41 50 -9 -31 -26 0 -46 86 -24 29 30 41 -6 -42 -54 80 90 -68 -35 35 -75 37 -83 -82 -68 -22 23 -102 60 -65 54 113 54 -72 -108 -115 100 -56 68 54 -53 -28 66 -5 -18 -2 -98 1 100 -73 -54 -7 -64 -100 -61 -11 47 -105 -77 -112 -67 -66 -94 -16 93 75 -108 -12 58 41 -15 30 32 99 46 110 -27 59 121 14 -93 -52 51 -39 81 -27 46 -31 -37 -109 -48 -83 -104 85 113 94 -1 54 -84 119 -53 -101 -49 -123 -68 72 1 -14 59 -52 -50 0 -4 12 -62 -27 28 43 30 35 -76 109 46 71 21 -78 35 23 70 130 97 -73 -57 -42 -29 25 114 23 11 -43 62 52 -21 -28 -53 -52 38 -63 -60 -79 86 69 41 104 64 -83 20 -44 27 -71 98 23 1 -44 56 -67 34 -1 0 -62 52 90 -71 -84 -51 35 97 -127 85 7 -68 -27 34 -33 80 48 20 -50 28 27 -3 122 -85 -105 -102 -25 -36 -70 -69 112 -140 -58 8 -49 66 -29 -45 -23 77 -37 -96 110 60 35 131 78 15 58 62 55 -27 45 -45 -140 -78 21 143 4 4 54 12 -31 81 40 -3 -112 42 5 59 -47 6 55 -60 -40 68 -88 68 -11 -64 12 116 -84 -45 19 36 -16 -67 -3 32 28 14 162 1 5 -39 3 -91 50 81 -54 -149 -32 -37 77 -140 -1 -40 69 104 97 -72 71 92 -41 -26 5 94 57 38 -62 57 -112 -68 15 61 -98 117 29 -97 -26 -22 31 -41 7 -15 -108 51 97 112 123 -37 -86 60 68 -78 -91 -22 20 -35 27 54 -106 -83 46 32 -37 -76 15 92 49 21 -68 56 -73 -76 -41 49 -37 70 -76 -74 -17 -46 -67 109 50 132 -51 -56 -18 70 -62 109 -56 -13 -72 76 110 -165 11 71 102 -21 149 -131 46 91 17 48 60 -42 33 -66 -43 -6 -56 41 -50 40 50 60 38 -42 -11 -45 -29 34 -3 -12 41 67 79 -54 81 43 -34 -128 71 -7 49 102 -108 -98 13 30 -51 -75 17 87 -37 7 19 37 60 -38 71 -79 25 -43 -47 -73 73 -36 -43 49 -66 107 -71 -35 -13 -22 -104 -61 105 11 76 117 -19 -39 -77 -11 51 48 -50 -15 26 68 118 24 -28 28 -38 75 -48 -54 5 -16 -82 32 -90 -83 42 15 83 85 14 -81 41 12 27 -63 40 -130 -94 -95 -56 -100 -72 103 -123 77 -12 -21 -69 1 83 -63 -96 84 -66 106 -61 5 -107 -92 -7 -52 -86 94 -16 68 53 20 63 73 44 -23 24 78 12 36 -110 -92 -59 -98 38 94 -114 113 68 -12 -47 -123 65 23 54 -122 -68 67 -44 3 -22 79 -68 79 -14 -89 22 74 49 19 -12 64 -54 106 104 5 96 -101 -77 100 -162 12 -11 -45 99 -64 27 63 13 -49 -44 -127 10 49 96 89 -6 21 54 1 24 -47 32 78 4 -34 38 72 -28 136 -11 9 -33 -46 39 -27 -89 -5 1 -45 97 -69 -38 -31 91 74 -108 115 48 -22 -18 -4 81 23 71 115 -127 -88 -59 -56 -42 -86 -59 39 33 21 -97 105 -68 133 49 74 -46 -28 113 -40 22 10 116 156 28 -71 68 -71 -93 44 51 -61 -25 55 -78 53 0 -1 -88 -85 70 -48 12 -24 -118 -68 -75 -43 -90 45 -38 -77 20 -30 -58 96 33 -115 73 -77 -13 -23 78 73 -50 75 27 3 -5 112 -74 127 -9 10 72 -24 -55 33 -41 68 -68 -106 -37 36 29 5 107 9 -29 20 88 96 -56 -25 19 -66 -39 -26 -81 -67 -39 3 -63 35 -51 -49 12 -98 -7 110 9 -94 35 -31 16 -83 97 -5 27 -97 96 12 -52 38 20 -69 -99 115 -55 52 -5 33 -64 -42 -54 -73 18 -26 -53 -43 113 -43 48 -91 -2 -25 -29 27 35 -56 -100 -8 14 -7 12 57 -109 43 9 -102 47 -63 56 -30 68 -108 -33 67 54 -70 37 -37 73 -94 25 38 42 -82 -97 117 79 -50 -20 74 -22 45 103 -80 -124 -20 -62 -19 -68 -84 70 60 30 28 -65 -108 -80 122 -77 -96 94 -79 41 34 0 -95 -50 79 -57 -75 42 -9 1 -14 -67 -71 -9 23 65 -29 65 73 52 43 -47 -109 76 -76 -39 46 -58 -55 -92 -67 -52 36 -28 58 53 -100 34 -33 -88 -46 -100 -2 76 57 -52 9 -40 37 -35 -22 47 78 -44 -47 51 14 35 -20 65 -61 1 -91 48 -11 125 131 46 -61 87 -32 -48 -91 30 48 -67 92 -16 -125 76 -81 108 88 36 79 24 -132 -107 -21 -67 -49 30 -43 46 113 -96 23 62 101 120 -56 80 -5 36 120 -30 -101 105 -57 101 -79 68 30 -1 -23 -54 -5 -119 -57 73 24 46 -40 8 52 -68 -19 -81 163 -13 -72 -3 38 -57 -80 -11 39 -89 -29 -53 -89 3 116 12 -1 101 -33 28 -20 60 -60 -43 17 4 10 86 52 6 -63 -124 42 -15 115 7 -49 9 -62 55 24 27 -2 57 8 59 1 -77 54 -51 22 -46 19 45 -88 1 -134 -38 -25 97 -77 -41 -71 62 -59 -60 -55 -38 -100 12 -60 21 -72 -34 45 -63 -45 -15 53 71 -71 -46 -89 -32 53 83 109 52 -53 -9 -109 34 22 -39 -38 1 -56 -80 30 -54 45 -67 -134 33 13 -26 13 -25 -29 70 -74 49 13 54 120 47 -146 -121 -72 42 -80 -39 79 -85 5 57 -106 4 27 103 -69 -63 91 49 16 -61 74 -129 57 -64 -38 -109 19 -93 35 -126 74 67 94 5 4 -81 -16 36 -46 -27 39 -54 -69 -84 59 41 -85 -133 55 -57 65 -45 13 -21 54 110 -97 84 90 -44 -117 33 -106 21 -91 -57 -91 -4 2 55 121 -55 -27 63 -118 -9 -58 -26 37 -2 -1 9 -36 -31 59 98 -24 -34 -4 2 -48 107 54 89 -46 23 66 13 92 -96 38 93 2 46 -17 77 -29 46 37 4 36 2 41 -44 -23 -3 -69 -48 43 18 14 48 -67 60 -63 -79 -13 16 -12 -52 -61 41 -37 76 39 -50 -90 39 68 23 138 -17 16 -6 -9 -21 -88 56 12 126 -61 -97 -95 -62 -102 -51 19 -86 7 -35 -63 53 -88 -43 71 -35 -18 117 48 -40 -36 86 -123 -147 80 -45 81 -31 -41 -42 84 58 71 44 13 -21 -57 24 -5 -52 34 -62 -73 27 47 -45 127 3 40 70 -95 -89 -93 -133 24 -44 94 -38 17 48 46 87 49 80 -97 -120 -6 -93 -33 -75 -101 -62 100 -30 35 64 37 62 101 31 -90 28 -8 2 143 -56 -36 -36 33 -52 -53 -67 66 44 -19 -27 100 -18 -86 54 -26 55 38 100 80 -44 -44 14 40 -102 -9 63 -24 74 73 -81 -104 -42 -126 -78 -32 51 48 -42 -30 2 74 71 120 63 72 -79 -16 7 114 -63 60 -74 32 56 -48 98 -80 -49 -22 -92 -94 -26 -10 110 -134 -70 -97 0 94 -34 -49 -90 36 -40 10 -71 -31 -59 84 10 -9 42 -49 -9 38 56 -26 98 -70 -19 -19 113 -55 -87 42 53 50 13 30 35 118 -1 16 -63 89 -32 89 32 50 21 -77 17 18 9 151 20 -23 1 -76 -32 -141 -65 32 37 -110 13 -76 61 48 -122 -2 41 -163 -155 42 -14 39 56 79 23 -100 4 43 -101 54 -18 116 -34 -44 63 39 -105 39 78 62 30 -131 -1 27 30 -49 -28 85 -50 105 110 -2 98 -71 71 87 5 -75 73 -36 128 -11 -108 44 27 39 64 131 -78 25 -52 -71 25 -33 31 33 -44 89 -16 20 -45 29 -116 24 -41 90 -98 -129 -61 13 64 8 -78 48 -60 -49 22 -63 -42 55 28 -65 -80 -36 19 8 46 124 107 71 -89 -49 57 27 -34 -7 -2 -74 -46 -45 -12 -33 -123 -21 -92 -69 108 97 53 25 20 -4 -40 109 -15 -79 -50 70 66 -49 -35 -30 -28 67 -6 73 88 68 -111 104 -100 -55 -12 80 78 -9 61 39 -45 -42 86 -20 27 -6 67 -81 17 -14 -40 -122 -2 -52 86 134 23 45 19 -52 31 -72 -34 98 28 -88 44 -18 -27 -63 88 -43 47 7 -13 -125 64 20 9 5 -62 58 -102 27 56 -40 -99 -75 -87 -96 60 90 25 69 100 -74 -35 35 -130 77 -44 51 89 -34 7 87 81 3 0 -78 8 48 -119 -56 -13 -45 -88 -29 78 131 -34 -38 -78 -52 -29 65 -138 -68 84 -46 20 -35 34 -72 -41 36 70 -47 38 -63 59 -19 36 103 -28 38 112 75 76 49 71 78 -120 30 -7 -57 23 40 -8 137 74 -25 -48 40 -25 -42 -119 28 -42 -92 24 130 -28 90 6 -66 -50 -39 -39 -24 -37 108 -24 -43 55 -10 -71 -38 -1 68 86 17 -41 57 1 -51 2 -67 81 14 -20 -92 63 69 49 30 88 60 -6 1 28 142 89 60 32 -42 -80 64 11 -79 61 -107 11 21 31 115 2 20 148 -65 -49 63 97 37 63 -52 91 -52 46 76 -59 -48 33 -41 108 34 -98 -14 72 -55 114 -43 -7 44 -15 -57 -83 13 142 93 -101 -32 63 118 -20 73 -19 24 -3 87 27 -80 12 -31 -3 16 69 -2 -2 -8 43 -4 29 69 111 68 -23 -27 98 71 -53 -44 -91 70 15 106 27 -85 -39 -70 84 50 -29 94 -60 7 -24 123 -92 -101 37 -80 69 -30 107 39 93 27 55 -99 -56 -50 -42 -34 -10 31 -7 9 -107 -40 -95 -79 -64 -97 70 -143 -49 -37 71 -60 -96 -63 -84 61 48 42 75 96 10 -85 84 -56 -16 42 -44 54 67 76 56 -20 -2 -43 5 110 50 24 -56 -38 -58 58 -29 56 81 -108 54 -101 27 82 -71 48 66 41 -53 -56 -66 -94 -40 88 -21 -80 -43 -24 21 95 -86 -123 -147 61 49 -42 -78 60 68 42 52 -102 104 -43 -115 -59 69 -27 122 -28 -60 30 -38 108 -83 -25 90 -24 -67 99 102 61 -46 32 -20 -8 46 43 60 -16 47 -103 -98 122 -41 49 57 -81 59 46 -15 -48 -59 -75 69 -53 55 -37 -69 -61 -69 -87 -4 46 47 77 27 109 83 -40 61 -27 -92 -133 35 7 -90 -100 88 -77 -26 44 37 -74 139 56 22 -30 8 -35 -15 11 -11 33 33 46 78 67 43 33 -47 -15 20 -87 144 -48 50 72 26 -105 35 21 81 29 -26 -83 86 -85 60 129 -35 -21 63 -2 -12 -42 133 -24 -94 76 37 40 39 31 30 34 -81 74 -17 83 69 56 97 77 -6 62 46 79 -11 111 35 52 -43 -21 -30 34 38 -44 -53 44 18 -46 37 44 68 -30 36 -67 -83 -41 17 78 43 -152 29 89 10 -12 -97 -143 21 155 -78 32 44 82 -90 -86 -10 -115 -150 3 -52 11 50 -102 36 -106 -34 -52 5 31 2 132 112 -22 -106 19 -43 59 -36 -141 -90 18 -30 15 17 -95 60 -24 -9 -101 16 13 -84 -69 -42 49 -114 -105 -40 -122 115 69 57 -75 11 57 -32 -21 -67 -48 -11 38 14 -74 67 80 -15 79 46 -4 6 66 19 11 97 83 19 -129 4 120 13 163 -27 7 -51 -102 59 113 76 94 54 -117 56 51 141 79 -192 68 4 37 98 -32 11 -23 58 -77 -27 30 -72 -92 -11 -89 14 -126 -100 22 -58 -166 -23 45 4 27 60 -4 -49 14 -122 171 25 -102 -33 0 38 30 4 116 52 7 -96 -199 29 6 -10 -53 118 83 6 16 36 -56 42 60 -49 43 30 -21 -4 -13 97 -76 85 -54 66 20 -17 29 71 131 -71 -41 24 8 17 27 48 -100 37 -2 -16 -70 31 78 137 69 5 -51 -60 -75 55 28 39 41 -47 -49 91 12 -50 -51 -83 57 -81 -24 57 15 54 17 11 82 -103 124 -40 -114 -9 -6 -95 6 109 -73 -36 -56 134 139 -67 81 38 12 -41 74 12 -40 -44 -8 -1 -76 23 -43 87 28 54 112 71 -36 39 38 58 -6 18 -108 42 -90 -14 -56 103 49 -66 -14 89 -55 -84 -45 70 75 70 -90 97 55 73 -92 -44 -42 31 62 -16 -107 64 -8 119 62 148 25 47 49 -59 -14 79 -76 -29 -91 -28 -8 57 15 96 -47 43 -7 -24 27 96 -50 86 21 43 30 19 95 105 -82 -19 23 -56 -3 -66 6 -25 23 58 -27 -142 -50 83 -108 -49 32 86 -62 -31 37 -27 16 -82 49 27 36 -82 -86 -16 45 12 -19 -55 74 21 -16 40 -7 72 -58 -81 63 -27 102 -86 -26 7 -29 -5 -6 48 72 99 82 71 -55 8 75 -20 -150 66 -108 -60 -4 -57 -20 12 -53 -13 9 -39 -29 -26 -106 54 -10 -24 -75 129 118 -160 -19 -39 101 100 94 -85 76 -115 -9 -43 52 -111 -14 -13 120 17 58 98 66 -84 41 28 -91 16 27 105 -36 -51 155 36 -98 67 -64 38 1 29 -86 -132 37 3 -15 -100 -42 64 -64 -39 -67 101 -82 50 101 27 -31 133 -35 82 -77 41 -115 52 -62 -44 -101 -55 -6 128 70 75 -72 47 73 -73 63 85 22 -40 43 -72 75 72 12 98 -39 -66 -90 -13 -39 29 80 -16 -90 -45 65 -36 13 80 -53 -51 37 -51 91 85 -53 -95 -24 85 12 -93 71 23 -108 74 -13 -102 62 -3 -17 -77 -21 -6 60 54 -7 8 18 20 -83 49 117 58 0 38 44 42 -39 16 49 10 58 -80 -10 60 -154 64 12 -100 -88 -51 -116 -47 -8 49 -40 77 74 24 -12 -86 52 16 -14 12 -97 -6 -37 71 32 -77 81 80 -16 89 -49 -76 -92 -86 -55 -108 -67 3 -66 56 -57 53 -71 -82 68 90 -68 -74 13 -52 -37 -10 -13 77 -17 50 89 -67 35 -80 -78 -89 -20 52 38 69 -44 -63 92 110 -76 2 37 -51 4 -50 16 10 96 -39 -58 42 -99 -14 9 -68 69 26 -25 47 33 -65 -55 -19 43 76 76 68 -65 -55 -32 6 -4 -19 43 -3 -85 -42 -24 -25 -16 80 39 56 -49 -45 -86 -9 51 8 -29 -3 41 -86 -95 -76 -114 -109 76 60 -22 35 78 -11 8 -44 17 64 -51 67 57 75 89 -25 113 60 36 72 41 82 -6 89 -134 47 37 -21 67 26 -36 -128 -71 -131 -17 -102 63 -17 -32 148 48 84 -79 -96 -172 -71 -45 101 60 44 24 -69 -38 77 -63 58 46 45 -60 30 -144 102 75 -51 87 50 -54 86 -78 -2 36 -11 -114 37 97 61 -28 32 85 -5 -85 91 -77 48 69 21 74 74 -116 16 -33 -15 -27 -3 48 65 -11 86 19 -74 52 81 77 41 -51 -18 70 -33 -28 -64 -123 -22 -91 -70 82 97 61 -86 14 30 59 15 11 -5 -25 -54 -87 -9 71 -92 63 89 -58 -32 -15 55 -48 3 60 39 30 49 40 75 -106 90 72 87 -28 12 63 -11 56 54 -24 14 -15 65 71 -45 -51 -1 -92 -11 -50 83 -49 -81 -16 106 -13 -52 78 10 64 10 -78 134 24 -82 -25 65 97 -49 32 70 137 46 69 61 -35 -43 32 -64 -45 106 -51 100 93 -13 -1 45 -83 -24 -36 56 -44 -60 58 15 -72 38 97 -26 59 -41 -50 -5 -23 -64 -98 92 69 -132 -47 79 29 9 106 118 35 101 106 79 -52 -62 -37 -37 -42 41 91 88 -55 -43 61 -37 -33 56 -80 -17 18 -59 -55 -44 -13 -17 38 -4 -63 -46 -39 -24 18 -24 -59 -69 93 58 72 8 -38 -43 -31 113 -48 42 -45 24 -107 -51 23 38 -40 -44 32 10 47 28 -62 -80 34 -26 -113 -32 -160 20 35 41 56 93 26 59 -106 51 -81 21 2 85 -115 8 -51 -8 -18 -18 -70 -7 -60 57 -57 91 49 85 -89 29 -11 40 89 32 -51 -108 -57 108 54 -35 57 76 64 134 57 83 31 1 28 27 -64 19 84 -5 -60 -95 -16 -40 30 -65 -65 -89 -8 -49 -6 47 57 51 -3 -15 -77 -26 -111 62 172 46 -61 -33 90 -63 -54 4 -21 -47 103 -49 -1 42 53 -40 28 68 41 -6 -59 -63 -25 100 -93 32 48 3 63 -71 -15 -80 -92 11 39 3 48 39 102 44 -1 -41 60 -58 -50 -66 -37 -31 -49 -35 42 -74 11 33 -88 -73 -42 71 -17 23 200 -75 -39 -18 64 -57 -33 129 107 -49 -29 -29 -57 -91 -14 -81 53 -37 78 123 39 21 45 -41 67 -79 25 -15 52 25 -17 91 47 61 119 -50 42 0 -40 51 61 13 -3 -4 -77 64 1 -16 23 -81 146 47 82 -32 59 -42 22 -8 -97 -74 -63 -32 -30 -128 70 -26 122 -17 14 -83 -39 8 33 30 48 -29 35 25 -73 70 -96 15 87 40 -79 -73 -23 -54 -94 46 8 -98 -50 -18 -27 35 26 -98 75 8 -29 -30 32 -14 -58 -51 55 45 41 -42 -6 73 54 -38 -66 -57 -56 77 -13 35 -47 13 91 30 -77 -119 104 -140 25 -19 -45 97 35 -11 67 -58 6 18 12 88 -83 80 76 33 64 -105 6 -80 -84 24 -48 59 -130 -88 85 -37 33 33 102 -75 -51 -62 -41 -107 -31 -50 46 -97 133 12 -32 21 1 112 -97 50 52 -88 45 60 -18 102 71 24 -52 -61 -9 -54 4 5 30 -9 58 -72 -86 11 11 54 81 67 -81 -69 -40 26 -2 -141 -2 -132 -49 69 10 38 -97 -50 3 -45 -126 46 92 -59 -67 37 -11 36 54 37 64 -108 -7 49 130 79 49 63 -4 -77 148 47 28 -51 -72 -42 -36 4 65 -32 38 -5 -114 -25 -25 -5 -151 -4 7 -49 24 94 -13 -77 1 48 47 -53 48 -56 4 -63 -39 -47 -27 -22 43 32 -47 -22 -121 76 -24 -4 82 56 -57 10 -58 -18 73 42 30 39 -74 -48 -203 45 40 -39 -78 65 17 -24 -132 29 -78 -49 77 93 69 60 -69 -17 31 -44 36 -25 132 40 -25 36 -50 18 96 33 13 -38 18 -63 -50 -82 4 -22 14 90 69 58 127 38 104 -96 90 -44 40 -145 52 80 80 37 21 23 -111 -6 67 -12 -26 -15 -52 -35 -3 84 -75 -14 -10 -53 -81 6 95 -26 -27 -47 -42 26 -53 -66 64 -126 -35 -53 -89 -89 -41 42 -135 -88 -47 -43 -17 156 19 -40 -111 -95 -28 51 -8 5 -137 -11 68 90 -81 18 -3 -58 -75 -33 57 66 -2 18 -35 22 -53 102 29 38 -78 16 55 -20 -114 -45 -64 49 -65 -73 -20 40 114 38 -87 84 -1 143 -61 -73 28 34 -82 30 21 30 -91 -109 -64 -58 -15 40 24 -21 51 -63 -27 -43 42 -88 27 13 -67 76 71 70 -115 31 61 22 -9 -41 -115 -113 -3 53 -9 82 -96 59 -118 22 10 -148 11 -91 129 44 -35 75 -103 -50 -51 -61 -63 62 -75 -16 50 5 -61 -84 -135 -11 7 81 60 -36 -36 -121 -57 -1 -80 65 -71 -19 16 -50 20 -40 -5 -141 3 -48 -93 -96 39 40 35 -12 -30 75 133 23 4 -45 -88 -12 -94 -43 -7 28 -57 -15 -42 97 -107 -64 8 13 8 -62 -93 -14 51 -30 -35 -108 -64 95 69 38 -41 -86 79 37 3 -40 -7 -49 -20 44 115 -57 54 -2 80 22 -57 -32 122 -47 -39 108 -15 72 89 -20 -30 -57 2 60 -70 42 -40 26 -65 25 33 34 24 -44 49 -88 -103 -78 68 -87 3 17 -66 -73 -81 23 -128 57 13 -81 18 91 -48 -93 93 -4 73 -17 -3 -16 -70 60 88 6 21 45 108 -55 -8 0 1 12 45 55 -88 -62 78 16 -6 28 -27 15 -3 -122 -64 -28 5 -19 -30 -66 76 43 -47 45 -108 -56 -63 29 -60 -30 65 -139 -37 -8 63 98 17 -98 -5 -116 118 -62 -65 2 87 -13 -67 -23 40 -14 26 -41 -108 104 27 60 42 -12 89 39 -79 -78 -54 -55 89 -67 -51 74 -100 -94 47 54 13 29 -2 87 27 -76 94 -76 -95 -13 -84 23 53 -13 -93 94 106 43 65 -128 11 45 -20 -127 13 34 -53 -89 45 -103 -134 -21 -46 -79 33 -103 -39 -54 34 62 130 -24 79 -56 73 -50 17 0 -82 80 -76 31 77 -4 101 -48 45 -45 50 33 111 -43 -65 25 -136 58 -16 13 -84 27 52 -60 -71 106 -85 90 68 -27 -51 24 -201 50 -59 125 -53 73 19 50 21 95 -26 -70 -10 90 -8 2 10 42 -13 71 24 -87 -41 46 -17 -11 108 58 35 -2 -34 22 82 -66 -109 -25 -97 -45 -22 -26 51 36 -5 -55 12 -46 -75 27 -7 -154 2 44 65 -86 -20 68 61 4 36 -53 36 31 -42 63 -56 1 45 19 -112 99 -34 44 -55 -53 -15 3 -2 -14 13 2 31 118 -50 -86 -144 -103 -91 22 96 -78 54 -69 -55 79 15 27 -52 34 32 52 -54 -56 1 144 -109 71 1 -18 -7 48 43 20 24 73 -30 40 22 -68 62 8 52 28 -77 2 60 -62 -20 -107 -52 49 -38 -59 -73 -85 88 32 11 75 28 -19 -94 15 -53 -24 -101 -49 -52 -29 74 21 18 97 -34 17 102 -11 -72 -46 79 47 -3 57 -97 -114 -72 55 106 52 -20 -41 61 -53 -35 9 -54 -10 -45 1 48 90 -144 38 64 -14 -59 61 75 -32 23 -48 -27 44 -68 82 74 -51 55 57 32 -54 45 -35 9 152 44 168 15 18 61 112 69 95 -38 -36 46 -91 109 100 5 -33 -76 47 -62 -29 -22 75 -20 -66 -24 -100 -18 98 80 -13 9 7 -103 -34 18 47 38 2 58 -4 55 -62 88 40 11 -3 -30 -79 9 -42 -62 -74 -100 117 29 -84 -56 -59 14 -54 11 2 -81 77 83 -21 -84 -30 -25 13 22 -9 72 -35 15 -19 4 -19 21 -9 -31 -131 -46 -12 -11 -31 -25 24 -26 78 -1 -6 -79 29 17 -26 55 54 135 -22 -71 -100 85 -67 63 -62 51 -36 -15 8 98 125 81 -36 59 59 0 -47 28 109 9 27 51 -30 3 22 -70 -85 62 63 -74 -24 -57 -134 -94 -23 -36 17 -17 82 22 -25 71 54 -78 -12 -71 9 3 113 120 -88 25 -76 51 5 -67 -110 -53 -1 -82 -39 -46 42 -91 -75 28 -54 -25 21 12 14 -133 -58 -43 -64 12 90 -93 30 -75 4 -73 -125 83 83 -100 4 41 -86 117 -81 80 -16 -100 42 -59 73 -79 104 -22 20 98 -31 104 -74 -32 -77 -34 -59 -77 62 98 157 -6 -57 22 19 -90 89 -58 56 45 83 -59 -77 -4 -74 111 -37 -13 -58 44 118 -70 -36 63 -20 104 28 39 75 -16 72 81 -60 -71 19 113 0 -89 153 9 76 45 -47 -75 -99 48 -17 -55 143 -126 -112 -4 12 36 -110 -89 -81 -121 -35 87 -81 -113 34 -47 74 -12 1 113 58 30 81 -67 14 166 97 -74 72 61 34 -31 -16 -98 -46 -74 52 57 -2 -38 -11 -1 -55 33 9 -42 -54 11 128 11 -114 101 -12 28 40 -1 -104 -103 54 -88 31 -14 54 30 130 -29 -51 -36 65 36 -6 54 58 19 -131 -38 39 30 55 12 53 -77 35 51 28 -38 -86 8 33 -89 -112 51 62 106 -15 -32 -46 17 23 -48 -94 -18 50 34 31 13 5 -31 20 71 44 6 41 -58 36 -43 42 47 46 -70 -95 -11 46 -11 -41 7 65 -134 -153 -84 -21 -70 17 106 -58 -41 25 28 23 49 56 35 -65 -91 87 -58 -16 -70 -35 -73 -37 -30 54 -65 57 -68 -54 -17 -141 65 -26 158 85 -94 -60 -67 -55 18 -130 -44 20 -18 -15 -90 32 108 5 -98 -54 -39 54 -124 -57 39 85 -96 50 90 -134 -57 -71 33 -80 147 -56 90 29 -10 -11 -49 79 -53 109 -49 55 -62 -29 -55 -43 63 71 -111 34 37 -3 23 17 19 -34 8 -47 -56 -40 10 -63 42 39 17 24 26 45 20 32 -11 58 5 45 -35 31 15 56 59 27 -65 30 -53 -23 -68 101 36 -57 -39 -44 -16 89 -28 -11 -52 40 36 110 152 -52 7 -8 -56 -79 29 104 68 71 114 -62 53 -19 -20 20 -121 -47 -64 105 -98 -94 -21 -123 -84 88 -80 -72 -73 -97 75 -86 100 61 -40 -42 -94 96 90 49 54 20 133 -69 32 69 0 -56 -19 22 21 -10 -60 44 20 -63 -24 -64 -82 -43 93 73 -56 51 9 -7 114 146 -77 -32 -13 47 -1 53 5 -88 26 -110 -50 68 -33 -34 129 -121 -31 97 -13 12 97 -105 3 13 -28 34 93 -8 104 -66 97 21 31 27 79 -77 -10 -2 29 -30 95 -110 75 -6 102 -56 19 82 25 -69 -32 -93 -62 -31 -125 -51 3 -56 -80 -52 9 79 103 -43 59 -64 -31 100 103 -46 -54 7 82 -73 -34 -85 -26 -18 -67 26 -59 17 -27 107 47 74 -69 72 11 -83 52 -6 42 56 41 80 -9 30 51 -55 42 -67 -32 -112 26 72 82 41 -26 -81 4 123 -82 43 -50 -43 25 -63 -46 -70 -66 -68 -9 56 1 4 47 105 51 27 46 96 -128 93 -15 -101 13 -59 56 -10 28 -1 -69 52 114 -33 16 -93 -50 82 33 -51 11 19 25 56 -11 -9 -51 -43 -57 112 66 -93 -91 128 -77 -67 -47 20 13 -32 25 110 17 -36 -102 17 -91 75 -87 -61 112 12 -22 -58 13 -111 50 102 -33 9 -44 -113 -79 43 73 12 96 46 82 -6 -65 8 69 4 -15 -97 28 37 36 -67 -11 76 19 -5 13 10 9 -64 -29 -94 -108 -115 0 74 121 107 132 -59 37 -43 73 41 59 -94 82 -97 66 -74 -23 -59 34 41 36 56 65 58 3 67 36 99 18 -93 2 40 -21 -102 59 -53 -85 -18 -61 -46 -31 -45 6 -47 -109 -59 7 -15 -68 -34 -5 102 -92 8 -60 -27 -71 -5 -50 -54 135 54 -6 -26 14 -33 -10 41 -75 44 97 -73 63 99 -44 -87 73 83 60 -54 92 -13 -74 -7 24 42 70 60 -59 -43 -64 35 -53 -86 44 -88 2 60 87 -64 67 44 -92 -16 -56 64 -31 60 -40 58 -39 -42 8 -60 -89 32 -37 64 -69 54 -74 -73 34 102 -19 -14 49 74 -74 88 -6 -101 55 -27 -101 33 -42 42 43 105 -134 -89 4 -19 -42 58 -27 22 -80 -43 44 51 -46 92 88 -109 44 -95 -88 -22 -5 67 0 0 43 -92 27 -28 -80 -1 -55 -4 9 -40 -94 -45 -52 42 82 -19 -5 56 -144 60 137 75 41 90 -50 1 -37 -5 -94 -87 -24 -25 74 101 -42 75 -27 -71 -80 7 51 -42 36 92 -55 2 15 -79 80 16 -35 30 27 -71 55 2 151 67 55 101 -90 80 76 -72 -55 -16 68 -21 -47 67 -43 -78 -55 -59 -75 -28 -75 -4 11 35 -39 -2 48 -48 -95 39 93 33 54 -99 18 83 -38 -39 88 40 44 3 -66 45 -108 -97 67 -23 -45 56 -28 -81 -77 -40 -40 -43 22 -190 107 35 -13 -37 89 -39 15 -62 64 43 -40 33 -59 -75 -104 99 3 115 142 -45 -5 -46 54 19 -44 -95 -54 46 -88 99 0 -12 -105 -87 -10 -52 -174 -109 18 -35 -62 12 94 26 30 -122 18 -51 -16 -11 56 -53 75 -79 -95 11 21 72 -98 -91 -73 -67 -77 15 99 60 -81 -25 110 82 69 -88 -24 39 64 -65 32 -97 -74 -4 2 -33 41 27 -69 -5 -3 26 87 -75 -28 -19 49 8 -64 52 43 -33 -120 -50 0 15 -64 35 -101 20 -80 -65 -81 62 -107 -46 -17 -26 76 122 -36 124 -9 38 59 33 23 112 99 -58 -116 -129 -79 82 60 -132 -80 74 -43 -37 -84 99 96 -23 -11 -49 46 99 -113 -44 -74 -3 55 -92 92 -68,-227 161 -83 -114 -146 -129 -175 186 -161 182 191 -215 224 -203 -119 163 -88 121 -122 -62 152 158 -115 122 180 -129 126 188 155 -133 115 -80 -119 -135 -114 -130 125 -181 187 -144 -126 -153 167 -210 -147 -105 -93 -152 187 137 -88 70 -84 -95 -98 73 88 74 52 -60 3 -37 -68 134 -75 -62 32 92 -85 143 161 182 212 -154 191 -190 107 -130 -127 -65 122 77 9 82 87 63 60 80 -86 144 -121 200 169 160 -243 -282 193 -168 137 215 148 135 -67 -87 98 -15 75 79 -71 -42 36 -45 30 33 -51 4 55 63 114 -38 -35 -45 99 75 -41 60 95 40 -23 -58 99 -62 123 44 85 19 -4 53 -66 -58 -102 -128 105 -97 90 97 -40 -28 53 21 -45 34 -30 40 18 -37 -3 11 -7 48 -8 12 1 -33 -30 -1 13 32 28 -16 -52 -30 -72 -74 -93 -98 -145 112 151 -130 -145 -49 103 -106 -202 163 139 -152 177 124 -156 -105 127 127 -92 -125 63 123 -101 88 -57 15 117 -61 47 102 -106 -73 -75 82 42 103 125 -63 92 -71 90 -128 99 -131 143 -1 -100 -76 -118 -50 57 129 148 112 103 -119 -115 -169 -189 176 205 -158 205 -133 -127 130 135 143 -218 205 212 191 -205 -188 -161 -160 -200 -171 -167 -206 200 -180 -221 187 -218 -202 157 -156 -176 -113 -111 -150 121 -129 104 -97 -114 117 109 131 109 -96 -58 -50 -104 -73 91 104 95 -37 88 -69 33 80 107 130 -49 76 98 110 26 -102 -28 -33 -70 -6 -18 97 -93 51 50 -85 -149 80 57 -75 -98 46 -15 -13 -48 106 54 65 -66 -131 -83 116 175 -101 -110 113 131 -130 -96 155 -109 167 -114 -157 118 -114 43 -92 -110 -126 -46 70 -90 119 110 -108 -155 183 224 188 153 -153 170 -209 178 157 157 -180 167 -150 102 -113 98 49 -99 24 -19 -75 -136 -61 74 -63 -15 79 -93 -132 -124 -138 129 138 -83 146 163 -147 -147 153 189 -102 74 -126 70 -83 66 104 92 51 -38 -37 -61 -82 44 31 36 -24 -66 -2 43 -33 21 63 42 17 -38 2 -17 9 -1 -36 -9 -10 -46 32 6 -86 -39 -46 -117 -93 -111 160 228 -182 152 -243 -260 176 -157 -122 -99 108 146 110 152 -109 127 -117 81 -15 142 -120 105 122 93 98 110 -170 156 -177 137 -157 186 188 -117 -122 -150 171 112 -197 125 -107 120 140 111 119 -156 88 83 -124 -63 -20 66 -22 -66 102 34 60 97 -141 -130 -151 108 -120 59 118 74 96 -136 -172 125 -189 179 198 155 176 -189 217 170 -158 114 107 -92 83 -164 -123 81 95 -69 113 -76 -67 -115 -107 -97 69 67 -121 -82 59 -116 -78 -24 86 88 47 -117 -104 132 -143 141 -121 131 -132 127 -168 146 -175 -166 147 -86 160 171 169 175 -132 -133 245 171 -206 -213 164 -182 -235 247 -223 -162 179 -230 220 232 212 -222 176 -165 230 169 -172 210 -258 217 -204 -183 217 215 -214 -197 -144 -106 98 108 79 111 -114 119 61 52 -87 11 63 -117 -22 36 -42 -25 -58 -47 178 -119 -153 -181 143 220 178 174 -211 -143 156 178 -85 97 -145 83 60 91 -50 -109 -101 129 -88 -168 100 150 -146 -119 135 174 -162 -155 173 -201 138 165 173 119 197 -162 102 145 -103 -107 83 -84 66 -60 -77 -86 -51 53 50 -46 108 -25 15 -100 62 91 43 -124 -70 -21 -62 66 -8 118 -70 -99 -99 133 -115 -142 134 190 -144 -197 148 146 215 210 281 -200 -149 -172 205 -243 -153 172 198 -255 -221 -225 180 -197 227 166 149 157 -159 -122 -133 -68 113 88 109 -32 -46 -12 -74 88 -77 80 -34 140 56 92 73 96 -72 -78 -64 -19 -69 68 39 25 -102 17 24 14 -23 6 -4 -1 43 -53 31 12 -40 143 -139 -64 -130 -139 -191 162 175 255 -236 222 -272 245 238 123 -132 159 96 -98 128 -121 -28 -98 14 96 99 115 -179 -129 82 210 188 124 170 196 -239 -214 231 242 187 138 170 -178 168 -132 -144 -74 -117 170 -138 112 174 -111 153 135 113 -120 104 -126 -83 141 58 -103 107 120 -90 -109 142 161 126 124 211 -166 153 190 -153 227 164 -195 -161 192 234 -222 -161 -168 192 -170 140 179 107 163 -196 -156 205 -195 -145 -199 -206 216 94 88 56 -142 -140 -139 -36 -126 -112 -69 -132 136 -100 100 -116 128 -81 -69 96 -152 112 90 -100 -121 146 111 -135 -103 -101 114 76 -40 -91 60 43 32 5 19 22 -24 64 -56 38 92 71 72 -14 -110 180 202 -201 199 142 -167 -137 -195 135 115 -91 140 -83 -119 104 122 105 -87 -117 118 40 -83 69 -99 -49 45 -92 106 -154 175 -204 156 -110 -162 156 -190 124 -139 163 155 215 -255 -213 205 -222 207 146 -100 -155 -133 -100 76 -41 57 44 27 87 63 56 99 -32 49 51 -90 93 -115 -128 -116 -140 -144 -115 -137 -156 162 144 130 -158 -167 -97 -114 59 -169 -119 135 -75 -36 83 47 88 32 15 58 -38 88 -70 -26 53 86 -92 -143 122 -52 37 128 -219 -154 -86 -144 -227 -210 -124 186 188 -183 160 -85 171 -178 109 -148 108 199 -171 24 49 -140 -164 149 -76 -4 -88 107 66 53 107 -19 -134 -85 183 -134 121 -91 139 -153 135 -98 79 105 87 -191 114 129 111 -154 -62 -185 -81 -118 83 109 -131 98 165 -111 -167 -177 134 138 142 192 184 -143 115 183 160 178 -171 156 -163 87 100 107 -87 -106 66 -47 -112 93 -65 -83 88 -63 -52 -93 -55 38 46 59 94 69 -93 -126 -122 161 106 114 -155 -133 122 117 97 -108 102 86 112 -137 -71 -116 -99 124 -115 182 -149 221 -158 164 -241 -231 174 189 133 164 -207 184 78 146 -128 -125 155 -90 113 -133 -127 -72 -119 145 -167 -153 -144 112 -161 143 -112 101 -77 -76 125 -135 44 17 -83 109 142 127 138 -102 -138 174 168 -164 125 183 -166 -142 190 141 -106 192 172 121 215 86 -116 -187 -167 165 173 156 188 -233 -186 224 -165 -170 -156 154 107 -177 169 -170 -147 -166 183 -209 243 -268 -279 249 -283 -255 241 -103 201 108 129 119 -167 -253 164 185 174 173 180 209 -164 193 -98 -209 -210 172 176 -142 -104 -92 169 -191 -159 -146 -130 175 -164 199 223 -266 263 218 -215 -232 -239 -268 -163 -213 -227 -186 197 189 208 -186 258 -195 164 153 -162 202 -184 80 75 122 143 -125 -170 130 -71 108 -142 -145 176 -156 -133 133 132 154 -94 41 79 -22 -63 110 62 -118 6 85 69 99 34 -120 -20 65 -35 -106 112 -118 -107 -148 -116 -91 -112 85 88 -63 -57 -53 54 40 -33 10 -30 67 75 52 3 -53 106 57 -6 72 -115 125 142 123 112 -45 62 114 69 193 212 -263 284 200 278 -252 240 -281 261 151 129 -259 -193 -204 -204 -195 -134 -117 -75 -165 -201 169 77 -226 215 208 230 215 183 209 -193 -203 -162 -67 -97 -197 -195 155 112 -89 -166 154 125 58 167 116 106 -156 164 -144 127 -115 156 -101 -76 -93 -105 65 -24 63 45 -53 8 -6 14 -47 68 -67 82 30 -11 1 6 -20 27 -11 -19 -11 35 -58 53 60 -125 -86 -150 64 64 -121 -131 61 60 126 139 161 -119 71 -181 131 109 122 -119 82 19 36 -52 -54 -38 52 51 -6 39 -20 -8 102 -1 -6 78 -79 68 -12 -115 -150 -126 90 -130 -92 -162 -107 -132 -84 -121 129 79 -145 -40 -116 -138 -79 -97 -118 -124 184 125 173 96 98 96 -110 -92 -51 90 120 54 73 -74 -55 -90 -106 -112 -68 -84 -123 136 120 -29 -2 115 -67 28 69 18 0 -22 -86 113 111 4 10 76 -73 48 1 -30 -22 -61 -41 37 10 42 28 -40 46 77 -75 101 140 -156 176 117 -90 194 -137 -261 266 -269 -264 230 274 214 237 -259 -217 -236 -201 206 148 179 134 135 -149 190 -84 -82 -108 -169 -143 -231 -218 195 148 175 -234 253 230 148 -209 -225 -207 -209 -200 181 153 123 -166 -185 -45 103 -112 97 -84 -110 -102 60 -94 -45 -77 57 -58 -30 -14 56 23 37 -55 50 -13 -34 61 60 54 83 72 -90 131 -84 -130 123 -113 87 136 -141 -182 86 -153 -131 104 -238 -251 270 194 272 -154 -215 -164 -204 -245 167 177 160 165 -163 185 -167 187 157 159 -199 -199 128 -181 84 -149 -191 -144 -200 -219 -168 -190 141 148 70 -82 55 -75 -56 88 -114 -125 -131 -156 -136 -80 -133 -81 107 -120 124 -105 99 70 -80 124 227 -84 -130 161 -162 142 -160 110 124 87 67 92 11 90 -76 -88 -131 110 61 111 45 -64 -109 131 64 120 -113 100 -117 -103 -53 25 -32 -58 51 -23 -3 27 -29 -40 12 70 53 -33 78 74 -11 27 -75 37 105 79 -76 -100 121 -147 166 168 162 122 137 -132 126 109 153 82 98 -97 -82 126 -142 108 108 -134 -112 104 -46 -73 -37 63 54 -37 -48 66 58 -23 -54 42 4 16 -1 -36 -65 39 86 -90 -87 82 -87 80 116 -100 -93 130 159 187 -100 137 237 -186 225 -266 216 181 178 191 -207 202 -99 -141 -180 -75 79 -115 -104 -138 -156 132 -162 -79 193 199 195 157 211 175 -226 219 199 160 -187 200 -198 -124 176 -138 -157 -163 -164 128 178 141 198 176 210 143 111 -179 158 -126 -106 111 115 112 71 -214 -172 -265 -189 234 234 253 -218 156 228 -213 -197 185 124 -155 -174 -107 -104 -92 -121 -77 24 -89 47 -32 28 99 -68 60 -95 82 95 106 90 -72 80 135 -75 64 -74 91 -22 -54 -58 -33 68 34 -13 24 0 9 11 -4 -28 6 -14 19 -34 -34 -10 27 -80 49 45 -56 43 -54 69 61 -45 -43 -53 48 24 -97 -87 -126 -118 -109 -140 161 156 124 106 -133 -152 103 -113 124 103 -141 159 147 -140 93 -195 -192 -156 -112 -136 -107 -130 -21 -99 -101 -120 118 110 -147 132 -111 -101 133 131 120 83 -82 -88 167 114 35 -174 -75 -78 124 -75 115 -87 127 71 74 -29 40 -71 19 74 107 -105 -114 -71 100 -124 85 -151 -172 -220 -222 245 188 -203 200 -221 240 -216 -214 205 -264 244 186 254 -237 -226 203 186 175 -212 219 224 210 -149 154 -170 174 158 -194 164 145 -190 152 -152 156 -206 123 193 203 174 153 185 135 131 -125 133 -124 79 -129 -82 84 77 73 76 -87 5 4 -174 50 115 93 40 -92 -104 139 121 -163 142 -148 -38 -118 82 -3 -75 97 170 61 -158 -177 -123 -207 -118 -130 168 -122 142 158 230 -147 -145 -210 118 -173 83 -154 -137 -140 61 79 58 -37 -72 -76 80 -125 -113 -166 194 155 106 169 186 191 191 -169 -145 193 95 -179 143 149 -166 -186 -200 183 -153 128 -131 151 -60 130 -70 -82 -66 -68 -71 -68 -35 115 -97 -74 86 105 11 31 -14 7 0 37 -15 -11 -22 -38 5 -9 0 58 -19 85 8 -18 -11 8 -10 -81 52 21 -93 135 -167 -86 87 121 76 111 -228 73 -147 -164 153 -74 -133 -146 163 121 -176 -150 -159 -167 -148 136 134 -94 77 -96 -63 -104 -89 148 -184 -101 88 -112 -181 -163 -141 -150 -121 100 134 107 -124 120 -179 124 -131 120 140 94 0 49 35 -49 84 79 -23 -68 48 -68 42 51 95 -17 -59 61 56 -183 -113 -155 186 -111 126 -132 -120 130 -137 -84 143 -105 -105 -99 38 88 -70 -67 67 64 75 -77 -97 95 109 77 63 61 -88 -92 122 91 -82 -20 -68 -88 94 114 103 123 151 -115 106 66 -67 -127 127 -99 95 -91 -123 -100 55 138 -56 101 76 116 -95 162 -100 -118 -199 206 -145 159 106 -93 56 97 -46 92 -72 -98 64 -56 -8 1 93 -9 55 54 -46 -23 14 49 45 -54 -38 -3 -16 22 -62 24 -36 11 3 -46 -33 -33 52 -88 -36 19 -48 57 64 -78 -136 51 -65 -94 -102 90 167 122 163 -148 -216 140 165 -156 -174 45 -104 99 -120 -95 102 85 134 62 -110 138 87 -76 157 -157 -95 114 -49 -71 -152 -171 177 -115 -120 204 208 -200 -218 -171 -186 203 181 162 184 -151 -173 148 141 165 114 116 105 -94 -139 -198 131 -168 196 -182 161 -204 -238 -177 227 257 274 240 196 156 179 -196 -101 -96 80 111 -114 97 93 -93 94 -112 -95 153 -115 102 126 115 156 -134 -173 -187 162 -108 53 153 113 107 -78 -109 84 86 -104 70 2 66 57 36 -29 -44 -57 74 -66 -37 -97 77 -104 -126 108 -68 -99 146 -116 55 88 91 -86 71 55 102 -154 -83 -186 131 121 168 -144 79 152 177 -204 128 -115 -174 -153 -148 143 207 -203 173 -181 266 -224 236 -230 205 250 218 -209 -188 208 165 158 -147 164 200 -156 118 109 -126 -71 -141 -68 63 -179 -107 -103 144 -146 153 -57 -121 -76 72 -53 6 -47 47 -42 -37 -34 -17 14 -13 -32 45 -46 20 -8 -17 -48 -16 -40 -114 136 102 74 -153 -140 -125 -128 158 -106 -154 154 -149 121 168 157 237 185 160 181 218 -179 -181 191 -237 195 141 103 163 -178 167 -179 -166 -157 203 168 195 109 -150 110 -128 154 -118 127 138 114 -213 222 -202 -246 -167 -159 246 -219 190 -173 263 248 260 257 237 -233 -285 -230 208 212 -244 -196 -164 -177 -160 -122 -134 -157 145 117 -95 -60 15 78 86 109 -69 -67 -92 -12 114 83 106 84 83 108 85 -73 80 -80 -81 82 58 59 49 -30 69 8 -49 -127 18 -92 69 105 -100 142 213 -175 -182 -144 -170 -229 269 208 -237 248 261 -166 -227 -206 202 222 184 -156 -185 -214 148 211 -228 -235 230 219 -216 258 216 119 -156 -133 -117 64 112 -123 94 96 -74 62 -111 -145 91 45 115 67 103 32 -29 -73 -44 20 -56 -56 75 -14 -33 47 14 -42 -43 8 -14 -13 -2 -65 -28 -57 59 -63 163 94 -107 -103 -125 -172 -197 -227 119 135 -122 -107 -182 -158 -108 -63 85 -76 69 -86 -63 -44 -71 53 91 -55 43 71 -107 -71 -7 -120 156 183 87 -118 154 -142 90 -44 -106 -69 -80 -57 -115 -129 -133 -63 108 103 142 -81 -56 -103 130 121 -141 133 130 77 102 121 105 122 -118 -131 -103 -103 -84 -140 137 -107 95 83 -114 -108 172 -70 -73 81 96 121 50 106 102 113 -153 165 157 -122 -118 193 196 147 52 115 108 95 -131 -81 106 -50 128 86 -114 -83 163 -168 154 199 -155 -107 118 132 159 -150 95 -118 74 118 153 68 102 139 140 157 155 135 137 83 -104 -132 -176 152 100 -170 -150 140 -102 161 158 -152 187 -100 -138 -147 128 -131 132 121 -103 -150 -170 -138 163 -176 -185 -178 152 122 -235 -153 -44 -135 -52 157 -98 -119 -119 -157 -141 144 -97 152 126 123 -124 -68 -121 54 114 -109 -95 102 168 163 205 -211 -211 115 210 -167 176 -164 173 -195 204 165 220 162 187 -188 -183 112 125 -135 124 98 60 -61 -93 -51 -26 36 85 -48 -35 46 -98 -60 81 74 -36 -125 137 -130 -84 -104 -119 77 87 -101 -95 -148 -129 146 -220 -118 -125 151 -106 84 98 77 -92 -89 79 69 54 -105 69 -89 19 46 -119 -63 52 15 -28 -126 43 82 -64 -53 83 -51 -69 22 -139 174 174 -181 189 -165 117 154 104 -110 68 -139 -77 -73 -68 -74 57 -75 -137 80 37 128 59 -155 182 154 142 -107 -163 141 -189 163 -127 220 -96 -152 177 -129 188 -199 214 136 158 123 -154 122 -138 -120 -193 170 -213 -181 -194 209 -145 -218 125 -121 221 171 152 213 119 189 200 201 -180 112 -152 167 -133 178 -178 149 -165 -152 -112 -183 -183 151 129 183 -183 170 152 181 -117 188 102 -155 151 154 -160 -131 -178 154 -113 -118 88 208 -153 56 55 145 141 -66 -75 58 53 51 -119 -73 -135 91 -129 -120 134 61 160 -152 110 -54 49 -137 142 65 35 36 -94 -86 -68 39 53 -77 -13 73 -80 -73 25 -86 81 -82 47 -100 -106 -91 51 -31 89 -72 21 75 -23 -23 35 68 -15 -40 34 86 91 124 115 -114 -71 110 -136 59 57 161 104 75 129 -115 77 -20 -77 84 -30 -20 2 -41 74 65 -97 4 32 106 144 122 167 -139 139 -109 112 83 -66 -8 1 -63 49 109 -128 -93 -100 -118 100 132 79 -135 -160 -129 143 130 137 105 140 -92 104 71 134 -46 -98 -175 -220 -142 -98 192 231 228 275 -181 -216 -187 249 247 260 282 285 112 126 246 -198 -176 -135 180 -139 -177 -241 173 175 -111 145 141 52 135 27 -25 -121 82 -80 89 162 -90 -100 -49 92 113 -155 169 113 -102 114 110 -182 156 186 -198 -180 176 120 194 -86 -109 -106 -173 121 -113 -82 -18 -128 137 99 -34 -77 -100 107 -114 -95 92 -88 -140 -140 179 202 164 -188 -198 -171 -267 -180 -180 184 142 136 79 -56 41 49 -45 24 -14 67 -95 -28 -32 92 103 92 -76 172 -182 -212 -182 -224 178 -207 200 242 -231 209 219 -153 59 172 -140 81 -100 -103 81 93 -84 95 -132 -103 -17 -44 -141 87 -101 -110 -118 140 -157 132 -155 123 -150 155 164 -161 144 -150 173 186 169 152 -145 -140 160 102 -62 -25 -67 34 59 93 -15 26 11 -10 10 37 -42 10 -1 -18 8 6 -30 1 -44 73 56 -92 -87 83 71 98 -58 20 70 4 -52 14 63 39 6 51 -37 55 9 -18 3 -4 24 50 50 70 -136 -113 -104 104 -130 71 118 -117 169 182 123 -97 115 180 -183 139 -108 -118 -133 143 100 111 124 -111 -99 148 162 -67 22 -97 -117 -11 -43 -18 -8 -119 -112 98 -86 92 -110 124 -102 -88 -106 74 -64 71 75 -63 -55 -50 -77 -40 -25 54 -74 -34 -15 70 -15 13 2 35 17 16 56 -119 -159 -156 -177 -185 160 -155 82 121 132 164 103 -4 117 -103 131 -103 -100 128 -142 106 146 -151 -92 -34 110 -149 -90 60 -6 94 128 -124 -144 167 -150 -186 -199 -166 -184 -204 155 144 -182 97 146 159 -182 156 217 166 -140 -160 -144 -121 118 153 126 -166 146 -115 -140 128 190 -156 -147 222 180 -194 -175 141 -183 177 156 -110 108 -71 156 -147 176 -194 -130 156 60 154 184 -151 261 -201 -181 176 -168 209 -199 53 74 -115 -119 81 -141 83 126 -164 136 151 -186 198 -183 201 -172 -119 179 176 -134 -170 162 -137 -123 -151 -93 85 102 148 -2 49 33 -42 65 5 26 -83 114 -67 83 -135 -138 167 -129 -104 -134 97 88 53 -117 171 -113 122 -128 -162 200 -140 -158 119 63 -109 65 -73 63 61 -75 -89 47 -110 -167 -162 -115 -161 -91 103 -71 155 -131 55 149 -93 122 104 122 -44 144 -78 161 198 198 156 -173 191 228 -192 173 -149 208 -182 170 207 163 -139 84 -83 87 -105 -40 50 83 -97 -37 -100 38 -92 -78 -104 -93 76 125 -108 -119 -138 -151 136 -109 178 160 -133 136 -148 -192 -159 -70 91 -121 167 124 99 213 188 144 192 133 139 49 -106 134 95 167 156 183 -198 139 -99 -165 102 -76 -125 99 -37 -28 35 -74 12 3 6 -7 -24 -10 38 3 -20 -14 -14 -24 20 -28 2 28 -1 23 -5 -20 71 52 57 50 -36 -22 2 -33 11 7 -25 -41 -15 17 4 50 43 42 -50 -61 -84 -54 -109 72 -104 -128 -121 139 -89 -116 -95 91 -12 -52 43 108 58 -13 4 -21 46 21 60 -50 -77 62 63 112 -69 54 -46 4 90 -143 113 -161 -188 -242 267 -252 248 239 199 -254 -200 -132 215 -160 -149 -161 -137 158 -180 -147 -130 -146 84 144 166 106 -137 -149 -135 -152 -135 88 -131 -130 -146 -67 -89 148 91 116 101 127 -91 76 -102 -35 69 -7 56 16 77 -16 -4 -38 57 105 65 -35 72 106 17 -102 123 124 -173 156 -159 -147 -124 178 -186 180 193 155 -173 -145 173 168 191 -228 -193 -153 -164 165 -146 124 156 149 -120 85 -132 138 -149 -96 150 -106 -145 -167 127 46 -133 93 -153 99 134 -126 196 173 250 292 234 -242 -200 263 233 236 -225 -233 197 200 226 -208 -185 -135 -155 152 -153 -150 -146 -142 -78 137 -118 -108 110 -146 -146 -133 113 -66 -73 -156 -117 -71 -102 84 -153 142 70 -167 -160 177 220 194 -173 -217 -195 -229 172 -205 188 -234 -174 124 215 -95 120 -105 74 -127 141 -57 -118 122 -112 187 -149 146 -156 169 211 -181 -167 143 -201 227 -184 161 -210 -193 -181 160 -142 -161 -132 -98 133 113 -125 153 -107 103 112 59 88 -120 -81 98 -145 -113 132 135 115 77 140 -90 -112 77 -89 34 -111 -113 -102 -82 -109 -122 -96 -96 -176 -66 -40 44 -31 -3 26 -16 -54 -19 22 0 35 27 15 -22 -15 -50 43 15 -45 -151 -44 -3 80 131 -123 196 -138 -130 130 192 211 -164 -182 143 159 163 -169 -145 141 140 161 139 97 149 -208 -254 232 199 -253 -259 208 -205 238 -166 -171 121 164 115 -119 -61 -91 79 50 62 139 118 -133 102 -63 -137 96 118 117 110 106 -81 -151 -141 -176 -155 138 -96 -139 195 156 150 -155 -124 156 -155 135 -187 -170 120 156 159 -155 -187 256 150 173 273 -212 -218 -251 -177 -218 -251 206 158 151 -209 -182 116 -117 112 183 -98 111 97 115 79 91 -80 -99 52 73 92 -75 -29 40 0 17 -22 33 -7 -38 12 -2 -9 -41 -18 -28 75 -37 -19 29 -43 152 93 37 104 122 -134 -86 -82 110 183 -169 -137 -161 141 -171 197 175 -167 -178 224 180 -122 -167 120 -72 -160 154 -231 245 -196 169 -130 -125 106 96 45 100 -71 -4 52 -3 -66 16 -28 -18 12 -26 0 31 -57 -10 123 -58 36 -110 106 105 -113 -111 -165 -129 173 -156 -146 -144 -140 -106 -143 91 10 78 24 -73 52 45 -7 -68 57 -21 -40 98 -60 112 53 106 -110 104 134 143 153 173 -135 135 -168 -149 -243 -227 226 -210 -256 274 215 -165 208 223 -201 176 -185 210 126 -198 169 205 155 122 52 -156 67 18 44 -214 176 -129 -72 147 -118 146 144 -161 -104 94 -90 126 -123 -133 82 124 136 107 -132 -142 179 -190 -159 -178 -132 167 -93 112 115 -152 120 -131 -86 87 -93 156 -9 12 70 -94 -80 -64 88 97 146 -93 79 117 -123 -138 -145 160 -136 153 119 189 -151 -131 -153 -152 120 164 118 -79 101 91 75 -114 146 173 135 98 -129 127 164 161 131 -132 117 -24 99 121 159 135 92 52 119 171 105 -103 143 125 113 145 -146 22 74 -125 176 108 30 -151 140 121 105 149 -124 119 -122 99 -121 68 -82 -71 -20 48 71 100 -108 75 -146 -134 -151 118 122 153 -140 184 178 114 115 -127 102 -44 -136 -107 -77 76 -67 56 59 108 11 83 -72 -99 -93 -90 86 87 -53 59 59 -136 97 117 -95 82 -82 -73 134 -79 37 -87 73 -83 77 87 54 -154 -42 -90 -109 -102 74 157 151 -142 -167 152 -134 -150 -158 -104 -164 148 120 -122 167 -116 107 -90 93 -13 74 99 -73 79 141 -142 -162 -120 121 212 135 -130 -214 224 -207 214 -186 -205 -149 195 154 -174 -155 119 156 -23 100 75 127 -69 -75 -94 109 112 -68 -42 -118 -77 -25 58 -22 -39 12 43 -65 23 -19 20 -8 4 51 23 -51 -69 -7 45 -33 77 109 -46 -116 -130 102 85 -136 153 -196 162 -111 143 -242 -213 -178 159 -148 170 -204 -172 24 -4 155 -117 27 -19 4 21 -9 48 35 -52 19 32 -53 11 -63 -74 -67 12 13 40 -107 86 78 87 89 -119 -113 89 74 -137 98 121 109 36 -104 -96 77 -107 161 140 -148 -111 97 -157 97 101 118 -153 -108 106 -150 -111 68 102 122 157 79 99 -139 -166 148 195 -214 -130 191 186 -150 142 202 -130 -184 -213 -191 -187 105 -154 -154 -72 -82 -23 10 -91 108 -81 20 0 6 14 67 72 24 -93 79 -73 -112 126 168 188 161 -151 -167 111 167 -236 202 -268 -228 233 217 -194 154 -202 -197 130 -111 -104 -123 -94 63 84 49 -108 73 -50 -24 -18 24 -50 -97 83 -88 54 62 15 -74 63 30 -9 -45 68 66 -46 -11 -64 70 105 109 106 -122 135 -27 -52 -63 1 83 -52 2 -105 137 104 -55 -108 -96 -97 -98 -107 -63 -42 100 46 -55 54 4 121 56 107 96 -78 85 -79 -108 -124 142 76 79 71 -112 67 -87 70 -117 -75 114 158 -207 155 219 202 -146 -146 -97 166 -128 59 121 7 68 -66 19 -3 12 -35 -18 -3 24 3 70 -12 -6 13 11 39 10 -26 -48 -21 -95 28 63 -71 -67 59 67 -98 59 61 71 71 -80 -87 108 -8 -71 -68 26 91 -18 -43 -2 -17 0 -27 -5 -30 4 -20 -45 -59 -67 -61 -19 25 -90 -79 82 -66 103 -123 -89 -80 149 -144 -104 -113 -192 -143 79 -64 175 -104 -54 -51 2 106 72 67 -4 -66 -14 -43 -68 -84 43 -82 -75 -68 -69 -40 118 -106 -71 -100 -94 138 115 144 -125 -136 -109 -151 -122 -149 104 -139 -124 170 142 -218 -157 -162 189 -216 221 232 208 -195 120 -124 -247 209 153 170 -171 199 -205 121 128 -169 141 71 -129 117 70 -123 114 16 -11 -75 20 19 71 56 -58 45 52 -60 -10 -59 56 -96 -93 -30 -83 -106 136 57 145 -179 183 154 -183 -82 177 -99 -115 129 -104 44 24 -123 117 -56 -42 0 -30 -49 61 46 -28 8 -14 -5 61 7 -14 16 29 -79 -69 55 42 53 -74 -58 99 69 -138 56 30 112 -98 39 67 -121 -139 134 179 -160 -142 133 168 -127 157 184 -165 122 164 182 142 -141 -162 152 96 105 140 -138 -146 -60 -174 84 -152 -153 -165 -179 -204 216 -255 -191 -197 -192 -209 -131 -174 136 -129 -119 -139 108 -146 127 -139 162 157 64 134 -92 143 118 -141 -141 158 -76 149 164 95 -128 146 -125 85 115 -149 122 -145 -125 120 98 129 -61 178 104 188 -138 -149 -184 210 -151 109 -143 154 197 125 134 186 -74 145 -212 -217 -225 -171 162 -257 -171 238 151 -207 175 177 161 -183 -125 -143 151 -145 126 -132 -149 135 -94 121 -146 -101 116 146 -151 -184 -160 208 173 163 -203 178 -195 78 -127 124 63 -102 78 -40 87 142 121 17 -6 -4 59 80 133 -18 -145 -193 -181 -175 -181 233 185 253 275 208 -250 205 204 256 265 186 -192 -162 189 201 -214 -208 -169 180 -159 -180 -196 -184 -177 186 194 -178 160 -156 -192 91 -147 163 -154 -148 -170 -184 129 180 155 -103 -78 154 87 -75 92 -75 39 -89 97 63 57 -36 63 -24 -25 54 57 -20 67 -22 40 30 97 -58 108 -73 -73 101 97 66 -96 103 -46 -28 -54 -41 10 -23 17 23 1 51 19 -58 11 -15 -49 -8 -32 -11 3 31 -42 -87 29 42 -46 -61 105 76 -68 -119 140 74 -95 108 69 -36 71 96 81 91 -82 -71 -20 -42 -89 55 -91 105 98 -162 136 -83 112 156 152 162 -162 86 -92 -85 112 -25 66 -24 -33 1 -2 38 -85 8 68 76 -39 6 -39 29 66 65 52 -57 -103 -46 -131 -117 -149 -155 65 -147 -119 204 161 101 133 -185 178 162 -229 -197 177 -145 -168 241 243 -258 223 244 135 156 -149 -109 -155 -130 -162 -56 185 -136 -173 192 216 -149 -225 269 -242 -244 -230 290 -167 -232 -232 -189 167 -178 -132 162 -147 -148 77 110 -122 106 157 -129 191 187 195 152 181 133 -150 -110 -27 122 -73 -56 19 1 49 11 26 34 14 42 35 1 -19 -7 1 -50 11 -22 -45 44 -36 -10 90 -61 -104 98 -77 -111 151 -186 173 -176 218 193 -156 -155 -167 156 -121 -74 -64 -20 63 13 23 2 15 60 6 107 53 -32 9 11 -58 -40 94 41 -53 -44 77 -96 98 -9 -60 -68 -117 87 -122 -69 -163 -105 -122 152 194 209 213 185 -250 -165 246 265 238 175 -164 -282 -201 219 209 -160 -150 -199 -160 134 111 -86 94 -131 124 -114 -36 103 93 -121 -115 148 -166 -195 214 -193 174 189 -143 136 139 -105 212 151 84 -111 -52 37 -119 -92 129 151 133 171 -220 129 168 189 -171 -176 194 131 119 -129 -174 171 -86 -121 -137 163 145 -89 122 155 143 -34 -96 -19 -104 -43 -60 49 -15 89 150 38 42 -98 -90 -101 -19 -79 71 24 119 68 61 -173 106 70 94 113 121 99 150 -138 124 146 -97 -95 103 -139 -107 34 -95 -131 -121 -115 167 114 142 -164 -151 182 -110 127 235 -187 179 -185 101 -115 173 119 178 -108 -121 -99 180 120 -161 149 156 -139 -184 -194 159 -194 158 -192 154 -200 -134 -140 153 195 133 145 128 -113 84 60 -63 78 -73 87 37 52 -5 -9 51 47 -3 -48 -70 -127 -141 95 -90 72 -117 119 170 51 146 -123 -161 172 -202 145 161 -212 192 185 -111 -146 100 146 -108 45 -102 7 -33 -117 -160 126 -156 -116 127 56 -88 -33 30 42 8 17 -89 27 14 -14 11 -49 -53 18 43 -21 53 -50 71 56 -48 -18 -100 85 -102 57 51 -91 -40 -47 -61 34 -36 71 -35 -47 2 -6 22 8 -30 -1 -18 -38 -20 -15 17 31 19 0 -10 -37 -11 1 -68 -46 -24 -105 58 -149 -209 -224 -212 139 -153 -217 146 150 162 114 162 -98 -136 109 -95 -93 89 73 -115 -145 -99 114 -110 137 109 -156 161 146 132 141 -213 176 -210 192 157 144 -176 146 -133 85 -115 155 119 -104 39 71 -107 94 88 104 71 31 -71 15 29 -12 70 -73 -53 38 46 -55 -55 -78 -78 -101 -115 -166 164 -216 -222 -219 -168 -148 175 83 128 81 -94 -167 72 112 -83 72 129 77 -178 -150 -118 -125 156 188 175 180 -151 -205 -148 141 205 -146 -152 -98 -120 138 75 -94 96 85 -52 -131 88 122 -81 117 -40 97 -111 143 101 86 125 88 82 -48 127 -189 190 -171 177 156 -183 -184 191 203 179 -166 152 -202 -164 -123 -102 -180 89 140 122 140 183 -160 -139 -117 104 147 -125 -59 -65 100 40 59 -54 -25 2 0 -41 -5 -94 -6 -41 -46 47 11 -44 107 126 94 111 107 -101 -77 -129 -192 241 192 146 175 170 -97 -78 -151 86 -145 -107 -60 -79 -116 -167 147 -118 173 164 -154 -109 -179 138 92 138 -137 -91 -111 -100 105 64 91 -13 74 -42 85 -50 -154 -95 113 -154 -111 -104 -99 130 53 74 77 12 60 101 -97 -68 -7 -22 -90 -12 -55 12 -56 -49 -78 32 -43 -123 52 108 -153 146 152 187 172 -207 -223 221 216 -252 158 199 199 176 172 232 -160 128 145 157 -104 -148 -166 -77 -75 -124 58 147 123 -74 105 -68 68 33 -30 -54 -100 -62 110 39 79 51 90 125 -118 48 -196 144 -135 98 177 -145 -197 175 -168 113 -236 -216 118 -116 -189 -181 87 63 -102 -154 -70 19 -54 48 -81 -37 -42 7 -46 -68 61 66 -97 116 -96 144 161 164 147 -143 187 -175 192 -194 -176 -186 153 185 166 -83 135 93 109 -50 11 46 15 -12 3 52 65 -25 29 -55 81 43 -69 -75 -44 -45 -39 38 -18 18 18 32 51 -63 -46 19 -39 57 -47 5 -49 -21 -91 -100 116 -182 185 192 259 240 240 -213 -224 -203 266 -213 199 -223 -227 193 -241 256 220 255 -266 -285 324 -249 247 241 266 -277 244 191 -189 -265 -262 200 221 -234 -188 -227 206 237 -257 199 184 220 -230 -240
6144,-86 52 -53 0 88 -30 -35 58 -23 -104 -62 -22 -5 -92 -91 96 -70 42 -41 -47 82 64 132 -10 -71 -68 30 66 20 -111 -45 19 -57 -49 37 71 95 -5 -45 -61 -125 10 -111 -99 136 -55 -110 -28 57 84 53 88 -109 -107 33 83 19 -58 93 -32 71 -26 -32 28 -67 56 -43 -80 -62 77 -104 33 -128 88 33 80 89 89 59 -13 -123 -9 28 -42 -8 -138 92 75 -41 18 -44 4 39 -66 -28 -66 -53 -113 58 70 58 -24 -98 45 -80 -30 -92 72 74 -30 -10 1 128 131 -53 43 13 -57 -20 23 19 -60 69 57 47 -77 -29 -44 -46 -95 64 100 -2 -52 25 51 53 -37 -44 25 -64 -20 19 -33 -43 7 -54 10 103 40 39 -17 54 -58 -65 -108 9 29 95 62 90 75 28 -12 43 22 62 -7 32 29 88 -22 93 80 19 58 -126 -3 -104 -69 14 3 116 90 -22 -94 123 -63 54 -58 -29 -129 -70 -79 39 -57 19 -73 -53 -75 46 -10 109 6 -15 47 44 26 -60 77 109 101 -78 37 -16 25 -1 -71 67 -35 121 39 104 -37 -129 91 13 -22 117 95 -30 -14 -139 112 -16 59 5 -74 62 97 70 -12 103 106 -7 -16 9 -80 91 -55 60 77 111 -16 -28 121 36 36 103 -27 33 -43 -83 -83 -33 76 81 -34 41 19 20 40 -60 -85 94 169 39 -51 -62 54 112 -92 97 -96 52 16 -59 59 85 69 -19 44 -25 -36 -43 -19 24 -81 76 -46 81 -80 -49 52 -6 -40 65 94 21 59 -60 -31 -71 28 -159 77 15 95 33 31 89 110 43 82 -54 31 -28 -30 -27 -56 -73 63 -98 21 -35 62 -42 22 68 -10 2 -58 93 -31 -46 -8 -57 46 -22 -88 -139 72 -100 -80 104 72 -44 11 135 10 87 -119 1 16 116 -48 -78 112 -37 -71 -32 60 -100 100 27 6 37 -123 -24 -95 -33 -49 -17 114 -34 47 64 -5 -34 -78 -56 -65 -46 -148 36 86 -2 82 -52 102 -57 11 -93 -69 -41 42 59 98 -84 -63 -85 -112 -35 -16 100 -51 29 86 -54 -86 107 -3 28 -30 -28 -93 82 160 19 32 1 36 -130 69 45 85 4 24 -47 46 59 -47 107 82 -23 10 -67 0 46 -96 -65 -3 -73 -36 -20 85 -55 58 -11 31 0 40 9 27 44 -17 -62 36 -148 30 29 -46 -89 101 20 11 63 95 -55 -104 25 25 126 27 -152 50 -38 -58 48 28 29 -37 53 117 12 -111 -65 -34 9 158 -75 -28 41 64 -47 41 -60 -58 -51 -13 15 -52 -50 47 3 -2 -142 31 98 90 -42 -108 21 20 77 133 43 6 -80 -107 19 -79 56 -51 -62 37 13 20 -20 -83 41 -39 50 -70 28 -79 -20 -116 -20 -71 7 49 -16 -12 60 -112 53 -96 -55 -48 137 35 96 -59 -12 34 -17 50 -27 17 57 -38 4 -107 -88 53 -71 20 -73 5 116 73 -29 12 22 82 -41 -19 50 123 -29 -66 19 63 -2 -29 -103 -79 3 -102 -74 50 94 61 -13 111 70 -86 40 62 71 70 -45 76 -32 33 86 43 -81 -68 -65 88 -18 81 19 35 -43 -1 -51 103 -51 -106 -91 -43 -68 -16 48 -82 86 -33 47 22 -102 -30 7 -91 -52 76 53 89 49 1 124 38 39 -84 48 76 4 53 52 88 -81 -65 132 53 109 64 26 -22 -42 7 -96 64 96 -88 64 -136 60 -94 7 -5 59 -44 115 19 90 -94 -51 53 48 48 -41 -53 78 -75 -52 13 54 86 68 -56 1 -58 -70 -2 15 -67 67 -11 7 -88 -57 28 -10 34 71 -46 -80 -58 90 3 -46 1 -52 79 -57 -67 123 -11 135 38 -73 -22 49 87 18 14 -20 -52 119 51 79 53 2 -54 56 -23 86 -72 104 46 128 36 22 -33 -21 -53 -38 -51 -147 -56 -41 -23 62 -100 48 72 -21 -17 16 -35 39 -56 51 18 39 -9 -80 -80 14 -90 12 -61 1 32 -30 -54 -43 -43 28 82 -73 102 19 -109 -79 -60 35 -84 7 -103 14 -6 14 8 -32 80 74 -40 35 -91 74 4 -95 -19 -58 14 -125 55 100 13 -119 12 80 101 95 -91 50 13 69 -22 18 -156 75 -45 30 -44 -42 40 57 75 -91 41 38 -72 -27 -76 -28 76 42 -2 -120 85 -30 73 -46 -73 -14 -41 -79 79 78 39 -11 -44 54 90 -88 22 0 95 52 -98 -66 -50 73 -51 -5 -27 9 12 -95 86 -62 11 92 -112 53 38 -78 -55 62 119 -23 71 -113 23 2 89 -45 -116 61 -19 -2 55 85 67 -36 -13 17 10 65 -57 -5 -129 48 -120 -55 -8 29 -18 -1 -103 -64 -50 98 43 -78 -21 97 -76 70 -61 103 -24 41 -20 110 0 -49 82 -47 10 53 117 93 -46 -103 -66 -64 36 41 55 60 -80 -67 -52 64 -76 14 66 46 -66 29 89 100 -61 -91 -9 -40 85 80 69 -46 35 -78 30 -124 -18 17 8 122 69 -26 -22 49 -51 83 80 -43 23 84 156 -67 -139 -57 -3 -17 139 -93 -22 -56 -86 -31 93 59 32 -134 -2 12 -10 121 -2 71 -59 -108 126 -110 -44 -26 -52 37 -16 27 -71 -102 -134 39 -24 40 -17 27 53 46 17 69 18 38 -20 -116 134 106 54 -28 -28 -53 -44 -17 101 -63 65 140 40 109 -40 22 101 58 -29 6 -1 52 -120 12 41 75 65 156 -15 -67 -75 54 69 31 5 -31 -73 -32 -43 -33 105 27 -157 -45 -15 -87 110 -34 -25 -69 -44 -73 -53 0 -91 -65 30 -30 38 -24 -29 -106 -2 27 5 49 -53 -35 50 13 -106 -55 110 -42 65 116 34 -75 121 69 55 -51 56 -46 9 -62 118 7 -67 35 -68 14 -105 -29 -85 38 -24 111 -73 27 -63 -64 12 57 -94 -78 22 -70 -74 6 -6 0 70 -128 -1 -4 -62 59 102 -14 16 -31 -32 40 40 11 74 -3 -79 -19 113 -10 -98 -70 90 -20 46 80 -69 98 98 45 57 -20 -38 -43 -13 81 -36 -10 89 -3 -24 -125 -80 -61 10 9 -97 81 58 13 51 -92 116 56 68 -77 1 29 38 103 107 35 -53 -4 -89 1 -30 54 72 74 52 -24 24 27 -108 -55 -7 -85 35 -21 69 50 7 -54 11 -98 -18 -19 -108 -23 69 -42 2 49 1 0 10 15 -16 61 -17 21 35 4 25 72 79 55 -46 -61 93 -57 106 -45 15 110 123 -65 -84 -74 -23 79 -59 -7 -69 61 95 -101 61 -22 -100 -32 -50 18 43 -108 -10 77 59 -46 -22 76 -77 48 -33 60 -38 -6 69 11 47 -60 -125 -58 26 -1 -71 76 -46 -77 76 43 138 134 37 54 -81 41 -74 -60 -78 56 118 105 -101 93 -29 44 61 44 52 46 -58 64 -89 -3 -86 30 78 13 -38 89 43 -24 -1 -16 56 24 -62 14 132 -37 35 108 73 -54 -7 84 -95 -28 83 22 -45 105 -50 -27 -41 -66 17 69 -7 -28 11 4 -57 33 -48 66 21 5 -11 43 31 12 12 -82 37 -15 -97 75 -31 40 -50 -59 -62 -114 -21 -42 -66 30 -50 -42 79 43 78 -44 -58 -56 -111 -41 -121 81 -42 -44 51 17 -89 -70 62 -45 -52 6 42 18 10 24 26 -62 4 -85 22 3 11 -137 53 -32 47 -97 106 -67 -15 23 84 -2 -40 45 42 -43 106 -36 -13 -10 24 83 -63 -80 -68 59 75 -59 17 -104 -28 -74 -52 -3 122 2 86 -59 49 -14 128 -46 -49 -21 59 3 -24 -46 -41 67 138 -68 34 4 -12 -35 29 -93 -76 -80 4 58 -45 51 76 53 -75 15 -77 -51 58 -31 -5 58 -72 -57 112 -6 -55 41 86 -51 123 51 84 85 -15 30 -66 -58 -68 -40 -89 -5 -132 -61 65 -48 -62 50 -108 12 -40 -10 6 -19 41 -77 -47 1 56 -50 -20 -72 -46 -46 -15 -55 -22 -53 -84 -127 61 -105 -55 -105 -37 -81 -116 21 -55 -88 90 -13 -52 -109 -42 -85 13 36 50 -35 -12 27 15 -76 102 -74 53 -62 53 8 5 -61 13 79 -38 -67 -40 -61 -4 47 -67 -20 78 -25 -24 133 -46 130 55 42 42 -101 -57 34 -38 -21 27 -39 -69 57 -52 -48 -65 -131 35 35 -86 72 -8 21 32 107 85 23 40 44 12 -6 -49 -31 8 60 26 -17 -17 79 42 -90 -76 -82 -58 -6 -33 -57 60 -36 122 34 63 104 -34 54 107 -24 -8 -38 43 -43 8 -52 -44 43 -26 -58 -29 -98 75 -56 59 -34 -76 8 -58 6 -84 -68 -43 78 61 23 3 -1 -80 29 43 -29 10 -55 -58 15 12 8 -50 -33 56 -26 51 -21 -5 87 -98 -99 0 -106 -11 124 69 90 -12 57 9 11 -72 11 103 92 93 -6 -1 -50 60 -13 -61 88 -65 -31 -38 -82 -58 -106 44 78 46 45 -50 7 -57 98 12 -102 107 14 7 -68 18 21 147 5 44 17 -71 118 -62 -31 -2 -14 27 -69 104 51 -18 101 -40 -53 81 36 -19 -37 -48 31 102 29 11 25 -90 -42 -27 -83 -31 107 26 -32 -110 -48 77 -95 -76 29 -70 87 95 -46 -14 -43 -60 6 -129 69 106 7 -97 -29 -31 55 34 31 85 -27 -54 -30 -16 47 66 -97 -32 -45 -94 -25 -31 66 -11 104 -88 62 69 -21 -13 64 5 89 -51 40 57 61 -101 -18 -50 94 -7 -39 34 -37 -5 -68 81 1 -70 28 73 74 18 -38 -15 -18 -47 -108 -41 45 -35 -62 83 -43 -87 -100 34 142 25 34 -47 -65 -39 13 30 20 41 -6 -39 -100 -80 83 -62 -61 32 98 20 51 63 -60 -89 -101 -94 60 76 41 55 112 74 -65 6 -79 85 -45 54 9 -47 108 -54 -33 -27 -36 -61 -42 -93 112 -115 46 124 -5 -46 -22 -2 70 86 -10 -28 -36 89 -12 -106 10 39 -51 82 12 60 95 -108 -60 -84 76 -67 -16 -58 -69 -82 -84 -52 10 109 -33 45 -57 -30 92 84 -60 -16 34 60 68 -20 -75 -36 43 12 -70 66 85 15 57 56 -12 -10 4 56 91 17 12 -65 27 -13 -2 -64 -106 36 107 64 70 -92 -76 -34 39 -112 58 -75 70 -3 99 -7 -85 84 -76 36 -18 -105 -14 -29 -62 9 59 -97 -31 -25 -91 24 46 32 3 -32 8 56 56 97 0 49 -39 -1 44 12 -19 68 126 3 -13 -43 50 -15 -82 -47 -79 -63 -81 -73 52 142 -24 30 8 -94 51 24 -31 -15 44 -31 69 5 -63 112 -42 33 -16 -54 72 -11 -91 -42 44 80 -9 -55 -71 49 -1 23 -29 81 -126 -4 72 -4 49 52 -41 45 31 -77 -62 186 90 25 60 88 67 -38 16 33 10 -75 -24 121 -55 57 -40 32 96 -19 83 -44 91 -32 59 139 53 -59 28 121 67 -79 -43 -116 29 -3 -62 -55 -86 -157 2 -64 66 -15 0 109 -86 -80 -127 83 64 119 -107 12 -37 -62 -16 -32 15 35 -27 61 124 -38 9 84 -6 11 65 -77 74 64 -34 7 31 -6 45 33 49 62 135 95 42 -107 83 -73 -11 -59 71 -18 57 -5 -33 -81 -63 99 77 56 -13 -90 47 -63 58 -40 -52 27 84 58 -76 7 59 55 13 -47 -46 37 89 -129 -72 -97 22 -36 8 97 35 7 92 133 -52 80 -103 67 -66 -70 -86 15 -20 132 -119 -92 22 80 77 17 -54 105 57 32 89 41 -70 85 89 18 95 4 -49 35 -29 36 -99 36 -38 87 -84 32 -5 -83 -85 77 16 -20 68 -36 92 61 40 22 24 36 56 34 17 89 -60 12 -107 -5 -100 -143 -64 15 8 77 -76 17 -15 60 -97 -73 20 -36 -40 26 12 111 -79 64 60 -41 7 40 -55 49 30 1 43 50 -39 94 -36 -53 80 -30 25 -86 54 -97 142 -128 5 -36 99 9 -51 22 31 66 11 66 -72 -5 -72 -14 12 68 31 6 32 -40 -37 7 14 -74 -97 0 -69 67 25 45 54 -99 44 41 -84 -26 20 -29 61 -28 -81 83 -50 -24 -50 -1 -9 15 -64 31 64 -55 21 -92 -48 -106 109 -54 -54 -56 29 3 122 53 -42 82 -40 -50 100 61 -76 -41 10 -106 51 5 11 31 -50 -4 20 -71 5 -66 80 85 41 -8 118 -86 95 -94 -68 66 43 -81 87 29 -44 -46 -90 -27 -49 -6 30 52 -89 55 37 20 -90 -67 -67 53 16 -70 -10 -75 -32 -105 -78 99 20 -48 -36 36 -71 114 -59 49 -59 85 -17 96 -45 58 -18 -37 -72 76 111 -31 74 -13 -10 82 -24 18 -59 -80 -19 -52 91 -70 -6 57 44 18 -70 40 95 32 -85 82 38 -69 -8 -20 27 46 -80 25 -64 -99 -9 11 69 79 18 -88 69 -86 -40 69 105 -43 -140 34 -8 -18 -10 111 -81 -152 -8 80 -15 61 -66 -44 -74 42 -45 58 -79 -100 45 5 54 123 52 47 59 72 -1 2 -58 74 122 36 2 -1 -16 -21 24 38 26 -5 25 -116 83 -73 13 -37 -6 122 -41 25 -19 91 -25 80 50 -92 -63 32 -97 -39 38 -85 -8 101 12 80 87 -84 -124 -40 35 -24 -76 72 -60 -29 -40 20 34 -93 -89 -53 16 -18 -55 62 130 107 -63 48 -82 11 141 7 86 -41 -121 -73 15 117 -175 -2 -36 42 116 77 29 -113 61 -46 41 -53 20 -44 -107 -5 -40 35 -91 -34 -32 87 -25 -104 61 71 68 90 107 39 18 -40 38 54 13 -98 68 -13 29 15 23 -20 29 62 -58 96 79 -106 -20 20 20 -59 52 -74 -59 -47 131 31 54 -20 -61 48 -46 -14 23 67 -82 -97 -77 15 -104 -30 4 79 69 -108 56 47 -101 77 -38 -95 33 -37 -182 -9 44 0 59 -56 -45 -54 33 -52 86 63 -60 -59 -97 38 -12 62 -29 72 58 22 -39 74 26 41 -16 -53 108 26 48 -53 -98 87 -105 -46 40 41 -40 55 123 -54 -21 -49 79 55 -33 82 4 69 21 -64 -43 -17 -46 -69 -50 -57 -2 -79 -98 -18 -83 69 116 16 -57 -79 12 -31 -88 10 106 -68 -36 41 29 71 -15 -69 3 100 18 -66 102 -30 -133 65 -113 80 73 24 120 -26 -70 -74 -36 -46 2 40 30 -11 -21 -44 74 114 -122 -39 120 -34 83 28 26 -42 100 -54 52 21 -91 -84 66 -22 -49 -94 -30 92 -110 77 15 7 -71 -99 81 -44 -12 14 76 -73 -92 49 -59 131 11 90 -99 -64 -5 -35 26 -47 -32 117 22 112 -74 14 59 15 -89 63 118 -18 61 -21 83 -66 80 41 107 23 95 20 65 6 6 -120 -110 -76 59 -8 94 46 55 32 133 -130 -81 87 -9 -18 -96 -136 -59 -141 -37 -2 50 -6 42 -131 -74 24 3 9 -68 21 85 -94 50 -68 -26 23 106 47 -25 -39 -50 55 86 43 23 21 -55 -7 77 113 141 -37 19 39 58 30 73 1 -88 -25 31 -46 -70 -100 46 -67 28 -62 3 -9 -74 -76 -95 -58 63 31 -102 23 133 154 -2 -30 -34 76 87 34 -118 -32 -48 116 46 -111 -104 -7 60 -17 -47 43 45 35 21 11 -59 -64 -17 29 8 133 23 16 -72 -59 -68 -137 3 47 -30 50 -62 -18 10 -63 -84 83 -98 -51 52 67 30 18 -1 69 9 96 -54 -69 8 -58 -18 16 -34 -7 -71 24 -52 -30 -34 71 15 15 83 76 31 52 -6 -56 20 78 3 178 -10 -61 39 11 -42 76 18 85 -45 -6 -17 48 37 29 55 -101 -53 103 -31 28 -50 -81 48 26 59 -196 -82 -7 -74 -64 56 -126 -48 46 55 -150 -65 -2 70 -17 -24 -49 -10 -9 -31 72 68 85 0 37 -95 39 -59 -21 -52 22 -29 -4 -76 -7 129 -10 -107 18 -139 -22 89 -21 75 -60 66 61 43 2 25 -70 -26 38 -42 7 3 -32 52 -58 -84 -7 84 -100 80 -20 -66 -45 20 129 -53 51 -39 67 -32 -70 54 20 7 -47 40 -148 20 -48 96 -107 -39 125 51 -100 -125 34 13 -125 50 30 -112 4 -86 -24 -84 -26 32 0 40 -45 85 -62 -82 -2 -1 85 -41 22 -67 -121 137 31 45 -32 106 -45 25 -34 60 35 -30 -57 -120 -90 -47 1 76 48 -81 -4 -32 65 -80 12 41 -35 40 -12 41 29 59 -93 -75 88 107 -41 -37 58 135 43 37 -15 -139 -41 52 15 -90 -43 53 21 25 -59 82 -13 52 11 -95 17 -22 -41 38 1 72 -110 -44 -18 74 -22 -65 18 -86 -98 68 78 -34 69 -52 19 123 -7 -4 -69 -53 0 -114 20 84 -22 112 -1 -96 14 104 -61 -82 49 -35 44 -96 4 89 23 -57 -102 -7 23 -45 -23 39 96 66 18 -3 -5 56 57 54 64 -115 -49 90 -28 -67 48 -70 -35 -44 -18 -66 -124 -59 62 41 112 28 49 -72 52 -70 88 43 -99 60 38 -88 64 -2 -13 19 99 17 -92 -70 -98 49 58 32 72 15 52 -42 25 2 -76 -49 33 48 80 -60 3 26 -51 108 -4 -127 -22 65 86 96 -73 -24 24 -128 -50 -11 -45 1 -189 -4 -68 -23 -44 63 -23 59 57 44 22 -25 2 -101 104 -48 84 70 -117 29 -60 50 33 -82 -14 83 8 31 119 31 -57 -172 12 31 -66 2 -60 66 -18 39 79 28 -124 -7 64 45 84 -43 -47 66 1 38 -11 59 -29 -72 28 -100 39 84 -97 82 28 -30 -145 -82 1 103 -22 57 -89 66 66 92 8 41 68 -78 2 1 20 78 -49 -86 71 -78 124 -32 68 5 38 -87 28 71 -109 55 -8 -39 8 -64 -29 56 56 -11 94 55 -17 16 -72 48 -74 59 51 72 -3 50 -94 -51 -21 108 14 -73 5 -87 -43 -7 -121 39 33 -19 -111 -91 23 -44 131 26 82 -65 -28 104 42 -39 -68 28 46 81 -21 -81 -138 29 48 -93 110 72 37 -13 105 42 -23 -17 -56 181 29 62 38 68 -1 33 57 -74 102 44 -48 19 -32 -6 -1 -22 30 -115 101 -101 128 30 51 110 -61 9 -109 -36 -72 57 56 -28 57 -73 76 65 27 33 -66 -21 18 -86 85 -61 28 -7 102 -45 -67 77 54 33 -39 -14 -30 -16 28 72 -56 -12 -34 -32 92 -89 -75 -43 -63 -62 -18 -19 -77 13 -35 29 14 83 51 124 -34 75 -46 -132 143 -20 -62 -128 -16 32 10 -43 -11 89 66 -49 -41 13 65 -79 -21 59 79 -121 -58 83 -49 24 119 -48 37 -28 -6 69 -90 6 16 23 -100 -10 64 15 -50 -2 -46 114 38 59 -113 -52 -68 43 10 16 54 -96 54 -93 15 50 -60 4 -129 -53 95 -93 -199 71 -22 -39 106 -27 125 121 -69 -30 -31 -1 79 4 -61 139 41 62 -53 69 58 -41 -72 -7 -32 -56 69 -47 -151 -11 -24 -31 53 -67 -106 -71 -24 -60 17 2 21 61 -3 -19 -95 -58 -31 -15 -80 8 4 -166 -64 41 -72 44 21 12 -34 -56 40 46 -63 -70 -74 54 92 76 -69 24 3 62 -58 -48 4 -51 86 56 -3 -59 -100 28 -119 102 -3 50 -77 39 -6 -12 -52 -52 100 105 54 10 -111 36 -88 57 58 94 -14 30 40 -21 1 -108 78 -106 -43 -70 72 -65 20 71 -32 25 83 65 24 -70 -126 -32 26 34 -44 58 17 -16 -71 40 33 -82 67 5 97 -35 99 38 11 -11 124 -64 70 30 22 -74 87 24 -76 -26 53 26 25 -103 -53 92 102 47 -12 -43 52 -42 -64 46 41 21 84 36 56 88 -54 82 5 30 64 -63 97 32 -107 -61 -50 126 111 132 -46 42 33 82 -59 -32 -14 5 -72 25 47 -92 43 36 130 105 -77 100 34 51 86 54 -73 155 45 49 6 47 -95 -13 -89 3 65 9 95 41 -60 83 -7 63 119 -146 3 -70 -114 71 65 -114 37 -65 -90 -37 70 -41 63 -2 51 -106 97 59 6 -8 30 -43 89 -49 65 -87 129 -11 -99 56 -3 -34 10 -95 -98 2 13 -58 20 -90 -81 8 -55 16 66 -37 73 -5 27 60 10 79 -45 -82 -84 -31 40 -76 32 29 25 -42 56 -24 70 -16 -31 48 90 -98 47 97 70 106 30 24 44 44 -42 68 -60 -57 -9 -75 47 86 57 72 -63 -52 -29 -38 -94 -75 39 -73 -93 31 39 27 -44 -65 24 -16 7 -76 -77 -120 -33 65 54 -86 -9 109 16 -49 55 73 65 -37 29 -86 85 -4 -42 -65 122 18 -47 -49 3 -77 -57 -45 79 -62 43 50 -28 44 -47 -12 88 -48 -87 8 -40 -65 144 -7 11 81 6 -11 -24 -109 -84 89 -32 50 51 -19 41 -121 -16 -91 92 123 -46 -41 -109 -110 -93 0 -138 33 34 55 126 -30 -11 82 69 -1 -17 -25 80 -21 104 92 8 32 111 -66 -48 98 -13 -89 44 -84 -21 9 -69 5 9 -66 -14 36 44 67 -18 -23 36 -44 16 -20 122 12 42 -78 96 -67 16 -77 51 121 4 -49 38 -49 -73 4 1 20 30 -87 -76 87 4 20 8 -46 7 3 -12 101 -27 -55 33 -73 -37 -62 42 -103 19 30 43 -33 -39 112 32 -71 28 -11 -94 58 61 -13 -83 -3 116 -23 79 81 133 63 -19 -36 -33 -5 95 -55 34 55 -109 74 57 32 117 9 1 -86 16 -32 -102 67 78 31 107 -38 96 -48 46 82 73 90 -55 -78 -32 -47 61 -30 -3 -109 24 69 -10 131 109 -75 -26 86 10 46 14 23 -30 19 -79 89 23 -69 -12 22 90 -48 -18 -69 -44 45 20 -19 21 -65 10 102 46 56 17 -77 -46 49 -3 -83 -31 37 43 -22 -68 -29 -91 -53 -63 -32 -32 -41 13 3 35 72 77 94 -29 -111 0 89 56 -29 70 -16 -96 -75 74 -42 49 -82 87 27 95 -66 -12 -114 37 98 -8 -105 -51 99 51 71 -13 -32 -23 22 44 47 96 103 -86 80 -11 -62 61 -58 -90 1 70 6 54 87 84 -6 -68 108 -17 16 70 18 -48 -28 40 107 42 19 -37 126 7 -88 -135 -31 -68 -93 115 -40 56 43 -3 6 -16 2 -92 -87 60 -88 -8 -99 28 -58 -16 -55 81 -93 -55 -63 95 47 -24 54 -74 -157 -40 48 94 -99 39 -53 -28 39 70 -54 -77 -73 81 56 44 -99 47 36 -23 22 -43 -22 -89 21 63 -73 -49 86 13 -55 -28 109 74 -37 86 57 31 67 39 41 -72 -26 -56 -44 -44 34 87 -59 75 152 -56 -27 -132 -66 -64 -48 25 -106 50 47 6 -32 -50 -30 -9 -98 -89 67 49 53 16 -16 72 -77 37 -137 -90 -23 -91 -80 0 99 -3 54 85 -41 44 16 -29 52 100 50 -20 -3 -85 61 -21 84 -32 51 12 93 -28 -43 -48 67 -46 -28 103 84 -74 -26 4 98 52 -43 -81 18 -19 -28 -26 -91 50 13 97 15 -105 76 19 48 -31 30 -100 66 51 -85 -22 -103 35 -93 75 18 -133 -71 30 70 -59 -7 -7 -36 102 26 -58 127 83 118 -164 82 -17 -67 -43 -63 -7 -11 -73 -76 -42 -54 66 11 6 39 -53 -63 -81 71 -73 57 11 -20 -48 -18 -39 -179 20 100 39 -63 22 -36 -44 -67 -99 66 -104 23 -110 -26 6 -47 -126 41 -50 96 104 25 124 -107 -35 -69 -62 -102 -10 56 -25 -34 -61 48 27 -76 72 -36 -54 47 9 53 45 -19 18 1 43 -100 -7 43 65 -2 1 29 -42 45 -23 -101 37 -26 -49 25 -45 -48 -7 -55 -88 98 25 1 -121 -33 -90 77 -119 -60 80 68 -25 2 -67 -135 -25 -78 127 28 38 -75 -13 7 44 -69 26 24 13 2 -108 27 15 -25 -73 -67 46 -32 -86 -18 -39 63 -151 -26 117 -69 -94 45 -77 37 -85 -46 73 18 29 4 25 -29 -43 -73 -162 -108 -69 -138 72 -60 -73 82 90 86 -60 -60 19 -54 7 -140 101 53 -22 -8 -13 -60 -64 -40 57 47 -3 10 26 -30 41 -32 40 81 -55 60 -25 24 -41 -37 -50 39 119 68 1 -63 -76 -26 64 -164 89 46 -18 45 40 -87 -1 -46 -91 -53 79 -88 56 17 54 -76 32 11 -42 15 -4 18 33 7 -101 31 117 77 134 79 -10 -33 -55 67 -21 -27 -41 -5 -49 -61 -51 -39 -54 -13 -91 119 16 11 -18 115 47 37 49 -74 34 37 23 60 -49 -33 -90 55 92 116 46 -67 22 22 113 -15 111 -26 10 -25 35 13 56 -11 25 -34 -37 -77 29 -23 -80 -37 25 59 -34 62 81 91 -83 72 -26 -33 -28 58 50 -37 -80 -71 -25 16 -64 -83 -76 -101 -46 -36 93 71 38 -47 -86 -53 12 -4 -89 -112 -7 41 -63 -57 -85 55 80 104 -29 5 40 -55 -67 33 -129 -28 -57 -122 33 -15 -48 117 4 47 -41 -102 -72 71 -5 -36 -49 -79 -107 104 82 -72 -55 -88 75 54 43 -20 -73 -23 37 -43 36 -38 -43 -6 128 -70 -32 -51 -16 -62 -91 -113 -20 32 18 -49 -106 -20 -29 -22 25 78 -25 74 76 -41 -16 35 -7 -91 -14 -36 61 -2 -82 68 126 -23 30 -43 22 -21 24 -54 73 56 12 -63 -81 15 -1 104 105 -83 59 126 50 -59 28 -73 97 -62 70 -53 -64 -63 119 6 50 -34 96 -44 71 -24 34 -6 77 -32 -4 32 68 -10 -55 3 82 -13 85 114 65 -58 102 -70 21 59 -24 -119 58 -32 62 141 49 -5 45 -90 -104 -75 -69 95 -33 33 -60 -1 96 -21 35 -34 -23 -60 30 22 -27 -88 -4 -42 67 113 15 116 3 43 6 3 -46 79 -80 35 -64 -82 -48 21 -24 29 -31 67 -3 36 51 52 24 -47 -1 14 31 61 54 17 28 -63 10 56 -64 22 -36 52 25 -16 56 -31 63 46 -99 94 -32 80 -91 16 -66 91 130 110 12 102 -45 -55 -4 63 -14 66 -35 -32 35 82 3 -97 -57 -69 -54 -7 -40 -55 25 34 61 -37 -26 -104 52 101 120 102 49 -49 2 22 17 -11 102 -61 -20 60 83 -89 55 42 -66 100 53 30 -41 36 -45 -81 81 -77 -56 -11 60 -47 91 84 72 82 -116 41 66 -27 41 -56 90 77 -12 50 71 -17 122 88 108 -76 -24 -65 -15 92 67 -22 -48 -6 27 -21 94 -12 24 23 30 1 50 -1 -8 58 -45 38 13 -91 -92 -28 61 23 76 123 -58 116 81 -47 -85 52 11 2 23 12 33 73 56 28 -126 -74 2 -54 -30 68 -153 22 -42 84 -46 38 -102 53 94 56 -122 33 -65 126 -21 26 1 43 57 -24 -60 11 24 54 62 -70 118 88 101 20 -42 -2 -70 -60 -56 51 76 74 -92 -69 66 -37 -51 -24 22 -75 22 68 49 -21 -17 -14 -4 16 -91 -16 -24 46 -99 33 80 81 -42 -7 -66 -7 76 45 -2 -88 122 20 -92 12 -8 121 22 23 138 -14 110 -59 26 96 56 66 -67 -162 86 67 25 -60 15 -10 21 170 -25 27 -113 -15 -55 106 57 -83 -32 -84 -57 -81 110 -62 -1 -7 -42 26 36 -15 -123 71 11 31 -94 34 -13 -84 15 72 -36 -147 -49 -75 8 -53 60 106 -89 -105 17 -36 -7 83 73 1 -106 -44 58 97 33 -27 61 56 -81 143 63 -84 -20 -67 -55 38 89 -60 78 -79 -70 52 15 138 -30 125 -123 135 58 -36 72 27 30 -37 50 -21 118 -57 93 -19 43 55 -28 33 118 -2 50 -45 84 -38 25 9 -19 -125 70 91 24 -86 20 -24 6 -119 116 82 -17 -28 -83 65 55 114 -14 19 -56 81 -16 -42 66 37 -36 -11 70 17 32 1 -87 -64 59 29 -8 -59 85 74 54 -62 -89 74 -76 42 46 101 -32 -106 59 -4 27 -68 60 33 127 -74 111 -71 -6 9 52 22 -14 -66 89 53 -53 52 23 44 -64 -13 49 66 75 -2 -62 85 41 51 51 36 -25 -106 40 34 19 -4 38 -4 80 107 90 -88 4 71 -124 65 -56 23 -169 -37 15 58 -18 49 -74 -11 -74 56 20 49 151 27 24 91 -2 60 -94 88 91 -69 62 38 -6 -22 21 19 -64 100 -28 -10 -48 -62 -5 -39 -3 -2 32 -88 7 92 -83 -53 105 -42 94 25 56 54 80 1 8 -61 76 -58 -8 5 -92 74 -14 18 66 81 91 36 15 -102 30 18 -41 -30 45 51 77 -87 50 133 66 102 -86 -41 43 78 53 2 49 -99 -114 47 -59 118 -64 86 -33 -100 -80 5 -73 -34 -1 4 -80 58 110 92 122 -43 -55 -33 -33 89 -47 9 -75 -44 -62 56 9 -29 43 32 38 57 -58 80 56 46 -62 -156 -62 -25 -119 57 -92 -34 -30 -72 46 131 -71 18 -39 -61 9 41 45 -63 86 31 62 -44 53 -25 48 -139 73 88 -60 -90 -35 -84 -54 32 -103 31 58 5 -62 -42 -30 -50 4 114 20 -67 105 4 -81 68 3 -21 -32 -123 140 -68 -136 -84 22 -79 83 19 47 -50 23 30 -114 -57 -47 55 -71 -1 18 15 49 -92 45 -25 95 58 -9 1 72 97 98 -27 -21 -73 17 -168 97 19 51 105 -67 26 -21 87 21 -53 -28 40 -42 148 77 -78 -98 -25 -43 -28 26 -6 -20 14 11 -46 75 23 -81 -111 5 -24 -45 -69 -60 -119 64 46 116 35 67 45 133 -87 -15 -45 73 55 -7 119 -13 -63 32 58 -88 -45 22 32 108 58 55 54 25 22 -11 -84 31 25 90 -38 -28 88 34 35 31 84 -28 -24 66 -66 -40 -38 -25 45 12 -56 -23 4 -39 -49 -31 34 -20 67 76 53 -118 24 33 104 -41 42 1 -57 -15 -77 -89 -11 -31 -103 56 -115 -32 81 5 65 -8 -1 -41 34 111 -34 -20 -50 49 -114 61 -23 -107 -36 29 7 46 36 -87 -10 95 -50 -72 9 -110 -61 -49 106 -46 -26 -42 -34 15 30 -5 -7 -48 -96 36 -22 114 49 -25 -77 -16 -30 -101 37 31 -63 49 -109 -62 98 1 82 20 -54 21 30 -55 -55 -56 67 2 7 5 -7 -39 83 58 105 48 133 -89 -98 94 7 45 12 -66 102 -19 21 -44 -2 -98 -3 97 -81 51 -82 -57 46 42 -55 52 -85 -28 -31 38 -11 -71 30 -70 30 47 -97 115 -71 -79 70 63 -25 -37 2 40 -81 -95 32 -50 6 -110 80 39 78 21 6 -52 94 39 2 -58 -89 -137 -37 82 112 28 13 53 17 133 42 -57 67 92 90 97 75 -38 118 -9 41 -13 -38 -68 89 -40 -28 -56 -7 -45 -108 72 53 -76 77 -53 -24 -48 32 -64 55 -11 48 -42 37 65 -39 -173 -44 120 -3 -5 -39 101 14 -86 -24 -86 0 9 -56 25 17 -73 99 52 -105 -65 92 11 69 -67 32 18 148 -37 -17 -24 -15 8 36 61 33 32 -4 -14 -42 37 53 52 26 -75 -49 -42 -5 32 70 77 -88 -10 26 -7 -11 124 23 -53 119 -19 57 -47 42 62 -55 -62 51 83 88 11 33 85 14 -110 72 -18 77 -20 -89 -56 90 89 -52 -2 60 -55 -5 -102 -25 6 -65 -93 -68 23 -36 8 26 -33 -55 1 8 42 -73 18 -77 -27 -18 -64 -47 14 -163 39 -77 -43 -37 90 -53 45 65 21 -152 28 -23 51 -45 -94 -91 88 29 -109 42 -83 -35 55 37 -64 34,-42 -119 43 -66 46 -97 105 -33 -106 -58 -104 68 61 -33 34 62 36 62 -95 1 90 71 -18 -133 64 56 -25 -23 -2 132 59 51 7 -29 -121 -13 -54 -10 -67 -66 71 -14 -57 -42 99 97 93 5 7 8 -6 -31 -27 -86 -41 -54 -106 25 -74 -13 91 -54 74 72 -75 5 -10 31 66 52 75 49 -80 39 -58 139 -9 -42 -69 -31 106 -45 -6 -33 5 64 -19 21 19 62 21 -69 3 -126 -60 -162 -121 -52 52 20 -26 -82 81 57 -63 -105 -17 78 0 -114 9 -69 -113 -30 -104 4 31 29 -20 37 -10 -108 71 79 -72 -80 74 -221 -68 -93 48 0 115 -83 -49 68 -50 -3 32 -65 1 96 -89 -107 8 12 79 -10 -74 -138 5 -55 5 -57 -69 25 -77 91 -71 50 32 -124 68 41 67 55 -79 -76 138 10 63 -61 13 90 4 -41 125 8 -20 106 100 -62 64 -2 -150 -148 -9 49 22 -21 -57 34 11 54 -3 7 -89 49 108 59 11 26 73 9 31 -20 32 121 -4 3 63 65 63 -60 5 -99 2 -79 -67 60 -17 8 -46 -10 -92 37 49 35 4 -67 1 -11 -16 -3 38 -110 -160 -88 -34 -60 -70 59 60 67 83 -48 47 -30 21 -55 -54 -50 -42 -73 62 -55 69 71 16 -51 -4 -85 13 -15 128 9 -30 89 -19 5 17 62 -35 -37 56 -59 48 141 -131 -134 78 40 131 -19 -21 -59 -42 81 166 66 -64 -70 69 71 -13 -36 -4 -83 31 4 -69 65 100 -52 -7 -32 -36 -18 25 -38 15 104 52 -6 -81 23 -60 -39 -32 36 3 91 -25 -55 10 -120 -15 13 53 38 13 -53 -55 80 32 88 -43 -68 -33 123 -43 79 -28 66 149 -69 -53 -111 62 -82 -23 -17 49 -49 64 108 52 55 89 -52 -98 71 58 -81 -46 82 -24 26 -117 77 0 35 -44 -101 -70 59 -59 48 13 -26 -26 -92 52 31 69 59 40 36 -2 50 -54 12 77 -114 -37 87 -102 -21 -69 -10 -35 -17 70 67 37 71 -98 -90 88 -59 54 -12 -58 -110 18 97 96 -47 -25 -60 47 -44 52 -33 64 77 -41 -22 41 -36 -15 -16 -64 -89 26 -41 28 -78 42 -42 84 -28 64 -8 -92 110 0 68 33 5 -34 49 37 27 3 -34 93 71 59 -68 32 -5 1 -9 -25 57 -58 59 -1 -106 -61 45 65 79 -31 -8 -51 53 -24 -60 20 158 -8 69 -110 88 -77 -29 41 53 114 8 -89 -44 -50 -106 45 -116 33 49 64 17 -16 -114 -68 -16 -29 -68 94 148 71 9 132 -37 -75 87 -18 127 -134 63 117 -61 4 -44 107 120 20 19 -25 35 26 -45 113 92 30 -18 97 -93 90 84 32 13 19 -16 -93 -66 -75 -69 130 83 -73 -5 -92 5 -43 -37 51 -70 33 -91 -7 -27 5 -53 13 -19 35 -1 -3 4 14 64 141 -99 -61 116 78 6 -71 -21 17 -46 90 75 -32 -76 45 46 109 -80 71 14 43 16 -77 -42 0 -58 46 -8 3 86 45 -34 13 -50 8 -71 -61 -48 -24 5 -54 -39 52 -77 126 59 124 86 67 39 7 56 -1 5 -31 42 -32 -129 27 -119 -31 52 14 5 -124 6 29 -28 -68 126 -40 -102 57 8 79 -78 38 -29 -4 -25 3 132 75 -40 -76 -61 61 19 -95 100 63 20 -90 12 129 -92 -111 -102 -23 61 -49 62 -46 -10 43 -55 51 27 39 115 33 12 70 -48 90 67 -79 -74 8 0 -95 39 -66 -87 99 -79 63 46 -23 -77 8 -84 134 71 61 56 -56 110 48 63 112 -15 -55 68 110 -32 71 13 29 -53 -1 66 42 64 -91 -103 26 -23 70 -85 81 49 -81 -82 -23 82 -94 10 22 19 84 -17 -81 92 -74 55 -6 32 -20 -52 18 35 -5 -44 8 53 7 15 -35 62 106 13 61 -30 114 -65 36 -90 -81 64 33 73 -2 33 -45 -59 -37 -24 -46 -135 52 8 36 -25 -27 39 -54 -103 -16 -28 84 -52 22 -32 112 67 -13 101 -58 46 -95 -115 -9 -58 -75 93 -68 -15 68 -46 -20 1 -4 -94 87 -5 -33 3 -71 70 66 3 -65 42 -15 24 50 5 10 128 -69 64 -41 9 -56 33 38 -86 104 72 -114 -79 -4 -54 35 -3 46 112 1 41 -35 -25 -31 181 -124 116 111 -45 -43 36 -63 94 6 63 64 -124 47 -1 -31 -106 -92 103 27 -81 -20 -33 -88 165 -61 -125 73 47 -82 -87 38 -9 -5 60 -8 -82 7 -82 -78 21 -2 -69 -25 -63 -90 37 -44 -24 41 -110 26 36 8 24 -18 -122 17 -14 60 -60 21 -26 -83 -24 -52 60 -47 79 69 -59 26 72 -15 -17 50 -3 22 41 -25 6 -31 -32 52 -3 -79 -31 22 -90 131 85 112 -66 61 -41 68 -116 16 21 -90 -17 -65 27 59 -47 -2 -35 -38 85 66 7 -123 -17 -66 20 -118 -38 86 -22 -21 14 34 84 29 68 -65 34 -48 -119 14 -66 -76 -4 -40 17 16 12 74 -78 -93 -58 108 80 -56 122 54 58 151 -19 46 -36 -43 52 -1 75 -92 80 38 -78 -119 131 -3 -19 20 -22 -29 8 129 33 -67 63 14 -127 -63 52 106 -63 -63 -42 115 -23 -45 -66 -56 50 -29 -1 50 -46 17 -54 -57 23 -152 -45 -74 94 31 24 -22 -95 -2 46 38 90 144 7 -54 -20 57 79 -66 -99 111 -35 -82 -103 100 -87 47 -30 5 -52 -126 96 1 -78 37 0 -50 71 89 40 25 73 -62 3 77 -24 103 88 100 73 64 127 17 -36 -56 49 20 -73 32 -56 41 23 96 72 49 27 13 39 88 -60 14 62 -84 16 -21 -90 -15 -58 39 -72 -76 -61 27 61 -108 27 -161 78 -43 -32 54 -72 -53 -92 -66 -56 -31 -35 65 104 -8 -125 -3 76 -21 -13 48 70 -37 83 61 -26 -41 94 19 -52 29 -16 24 33 -76 63 41 34 -109 -15 -119 -43 -21 90 -55 -11 104 9 -71 -88 43 -35 -96 43 -36 -5 -37 -57 -110 -18 59 -55 -100 -78 -25 57 -30 -40 -12 -55 -14 -10 -30 -32 153 -6 -107 91 10 -35 -94 -36 174 117 -36 148 -60 -69 26 24 39 -108 115 -44 -66 -46 -59 19 60 -58 76 46 -2 -94 -81 -34 -100 -36 43 49 -70 -41 54 -129 -42 65 109 -84 -23 5 -115 60 84 8 70 -5 -16 -55 36 56 10 82 -3 -18 -75 -35 -169 33 70 28 65 -20 -112 130 -70 61 -86 -6 52 24 50 -76 160 53 -130 57 26 29 71 64 -111 4 -109 109 -88 53 130 65 56 38 -86 -44 57 -63 26 -8 -2 -24 59 -7 43 -16 -53 63 -2 33 49 104 -62 27 -74 19 63 74 -63 -45 24 81 -57 11 -41 -29 -66 -7 -94 38 97 128 -79 -35 53 -88 48 -11 108 -50 36 -89 92 -33 -16 -97 -100 -19 -115 22 -48 -70 34 -100 103 -48 50 47 68 74 15 -97 -86 -113 34 61 62 35 22 10 -45 109 96 65 94 -61 -28 -137 78 23 -116 -21 127 53 -46 13 97 22 20 -54 -106 107 124 -109 11 88 -46 31 50 -44 71 2 -25 -96 71 -97 -1 9 -95 40 25 -82 -127 102 -40 36 107 -50 87 -3 88 26 79 78 29 57 33 -95 136 -7 37 -24 38 66 57 -69 22 -107 63 103 -78 -69 83 83 52 -32 -8 22 36 42 81 -60 57 43 -67 84 -82 -23 90 -61 21 -1 -54 52 -40 5 107 15 49 -81 60 -47 54 53 -77 92 -56 63 67 -118 -152 -58 28 8 74 -59 -74 -40 98 29 128 -27 -29 -105 84 10 -104 -38 -58 -55 64 -61 129 65 80 -50 -20 8 10 119 11 -63 -45 53 -32 -17 84 -74 -111 -69 -64 -8 21 -122 50 -55 -33 47 -88 61 -58 -46 129 -44 -37 -116 89 -81 -49 39 -69 3 58 69 2 -21 50 55 -86 7 -51 -123 -48 -2 61 89 39 -75 96 105 -54 5 28 40 44 -24 -8 91 29 77 13 -44 55 59 84 66 -46 -115 -23 -22 36 50 14 35 -88 -71 -30 58 -76 34 17 51 68 -100 -18 -99 106 -4 73 17 14 9 38 54 16 6 67 -60 72 97 -117 40 32 -67 -39 18 -37 -20 -17 -67 55 62 -135 65 -28 45 -100 -84 -72 -17 20 82 83 -34 49 -105 -17 65 13 -62 32 36 58 -88 70 50 -18 -80 70 49 34 56 -27 -7 -16 -63 -43 -35 -14 -10 -5 97 128 -30 41 -66 69 35 127 27 -74 40 118 95 68 -44 1 -40 -48 69 -13 45 -80 37 75 31 -16 57 -7 16 67 48 60 59 64 53 -91 -13 98 -19 113 98 -9 -3 -33 -88 -48 100 -54 68 41 -77 -7 -115 -112 47 77 -98 47 -70 -32 -37 16 10 89 -65 -90 -73 -10 -2 55 -88 15 18 2 -56 12 -81 -6 37 48 -12 86 66 -9 107 -49 78 39 67 -48 78 -26 75 -79 12 -47 -71 61 -87 60 -3 1 51 41 121 53 -22 -97 -38 75 -35 31 40 111 47 -98 -62 -92 65 89 -121 30 4 81 -1 42 68 69 76 -75 -16 -17 50 -6 -30 -104 47 -107 -84 -73 -10 -31 -94 58 -14 -70 -41 -79 -48 2 22 -19 -53 11 59 45 77 -17 -57 -57 74 -25 -85 -42 -2 -5 12 99 -59 -52 23 16 -53 38 120 -89 -85 72 29 47 63 -56 8 68 -128 80 45 -45 -83 -99 2 -44 95 -131 -28 13 -95 -13 -8 30 -108 -72 -66 -122 -90 -93 22 108 60 -72 55 -64 27 8 32 54 91 -65 -33 78 -32 -72 -45 45 103 37 68 82 -68 -110 6 55 47 45 -33 93 30 1 52 84 87 -78 -81 29 80 87 -101 -34 92 21 -72 127 -158 102 75 -17 114 -46 5 -127 -71 -104 117 -12 51 -14 -58 -88 -106 -46 84 15 -55 22 -98 8 -116 77 -55 50 -82 34 86 -52 -92 -80 -65 9 56 27 48 -76 109 97 58 -12 -19 -12 6 76 -110 -33 61 -133 23 -35 -30 129 93 57 -22 -73 45 43 -56 -62 -67 -61 2 53 60 -20 -108 22 -18 63 34 -22 -3 -48 53 -102 53 -45 -28 12 21 4 22 40 37 71 112 17 29 71 -64 13 -96 25 35 -92 -96 -52 28 -59 55 126 -95 51 -138 69 50 -80 -64 -6 -85 6 54 -3 66 -87 -90 -63 27 9 -67 -31 1 34 48 49 -27 73 -21 -16 -32 -56 12 60 -106 -50 62 -2 29 -30 -14 -115 27 -34 24 79 55 -68 29 -52 -5 -27 -137 -69 -46 -59 77 -145 -8 -18 -98 99 53 34 -30 -16 14 -4 -32 -95 -33 -7 44 -44 68 50 -87 -32 55 43 -34 72 84 -43 80 -37 -42 88 -24 -23 65 81 -41 -45 -3 -15 -25 60 -36 -109 -73 42 30 56 20 -27 -114 -44 119 8 -26 -86 -42 -89 59 77 -29 -90 60 -93 60 151 116 62 -54 116 29 -81 -109 -88 71 67 51 -70 -122 -63 80 51 -19 99 -21 -161 7 -72 -66 8 78 -16 -17 -18 47 74 81 17 -14 71 51 -74 38 -26 -25 -91 68 -81 -17 118 -72 -51 -36 120 -142 32 113 56 -21 -19 -4 -30 -95 -88 3 81 -43 -34 -120 -18 -51 -65 -83 42 -86 89 -42 20 -122 -32 -65 -124 113 -28 -22 -60 53 -79 54 -16 67 79 184 -16 59 46 89 -26 -31 37 -36 79 11 -109 -45 -51 -21 55 -25 -104 -3 -10 13 -74 -78 98 -34 -28 45 -80 -15 -59 -72 -38 105 74 -19 -16 -41 15 18 -62 93 -73 -40 83 29 -42 -70 13 -16 61 -23 84 90 102 26 -134 -73 -42 36 -47 -46 90 -34 -120 -5 13 127 33 -12 -98 -58 42 -48 -27 -8 -27 23 38 46 -32 -23 100 15 -41 78 33 -54 53 -96 39 -24 -67 62 40 18 124 -46 108 -48 -4 -69 -92 -44 -111 -100 79 -143 -23 92 81 -54 85 -43 13 14 -79 -102 103 -55 63 128 59 -105 -64 -16 13 94 30 83 -36 17 99 55 99 -25 -52 -22 8 62 -35 38 57 46 -9 -55 37 74 64 35 40 -74 16 -138 -100 1 -63 29 -102 -22 80 -8 60 32 26 116 -35 70 42 -80 -73 62 -39 69 103 -66 -141 -27 138 -5 7 41 42 17 36 28 23 -36 138 -69 -91 7 22 55 -77 -90 30 -16 24 79 64 133 47 11 -47 105 22 40 -3 62 81 77 80 -11 -29 6 6 36 -100 90 86 -95 -54 -15 -34 80 -63 36 -43 -77 94 109 58 -10 -106 33 -76 35 32 -79 63 60 -20 64 55 -15 -41 -57 59 5 -73 49 -67 -3 -40 -8 41 -52 -86 -61 -16 -96 33 -64 -81 23 -117 -46 -20 -43 -40 -71 -59 -59 -55 -111 -48 -58 -28 -109 8 -47 27 76 -70 89 -73 -86 -10 -75 -31 88 5 -53 -52 -65 -137 85 26 102 90 1 107 -22 -54 46 -75 -26 27 -54 -59 98 -36 28 -123 -91 -11 -8 10 -6 -50 -46 -24 -90 -117 9 -26 -26 -40 -59 61 -26 41 -11 35 -43 -99 45 -132 -60 83 -18 80 50 -83 -65 -24 26 77 -15 53 21 -20 98 45 -82 -32 -8 49 56 25 -54 55 -73 -168 -70 -138 10 -90 -87 -20 -109 -25 -36 109 57 -43 -71 -22 -115 22 45 38 44 39 -85 -63 159 28 153 -38 22 -34 18 13 -5 -17 62 75 -1 21 7 60 -125 -33 -3 6 16 -123 -84 89 40 31 -108 7 -69 -70 72 67 3 -53 90 -65 53 -50 -43 -13 -30 -43 44 -10 -17 54 -49 6 51 34 -60 59 77 -115 -50 11 -17 -37 -35 43 37 -48 -27 -57 67 33 -76 51 69 -90 -3 -16 -80 25 -31 63 47 38 2 -20 -58 85 68 -61 22 -118 -93 -43 14 23 -82 -98 49 105 -102 36 -97 43 60 7 11 96 91 -61 45 117 64 12 -74 -2 73 61 63 16 -20 54 73 -74 3 -50 95 1 92 120 -28 -73 -29 -47 17 56 19 35 -75 78 -41 50 -49 -12 -48 29 102 35 65 18 76 81 -43 6 -63 29 48 144 -109 -76 -4 98 37 41 26 2 60 -26 23 12 -30 34 32 75 68 -48 109 -105 -21 -53 -4 -77 10 -27 -15 82 -39 -89 -95 30 96 -23 -30 -35 13 -71 22 -88 41 -117 85 -74 -74 -35 49 15 36 15 -13 61 -119 3 -80 -45 11 32 -73 -125 117 84 118 13 57 -105 18 63 20 20 -25 5 -75 69 16 91 3 -82 73 63 46 -36 -34 -85 21 -103 25 -6 124 -30 -76 -3 58 30 -22 77 62 51 -2 56 -17 16 23 92 37 -25 36 86 -61 46 38 -68 -46 -84 -45 -14 -25 -70 -56 92 -80 22 56 -60 -78 65 -82 -2 2 -90 2 56 -16 -70 -56 14 -110 6 -9 -37 -54 -68 -59 52 75 28 -42 -72 -44 64 -27 -5 -19 95 31 -64 0 -16 30 27 31 48 -38 88 34 -92 -27 -60 38 -9 -1 -14 -1 25 3 -49 -43 62 50 13 -46 15 4 26 85 71 37 -12 38 -16 -5 -18 24 46 72 6 -52 -90 4 37 -43 11 -23 100 -60 30 -31 -14 -46 -46 -107 44 -43 13 21 121 106 1 -39 108 101 39 -65 -1 36 -10 -75 -102 -10 -86 -32 -66 66 -2 53 -75 10 28 -8 74 75 -74 -79 2 79 -50 87 -11 -70 80 -13 58 57 -1 50 32 27 65 -4 9 -46 18 104 153 -189 -156 56 -21 71 -91 123 -116 27 -74 -62 110 -50 42 11 45 58 -80 -40 60 -19 -111 -67 -33 -3 93 89 48 12 -36 -6 80 -26 2 44 12 19 19 -89 61 -18 3 93 8 -65 -107 -80 -66 -62 5 -32 39 63 44 -73 12 34 -116 -58 49 -71 38 -6 -38 33 95 -102 -76 -60 147 -51 -106 73 104 -27 88 -63 65 -64 82 26 -34 -65 10 -56 3 -24 87 -71 -50 -18 -91 49 -88 79 36 33 -5 -23 68 5 -72 -30 -12 15 -5 -42 -18 4 29 34 -119 67 -71 11 -59 68 -26 80 34 18 46 -7 10 -79 49 82 69 -17 95 -76 95 -88 144 28 119 -18 -63 124 -71 121 -46 -25 -84 -66 -39 89 87 76 -21 57 74 55 -117 71 89 -63 76 -36 57 0 -9 78 62 -131 -116 -32 5 -31 -57 86 64 103 27 -61 -123 -51 6 32 -55 -65 -50 59 -62 4 45 70 -52 -3 -141 10 69 -18 -51 -64 8 59 -60 -18 14 66 30 61 56 -1 46 -14 -19 33 61 15 -106 11 -82 44 59 1 39 27 73 3 -14 50 81 -32 10 -112 46 102 -43 -5 -54 55 -52 -14 -46 -119 -88 4 78 -37 89 66 -38 95 34 27 81 103 40 110 99 33 -28 51 -8 15 -102 12 1 98 59 -63 -6 71 -35 -30 99 -39 79 48 68 37 -79 77 -120 -69 17 -30 -66 -80 -51 34 7 14 57 -81 -29 -30 31 -101 55 -42 104 21 -32 32 -103 -51 -34 -6 -36 31 105 -52 5 -70 60 44 -112 -103 6 -64 59 86 -40 -39 -13 -98 -36 -77 28 -20 -56 -58 121 76 -79 69 -14 -33 30 17 37 -76 -34 -43 -39 86 8 -34 -184 95 37 -12 21 46 -89 88 -10 72 54 -29 0 20 1 -90 -28 -64 61 -16 -106 69 -53 106 24 -54 -15 50 -87 -95 38 107 -54 -102 -25 48 88 32 18 -48 -42 1 19 -61 -113 -49 35 40 39 11 -46 27 3 37 -57 -83 75 12 -56 -28 93 32 -7 19 -94 -60 -108 59 -63 -55 -50 -85 -13 -91 90 78 51 -58 -101 107 34 78 -125 -12 -122 -25 65 -59 14 -35 74 -43 -113 -59 -26 64 57 53 113 15 -30 69 -45 6 -108 -55 56 95 -71 140 -94 -36 -102 36 62 -43 24 -48 20 75 12 -94 -38 -5 -103 116 -19 -110 -47 -17 -43 -94 -4 -26 -86 30 -43 40 -20 -27 -137 7 78 -55 23 -28 -33 23 40 113 34 43 50 -78 121 106 13 -40 137 -42 17 -55 63 -42 -50 6 92 120 -147 -53 62 -51 42 43 1 7 79 -14 -75 48 -58 -41 -71 40 61 -118 9 -48 101 -26 52 2 73 56 -71 -79 -88 19 44 49 69 103 11 65 -84 77 -38 55 -50 34 90 80 13 -4 -55 77 -58 124 29 1 110 31 -20 17 -70 94 -114 118 -93 -72 38 61 11 78 -57 20 -86 -58 -89 89 79 138 -114 -60 -69 83 -100 -7 25 -120 -46 -57 -57 128 54 -56 6 -47 -45 -127 -12 -84 79 -70 55 -9 -64 84 81 67 79 113 -4 3 -101 -128 -76 -42 -24 -8 -66 76 -4 4 96 58 -113 -70 59 -53 5 17 69 -100 13 -60 59 71 45 26 -16 8 21 -48 -108 75 -90 4 -42 41 -29 -13 26 -80 -77 47 119 40 -78 38 -77 62 -39 27 70 -76 -88 69 71 80 79 80 -16 -24 88 -40 -59 19 -63 74 -14 25 -70 47 23 98 78 -110 -67 -4 103 -35 -93 -47 67 -58 31 33 84 158 -58 17 -26 75 54 4 86 -83 30 57 -82 -35 -8 74 20 -112 -22 62 15 -87 -114 50 33 93 -56 12 -158 17 -35 41 -1 -28 -87 -74 -18 -67 -41 -3 63 54 -27 36 -58 -55 81 113 19 20 48 53 -47 -72 43 70 103 107 42 81 -39 -37 -155 -40 112 -30 122 14 -26 -72 -71 -80 23 -37 -20 133 -25 67 -39 -48 -68 -39 -1 5 -4 49 -25 147 69 87 20 52 -105 -71 77 -36 70 30 -98 -41 28 -69 85 4 -16 106 -33 -144 67 52 -18 45 -36 125 81 51 -68 17 55 90 -38 123 49 21 -84 -72 -36 47 10 12 57 13 -36 -13 -20 37 114 27 -76 40 90 100 -52 -21 133 98 -28 72 -115 -51 -67 -13 -38 -3 34 19 -114 -65 121 -75 -3 50 -110 80 -41 61 128 -99 57 -17 -20 38 -58 41 -29 -36 -87 -27 2 73 6 8 -69 14 52 112 -37 21 24 24 115 -97 -90 -24 14 -75 20 98 -14 84 57 64 85 95 71 -14 101 90 49 -5 -71 -120 -112 6 110 -18 1 34 67 -65 -61 -84 -68 -43 -2 -14 11 -77 -58 74 -3 -36 107 -45 -66 -70 86 -2 49 -134 -107 45 -15 39 -84 202 -122 -135 -3 -18 62 -48 -70 44 36 7 146 63 83 -53 72 -57 23 19 -70 -20 4 1 -55 -44 -105 -27 -19 56 -38 55 65 64 -7 62 30 95 -24 4 -34 92 -52 64 -47 18 -31 -78 -95 1 14 -108 -65 41 54 -81 82 -106 -85 28 -121 -119 77 89 34 106 28 70 35 -11 43 -58 -51 -53 43 -100 93 45 -24 42 63 17 93 -80 46 55 92 -64 20 63 39 25 -6 47 89 31 83 -19 -51 -61 -51 -91 10 -57 -22 -111 -21 84 -100 -51 53 -80 -178 49 46 -29 -30 43 -57 3 79 48 -81 -52 47 64 -40 -85 88 18 -27 81 -92 65 -31 -80 67 9 -67 -98 19 -21 19 16 81 -64 11 -96 -63 84 -61 82 55 -85 -62 61 -100 120 56 -65 -57 64 67 -85 -47 -76 -46 78 -76 -36 41 -75 38 -1 15 -37 36 26 18 44 -13 68 33 72 25 -18 26 -42 -14 -113 -47 5 11 2 71 -76 6 -48 29 15 -6 -34 -65 93 56 -49 -52 21 40 -23 -72 2 99 76 80 19 60 -62 -156 70 19 2 -98 -20 40 -42 -32 41 67 -49 -15 -70 -73 -48 -69 116 15 -90 76 -3 61 -85 -33 47 -44 -125 4 -46 42 -12 -28 -35 -182 -30 -30 -53 85 51 80 52 12 16 -73 -27 31 51 59 148 27 -11 101 -38 -47 106 -149 3 98 55 19 69 -25 -17 -4 -42 127 -64 -66 -71 23 -47 -23 74 21 26 -101 -77 -130 78 -106 -78 -117 -44 -135 -45 -94 -31 -87 82 -66 -102 -54 36 -20 -16 45 28 -38 -105 135 64 -76 -57 20 -116 94 70 -75 7 -26 68 -33 121 26 -10 2 85 79 33 -52 -43 -80 -38 -24 16 65 -41 65 -4 79 14 42 72 56 -68 -141 -46 87 48 -51 -51 39 54 54 30 -44 67 -11 -108 -116 -61 -96 62 -76 -62 96 -26 -61 -21 -47 14 91 -30 -34 -111 80 -21 -41 48 -106 34 150 43 72 103 1 5 -28 5 -74 3 56 -167 -66 101 -28 -93 3 9 12 32 -102 -69 116 -31 130 135 -21 -56 -111 34 -79 42 74 -29 -60 -28 -116 -66 95 -81 -34 -40 58 -46 66 -67 15 76 42 48 34 39 34 -20 60 17 26 -69 -26 47 -24 87 87 49 100 -50 34 -77 49 24 -61 -68 54 136 60 165 -19 57 98 -9 42 66 99 58 -34 -26 41 55 3 -88 58 47 -53 40 12 148 97 -13 -3 41 -45 -134 153 46 -58 -84 52 -22 51 -78 -55 105 -54 7 1 -84 -21 95 123 62 -53 129 75 74 -97 -59 -37 60 47 97 -121 74 106 -79 87 -57 -100 51 -21 -36 -127 107 -26 -51 33 79 65 31 -92 -24 43 -8 -64 98 -24 -114 19 -40 127 89 49 73 -15 -38 68 83 -75 -53 -107 -12 -131 29 44 -69 57 32 49 -130 -32 -3 65 5 -53 78 45 115 75 84 59 -16 61 43 -41 -100 -35 -10 65 71 -30 -55 108 -1 -90 25 -89 -137 44 57 -64 42 -28 23 14 45 28 -70 31 60 59 61 -3 -33 3 -24 -55 -55 75 -53 -86 7 -33 86 -40 19 -26 -12 74 55 96 -52 -86 -29 -29 -25 8 -42 -105 -38 -85 65 38 63 -5 -86 58 -49 25 -77 -70 19 -23 -94 14 -95 37 67 106 81 -103 39 -53 35 -102 -43 97 37 50 -35 -41 -45 115 31 -78 41 52 -127 -65 18 73 26 39 15 -52 21 58 77 -131 88 -66 -23 109 -37 55 30 35 -61 -65 -65 9 60 88 83 94 -70 55 66 -75 59 61 -58 34 137 -61 -52 -55 49 72 11 -27 43 49 -49 -52 10 -85 1 55 39 -15 -152 13 -92 56 46 14 34 -47 80 92 -63 7 -62 -22 -26 22 96 88 59 90 113 46 -78 -40 -105 84 45 21 -20 43 -11 36 7 41 18 27 124 -59 -31 -29 -67 -8 4 83 -41 -38 -52 64 35 -104 -38 -95 80 -178 -19 41 -35 56 -1 101 -5 -31 6 22 -91 -98 -3 -93 -92 52 51 83 -54 -73 -93 16 13 88 -30 37 -22 -112 -1 60 -24 52 -48 -44 74 89 -90 -37 67 -89 46 -108 -77 20 92 123 41 -64 -53 -86 4 25 14 -49 -6 -70 57 -42 24 10 35 -17 51 41 91 -47 39 31 137 -62 46 50 28 -81 -38 2 -63 54 84 -23 44 -32 -31 60 21 -36 -52 33 -101 -43 15 77 3 -45 -35 68 -94 -39 -45 53 -123 59 -51 -48 121 -43 -25 -36 98 -92 -56 -1 -93 -86 5 80 -3 35 -30 -23 78 32 -96 69 28 69 -5 45 73 -1 30 33 -123 -70 -44 123 21 15 -125 -127 -71 125 -20 17 106 -43 -24 97 24 18 67 42 72 70 -52 -34 49 -25 -71 43 99 107 87 61 -52 8 29 143 -58 120 -4 3 27 -43 -31 -78 -52 37 -87 -20 55 73 -15 -122 29 -90 -142 -24 45 -46 4 -75 -48 91 -50 37 7 -25 29 -124 15 -52 20 86 72 1 -149 31 20 -100 -78 -99 1 -25 55 -37 2 55 -34 63 2 73 -31 -112 15 6 57 -27 61 -1 -79 -50 45 52 -59 72 85 -82 -107 -86 80 -123 -6 -52 -90 -81 -54 118 27 -32 30 -66 32 -68 -31 40 106 71 -33 57 -19 10 60 38 -20 68 28 11 -10 -31 53 75 -35 -104 51 -47 9 96 54 -97 43 79 -62 22 -57 -45 60 -28 44 -8 -98 -56 17 -46 41 -104 -23 53 -49 -49 58 -14 4 16 -14 -53 34 -96 34 -77 93 -3 -68 -123 63 -110 37 29 101 -137 29 -54 30 39 68 -63 -10 3 -75 -95 99 -107 -46 169 -78 -65 -42 -72 -9 -34 -68 -40 101 25 -14 -39 146 52 57 69 110 -83 65 95 -12 -15 33 -19 62 -70 117 -29 -26 -75 63 73 -14 50 -67 -61 -43 129 -34 80 -44 -58 91 117 -79 -3 -15 61 -2 -98 -4 -113 3 -38 47 39 40 -39 91 -25 31 -44 -108 -28 -4 -77 7 18 -49 -23 -83 21 99 -3 61 -61 38 42 58 116 -81 -89 -80 69 82 54 -123 -74 -83 81 -60 63 15 1 87 -65 -21 140 103 27 99 14 5 31 55 -90 17 -58 -5 47 91 136 40 27 -107 118 -42 74 -11 -26 66 -112 -124 35 83 88 17 16 -37 -31 110 52 -25 27 125 -40 -111 107 -26 -76 30 73 16 39 -44 -62 63 86 30 -17 -12 41 112 -52 41 151 38 12 -9 -51 10 -33 -57 4 -166 13 102 20 6 -6 61 4 -48 -47 112 -2 -43 42 49 -14 -48 27 -56 -24 31 -2 56 83 -64 -57 12 -75 48 -76 41 -121 68 -2 80 -62 30 -58 100 -96 -28 -161 -44 -47 63 50 -5 71 -54 26 4 95 50 -114 -27 67 -91 48 52 -10 -93 -40 -50 23 -30 -27 9 -47 -135 -53 98 -96 19 -81 93 85 66 82 92 -11 54 -127 -55 82 20 108 32 111 -67 -19 41 -70 -34 40 -94 -14 1 28 33 -7 72 -16 -35 86 -97 -61 -119 49 -48 -66 74 -81 -39 31 -8 -47 -53 -61 70 -28 64 -41 -110 -63 45 -62 -79 32 57 21 -48 62 6 -43 65 22 126 -35 70 78 15 31 75 59 23 69 -61 -40 101 116 3 27 28 62 73 70 54 109 -81 -82 134 -25 -45 -20 39 -13 66 31 40 124 -31 -61 -15 -36 1 142 -52 -25 23 -29 68 71 112 -95 89 -68 69 21 97 -4 -92 24 -56 44 -53 57 153 -67 59 -76 -6 -88 15 -75 53 93 -16 32 -96 -105 -39 -4 -60 -36 42 -53 76 42 -90 71 80 -80 -92 -2 -84 -118 21 -72 -60 45 -50 108 -29 84 72 45 34 -67 -11 126 47 -47 -77 100 28 -126 66 -16 12 70 25 72 104 35 -39 50 33 -11 -68 10 -17 126 80 91 -15 -115 52 -36 71 13 19 36 -22 -106 5 51 20 41 28 27 -81 64 -60 -36 -58 -80 7 43 84 28 -111 -112 -70 -113 79 22 -106 -90 -33 39 99 36 94 -35 82 28 -75 -40 82 44 44 59 -29 51 -54 16 -26 32 -35 98 -13 -80 10 21 -54 42 68 36 -16 -44 5 -88 -14 -83 -84 -79 -76 -115 30 -47 -61 -10 -24 75 67 44 56 -48 -60 -18 -62 30 -51 -72 53 93 107 -58 61 70 3 50 118 -64 -84 -56 43 -111 39 -16 -14 -39 67 -56 63 116 -9 22 64 -128 43 -147 93 61 73 -73 53 122 -64 99 -80 -74 -56 -30 -56 78 -4 -136 -5 -53 45 -91 -43 8 47 -51 49 90 43 -105 -49 75 -38 -134 -31 71 11 -84 -13 -54 -25 -71 74 -63 50 81 64 109 51 45 55 83 8 62 -13 3 43 40 14 -91 11 11 119 58 45 91 -6 -23 -22 69 179 -8 44 -90 28 2 73 60 55 94 -51 -39 -18 81 52 -132 55 5 -6 82 36 131 13 -113 -70 -3 -25 55 -64 18 -55 30 -64 -33 68 64 -39 -64 5 64 85 55 0 41 -25 -45 -26 18 94 -116 -81 -63 -27 48 -92 66 -89 -113 -51 -81 43 -37 -158 85 19 -42 -42 89 -37 80 32 45 5 -54 -81 -53 -87 87 80 -16 -63 6 -22 33 86 60 -63 -3 -31 -32 132 6 -54 -81 8 35 -32 -70 41 -84 35 -1 49 -139 48 77 -24 -81 29 -45 120 89 -22 7 56 99 -48 -34 131 -63 75 -65 -33 89 -77 21 36 33 -31 -72 33 26 -65 71 166 43 77 -66 -121 -65 -94 66 -113 50 67 -115 61 42 -108 -40 -81 -52 -83 34 -47 -26 41 78 -41 51 -88 -50 50 -3 9 -77 -33 -28 -57 26 -134 -39 22 106 -63 9 76 -11 57 -47 -60 -78 13 -78 35 -77 86 25 9 -52 14 -82 50 -73 37 77 57 -123 122 74 50 71 77 104 -32 97 33 -44 -113 34 5 3 83 -11 -65 132 -36 -86 -109 42 -126 20 -125 -97 83 27 19 -16 41 94 99 1 -15 87 43 10 -82 -35 -24 62 -73 -91 -90 -85 58 18 52 -51 73 52 44 14 52 -82 27 64 62 -31 62 22 -80 -67 134 0 -47 43 61 -38 14 -19 -78 -16 -63 21 90 49 -16 125 -37 -45 6 -51 -12 100 42 96 -49 -39 -32 100 68 -38 -108 -17 -91 -94 -6 -11 -40 27 30 6 -119 -54 -25 -62 68 145 -74 72 43 -136 -78 -12 67 -35 -69 -49 68 -67 -22 35 72 -42 25 -47 -69 -122 65 44 -39 81 -24 -86 -97 71 14 -63 32 -17 -62 -15 -60 6 60 -73 45 7 -20 54 -12 51 -30 100 -51 -87 29 -57 -57 114 -24 -88 -49 80 -79 -82 16 7 72 -15 69 125 54 -53 -94 -6 -93 -39 31 85 17 4 93 -88 66 84 -44 -65 134 -82 84 -63 38 -13 65 -65 -1 -94 -11 73 2 25 13 6 -107 -74 -34 -63 34 58 -22 -99 -14 58 -122 80 -75 -48 45 -18 105 96 -68 -123 53 68 -141 -5 -51 -41 -64 -53 -64 -5 -96 -29,-255 280 -147 -204 161 -230 -170 27 -58 -155 -136 104 -83 -77 -76 72 -95 42 -39 24 -1 -80 -28 -4 -65 -45 8 -69 4 -26 -74 3 2 -36 75 43 7 -20 -70 -52 -66 12 -85 -85 155 -139 -149 118 130 5 37 128 -82 -125 90 154 135 -95 133 -194 159 -124 -115 202 -208 192 -106 -151 -185 178 -225 238 -238 155 213 200 151 142 110 -140 -77 78 93 -25 75 -44 102 67 -58 99 -77 112 103 -102 -116 -138 -64 -126 80 85 -174 -109 -143 143 -109 -121 -122 108 138 -146 -65 71 100 57 -21 41 70 -29 92 60 70 -79 90 56 46 -68 -90 -98 164 -73 96 30 126 -93 73 63 44 -61 -83 95 -32 -77 128 -126 -74 -99 -62 106 90 106 107 -133 114 -139 -146 -142 -166 -190 181 200 173 188 135 -135 128 121 84 -125 118 118 81 9 33 -92 -6 145 -29 -121 -43 -125 173 -197 158 142 -216 -150 147 -180 142 -98 -123 -116 -129 -129 101 -102 -157 -72 -134 -110 102 -136 93 139 -129 100 112 137 -109 76 117 97 -127 78 -57 51 -50 17 12 -40 -15 -11 7 12 52 -61 -41 31 -53 -14 1 -2 45 -31 40 43 -63 -6 42 -39 -15 55 -7 11 53 60 -61 8 79 -88 91 137 133 -177 -165 104 125 97 71 -90 79 -87 -54 -64 -86 -15 -2 88 18 70 -91 51 -99 -89 96 148 155 -266 -306 255 215 -236 269 -115 191 193 -152 195 167 111 -139 108 -109 103 -57 -47 44 -45 27 -70 48 -13 122 38 58 -9 25 15 29 24 -33 -42 -30 -79 -21 50 65 49 71 67 24 80 96 74 -76 75 -56 -76 121 -38 -69 81 -60 83 138 139 -152 152 139 -165 172 -210 198 -202 -239 -250 -208 207 -239 -259 -231 196 -207 -193 194 202 235 183 106 -207 192 -176 171 158 194 -150 -112 77 210 -113 -156 150 -93 163 123 -150 137 -132 -112 -72 -102 177 -124 88 -122 122 121 -145 -110 -132 -132 -122 -135 -104 165 127 162 88 110 52 1 46 -103 -144 -152 132 123 218 -175 211 -65 -131 -136 -134 66 -128 198 99 -61 -79 67 -109 -126 -36 -43 -43 60 34 -12 1 3 -38 9 -40 -33 -19 5 -20 -17 2 55 -59 48 54 -72 99 -51 -96 54 -57 -52 96 -83 -83 -10 33 23 57 37 62 47 65 -35 19 56 -86 -105 126 -102 145 146 -129 -175 201 180 161 120 146 -186 -142 161 -228 88 184 -116 196 221 -157 141 158 156 -150 181 129 196 -146 -120 195 152 184 -134 -148 124 177 -191 208 -131 -202 -207 260 211 -203 -181 183 245 240 -173 211 157 158 -223 -212 21 -66 149 195 150 36 -142 -82 162 -114 174 -225 -130 150 -189 166 -169 -153 154 -145 113 -127 -190 -119 -140 -106 217 -148 77 131 -66 95 118 -117 131 -82 -99 -97 -23 -78 31 13 5 -36 -43 25 -38 -12 19 -108 186 -135 -168 195 -169 181 -146 177 107 147 -159 173 163 202 -162 -112 85 187 -148 -58 73 105 -92 119 -80 -64 116 -77 -54 92 105 97 -99 35 83 -86 112 101 96 59 -107 87 -121 133 206 202 -170 -195 -179 99 -110 76 76 85 -54 97 -84 94 -82 -73 -7 -74 88 32 28 7 53 13 74 -121 -48 -99 -103 -54 -92 87 81 5 67 -135 39 136 127 -125 155 133 -134 125 80 106 207 -127 69 114 139 69 -199 -151 -117 123 -117 172 91 -82 132 -116 91 -77 152 -147 109 -108 123 148 123 -71 -140 146 133 -215 -145 -135 165 -157 -176 210 172 134 194 -164 206 -171 -164 183 162 -154 183 172 155 -164 -162 94 128 167 125 -138 -70 -68 71 130 -97 121 -99 90 -219 -224 123 176 167 153 -150 211 167 146 91 91 -154 -123 124 57 155 154 200 -176 192 -171 127 -146 129 131 104 85 88 -74 -86 -64 -24 -59 -22 -11 105 -40 63 -75 79 60 -24 -31 91 -74 74 -62 29 12 -1 -45 -41 -34 18 -43 38 -60 -75 68 -23 -73 -113 -96 121 95 -181 145 115 -101 -150 -173 169 -116 192 -102 182 194 85 -103 -150 166 27 -80 137 -141 100 -97 -83 -84 -105 155 -70 112 137 173 -125 -115 113 130 97 -142 130 94 88 -87 90 -137 131 -126 162 -121 -96 -175 102 92 -80 64 18 11 -33 -15 83 -15 -96 -58 -52 3 -36 157 -145 -143 219 -151 -120 118 173 163 64 -13 104 162 -171 -75 -153 135 181 -116 -110 -165 136 -171 200 -180 -198 -213 -186 158 -162 -201 168 -120 163 161 -153 -168 152 141 -192 73 -169 119 140 103 -180 -135 75 -91 -113 78 95 21 -70 -62 -96 -96 25 -59 -89 -58 52 -61 -67 116 104 -110 128 -154 -132 -141 148 195 -94 -124 107 -125 121 -144 93 -125 100 -136 90 153 -135 136 -132 -181 242 230 287 -237 -218 -202 -267 234 190 192 172 -138 -159 -134 118 -117 176 123 134 -130 160 107 168 -178 -150 -106 -71 165 122 124 -33 50 -56 78 -72 96 93 101 136 123 -115 143 109 -92 131 75 -104 165 170 227 -264 -221 -237 222 -198 153 -140 -162 -132 -119 -68 52 40 -127 -93 118 104 -121 96 157 98 -108 -64 45 -64 -61 41 -103 -21 1 79 -128 -88 -154 157 -165 151 156 114 131 121 22 83 -59 -77 -126 -103 61 61 119 -124 -126 -155 -143 -142 151 -161 155 143 18 84 -19 -77 54 78 -49 -83 77 100 -89 -141 -177 80 182 159 -149 -175 -182 218 170 215 177 -158 -144 -171 -150 -149 157 161 -64 -135 -179 -175 126 -158 -194 -166 -189 -169 -129 -186 -196 -166 151 -149 141 -60 -51 -81 101 55 -78 54 -95 -89 55 65 -75 -37 52 -35 -156 98 92 -88 37 53 50 -59 48 -58 105 -83 107 151 -97 -111 -50 61 -36 109 -71 39 89 12 -27 -87 -7 -9 -70 27 -13 -30 -106 -21 -36 83 -56 63 53 -30 97 95 -85 58 65 78 -76 -88 -86 88 24 87 88 -126 -48 129 66 138 -61 -159 158 -107 145 146 -134 112 129 166 178 139 -86 -85 132 143 -95 -95 130 109 -82 -78 -97 -134 127 113 -26 88 60 3 -63 -3 37 57 -52 -25 -102 143 140 64 52 154 -139 -191 -107 165 -135 218 203 196 116 -182 178 246 -197 -198 -196 -187 138 -156 175 174 180 -112 162 -140 184 -159 -130 -152 126 -135 -130 98 128 -97 90 134 -135 45 -66 -110 96 103 121 78 68 47 -48 -63 50 -61 97 -94 -103 91 128 -154 -147 -169 -221 166 -165 -230 -228 195 235 -191 221 -214 -146 -219 -206 253 229 -241 -259 186 198 -205 -241 238 -174 210 -221 132 -114 -151 99 -78 21 -23 14 13 -66 62 -52 -7 -2 -89 97 94 52 90 176 145 -89 193 -215 -239 -208 196 185 194 -186 190 -161 135 141 141 127 134 -145 173 -168 -188 -138 182 179 148 -76 92 -156 -78 -150 -79 53 64 -114 162 49 128 88 135 147 -171 -118 143 -137 -198 153 209 -196 127 -93 -112 -92 -34 -116 71 127 -7 -50 89 -59 60 82 44 96 -118 110 55 70 -113 -133 -56 100 -105 -103 148 -194 122 -74 -155 -153 -164 -141 -206 -247 279 -216 -177 158 177 93 -123 -134 -179 -102 -125 -67 128 -113 58 115 -1 74 -82 113 -134 -128 151 129 134 148 158 152 -130 155 -139 139 155 -180 -132 202 -148 164 -171 155 -192 -165 229 159 -205 -173 130 136 -176 140 -127 156 -128 87 77 -46 -79 -48 110 99 -102 -105 -13 -68 -107 -55 -83 66 71 57 -19 67 89 63 -67 -52 -55 101 136 -112 154 -107 134 148 -163 160 -95 99 -217 203 -94 -15 -112 -191 152 -74 71 131 159 -63 -115 -22 -71 87 -86 -94 98 -68 -103 63 143 -45 55 108 -133 70 49 167 141 -172 177 -200 -161 -160 -179 -146 224 -243 -242 155 -160 -180 195 -194 156 -186 -160 151 -149 189 -206 -209 -166 167 -196 -225 -152 -178 -169 -134 -188 -126 -96 -148 -145 222 -194 -179 -128 -226 -182 -205 215 -233 -220 175 -226 -194 -165 -115 -99 139 118 76 -123 138 99 159 -98 63 -118 153 -161 137 -156 -150 -99 -154 141 -107 -90 -121 -171 -152 114 -139 -191 120 -60 -58 152 -148 111 112 47 125 -89 -52 52 -66 -82 71 -26 -48 7 -13 -54 -77 -116 66 79 -77 120 -117 79 108 39 129 153 100 103 133 148 -122 -137 -177 123 146 -147 -168 162 161 -137 -180 -136 -121 182 -146 -120 137 -155 166 159 144 72 -141 129 27 48 35 -26 29 23 -27 19 67 1 35 9 -87 -128 123 -61 122 -146 -151 217 -170 -191 -161 -178 -196 177 95 92 108 -141 -120 119 82 -90 127 -114 -49 107 -120 100 -101 -113 109 -139 117 147 -125 152 -153 -101 -126 -111 227 93 104 122 -197 162 215 209 -175 239 157 175 181 -169 -169 -141 127 -50 128 108 -86 -121 -24 -153 -138 -181 175 132 88 85 -118 121 -113 24 -126 -72 64 108 99 -73 101 179 117 118 119 188 -175 184 -128 -187 -151 164 144 -189 145 124 -157 113 -196 -142 87 138 -103 -81 -128 150 95 90 95 146 -85 -118 136 -125 -177 188 143 -216 -204 -243 228 -132 -150 186 -134 119 120 -120 -125 185 -110 153 -70 52 85 -123 -70 143 -153 133 77 71 122 -131 -129 -107 -100 140 140 -73 -82 -121 -102 -97 149 135 -183 99 -80 67 77 -55 -59 82 118 113 -27 75 138 161 -126 -94 -147 115 208 -167 169 -94 132 -80 114 -127 32 6 114 71 42 -1 -47 -42 -84 -55 -99 91 -104 -113 128 -156 -67 -124 147 122 -146 91 -140 -110 -93 113 84 55 96 83 115 -72 -60 76 -144 -165 155 123 175 193 141 -130 -138 -154 -172 213 233 171 153 127 176 -144 -179 -110 102 -141 157 175 -192 221 -236 -213 -237 -275 -265 -283 -216 256 -232 293 295 283 -194 -207 -224 153 132 -193 -174 -166 184 -146 -128 147 118 -202 180 -242 174 209 -198 -196 -205 205 -171 251 -208 -241 -221 -232 -204 178 75 -215 145 -152 206 98 121 -141 -173 184 165 148 -159 -131 -158 142 -198 -117 154 168 151 106 71 -111 -136 143 101 79 -132 -124 -90 -135 120 120 -61 -111 131 122 122 121 -91 -130 -166 138 -137 143 -123 159 -126 85 -92 -27 66 -61 71 114 -47 -116 -127 -104 103 116 -103 -124 -153 -105 -172 110 147 -177 -144 142 141 168 89 154 103 -43 87 90 113 -101 61 92 77 51 1 106 -136 -67 10 -54 -83 -65 -93 75 108 -115 103 123 -98 44 107 -66 109 92 -121 110 -135 -97 112 -101 64 116 -83 72 -78 -24 126 57 36 97 -36 -27 67 -115 105 -123 132 -135 146 97 142 100 88 -108 108 -162 -76 -101 86 99 -172 119 78 120 -135 158 155 176 -181 -177 84 -160 168 -225 205 165 -225 212 -206 156 -164 141 187 205 -177 168 147 180 -168 -223 -215 184 -194 -172 -165 -142 -130 191 -195 170 215 215 141 -243 -206 -146 235 274 224 -215 259 -239 -257 -178 -234 180 81 -92 169 163 -66 -104 72 104 91 3 140 63 90 101 57 36 -61 120 96 106 137 139 84 87 -143 201 -191 160 -109 87 -141 144 173 -159 -161 -208 214 209 183 -227 -201 267 -194 195 -210 -75 96 150 122 -117 -134 110 124 164 -150 -130 159 126 -134 -154 -120 -207 -154 183 191 187 201 140 115 -181 164 -212 191 -54 -149 -32 103 -134 161 -174 -138 129 148 70 134 -206 151 150 114 141 188 -141 153 189 172 167 -174 -123 141 -145 134 -79 100 -101 171 -156 -97 -63 -122 -155 109 -81 -154 124 -168 128 95 135 136 129 138 163 189 189 167 -149 -181 -139 -165 -78 -152 -116 158 173 222 -188 -114 116 144 -116 -126 76 -104 -131 143 -155 132 -102 165 148 -99 148 139 -119 133 114 -127 91 95 -104 104 -72 -38 15 -66 73 -66 37 -85 114 -119 -103 -72 105 183 -139 87 140 162 185 111 -99 -178 -105 -42 -64 131 160 53 29 -18 -97 -67 114 -94 -75 57 -95 -190 119 114 115 -111 84 -159 -96 -83 121 -84 52 147 -52 97 -95 -119 -101 -89 -84 106 -97 60 61 -115 161 -86 139 -93 119 -157 -163 -147 190 171 107 123 -156 128 -134 -115 77 169 -141 -39 74 -98 89 72 113 109 -93 -75 63 153 76 -101 131 146 171 148 84 -76 63 -101 -89 59 -161 -79 83 113 -103 -84 -133 -58 -70 -77 88 -133 -56 76 67 65 -38 -49 -31 13 46 -57 84 27 -18 -37 3 -73 -39 20 -3 -56 -5 68 -148 150 -149 156 -214 166 -159 200 -229 -209 -198 199 215 -240 183 -146 -143 158 200 160 -101 -162 -186 -152 131 -178 -158 97 104 145 -126 106 48 125 -80 68 60 -56 48 -79 15 -12 -51 0 53 -36 5 -13 106 103 117 -95 126 -176 -194 170 152 217 -149 86 -142 -102 131 102 -96 -141 -143 100 -182 92 -90 -99 -92 -166 -90 98 -82 -42 89 -55 -108 3 71 68 114 55 -50 -53 -52 103 75 74 114 -110 59 -18 71 93 28 -36 52 -37 44 -44 33 -14 -52 1 -40 -11 31 34 -73 44 -36 -36 -44 84 -130 -181 190 -177 -235 117 198 162 191 -199 -46 -113 111 138 -113 82 -87 -129 -120 93 118 -102 -109 -67 -134 -103 -64 146 160 205 -173 180 -174 -218 138 199 123 -169 -209 -160 212 100 -172 205 -159 164 162 170 189 -133 93 -112 120 -105 39 -30 29 64 -26 27 -49 -88 -134 83 -69 -92 126 124 179 126 137 118 143 -207 187 164 144 -136 70 153 137 186 178 -117 140 186 -172 169 148 -137 -100 97 142 -125 119 -45 -107 -147 151 140 159 -188 -159 200 -209 -214 170 133 -165 -158 -163 163 -121 -150 -185 139 151 -128 163 203 -213 135 -149 -114 102 -101 -119 162 138 -131 95 -145 -162 -209 187 -187 211 273 -190 -160 -171 180 211 136 216 177 116 149 -128 122 -145 102 134 -66 104 119 169 -106 -117 130 -94 -117 124 -182 -56 45 95 -112 -74 -90 107 95 -99 49 -104 99 -1 -49 25 36 -94 -70 -70 -140 184 -145 -171 -168 -110 142 128 188 -163 -138 146 -125 -102 -175 160 -88 -120 114 142 159 -144 -80 -140 106 62 -24 63 101 -54 34 -45 74 67 -82 75 -38 4 -88 -122 -79 82 102 49 89 -94 -101 124 104 -142 -97 90 -150 85 106 132 -115 121 -164 130 128 -60 -162 181 -145 -105 -86 -136 103 -100 94 147 158 -106 -155 131 -131 184 192 221 -143 -175 216 -166 91 -214 131 -143 -106 -188 -136 143 -146 -179 134 182 128 -174 227 198 184 -116 165 172 -176 125 -113 94 -70 46 53 27 67 -73 -46 27 100 18 -29 -76 -98 35 -14 99 111 98 52 134 -204 -157 144 -210 -214 -192 -203 -133 -133 -154 -183 155 207 161 -139 -105 154 178 169 -124 138 78 -139 133 -119 -136 132 141 124 -137 -117 -129 118 104 119 87 83 -61 -8 -58 42 45 33 -13 -23 22 -27 3 9 35 14 -13 13 24 12 -5 -12 -32 42 28 35 3 39 10 -1 0 13 27 4 10 17 39 -43 -69 37 43 -118 -67 -78 -60 53 65 -56 -47 102 71 -71 -71 85 82 59 60 65 -51 -47 -56 -99 -77 31 -103 71 -62 -100 -134 -82 87 50 -142 138 -129 -74 163 -148 -159 154 -106 -145 120 130 144 119 -133 121 -159 89 -91 -98 -124 -95 -101 98 -93 -131 -97 -133 -36 112 -75 95 89 -102 80 64 94 74 -111 -70 81 82 -145 79 116 -101 115 -171 -180 150 173 143 -133 154 170 145 155 89 58 -97 -162 125 150 148 -159 -129 200 158 184 -181 -199 -219 -123 -86 90 -121 -66 53 42 -33 -52 -12 12 -12 7 73 -14 -72 -52 24 4 16 -100 58 -87 71 -112 -83 -95 -115 -77 -88 -96 -145 106 106 -168 133 -162 -212 181 -133 165 -203 216 236 150 186 191 -129 -155 150 -144 -123 -123 -145 97 -149 -104 -107 91 -107 115 -100 -110 -73 -140 103 -105 142 -117 40 -85 -94 67 -57 -40 -42 54 -34 16 -51 35 -45 -61 42 73 6 -58 80 120 -37 -159 81 -90 -136 -77 -111 -71 -108 102 -127 96 -121 96 -188 -145 181 -238 208 -266 249 -208 -255 183 245 150 -159 205 -250 182 -151 146 157 -160 -151 -170 -94 -77 124 64 100 -45 -109 129 43 -29 86 60 18 66 -3 -25 -93 98 -77 -59 -19 123 -109 -112 178 94 170 204 -191 -141 -164 152 183 -149 -202 150 129 121 -133 117 -109 74 140 -64 112 -99 -94 90 -142 119 -92 -102 -115 93 -132 -95 128 -111 -122 115 116 -144 150 -137 143 110 143 -123 -93 -87 -137 -104 118 72 -151 77 -118 -60 107 19 -123 -124 125 -168 143 -131 153 111 137 -155 -76 -147 129 -134 -117 -182 163 136 137 146 152 100 186 102 148 -163 -186 104 -125 -125 137 -157 -165 -156 -211 -170 -173 -195 171 207 160 -263 196 -190 209 -184 163 241 -168 124 103 -57 117 136 -117 109 83 118 -94 -142 -111 138 152 140 102 -179 110 -54 67 -128 -90 -121 61 73 99 -101 -116 36 -15 63 72 -59 87 59 30 12 -9 -32 -97 -15 -62 -67 -75 107 -10 85 -64 -123 -154 156 -122 109 135 135 150 -118 188 -112 143 -146 185 148 -90 170 -172 116 45 -36 88 42 -84 -92 12 32 -9 -63 37 -80 -25 -85 -67 75 -64 107 74 97 -61 -151 85 114 123 -140 -119 70 -139 93 -109 26 116 -46 -67 -34 2 -44 -33 54 93 -98 -66 -82 107 65 -50 52 -37 58 53 56 63 -20 16 -3 -18 18 0 -5 -30 -119 140 -113 156 -185 152 230 229 -157 220 248 -253 200 -223 -206 237 -198 -209 192 80 -121 71 182 184 -152 -161 150 -124 177 150 86 157 122 -129 -105 146 77 110 -52 -161 -98 -133 188 -150 172 236 -244 -196 -179 116 -99 163 128 90 -71 -123 71 119 -120 -101 158 189 108 185 -104 -126 163 145 -133 125 137 90 -119 48 102 -90 -99 -82 40 -130 75 59 47 -89 58 150 -87 26 64 -61 141 -134 -136 115 -126 117 -150 91 -86 135 113 91 19 -67 111 -38 20 28 -70 27 39 -18 -15 21 18 -17 -72 -17 8 21 -28 20 12 11 22 8 -4 -5 19 -36 -48 33 -16 13 23 21 35 -59 -79 -52 -118 130 -120 -133 -123 -132 -154 -148 -82 -94 90 -99 -134 135 107 109 90 -114 29 -57 -90 152 -140 -174 -127 132 128 -128 -74 -179 107 138 -167 -171 -264 207 -270 -279 245 189 -143 -233 216 -90 -167 156 -193 131 -108 137 144 -134 140 111 145 -95 -139 75 149 -115 162 -104 73 157 118 -136 -165 -154 162 146 144 126 -109 121 -88 -134 104 -58 -118 -50 -81 63 -36 -150 57 -121 -92 68 -127 87 84 -102 -101 -139 -143 124 122 -85 114 170 160 -200 164 122 -119 -116 169 -131 -133 166 -195 -168 -231 -217 -216 200 -235 -233 -190 -200 -188 199 212 222 145 -148 -128 -147 -81 -108 -111 -92 116 -81 -77 -15 -118 -93 68 90 154 -150 -156 175 163 -139 -150 -117 139 115 118 -187 79 85 34 -111 -90 97 -41 52 81 -102 -46 -62 -132 -14 26 -68 75 3 34 116 -97 -88 -85 115 175 165 166 -187 167 -115 137 95 146 -130 81 119 131 109 -81 150 -139 -109 -162 185 -180 204 152 -122 132 177 179 156 -84 -77 -144 153 150 -211 208 235 -227 -193 181 184 -184 117 153 73 -119 -9 133 78 -78 91 -111 116 128 139 -143 148 127 -88 -139 134 69 65 -100 -127 88 86 130 -81 135 80 -115 -101 99 96 130 68 137 111 93 -134 136 12 134 -83 45 42 205 -74 -166 -84 124 185 198 -173 168 125 144 -95 -105 -130 137 -89 -160 120 -122 132 119 77 122 -124 135 148 152 160 206 -188 192 220 232 -213 157 -111 -196 -151 -170 113 172 102 141 -113 124 -183 125 138 -172 226 -250 -216 174 163 -162 -303 -210 -133 -180 221 -160 138 130 73 -148 145 115 -132 -146 139 -120 108 -115 98 -147 103 -178 -117 126 -143 -110 127 -79 -119 140 80 -98 -111 -2 -95 154 -119 -189 136 -185 147 186 162 161 -229 170 -142 -155 -186 -202 171 -158 152 171 158 -141 165 -184 165 -212 -195 159 157 -120 173 201 176 104 150 160 99 99 196 112 -110 -66 -114 -127 190 117 71 189 -219 -220 -238 -135 -130 -109 142 -188 -149 103 112 106 -91 -100 102 -104 136 -97 -99 -76 -1 30 62 -44 102 -12 78 16 65 90 97 -130 146 -126 108 -153 -127 -106 118 143 -153 -159 207 -165 -127 -134 208 -200 131 122 -168 152 -210 189 173 -246 -237 -245 -192 -179 238 188 -165 157 149 -145 -151 -180 -164 176 -164 220 195 -222 222 -199 -246 -175 169 187 -171 -173 -251 -195 -184 -218 -156 117 119 145 72 -94 -107 60 79 -141 -96 143 83 -94 125 74 112 114 157 -190 -176 201 -191 -121 151 -116 -135 -64 -76 -62 46 -62 -102 86 137 130 -139 151 121 -113 137 -157 117 112 -168 -163 188 -142 109 -127 145 138 184 -143 70 -102 -106 107 109 89 152 -146 -207 156 183 211 225 -198 222 -232 -234 166 -205 -178 194 -163 238 -136 174 -150 172 -186 104 -118 -121 115 59 -72 65 -81 -68 77 92 -110 -57 124 88 -95 27 81 31 76 -134 -116 -51 83 76 -72 51 70 -121 126 98 52 101 141 -150 -119 -157 -116 -132 134 78 113 111 -152 107 217 136 144 149 184 -191 -129 -137 -132 134 -130 -155 -104 -179 121 -144 78 128 -146 -157 96 -165 113 163 -150 -89 102 -127 79 -118 -61 -86 72 92 -71 -69 -27 -71 74 -10 -59 -12 -57 -24 -8 -129 37 -26 -74 -87 67 -111 -130 -169 153 84 -176 -133 -187 -170 -188 -118 -146 -71 -90 91 -106 106 79 80 127 -209 -187 -194 136 129 -172 122 -173 -161 -170 172 -301 289 -278 247 260 209 -214 179 -159 -202 141 -159 -135 -141 114 74 95 -109 -92 -129 128 201 228 224 212 -197 154 -195 -142 184 -91 -71 -125 60 126 121 82 63 -112 -71 119 -59 -88 72 -142 -87 -49 75 100 137 141 -103 92 193 -148 -148 -187 -182 -187 80 -129 115 76 -47 56 -46 60 -44 29 111 -85 96 -63 134 -136 172 -105 175 -139 -174 -91 168 97 168 178 -163 -160 -213 206 233 -177 210 -199 -196 181 154 -137 -111 -23 90 42 -140 -84 104 97 -107 99 -77 -89 -85 39 1 -60 -40 13 48 -39 -67 143 118 -123 83 93 -182 112 118 114 -131 -146 -125 -175 -128 159 224 -139 103 129 -138 -166 -102 -71 -68 -51 57 20 -3 -3 -34 17 6 50 -4 31 -41 17 77 86 -135 -149 107 -123 158 -164 -175 -201 -182 -145 221 120 -219 88 126 160 97 108 -105 61 71 129 -126 -114 -69 91 -149 116 -148 157 164 97 -181 -185 -103 120 -107 -124 212 271 -187 -190 220 165 177 -193 -150 -200 -165 -172 -92 -122 67 104 205 284 -205 184 300 252 -272 288 -243 255 251 -231 338 -245 318 -323 239 283 -214 -241 184 178 -153 -199 -208 -179 179 186 -188 149 149 123 -81 45 -66 147 -126 -111 -83 -71 -14 -122 -43 -103 102 70 20 -61 -82 -21 -43 52 53 -70 20 41 -30 -4 -45 11 20 33 -20 -68 20 -46 -103 -128 -157 114 -108 86 -58 128 -110 180 -112 110 -74 64 117 -173 100 -95 -160 -142 -151 -159 208 91 -114 -117 -70 76 17 -57 -30 76 -15 62 91 55 64 -38 32 53 42 -46 66 91 73 54 -76 74 -68 75 71 -43 30 95 -57 103 -119 -105 -134 -84 -116 113 128 -196 -123 211 -117 162 -154 -145 142 146 165 -146 -172 -145 -143 -65 92 141 162 -134 85 -76 138 -113 41 51 54 61 -60 32 43 -63 -68 -98 130 -147 -124 -98 -77 143 -159 -151 126 -169 -121 32 -112 111 -62 -139 153 62 -111 -83 -102 -116 -150 -146 -121 -92 -83 -201 231 -198 -75 153 174 193 -179 -127 128 -90 158 -58 51 -15 56 43 -26 -22 34 54 7 6 15 0 -19 36 -8 11 -29 15 -10 16 -32 35 37 35 -12 23 28 85 158 -117 -109 -129 120 -180 143 175 -216 232 235 -222 -272 -234 -170 -166 137 -163 91 66 36 -48 51 -71 -55 52 -53 41 44 73 -14 -92 90 108 66 95 -62 -71 -95 62 96 -83 -72 105 -72 -47 -44 -56 -31 48 10 -78 -52 43 -33 35 124 113 121 -133 190 161 -176 170 -163 -175 -134 143 112 133 153 -116 100 97 81 -146 75 -97 123 148 114 127 76 -97 85 -98 -77 -28 83 121 -35 111 51 89 -54 -132 55 31 -49 52 36 27 -54 43 49 46 -64 -66 -64 84 -130 -161 -132 -106 -194 -213 129 143 167 -145 -22 -84 93 112 -158 -167 -129 136 -182 -194 -179 146 150 176 -174 -175 126 -110 -109 151 -84 -143 -165 -176 158 -193 -256 194 -228 171 -228 -179 -168 147 -229 -227 -160 -126 -118 126 74 -78 10 -47 17 8 17 -5 66 23 0 14 3 30 16 15 -4 9 30 34 19 -53 -34 -3 -82 -55 83 -99 -82 0 -86 -94 92 125 -147 106 137 -131 -143 -192 -154 -123 -150 -120 118 185 -123 183 144 -160 82 -103 -105 -60 91 -139 80 28 100 -107 -119 -164 -147 126 180 -184 134 118 208 -169 -233 -131 175 -181 190 -142 -173 -130 80 183 129 -157 100 -77 118 -95 83 143 129 -127 141 106 77 154 -101 -146 111 -157 106 48 123 -108 87 -95 -143 110 -99 -95 36 -57 36 112 49 -75 48 -115 -127 -124 -27 100 179 115 -146 -220 169 -186 177 -174 -126 -143 115 -142 -97 -90 102 -87 35 48 83 44 67 -98 -74 95 -19 15 -6 26 -29 -33 -32 54 -48 26 -21 25 -40 -77 20 5 67 -40 -67 47 -88 71 35 49 47 12 -58 49 -28 -68 -6 49 25 64 -3 -79 74 123 -92 86 -92 158 -126 139 -56 119 82 126 151 124 -135 -151 205 137 -206 197 -229 -234 183 120 197 -162 -145 -140 -64 -68 -39 -73 129 74 14 -87 -99 -113 154 172 124 135 132 -134 -37 65 -50 45 144 -130 -70 93 164 -184 168 171 -144 108 144 125 -118 -188 -102 -78 123 -123 -155 -191 117 -195 176 209 149 162 -211 206 176 -205 201 -198 203 120 199 148 118 -90 69 92 84 -110 -79 -36 -86 31 20 34 -26 13 1 12 12 25 -23 -10 -3 -14 -3 4 18 -40 -27 35 -68 8 -74 -139 98 36 139 189 -249 223 220 -215 -180 132 169 138 101 116 -157 92 73 90 -129 -91 -147 -102 -96 114 -145 129 -79 71 -97 96 -91 143 134 83 -79 187 -166 104 -145 134 174 180 69 150 -117 144 103 98 139 -115 -6 56 6 90 141 -97 -62 -111 -146 116 194 202 -114 -119 71 -103 1 -91 -74 -27 -69 63 60 -33 -31 -77 63 41 -45 74 -77 49 -28 -85 34 48 -53 77 -12 -95 83 90 75 -50 23 100 -84 107 -109 85 99 -142 76 132 98 -111 126 128 143 129 -148 -203 234 185 167 -172 131 160 203 164 -206 119 -155 -188 -149 163 239 -207 -188 -132 -107 -79 98 -63 65 100 -21 -90 63 -93 -16 81 107 94 -93 133 -105 -9 80 89 -82 -77 127 -73 76 -63 -151 33 -161 -102 71 -144 -202 179 153 -209 -145 -88 78 145 121 -118 -139 26 -89 47 -138 -76 -73 -65 -46 42 82 -99 63 -24 -75 96 165 88 -130 178 -184 219 262 -204 88 129 184 -139 67 -121 83 -109 64 -128 79 -164 -83 -150 104 -120 93 -96 62 -96 99 12 44 -88 89 32 68 -72 -1 44 116 -163 135 87 -114 -126 -151 192 174 69 -130 -171 -113 83 -128 -127 155 185 -181 -187 172 202 184 -182 -91 -139 132 173 183 -134 187 174 188 -188 -223 172 -142 180 183 214 -128 -109 103 -157 219 -209 185 243 194 -210 140 -91 -151 140 141 67 100 -116 87 36 -41 -133 -107 57 -42 -80 64 45 -34 46 -79 56 57 -83 6 20 76 -14 55 43 -72 59 108 -148 132 94 100 -104 -183 164 -107 128 -122 222 -122 -197 213 176 -211 188 -191 -242 -183 194 254 225 162 245 214 178 -226 170 -185 205 147 -134 94 128 72 -121 47 48 -85 77 -117 -129 -94 -97 95 -43 -75 80 79 1 -81 78 -123 -71 110 -123 107 132 108 144 69 77 66 -72 -25 -87 58 46 -97 145 169 139 93 93 139 -197 -153 -113 109 121 -135 207 147 177 178 -160 172 149 173 117 -96 -113 41 44 36 86 59 -75 -22 -141 -53 77 -65 63 -123 -93 -58 8 -107 23 13 -139 -138 170 208 184 135 -181 -189 -176 -167 171 -163 -197 -128 -178 -146 174 179 -172 197 198 191 242 -274 220 243 254 -204 -188 -182 -222 -186 142 -160 -110 170 -95 120 88 -57 109 -128 -110 154 -165 155 -169 142 148 171 -197 211 -267 189 -238 220 201 -242 -130 -143 -90 -128 139 -71 129 75 -116 -80 -74 -87 -81 143 89 192 -193 176 -235 -158 168 170 -156 -230 -186 198 -154 -194 -87 -194 -165 154 217 225 -194 161 150 -152 -151 -109 89 -87 137 94 110 73 -85 89 -98 48 79 130 -115 70 159 133 -105 -154 -187 245 -131 121 223 170 160 -153 151 -152 118 -147 -147 -96 109 -86 140 87 -48 2 111 -86 -80 -110 -84 -74 72 84 -65 54 87 -66 -110 99 -79 -159 -131 -126 -112 116 139 182 161 126 114 68 -72 174 -144 155 208 228 142 -200 -134 158 148 -199 -147 70 64 110 84 36 -131 67 58 -76 -101 92 133 107 -117 -92 137 106 -160 104 155 -144 -150 114 -109 -92 -65 122 114 125 -103 -77 132 -112 -97 -130 126 -137 150 126 137 -153 152 -192 134 -125 161 -162 -121 -152 -211 -151 -150 -155 -227 217 -144 -151 203 152 165 -151 159 -169 161 127 209 -153 -155 163 -129 108 -139 -140 -184 135 -169 -210 129 -188 -224 204 -280 -207 -275 -256 -256 -263 255 -154 -173 -180 -184 154 148 168 176 -155 -144 142 -177 156 176 -148 -128 180 -106 -125 99 105 -116 142 -108 -184 143 -187 139 134 -156 135 123 -128 -172 -178 117 -165 -167 155 -164 -176 115 104 107 177 161 -220 -196 212 217 139 -199 -224 202 155 -161 -150 -198 -128 139 126 -159 232 -194 -106 175 122 -108 235 -193 -209 -231 204 -224 -182 192 -159 174 -216 -72 90 -114 -105 148 159 -67 -120 -93 52 -98 -84 131 -157 176 -169 175 199 160 188 196 -173 171 191 197 -165 -150 -125 -193 101 96 45 159 21 -90 88 143 -150 128 101 149 146 102 12 102 -18 21 43 -106 -117 82 67 -131 -111 -165 -129 -64 120 144 -120 197 -150 -136 -112 116 -102 66 -108 75 -84 -125 24 -54 -28 -46 17 -75 -105 -89 61 120 -129 -182 -144 191 188 -156 183 189 -153 137 172 -143 -158 77 61 -1 -76 88 -99 -15 -38 -72 -56 -21 31 53 35 6 4 37 20 53 19 -21 -37 27 -16 -24 23 1 -3 -5 4 38 37 -55 35 -97 29 80 -44 40 -112 95 -87 136 116 -83 189 110 60 125 -130 106 191 245 -182 171 -229 182 -229 -169 -191 232 165 -167 -207 168 -183 -216 -143 -91 -119 -150 -119 165 76 -83 91 77 -68 -75 83 -95 64 -77 85 -10 -107 -125 -137 -109 136 -121 162 -133 -145 -156 200 -244 273 188 210 -194 201 -207 270 -276 -230 -252 241 164 -114 148 -130 -167 119 -222 -121 146
6144,80 -140 -44 -104 -45 -145 21 65 93 -136 29 82 -61 77 85 135 -32 -76 -30 -140 83 97 123 23 -17 21 -139 63 -7 182 -26 36 -136 16 -104 -160 99 58 16 -63 -108 -44 -120 -100 -4 -149 54 16 -21 -45 48 -120 -135 7 -60 -170 94 -61 -27 -133 -137 99 -94 -91 48 83 -9 91 182 -10 68 -135 -55 63 41 12 64 72 -103 -83 -80 121 44 81 -66 -100 -131 152 42 163 38 -102 13 174 -45 58 73 -36 -20 -132 140 -72 -54 139 25 90 -18 -118 55 -26 -41 111 22 213 111 -95 105 -50 -55 78 49 35 93 50 -25 -52 105 -74 148 60 31 -55 -70 -105 97 -94 110 123 -50 64 -116 -149 -12 -79 45 112 -105 -99 -70 -130 18 138 103 -58 -54 47 174 61 -42 -8 50 -53 -108 -126 -90 -72 -70 -68 -101 -103 -139 -123 -14 -27 -17 20 -137 86 44 -55 -188 29 27 28 -126 -162 11 -93 -138 23 -55 57 -53 -59 50 -152 75 102 -88 -13 -11 41 105 88 -18 53 26 88 -25 130 -173 -107 -65 -141 -99 -115 96 87 -70 -59 -56 106 47 -179 -93 69 129 154 -106 -78 -74 -14 -79 -171 -151 -20 -48 -57 -92 145 112 -195 24 -1 -71 31 -105 27 -117 109 -152 -100 11 -66 70 -86 -38 167 125 136 108 82 107 -182 140 -6 6 49 80 121 -132 96 -23 -6 -78 4 14 10 -67 -48 67 -192 -76 82 -43 -75 -108 -131 88 -103 57 -111 72 122 -4 27 -80 91 -147 -26 105 -106 -63 0 11 -49 -69 172 -16 94 118 -115 109 148 135 149 95 -44 -32 -86 -106 -114 51 -56 78 -129 -1 -108 76 -47 81 158 55 -18 -55 137 -115 -1 59 129 118 16 -136 -44 40 -54 143 24 62 118 -45 -162 -107 112 -65 -58 -204 58 -138 -84 178 -83 88 88 104 43 29 -17 -95 172 -120 -18 -52 125 -78 7 -147 86 -65 110 123 173 -85 76 76 -148 -98 -130 -101 -63 -99 -130 -58 103 -30 -81 86 -8 -74 45 131 -23 -138 -3 68 -10 110 -44 -52 -173 -76 48 -119 -49 6 22 -172 35 122 20 57 163 -24 -167 -67 17 54 54 97 -155 -67 -105 -79 -82 68 -46 -38 85 -43 66 -60 68 -20 -55 78 20 -112 -100 49 121 121 -44 94 -40 -125 -61 -119 152 138 -160 -90 -94 16 70 123 -142 -60 -114 -112 -112 -67 39 88 -115 187 0 50 -81 27 1 67 44 -92 -47 -9 -142 55 121 26 -32 119 -109 -44 93 -57 64 70 44 -70 -38 -91 68 54 -104 -67 -67 -190 -36 108 -144 31 125 -102 -29 -58 57 51 115 -75 -41 -90 78 -226 17 102 -50 135 -96 -39 147 -100 68 -137 9 -19 140 126 93 41 83 -48 135 52 91 -162 -33 -131 -154 108 -109 49 -78 0 -135 -16 63 122 46 -130 75 96 75 19 35 -111 78 133 177 4 -79 36 -49 169 85 69 33 -100 -48 5 229 -53 -99 -17 112 -41 63 -118 27 49 -70 148 54 -84 -123 78 77 63 96 -74 42 -112 -88 -35 49 181 126 143 69 151 -2 45 113 -48 -150 72 121 -91 -111 55 94 -63 113 5 -232 150 -72 153 47 76 10 -175 152 224 98 -81 159 -27 65 238 40 126 -52 102 120 96 -96 51 30 -52 44 124 -13 18 -19 -161 -70 -83 120 127 187 -60 29 13 103 -93 51 -61 116 -125 -56 -67 85 -23 -164 56 32 -22 -68 -5 -117 49 -3 103 -61 -110 -71 6 -188 54 -36 -99 -62 -97 -35 52 -100 57 93 -118 35 -91 -19 170 120 -3 -69 -85 28 -103 -112 -123 35 162 -66 114 -129 -58 -44 5 107 161 52 67 134 40 -66 -124 0 127 103 6 46 -8 99 87 -117 56 -16 -104 -96 -57 74 68 113 37 -109 107 -99 89 39 -40 96 71 89 -71 -61 39 -96 -215 219 -25 -11 107 -125 -132 96 -118 117 -98 -82 190 -127 64 -133 48 97 -30 -21 -45 -87 -80 139 166 -35 54 -125 -111 -41 -176 -176 44 215 -13 -140 83 -147 94 -24 58 91 -119 90 -75 -43 -84 -98 -108 28 -135 -60 -68 144 -90 -128 139 112 83 112 138 91 -207 -35 97 108 -74 -30 -51 -93 -72 70 -96 107 -137 -82 -28 -80 107 78 6 -106 -25 79 -104 -104 121 91 -4 146 139 41 -19 68 -95 -38 46 -65 124 -109 -61 119 27 -34 121 -136 155 78 -112 98 1 91 -110 117 -101 117 -108 83 62 -15 93 131 20 -126 77 158 -135 62 -177 -29 26 6 -44 -91 158 10 54 21 104 67 43 49 -124 -70 79 -49 -23 -76 -70 18 31 -89 -65 -123 -69 71 58 -88 -120 -125 -82 -169 -102 134 -72 136 75 -68 59 186 -92 -132 -73 23 -105 59 -146 -119 96 25 -62 82 -79 84 90 -82 -42 52 -108 -41 -144 172 -143 -63 129 -170 121 88 136 -75 2 6 -80 -130 97 116 73 -72 -87 59 -40 -43 -126 -80 -101 -154 106 -84 -17 -79 -114 -63 -81 57 -126 -131 4 138 -18 -3 -142 -36 -92 54 -101 -143 169 -126 208 89 -157 7 28 30 58 126 -117 107 0 87 -55 -75 -11 -76 -35 -111 102 78 82 67 -45 15 -67 15 -91 115 69 95 -145 87 6 -62 -65 -104 163 -8 20 -65 101 -42 116 37 121 -114 106 -148 -53 -55 -33 -67 -165 -112 -96 -166 -116 141 -16 119 102 -96 58 105 91 -7 163 -131 102 101 19 -22 89 2 -66 154 21 141 -138 -111 61 -90 63 22 -94 30 -88 108 -130 0 -167 64 -129 -6 -70 80 51 -95 -89 -88 34 54 91 -41 -147 -27 100 -132 -64 98 91 -30 135 175 52 -115 148 -57 -72 88 -150 -73 -11 122 38 -3 57 -10 74 69 -94 -136 57 37 187 89 36 101 -68 -3 55 125 -180 -80 46 -72 -71 177 -62 -49 -55 -39 120 -70 153 -138 -105 -50 -63 -144 61 76 132 83 -50 -51 156 -190 155 73 -164 94 107 -105 32 75 -137 -41 74 93 74 51 -50 77 147 76 -156 90 66 3 100 108 -69 -125 -130 110 28 26 -4 -34 -16 -113 -77 -44 -131 94 63 -126 -98 -40 35 105 -87 -63 4 -48 130 35 -158 146 20 -31 28 -175 -134 47 76 -141 -151 -63 9 -62 79 74 -98 -85 -111 65 -42 118 160 73 -126 67 -110 34 -148 64 94 -126 42 -122 3 -21 78 -133 68 -147 -35 -140 119 -145 -46 -119 -38 -39 37 -54 42 -133 -64 -147 -100 100 -101 64 -129 -98 100 -75 -81 20 -108 76 -148 10 23 71 91 10 -111 72 -93 112 -8 53 147 4 44 53 -80 38 7 -43 -145 -82 -4 88 -167 90 -102 110 -31 124 -64 -45 13 63 173 61 -71 -161 93 35 166 -20 20 -11 54 95 87 80 -140 129 21 -78 17 89 -95 16 117 -25 147 -23 -107 28 130 105 42 -39 162 219 -50 117 103 -103 163 133 -169 12 -107 -94 69 77 -129 27 -27 -6 89 -114 95 -160 -76 -106 -71 36 -157 62 119 -171 -89 86 136 -107 90 -145 107 204 -94 -74 -101 58 109 -25 56 -99 174 75 -86 -11 -126 137 94 20 -156 113 -84 -83 205 98 58 79 30 4 -78 58 82 8 -60 -59 -86 -36 130 -5 117 -127 122 132 -15 169 58 -33 79 138 -226 -71 -40 97 -103 116 67 -169 140 87 59 71 125 -44 -103 -35 38 127 53 79 28 -152 -66 -22 106 14 -147 -47 -80 65 125 101 120 221 163 -79 -69 -11 -20 91 -99 -86 -99 50 108 23 126 70 -99 -109 -152 7 -119 -30 -149 77 -80 -86 106 -171 -29 47 109 18 -5 88 -19 -66 -8 56 -91 60 -90 -115 -28 73 28 81 33 -38 74 -146 71 101 92 17 140 -83 101 -60 34 -161 5 -84 80 -22 91 128 84 -53 51 -169 -69 123 -143 -115 -70 -205 -1 17 100 181 -145 -89 59 74 -55 119 -118 80 -41 47 119 -115 -77 -256 -119 -182 -123 -33 -82 53 -114 86 -82 102 47 -23 1 -120 66 -120 -137 12 144 42 161 7 -156 30 -80 -21 115 114 120 -94 99 -3 -76 -87 11 96 164 -131 78 -234 -79 114 -19 -132 -101 40 3 -91 64 181 23 -206 -134 -35 -68 35 132 19 -180 48 58 98 102 -129 154 88 -78 125 112 -117 61 122 -73 -60 90 -92 26 68 -35 -52 -94 -39 -44 -63 173 -44 92 156 198 59 -45 156 24 -28 -24 69 -84 124 -128 -6 -93 -47 -116 -76 -110 -98 177 75 130 44 3 83 -126 -122 -93 -37 -89 -54 95 -156 -76 158 184 -54 -57 -34 -88 -48 148 -112 -88 57 -103 -19 -64 48 -163 33 -82 -88 -100 120 -2 -207 66 23 -114 -77 91 -6 -21 -84 138 -88 15 70 -50 51 65 6 -2 -29 -145 -29 -58 -104 -145 -106 124 86 -17 240 -32 -94 24 -10 38 -154 158 -86 -44 51 -31 -22 -123 -11 63 7 -71 -100 -53 9 -138 69 -166 95 -102 157 -66 -34 103 123 -57 46 74 -135 26 -87 91 -58 -139 -76 121 153 116 -54 96 -89 -25 -56 -149 134 -124 -39 -101 66 -114 -82 66 -89 77 5 -68 82 121 94 -32 47 -90 65 -89 47 -90 -19 -31 140 113 191 105 -80 65 141 126 111 -107 -114 -112 4 121 108 -118 -35 -134 -116 134 69 -143 65 -33 171 109 -59 73 -84 95 26 -53 93 -169 -50 137 -82 -60 92 -62 -30 -120 119 -75 -26 -58 47 139 -136 89 -3 -119 -67 -50 7 128 138 72 33 27 82 66 -24 -26 -43 -121 68 100 -110 -197 -41 -177 -145 -103 -131 63 -181 51 -94 -176 -71 93 -42 0 138 115 102 -31 91 112 -74 -139 49 62 -142 96 96 91 -124 106 39 34 -107 57 -84 -88 -89 -40 -109 76 102 138 112 82 -116 -115 -133 174 20 93 94 83 -60 31 83 47 126 101 115 -57 57 32 68 -197 -45 122 182 132 -7 33 82 122 -96 125 -62 30 -176 198 -56 -95 -86 -95 -111 -81 134 -128 124 -117 71 105 65 67 -103 50 70 -158 82 47 -157 41 80 -63 -53 90 128 -84 105 69 90 66 -35 -26 -32 25 -44 -120 20 -34 -172 45 37 47 -189 121 -112 -28 -147 -29 67 115 128 143 50 72 71 -131 -88 12 -48 -90 -26 44 78 -95 -147 -4 -36 -140 -30 -89 42 56 -74 -19 -130 -77 36 -92 -42 63 95 143 83 63 -76 -86 81 14 -154 -96 130 157 -45 126 -74 -116 -135 -21 -147 104 52 -52 153 -100 81 151 58 -7 107 108 117 -141 28 -48 60 -121 -129 -106 -117 -14 52 -82 -139 70 11 119 -135 -80 -61 101 -79 -111 -126 -40 -52 -172 -90 -152 -42 -1 102 27 88 78 115 32 93 55 107 104 -119 -91 30 106 112 -101 62 74 20 -115 -102 111 91 -24 -159 123 -184 56 -128 1 -98 62 -137 149 63 60 8 -27 -49 -57 -17 30 -62 89 -94 -57 100 47 -50 95 47 -166 -1 30 78 -111 -187 22 114 77 94 88 126 -7 -50 -107 102 33 55 145 -44 108 -56 -115 -15 59 -186 90 104 17 -97 -16 75 150 -61 -7 -39 -82 -28 45 157 -74 -128 42 -103 45 98 -39 -145 -69 -27 73 79 -89 -60 42 -15 131 -135 -89 189 145 -93 52 -105 60 -69 46 -69 65 7 24 24 -27 -88 -94 52 31 -156 36 43 75 123 -39 -26 59 15 -117 113 197 148 -19 -82 111 -94 -117 13 57 -178 33 67 80 -6 98 -72 -68 -10 -28 -91 48 -10 107 42 -26 -28 24 -109 51 -67 -133 -11 93 44 -11 133 -99 -116 63 113 -32 -68 -117 -73 -62 -36 -36 110 25 -109 -102 55 -42 20 99 -125 80 113 -58 101 -37 7 77 -114 60 -96 -16 140 -107 74 -52 -77 -120 164 41 80 30 -229 -3 72 100 123 62 -137 120 -137 94 -40 -10 12 197 65 176 -67 147 -17 42 -11 45 92 1 126 -58 128 -9 -52 49 -94 56 9 -88 111 -66 153 -121 103 -184 99 -44 -101 -7 -128 -92 -101 79 -148 -48 106 -92 34 54 -24 64 -103 -4 -102 153 24 108 42 82 -41 -175 -95 -58 63 -24 69 55 142 -31 91 17 -31 -54 -10 55 -103 27 -85 -135 -154 -70 3 -51 27 -90 63 111 12 -185 109 149 -109 -87 -102 49 -63 -40 -78 12 103 67 74 -58 -5 76 95 63 -9 -53 4 -125 -97 -51 135 -95 61 102 12 -96 47 -164 -118 113 -79 -53 97 79 -90 -133 -109 -43 -163 120 104 142 -96 -28 52 -34 -140 2 170 -83 30 105 -140 -8 -33 -118 75 45 -6 -89 -108 -58 -44 -137 152 -37 68 56 -100 -33 130 31 98 -44 38 -70 -128 117 -142 69 -53 -81 50 21 -70 -99 48 -106 64 113 -79 111 -117 -156 -165 -54 -87 -172 -1 22 -65 -61 91 103 -100 128 34 102 -34 -99 112 2 -56 64 -142 -53 -13 -46 -109 -95 87 -187 -79 -88 59 64 -143 -155 -85 53 -51 48 -178 116 -130 100 125 -11 146 -168 148 78 30 -145 -39 -122 37 194 125 34 70 13 109 -16 -65 -145 64 45 -118 -76 -15 179 45 93 -55 -6 91 -108 33 17 -77 -17 -89 -52 6 84 88 20 112 -31 191 141 145 72 116 -5 195 -74 83 129 -100 117 -42 121 6 -84 -122 30 -9 -48 -19 -9 54 -126 75 49 -44 -113 114 -167 -104 -146 -85 50 -90 166 160 66 145 -123 -47 -76 -72 -96 30 29 -37 -77 -19 -67 119 -39 -92 181 -127 -5 -107 40 28 -73 87 108 -90 -81 117 27 102 -93 -132 147 -52 122 66 33 129 -168 83 -10 -121 110 117 -5 -34 -63 -125 -56 144 112 31 -12 111 141 25 -145 148 -46 174 -63 14 83 26 -145 -80 101 31 62 124 89 -55 123 118 117 137 77 -18 -152 -7 -102 190 -119 -27 -8 117 -144 -92 88 -71 -42 44 67 84 -139 -98 121 187 33 -85 212 15 -135 -35 -148 -9 -60 -95 -161 -70 -31 101 123 -107 -147 144 -27 45 129 6 -29 -136 -80 -68 -117 -101 94 -143 103 -65 -92 -111 -62 -56 5 45 -96 -119 -102 -126 20 -164 62 -57 3 132 72 -160 116 26 93 -91 80 -67 12 -136 68 -122 -124 -26 189 -219 -12 -22 -103 81 85 -44 61 43 19 -43 -83 -48 -27 -72 -107 85 91 -82 135 -72 -147 -162 107 56 -138 -21 42 -72 94 105 -62 -83 -77 -97 -86 -147 115 58 137 -2 -8 15 60 93 -141 -9 84 -63 -123 -5 -103 103 58 -38 200 -150 148 57 13 157 142 176 93 -79 76 -52 86 29 -85 -125 -105 -12 -87 -138 86 -135 229 -132 -32 136 53 -86 88 106 -41 99 148 -193 -95 129 111 59 108 -73 35 -144 -130 -206 -52 42 80 -41 -20 48 -93 153 49 -73 -42 7 23 -99 -59 105 -86 -200 94 -149 -134 -79 106 17 -104 94 -155 -185 67 101 103 -117 -66 28 168 -171 -75 101 -201 16 -146 -61 -107 -132 71 -124 38 179 -66 68 -27 -109 -180 -76 86 88 68 -66 118 36 21 -87 -77 13 -57 -19 -54 99 56 69 98 85 -142 -135 13 49 72 138 136 -75 -74 -68 -97 34 83 -87 140 95 -1 86 75 66 20 -65 -51 -76 56 -37 -118 -142 92 68 -46 -75 74 122 -83 71 -76 -61 1 77 -32 -52 130 76 122 98 -59 106 67 159 70 -69 67 -25 76 -34 102 -32 -47 -98 -61 -106 88 121 -60 -51 -113 17 -112 162 84 -152 -24 26 -77 -104 -86 -102 -182 144 -17 63 -23 91 80 -111 -149 20 -125 -97 91 -93 42 108 -97 -45 -101 54 -13 -115 -90 -116 -77 4 -71 -16 -78 121 118 113 3 99 104 -198 -53 -96 78 51 144 -129 -134 74 43 10 92 -113 35 -40 -31 18 119 -100 46 190 -62 61 -55 -36 115 -44 57 63 145 90 114 57 -102 -45 -143 131 110 120 -82 -161 197 -123 56 -99 -112 -41 -147 57 -10 -15 48 -124 -56 -121 114 65 51 -138 -111 -161 71 -140 -80 -72 -122 29 -88 115 -29 49 -30 -7 -145 110 -137 102 -112 -175 1 -68 -12 -108 16 -67 -2 -105 50 95 -69 72 10 -131 54 87 93 -131 66 82 -150 -33 35 -199 87 63 98 69 -67 -123 -93 -75 134 -113 -95 57 111 79 -50 -47 129 87 77 -74 -79 127 51 -90 -54 50 -21 -48 150 130 19 121 43 17 84 116 115 64 -45 -93 42 -69 -64 -62 -76 -121 -90 24 22 6 79 148 -128 69 -47 146 87 -116 -88 -37 -52 -36 -40 14 30 -68 127 -159 42 22 141 121 -59 105 -65 95 -133 4 -129 40 68 -157 170 7 85 122 29 1 62 73 35 -48 45 123 70 -136 127 -79 100 13 -90 -72 73 -11 -28 -125 52 118 109 -48 77 -188 -64 -103 -180 74 60 -132 125 -38 154 97 -4 44 183 105 154 46 -142 -68 -123 -151 -132 41 -104 -19 -108 -85 128 -45 -75 109 161 58 144 190 10 97 83 -158 -35 -35 -70 176 127 -105 38 121 69 72 139 -97 -109 -95 94 -2 81 49 127 134 95 38 66 139 131 -53 27 18 -70 -37 -207 -73 -51 51 67 101 149 127 -19 70 -51 73 -89 -84 40 -83 133 -81 -23 -26 -40 -4 175 -105 -129 96 19 -28 20 -41 -102 88 -79 -72 -47 -33 69 -24 2 -166 -22 -162 116 -19 -61 -24 -46 -80 163 96 17 71 32 -65 -57 41 -158 -80 -143 -12 -88 -115 48 5 -29 30 189 -75 90 101 101 89 -48 -46 156 -120 -52 -134 96 45 20 -98 106 -47 -61 85 -17 -137 52 -75 87 179 -130 26 -90 -75 109 -30 -144 3 -67 72 33 5 75 125 29 -14 86 33 132 141 34 61 151 55 -32 65 -146 -124 -47 147 63 -93 -9 169 -99 98 102 44 19 -133 -95 129 -55 -118 235 69 63 59 88 -24 50 -89 -69 -2 -110 59 -32 102 43 107 -103 -98 -59 128 -113 -167 213 93 -97 122 -79 -129 -105 -43 -42 -106 -58 120 -77 -71 -76 141 82 -137 -59 61 100 -86 -83 -51 -54 -114 -29 191 -85 122 122 173 -14 73 48 -152 -59 -97 -35 -12 -112 81 46 -84 49 65 154 -113 -146 -99 90 -118 -128 58 11 -125 38 -85 43 105 65 132 42 109 -91 -131 54 -83 -4 33 -88 26 -76 62 123 -100 -81 34 162 45 -120 55 183 125 -179 26 -86 -78 106 42 155 42 189 75 -92 -117 -11 -126 -139 -5 -151 -38 53 51 -5 107 68 38 68 47 78 61 -103 132 -128 -118 -62 83 -166 -65 -72 -67 -114 37 -106 20 92 54 131 48 9 118 49 -186 -49 -54 129 134 17 -143 -103 95 18 -7 -26 -6 80 -26 -196 -139 137 98 -81 -91 -140 -71 -81 64 -80 -45 151 63 8 40 -78 82 68 83 53 108 -73 -165 -102 163 -55 -75 80 46 -79 47 48 -109 85 167 -72 83 -86 -53 -14 82 58 -44 112 -96 -147 84 104 -56 -49 26 -33 -167 74 -23 55 60 99 -95 124 72 -1 -100 158 117 -53 177 75 67 146 109 103 42 -107 -83 -190 -54 53 40 -81 7 167 -67 -108 -76 -114 169 -39 75 -146 1 -59 19 -21 -120 154 -140 64 -59 -130 -70 -98 47 39 -7 -88 -127 -61 -106 87 121 -10 -40 -30 141 84 -36 -84 180 -78 45 94 -61 93 188 162 80 57 -167 -82 -94 -77 -94 -114 -50 98 150 -74 -84 -81 -87 110 -15 -96 -147 71 108 -114 12 5 96 -99 -63 71 -39 84 -86 105 -96 29 183 -26 -112 -47 108 -114 56 -157 -65 66 68 65 -100 -173 -43 -71 -90 99 106 15 -22 -101 -18 -75 -128 100 58 151 -69 -102 -74 -46 160 16 81 176 -120 -157 55 140 -95 216 -138 123 161 89 -79 -41 52 92 -55 55 -102 -41 74 84 24 44 -119 -97 -47 131 -57 -68 -124 -78 98 -65 48 -64 112 104 92 -33 72 -68 85 37 91 -126 -60 -93 -84 69 42 78 85 -83 92 90 74 -113 -10 -64 86 22 -106 5 95 -106 117 -88 40 56 -81 -112 -85 139 -83 15 79 162 -26 106 82 154 -65 -17 -58 -121 90 -37 143 63 64 -11 -6 -23 65 51 -149 67 24 -80 -104 111 49 3 -137 39 -72 -15 76 -47 -101 -73 97 -115 -152 -53 -51 77 -59 -125 -17 55 -57 112 -63 119 -106 -66 -157 39 -99 16 108 -82 -81 -71 -87 137 -69 134 -125 -53 -169 -174 -36 142 -107 -71 146 -56 197 93 -106 39 68 -103 32 -68 55 -113 -49 -47 -77 135 13 -101 -21 -67 80 52 59 -59 161 -33 28 49 167 -104 -145 -49 -92 13 59 50 29 -48 -72 26 -82 16 -135 -186 15 -165 -13 -128 -108 -57 -119 139 71 52 16 -130 36 95 -84 -23 -83 -72 -79 173 114 -131 96 -111 -111 -61 -110 11 -133 143 13 82 65 -97 97 -96 -106 -73 -122 105 -113 31 -39 196 32 -193 49 122 -60 -36 7 -122 193 -79 112 -87 37 70 -32 -162 61 -203 -85 -21 -103 31 97 -106 -138 -115 101 83 8 -65 -81 60 38 -20 9 -130 165 32 53 27 136 160 -32 -108 8 -96 -142 -136 -30 -63 -79 6 60 -92 29 39 -23 205 28 84 -127 -75 67 27 -7 -59 183 128 -34 -214 -137 -41 96 89 -83 42 -81 110 168 -131 -103 94 71 -204 33 -175 130 -94 65 -8 71 -185 114 -93 146 69 78 -109 -98 105 -42 16 46 -19 95 60 -54 -149 143 110 183 122 64 -11 7 -119 140 -59 -150 18 -73 -38 -71 -169 27 -212 -7 18 129 132 -33 -93 28 31 49 141 -59 23 102 -86 79 55 59 -49 -141 -124 -71 -47 19 -22 -95 -57 100 135 144 -49 96 93 80 80 91 83 91 -124 -37 -169 83 -145 143 98 -64 -44 1 -109 15 -50 15 78 110 34 -47 81 27 99 -140 -101 -161 -146 -129 31 -147 -189 -142 -86 -140 -89 57 5 6 -24 -45 -100 78 78 131 98 48 -88 130 -52 14 108 -44 104 112 -138 -44 111 -90 -73 -68 94 18 -56 116 -114 35 -3 146 -43 -12 -20 -6 100 -118 84 27 25 49 95 -46 -121 -99 -205 -78 186 60 -4 154 -35 -75 138 66 28 -100 -106 -65 54 35 -14 75 69 -77 120 -24 -33 78 37 -140 166 -61 -94 166 39 89 -22 -59 -65 -80 103 -64 64 64 -94 -103 -126 -147 40 216 65 -169 -19 -38 118 -142 134 55 -170 -168 149 -92 7 -108 83 103 105 -18 138 -79 -66 118 80 75 58 62 -105 -79 -177 -85 -53 -100 34 -94 74 -73 90 -48 102 -49 76 1 82 -136 65 83 109 113 99 -45 44 76 -99 -114 -140 -111 -51 -56 -80 74 -90 12 6 59 62 121 84 49 -87 -130 102 -51 -75 58 26 45 -115 -120 77 76 54 100 17 -162 -139 102 52 -146 -20 147 175 -120 65 -112 49 72 43 -71 -141 -104 -55 -56 96 65 -16 -77 76 -17 52 54 -8 106 -16 116 -126 122 126 -28 -80 55 -21 -78 -112 -90 -83 -34 -114 11 -187 -63 -15 4 56 -127 -73 -195 -65 -59 57 -156 43 139 -61 -136 -25 69 110 82 -130 83 -98 -38 148 -23 -99 144 -162 -18 124 -60 38 105 113 96 -87 148 -40 -23 131 -158 -55 -37 24 8 -50 45 -103 -123 -45 -128 -22 -144 -82 -30 130 80 129 8 -128 -82 -73 -148 -73 -96 139 70 -110 -91 -145 -95 104 42 -58 -82 110 -208 -38 -64 -129 156 116 -128 38 82 59 73 25 -82 35 43 59 -130 -47 93 86 77 -63 122 -83 -135 -38 -76 -139 -60 78 32 175 121 -102 -58 -95 -65 -73 -71 -63 24 -125 69 144 -86 146 25 -64 -125 52 -33 86 95 168 71 -119 110 115 94 67 -83 -93 144 -82 139 202 79 -1 26 115 72 -77 -100 -15 92 2 105 -87 -55 -118 -49 -5 10 -55 158 -71 28 -25 -103 60 100 -162 -143 -34 -127 -20 83 -117 171 73 105 -126 114 97 78 -98 -24 154 23 117 -57 17 -119 131 -7 -55 82 -203 -103 162 104 50 -17 85 -35 130 49 -16 -115 49 -72 -163 -120 167 -7 172 -136 -132 130 36 42 6 -135 -29 139 -68 74 158 146 28 161 36 -65 -83 -34 -113 -142 -9 52 -30 19 -134 -22 52 60 -161 54 -44 -78 65 148 -28 -89 -23 26 -108 -25 -90 42 -117 -128 67 -13 106 -55 56 78 -165 -37 103 47 134 -5 76 87 -118 60 46 89 -17 126 -81 -88 76 132 -41 14 60 75 109 -16 -27 -37 99 95 -53 -46 69 65 42 -96 -178 5 -86 197 -68 89 -41 34 52 -63 126 57 -18 -101 -66 -70 -150 39 20 76 -74 -51 9 -36 -102 142 130 -94 147 -63 -40 103 16 50 -87 147 -116 -86 -124 30 1 -74 -69 52 59 -93 -66 -135 27 3 45 -18 -71 81 -46 -110 -144 -116 106 116 59 18 -5 -98 73 26 -64 -18 89 -128 128 112 -44 -60 110 69 31 22 -111 63 -74 89 -153 -136 109 -10 22 104 133 101 88 -105 92 135 44 -60 132 -29 -43 -49 96 101 -118 -140 -54 -129 11 -67 44 -21 59 -139 52 96 27 -107 -42 24 116 -52 -44 -21 -4 171 -61 82 -58 -35 53 71 106 -98 67 -20 -108 22 -105 168 4 -51 20 30 -67 126 27 -17 -40 99 81 -39 97 -34 48 99 92 15 -103 -82 25 -89 -119 -14 -114 130 -22 154 108 -73 86 -155 116 -44 -115 69 19 -14 4 8 149 65 -147 -127 121 73 70 -80 138 6 -16 122 -33 88 98 88 106 88 57 -50 -117 -27 -30 -48 -147 72 -35 -130 -166 -181 62 97 -115 -93 -90 -87 10 106 -59 -55 71 137 -131 57 -129 -45 -82 -219 -68 153 -177 -37 121 113 47 66 102 48 -146 -47 -55 88 -72 -117 -156 80 27 27 162 25 121 -189 -118 -123 43 120 190 -114 -78 -133 -133 -80 105 151 -78 -75 -84 88 -14 -10 10 71 83 32 -169 -32 -73 49 116 103 -29 -91 -63 -48 -66 -75 52 41 84 1 -53 -72 -78 -106 63 -119 -69 -100 -48 10 -116 68 36 -122 -115 154 -59 132 47 -79 -210 -102 148 37 -75 9 8 -81 -208 -110 -27 -1 -63 34 -65 123 -49 -1 -79 168 -57 48 -66 67 12 -48 9 -98 -92 77 -110 155 9 -146 -67 -133 24 101 -83 19 3 -104 -80 136 -51 -72 -84 -49 14 -91 -6 -132 -23 50 -77 58 54 -91 -117 -27 0 -63 -84 62 84 -67 -52 48 113 -48 104 120 -39 41 6 140 56 58 -79 -12 -157 -70 -95 97 67 -122 -179 62 -157 -80 81 -46 -60 145 70 -56 -56 155 -80 -10 74 73 53 -93 133 -171 -68 -124 0 -27 106 -126 -128 -22 100 -42 -23 91 -54 108 63 99 -2 22 -137 154 -38 -70 -34 -10 42 65 -52 -7 178 -129 -76 -195 -38 141 37 91 -127 -116 36 42 -1 -151 133 144 -29 109 -54 -87 29 -54 98 95 140 -168 79 123 148 -139 -130 63 -159 -125 16 -45 -233 -14 97 -82 -98 -131 205 31 -69 68 -134 112 -71 65 79 -112 2 94 -142 101 -46 127 -59 -72 45 -147 -157 -69 -62 -79 146 82 -115 113 19 131 11 120 37 58 36 -5 26 -129 -77 94 14 47 110 2 31 -78 -131 138 -107 160 -102 -194 -15 52 66 134 153 -66 75 -36 -24 16 111 68 1 -99 107 126 67 67 110 -125 32 46 160 62 67 -79 107 11 60 22 -44 73 114 150 12 -124 103 -70 16 -60 97 -177 173 47 -43 12 -32 -49 36 41 -1 -128 182 -82 30 43 -130 90 79 9 -73 128 -42 -191 39 24 -142 -142 -102 -186 195 79 84 -66 -63 -26 -62 -92 -1 116 -131 -8 27 -171 -122 130 144 157 127 27 -117 -70 -222 124 -81 49 -31 -6 -76 -78 -120 -37 -103 29 -104 -104 207 138 65 -80 129 -132 51 -208 93 104 -136 62 -120 12 121 151 -212 -88 77 170 122 -40 149 -113 3 17 20 -1 100 -76 209 -165 -87 -83 -38 -150 110 46 22 85 -28 -90 -32 -26 98 -37 126 91 129 -106 -28 73 -39 132 -153 -66 -50 92 -136 103 91 -143 -126 27 -192 -185 6 123 -97 -118 17 111 -70 -64 -103 -47 19 -91 -90 -81 91 51 61 87 -113 163 -43 127 128 73 99 94 -11 -14 -183 157 -147 -40 79 69 -90 111 -38 73 -138 -116 -59 -70 50 -56 80 107 136 -128 -64 21 72 -61 0 18 -92 31 96 8 112 54 135 36 -45 -46 -48 7 68 -29 111 84 -74 17 -18 109 38 -100 234 150 -85 71 128 118 -116 97 34 29 2 -39 -85 17 -63 159 57 -8 -29 9 -109 63 52 -141 -58 75 -129 -22 -11 149 -25 182 115 -9 21 -24 58 -144 49 79 -21 48 -2 79 -144 178 89 -91 12 116 -126 -15 -12 39 74 108 93 -72 152 52 -170 -93 92 -19 -71 -118 148 177 -74 -35 28 97 -63 -34 48 70 -171 76 43 87 50 -55 25 31 -114 -46 99 -109 -29 -116 7 172 -100 96 -46 -107 109 97 -145 -60 -25 151 -53 -94 16 46 -89 113 -111 -80 97 56 69 -16 -50 -174 138 -131 -135 105 35 -57 15 90 -62 -151 -4 -46 -58 37 -106 -30 -256 -55 -109 -107 -118 -97 17 -95 -71 55 161 -87 -159 121 137 131 64 15 106 -123 -77 -77 -26 100 61 55 -56 -9 158 142 49 135 115 15 -50 88 -116 71 87 55 -49 59 84 -97 -34 -109 57 -19 -96 -134 -109 66 101 105 95 -98 -75 54 64 144 -69 -80 -79 95 -50 48 -37 -61 -75 45 142 108 115 29 -93 -114 38 56 96 -110 -118 -33 -96 100 19 34 54 174 -46 15 -23 -147 -74 -7 99 156 -200 -78 55 16 58 67 106 65 -103 17 57 145 14 36 -5 -86 30 110 -115 118 -58 123 122 165 -73 55 -69 -98 -135 -29 63 -59 -116 71 108 14 -149 -94 68 -111 -21 70 100 153 -129 58 -146 -106 98 59 98 154 -98 130 82 -77 59 -40 3 -10 -28 -110 -48 78 -124 -98 -166 76 -22 32 92 59 -137 144 -37 12 137 147 87 1 84 -49 -137 -17 150 45 106 -96 120 -105 -105 49 -142 173 -87 -32 50 94 141 -28 136 149 94 -11 -49 93 -91 59 0 10 77 61 -114 -59 -79 115 62 -123 -60 -116 31 -75 -32 -113 -67 207 98 -90 44 85 90 138 83 124 -49 104 -69 114 118 -34 252 -20 50 -110 133 21 69 -7 105 147 -81 100 -93 -40 -75 87 117 -7 76 63 53 146 -87 49 86 -181 55 57 75 -113 69 92 -92 93 -71 -70 -107 23 -163 -10 -149 17 83 -146 87 -164 100 -113 104 -212 90 145 98 60 138 -11 74 -28 32 12 -24 -22 -21 -69 127 -108 79 29 -55 124 21 87 -157 -44 -145 -49 163 -68 -202 -188 -132 -23 103 -87 63 -138 -77 181 28 -150 0 118 -112 -86 63 -155 122 -60 -168 82 66 -83 68 37 -95 -56 66 -78 70 -122 -61 -129 -103 75 -43 71 97 37 -62 -123 40 17 -84 -95 66 -37 20 -56 -51 -16 58 -56 28 -68 82 -102 147 -71 171 45 -54 -65 71 -100 165 14 134 9 -120 89 155 -80 60 -87 -59 27 70 120 43 129 -87 -69 -107 -82 153 112 -32 -97 52 -62 -85 -111 169 131 -94 125 91 -82 145 62 -133 13 -107 96 76 -141 -124 150 -108 -166 -168 -72 125,97 -189 72 4 45 72 -97 -62 73 -76 -91 12 160 -82 86 54 69 97 35 -24 91 110 112 22 -97 102 -107 -63 -66 96 -142 -67 37 34 119 -85 -72 42 33 -72 140 68 2 -88 -85 112 124 71 26 -21 147 -56 111 54 -68 -168 47 85 77 167 -32 29 -138 109 57 86 68 -49 56 -87 121 156 88 -87 -150 -48 118 -36 -112 0 34 116 74 -162 -106 -170 54 122 -10 -45 101 41 71 10 76 -77 77 -130 -159 -56 100 45 79 -29 -138 121 -103 -29 75 109 84 -98 -115 171 56 -20 -63 -13 109 -103 69 176 -13 -17 -122 68 88 3 99 21 175 79 -120 36 -94 -36 -81 52 74 112 22 -137 -90 -11 136 -116 -66 -133 5 -37 27 -150 138 -92 -39 86 -71 60 56 -73 -30 -56 -106 170 -183 55 69 8 -3 18 126 -54 94 16 -123 -141 -85 -69 149 63 -31 -61 64 12 -18 -50 67 -17 85 50 -81 43 108 42 -25 120 -38 -15 -62 76 54 -90 -82 103 116 -86 113 -110 129 56 127 -86 78 101 69 -82 16 32 -74 66 -128 -41 137 139 -73 -121 53 -124 107 -70 -36 -75 33 -102 -106 89 -149 160 -18 -49 -76 -144 -58 -65 -93 -24 45 25 5 136 -118 3 120 124 -78 -249 77 -39 40 35 -81 131 -184 32 41 -85 90 -56 -86 -158 107 -40 110 -31 -32 -72 117 26 -169 -135 8 115 111 -45 71 8 -59 -72 -142 110 14 98 35 38 53 -133 -133 -54 -157 -74 -141 35 -100 -117 -74 74 -75 86 -33 -81 -2 63 -56 -44 32 5 -96 -4 -153 -50 -90 67 84 -3 68 138 118 -97 28 17 -240 38 87 -87 40 55 -11 102 46 119 -107 31 129 -138 -49 -100 55 -63 -107 -64 88 22 -64 158 -110 136 -77 -172 -51 -89 -89 61 101 -135 -80 8 145 -43 -70 80 16 79 30 155 15 115 -29 25 58 -44 89 -21 6 -142 50 -69 -93 -91 -112 -66 -75 -134 -91 184 167 37 -37 53 71 34 -28 70 -108 74 71 -98 -38 100 106 46 -50 -94 -13 -103 -130 -106 76 -71 -90 127 64 -40 34 42 -223 -45 -143 36 -11 -21 55 -107 216 96 -119 95 99 -10 96 43 -56 221 80 151 122 96 6 -24 -53 107 -105 86 4 59 -114 126 68 -44 -125 -31 94 70 -80 -17 183 -82 -94 23 -48 -85 -28 93 -83 -117 39 -69 9 -126 -91 48 -147 -37 104 27 -29 -101 -48 -110 -85 -92 -107 -25 -89 -124 107 41 -29 -70 2 154 -83 29 31 -182 46 -41 168 80 -114 62 -124 -77 -60 -14 64 -97 -96 118 -104 -30 -98 153 134 -139 85 -133 110 107 194 -134 150 27 47 -231 -73 158 23 -66 27 -136 67 105 -54 -119 24 95 -71 -182 -94 92 59 113 -143 160 57 -117 -94 55 8 -24 -14 -13 -138 -141 93 -78 -158 44 -192 -148 124 23 4 41 -20 69 136 -32 -67 -53 -29 -62 70 157 -72 -139 -70 8 -65 -133 132 62 -81 87 74 31 -79 126 70 75 -122 -131 -48 89 -94 104 -139 -3 -80 72 83 -62 -31 -32 -51 29 84 116 85 -30 167 95 98 -139 -142 -56 92 34 -29 -121 142 118 -88 -109 47 -106 -83 53 86 -80 -13 112 100 -4 -64 -60 88 -37 59 31 -13 102 -129 -70 32 79 38 82 -130 -84 145 -145 -83 129 -116 69 160 -84 -198 117 203 -7 54 -44 -86 63 85 -59 131 157 -50 105 -40 -55 56 -36 -104 86 71 -22 -25 -164 -96 -103 63 -51 -122 80 -172 7 118 101 -97 -130 0 107 51 -50 105 140 -120 44 32 10 -43 77 -80 -57 -97 -103 -22 76 66 -55 -16 66 -87 96 -136 65 155 -115 45 -139 -124 113 -134 93 36 -106 -77 -157 11 -16 -98 44 -40 5 23 -62 -77 -130 41 -59 45 114 -128 34 -76 21 -119 219 35 -34 -111 102 1 -71 -70 107 -9 -54 -118 -70 86 106 -164 6 111 -167 -73 -7 4 -67 142 -137 103 -101 105 20 -38 -90 81 -68 100 137 -156 -74 -65 103 -16 135 -86 -102 -78 -61 -68 77 -35 104 101 34 100 -42 -62 34 -62 -167 -140 126 -70 -80 29 -139 -80 92 -135 101 -118 -44 -46 28 -161 129 -69 46 -16 43 141 50 -47 99 -133 -92 112 -56 -86 108 114 219 -100 -44 54 -86 73 -49 31 74 -124 117 13 0 -34 102 137 -66 157 184 -63 -103 122 -51 62 -112 36 -10 -90 -116 -122 101 56 -150 -53 50 68 70 -36 -165 122 -80 -8 -88 -105 -110 -93 -105 -133 96 -85 -102 27 116 74 128 64 -52 -41 -50 104 154 22 36 -67 141 -85 30 -89 85 79 -29 -26 140 -37 -108 -77 174 -40 -162 -73 200 52 -39 120 -123 54 14 46 -219 73 145 56 150 86 91 -35 -35 39 105 -90 70 -55 67 49 -118 135 -90 52 94 153 -37 -9 -25 32 -49 147 158 -68 -42 -85 -8 43 7 74 1 -116 -5 61 -119 -110 72 80 -61 -131 -73 137 54 47 -98 -30 -118 -67 30 1 101 -69 -5 -93 -164 -126 -160 -27 84 -39 111 -79 -203 -80 -92 -81 98 206 171 108 20 113 81 -23 148 55 71 -55 102 58 -75 69 -50 146 -100 45 -94 -132 -29 39 -185 -130 20 -60 125 117 -99 -214 180 -137 6 102 -111 -106 143 -98 72 71 125 -42 121 -146 -124 -89 97 28 -38 125 -102 78 78 -94 40 -76 -21 102 -105 -190 48 16 86 -75 99 153 -92 90 98 101 -77 157 -52 58 -129 118 -45 84 -67 92 -54 -28 -88 64 119 -54 -75 64 -59 -87 -99 13 41 23 -128 -89 -54 -18 115 -95 144 46 119 -80 -42 -98 -2 -123 -79 -48 163 78 173 -107 81 -43 -134 96 -169 169 -62 64 127 67 -24 108 -72 -83 25 -81 73 -82 57 -2 139 -33 -74 47 71 152 -103 10 -21 -45 -123 163 21 80 -80 84 -75 95 -31 -50 -69 41 -126 -110 -95 -62 68 22 -40 -79 73 -98 56 -106 198 51 91 -74 -162 -21 -43 109 152 53 177 143 131 -61 80 174 147 83 -37 -50 -46 -114 7 -90 -57 -69 87 47 68 127 57 -33 -8 -66 -66 -124 -136 98 119 64 -107 -120 99 -100 -26 -120 145 40 -67 52 -119 -92 -113 73 80 -8 96 -184 45 51 11 1 -2 66 -53 67 -91 81 37 -44 113 101 126 27 -111 43 142 -66 143 88 -69 -22 62 154 -141 -34 -136 -67 -64 -74 187 124 -150 -27 52 -122 0 -5 126 24 59 45 -109 -162 -6 9 -46 -63 74 -9 7 62 4 70 142 45 -134 92 95 -6 -174 87 119 -73 -69 -107 -105 -60 137 16 12 -68 91 -59 19 -62 113 -46 -76 112 -75 79 27 34 10 22 -19 57 -42 91 80 60 -46 -113 89 80 128 88 -3 -51 -67 133 -65 150 56 -62 14 60 156 -128 -117 -69 124 -145 -163 -30 110 21 60 62 -151 120 -31 -37 -79 -63 31 -8 17 116 -114 -33 -37 24 101 -84 84 -144 97 47 -67 -3 68 35 -2 12 -91 -126 -121 -33 51 -76 116 9 -119 -67 -112 -83 133 4 106 -82 -80 87 -64 10 -37 48 90 71 -65 71 168 84 18 -148 -49 26 -142 -196 57 -21 93 172 -131 89 106 -45 52 99 -99 142 -115 -59 -123 29 108 -138 72 49 -68 -136 -121 106 -47 -77 -166 -86 -1 -69 56 -96 80 16 -161 -33 193 -66 -72 20 83 87 -94 129 -82 -107 47 167 103 124 106 -95 -113 -73 63 -25 98 -22 -43 134 -13 -74 5 164 -170 103 -63 -116 192 -26 -28 121 -41 128 129 117 -114 -38 119 101 -102 73 -100 77 125 -166 171 160 78 93 -49 -150 81 98 -67 -88 -176 123 -103 -18 66 -82 -46 -29 -102 -1 -103 -89 -74 40 -114 -79 -51 -140 -93 31 -16 -65 47 78 69 -112 75 87 -70 -122 53 50 114 -100 104 88 -1 46 -56 -102 -63 -55 10 -82 3 -61 117 12 -111 -135 -12 -35 148 -35 23 -135 -110 118 -110 79 -5 -74 128 60 15 -144 -169 153 -29 60 153 119 19 -1 -53 -66 159 -140 -122 41 -98 60 20 -96 -120 -160 109 -63 -84 91 122 44 -71 139 -78 91 -104 78 83 123 -96 63 133 -147 -111 29 62 -113 -95 -20 163 -84 -39 -103 47 -49 -60 -119 96 142 -73 115 96 21 13 58 -105 -56 -122 -74 -19 -44 182 -25 -49 -152 -158 -44 25 142 -71 18 96 76 -108 -65 60 161 110 -72 154 -101 -114 43 21 20 -79 80 -132 -26 -155 -74 63 11 73 17 -26 -71 144 0 -87 9 139 -1 36 149 43 12 113 -68 -192 -135 81 124 70 -92 62 140 -129 -145 159 -114 134 72 36 -50 -62 -99 79 96 23 -160 12 -98 123 72 60 11 -165 -82 -76 110 -114 116 69 -49 -17 52 1 -162 72 -137 110 143 -171 0 -17 91 -117 -30 134 65 -122 80 -78 176 -70 -22 -116 -2 -148 -54 36 19 136 -57 -166 -12 -144 -61 179 -142 -102 -70 -63 -79 -85 -55 -25 -90 -19 -143 -78 -48 -55 88 80 -101 -62 14 185 -125 -23 125 -107 102 91 45 -134 -24 -117 -38 -14 -57 66 -65 21 -6 -140 -123 42 -40 4 135 88 9 53 58 -136 65 86 -74 110 -46 64 -197 102 -41 -43 158 -89 33 -87 97 78 -44 81 -103 33 -3 121 -151 10 11 59 50 -68 -11 -153 -126 56 78 -107 -116 -73 -34 -95 24 179 -10 -147 99 -108 -45 -75 -9 -143 135 52 -17 28 109 -129 -96 -134 55 109 149 -66 -52 59 71 -98 65 89 8 87 118 199 -12 -121 128 -106 147 88 -37 68 -22 138 72 -122 -127 -111 -123 -11 -28 9 -96 138 21 19 -36 184 111 32 4 -90 -53 -221 26 -69 -110 -84 31 -91 82 -87 -30 65 -70 -93 127 87 -87 -49 149 69 -117 101 110 100 -85 -9 54 -102 -7 -151 131 80 167 -133 122 122 -121 -22 146 58 62 -115 -67 -30 137 143 63 85 -15 -20 62 95 62 111 137 -66 95 12 53 -44 -87 -108 -31 -77 91 -88 7 87 33 8 148 54 -144 -30 180 44 -48 -122 155 -162 148 177 158 -16 -109 -159 -109 144 -58 151 -133 -88 -96 97 -121 -157 51 101 164 127 152 -41 46 -26 -117 -1 -60 29 137 -46 -88 -107 125 51 52 -110 -123 58 28 50 -63 21 -7 62 -86 25 35 -79 90 103 30 92 -21 52 33 92 -145 105 -77 -48 -77 -55 -145 151 89 80 3 152 113 56 -99 2 74 59 31 -49 137 -21 33 -34 -107 48 -127 29 242 30 94 118 122 73 -124 -13 66 131 -55 -55 128 44 123 -58 14 169 -36 52 38 145 84 -60 77 53 -77 -19 96 74 98 28 -44 -85 162 112 -19 -30 69 -94 23 -99 -149 76 134 165 61 -71 72 -158 210 96 -117 67 71 137 58 70 -10 -119 -112 67 -171 -74 28 34 -198 48 -39 99 105 45 135 -15 -36 -40 -114 123 -122 -116 -48 90 20 143 -78 197 79 85 -84 62 -118 -112 133 45 155 -26 101 -29 83 -82 135 93 87 49 88 -102 152 -97 164 -37 -140 -32 57 150 -38 112 53 -39 -35 101 26 -61 57 120 90 -49 -47 -45 -20 -122 48 -168 -212 41 57 -83 47 81 -38 193 -112 39 62 -71 -19 -9 104 -123 -58 -38 -43 -71 105 -14 -122 89 130 156 -86 -99 -7 -47 71 47 62 -63 95 63 78 -136 -68 -109 -101 -11 66 119 -148 -17 42 -9 15 -101 56 -119 54 -49 -91 40 166 77 -189 10 151 -12 -99 -107 57 -118 106 168 42 121 -21 111 0 86 -165 -86 -120 59 -30 -36 -105 -7 -154 -94 -97 92 51 116 -10 -79 -75 124 -56 3 -65 -26 66 -189 -99 107 6 133 -33 -40 -80 45 -153 -58 101 -90 -12 -76 -132 32 103 110 -2 22 112 126 -89 65 23 5 -30 148 108 -58 -11 -21 -72 -25 -17 -127 50 64 92 13 -58 69 50 -10 112 -3 -93 88 18 -145 44 29 89 -126 -163 -115 102 112 59 -124 113 -45 37 -175 -156 18 69 0 -41 -148 52 147 -69 -103 20 -37 -114 -51 148 123 -205 18 16 99 98 29 -88 -13 -45 -110 -94 139 53 51 -74 -110 -63 -7 84 -108 123 -94 -83 144 -123 82 -98 -101 91 -56 106 134 122 -26 65 218 -99 -37 -119 24 -18 -65 87 136 55 -24 -31 93 -70 -102 76 -19 92 -115 -121 -148 -73 -218 50 -72 51 104 87 49 78 92 59 -3 122 162 107 110 -153 -119 51 -39 55 -72 -127 -60 2 -124 -56 43 82 -78 38 -50 -78 117 -91 53 82 140 -60 -98 98 139 -41 -51 174 -64 -83 125 46 -74 127 -152 -101 -117 -73 -77 -94 114 -70 36 -11 46 30 18 -142 -115 80 77 44 96 -78 50 20 9 -57 -52 137 93 78 96 -109 -117 220 76 -64 35 -63 165 -99 -90 -35 62 136 -28 68 50 -116 43 -51 85 80 43 -100 187 -55 -27 -78 134 -146 -102 90 -29 -230 -177 89 95 105 26 42 142 159 -32 9 33 5 -17 133 -75 106 -39 -112 96 10 8 -153 143 125 172 143 -113 186 91 96 96 65 -85 182 -38 -69 -34 -88 -190 107 73 125 -117 27 -119 -65 -147 -118 57 -156 -101 21 148 -42 53 -75 -72 -126 -39 94 -123 -90 51 73 -73 56 -64 8 -82 -88 -171 -133 130 -32 -47 102 66 -112 153 107 -98 46 90 108 53 78 41 79 -141 -52 31 -38 -19 174 94 103 -48 37 -49 -74 -157 -63 90 3 -71 -59 88 -52 76 148 93 63 136 237 -69 -133 -67 -118 -59 -86 -148 0 -144 35 100 -70 -31 86 -96 -155 122 -31 -117 95 -81 42 -170 -213 123 -117 -76 31 64 -38 -94 -29 82 -116 -12 -71 -113 -109 -50 4 80 29 24 -54 -43 90 -126 37 -75 84 -10 139 -116 -87 -26 30 60 -121 -80 79 -121 93 103 76 106 -108 60 -68 141 -76 -77 -62 21 186 -14 12 95 -27 105 -55 -65 -81 -78 -191 57 -15 82 -37 66 8 -150 -98 -110 30 112 -27 -157 -35 80 -121 176 61 -52 -102 93 -64 149 -122 60 -34 76 102 -44 45 -81 142 -50 130 -76 107 -79 4 -36 79 81 -60 101 -27 -25 51 -21 104 -20 24 101 31 41 106 -154 120 -116 36 -120 17 -40 60 129 -112 -45 41 -137 -41 48 -108 99 123 -75 54 44 90 154 -133 42 49 -109 -96 -14 -20 170 -145 63 -52 -89 12 89 -96 84 -21 97 30 113 -52 -51 -64 -90 -22 -69 -62 -8 107 95 -75 -72 151 -170 55 -39 80 -135 -88 67 132 -154 152 102 219 -78 91 125 87 -121 -51 -171 -63 150 -17 -136 -134 -171 111 106 -100 61 -106 88 77 -135 23 22 -65 -88 64 33 179 171 66 -124 177 13 61 -164 -186 55 38 85 -91 -7 140 -28 69 25 3 43 92 -2 83 -144 115 -91 -78 -101 93 -24 130 98 -25 13 -67 -61 -86 -137 -106 -79 -67 116 8 -100 -88 -74 164 81 45 -22 40 -112 158 -67 73 90 131 67 56 -121 54 -76 83 -69 63 13 110 -43 -94 123 75 83 86 -142 110 -100 -3 -78 -67 210 84 97 119 8 -51 -86 -47 -111 -99 -42 -83 -116 -38 22 17 -134 -68 -16 -145 -75 155 -99 -89 116 -141 107 -31 63 -108 43 91 -58 -89 91 20 62 95 106 149 -1 -123 -67 -74 88 222 146 119 -112 106 118 36 89 115 -47 -64 38 -86 -89 -30 -38 10 -37 72 -51 -98 -85 75 117 -65 119 -144 36 -71 54 84 -151 -89 -47 89 -136 96 134 -77 55 -101 129 -85 -83 -5 -18 -27 -24 2 -149 64 -97 134 34 -1 -159 3 -108 17 -111 81 -129 -104 76 -61 94 64 110 241 10 107 -35 -23 -30 -151 56 77 38 -109 8 -101 -35 87 35 -32 -162 189 73 109 79 7 13 -86 -75 -22 5 158 82 -28 -15 -69 147 108 -78 -81 -10 -64 61 88 -157 -98 -66 -123 200 -140 -42 112 87 21 17 -81 -71 -84 134 166 -31 126 97 -26 9 -92 78 -11 -71 51 108 47 -156 -46 -93 173 38 116 101 111 130 -77 78 1 -29 45 137 -40 102 121 60 -88 -93 151 83 -53 -22 -81 117 84 166 163 -102 69 -118 -137 160 -170 16 69 -75 98 -105 -121 -92 81 14 78 54 -122 93 167 -144 -49 39 -30 -171 72 63 159 108 199 -103 -46 -86 63 71 24 115 140 -4 -136 51 106 -141 -38 121 40 -149 -79 -42 -107 -72 -67 5 -55 76 -99 0 54 20 135 128 -102 56 -61 -139 -60 63 -39 9 61 22 88 103 107 -16 86 7 -112 -23 -29 39 -189 -105 -124 -119 -24 -256 -54 -142 -15 96 -39 -32 123 236 134 -29 103 -172 89 -129 -82 -23 97 88 85 46 108 -25 -122 -62 37 -32 -75 91 137 -17 -166 39 -218 87 -122 -37 -72 134 95 79 21 125 -25 26 81 -61 -40 -84 -66 65 72 27 51 131 17 -18 134 3 -30 45 -133 -142 -44 71 86 66 -31 65 -35 -134 -54 -72 -206 15 -77 89 -109 5 55 -49 -144 121 -72 -31 103 -6 12 -91 239 53 80 -125 101 -151 156 52 64 73 -79 -108 70 -88 -90 86 41 66 117 37 31 -78 -27 -66 64 142 134 -36 129 81 161 -175 189 9 -98 113 -16 -23 -49 130 -120 27 -35 93 86 163 -52 -38 142 153 38 70 -74 130 19 -97 -100 -33 -67 49 54 60 135 60 -76 127 89 84 83 -111 -103 0 -57 -6 48 73 121 -110 -82 -25 -134 146 -54 -105 64 -140 -14 -53 85 -138 9 -100 140 -90 -124 -116 112 111 31 -16 -170 58 76 -182 -24 -116 21 -107 -64 -2 99 -126 -119 30 59 97 94 -85 -78 73 -118 -130 33 113 51 60 84 -38 109 -170 -77 10 -64 -22 125 90 139 65 37 -134 -31 98 -13 13 -79 -51 -79 -89 -19 -157 -34 4 102 31 154 78 -41 126 -80 94 141 -27 92 -140 120 93 -123 -53 -126 -40 97 -40 -188 -92 71 1 -67 40 -144 -135 -122 6 -111 -61 138 54 187 -65 91 -59 -151 -84 -47 -78 77 -80 -32 -104 -46 -127 -102 139 25 -113 -123 -71 -112 102 -67 108 -54 -52 17 130 -143 26 -84 27 118 67 -77 -32 -117 -88 -123 -57 -63 -34 -101 -128 48 100 94 -3 -86 -176 99 -111 89 47 47 -169 105 -63 -134 -66 -140 58 161 -72 122 -166 127 101 70 -158 72 -11 -60 -173 -95 -30 156 71 -79 79 32 125 -109 -159 52 -3 -79 -155 77 8 -41 -59 200 -168 -118 25 -131 52 181 115 160 -61 -52 72 -190 -39 80 156 -61 -98 64 132 -96 -18 196 -77 -101 100 39 -183 -53 -129 121 90 62 83 -11 26 98 -45 -131 37 32 43 133 226 -109 114 -139 68 21 28 -114 -134 153 -46 137 27 41 -23 51 -63 14 -50 -17 73 -124 -15 93 -28 68 71 37 94 -72 -132 111 108 -151 -61 -70 -157 123 16 -57 -45 153 -68 101 74 -99 -58 -133 69 -99 -36 110 70 142 96 138 80 -102 -11 115 -100 -100 77 -59 -187 6 -6 -74 26 -31 -103 85 24 -54 73 142 92 35 -81 -59 86 75 -46 -19 150 -28 117 -107 -173 26 -71 35 107 -10 123 -61 51 -97 -198 49 9 39 115 -63 -104 -92 120 133 53 115 8 -127 34 -47 31 -120 112 -66 89 108 -105 -85 -74 35 -40 -85 -3 188 -87 175 -78 -96 -88 52 73 53 -71 -91 210 -50 56 43 -186 140 -87 -54 142 -136 54 -51 -40 132 -11 -158 68 -128 81 -82 -103 96 -44 134 -37 76 58 -111 -143 43 137 178 -103 68 -155 110 -3 -95 -79 -21 156 94 -57 -137 26 -59 113 -22 91 -33 -82 -57 42 -66 -87 170 49 -49 126 84 -182 -67 130 9 -121 -97 -77 7 -95 88 -131 -106 89 20 87 -93 53 132 193 6 -146 -108 -98 27 82 99 112 -4 114 -104 17 99 -190 -9 -186 -21 -126 43 111 13 99 65 138 -126 83 163 16 85 74 -138 129 -209 -21 -118 -62 107 -105 -114 117 -90 -23 95 124 -112 40 75 157 59 28 -126 140 68 88 73 -103 55 10 -51 -20 32 85 -9 66 3 6 -53 -79 -15 -87 -47 -86 16 -40 22 6 -56 -79 74 -36 -127 0 91 -54 108 31 51 81 -42 38 119 -55 9 135 -168 61 -141 -52 63 40 -95 -108 103 117 -3 -74 50 94 0 -110 -91 30 21 -85 -72 67 -59 99 146 -153 25 46 15 77 91 -88 102 53 86 99 -8 59 34 -68 49 98 -8 45 -96 184 -83 86 -61 26 -86 131 67 127 81 -134 -124 -91 35 90 111 -57 96 75 -109 -46 59 -101 46 135 -183 65 -9 11 24 -140 -93 45 -78 99 -100 71 -121 4 -163 -92 -52 72 -72 102 65 -53 -120 -21 -2 35 113 -161 31 -84 7 67 -83 -80 -53 -163 155 -71 -166 111 33 -36 72 -30 120 -77 -124 -41 32 -90 -15 161 -114 -60 -44 -61 -119 -30 35 117 -86 -53 -48 -24 71 -138 121 110 -20 -61 -134 -95 117 74 71 45 -97 -91 -40 -48 103 59 124 71 102 161 85 -86 7 32 0 -61 -39 -22 51 -62 62 -72 82 45 -126 25 43 117 97 69 127 -105 -126 94 -60 -74 -90 -126 -119 169 -22 -52 62 81 105 104 -46 15 -45 37 93 33 156 47 -89 -59 67 145 16 -121 75 101 108 -118 -43 -106 97 39 -115 -104 -117 -45 87 -92 19 59 -140 -157 54 95 -172 -99 -112 -36 -13 32 163 -32 -41 -36 65 -109 57 -6 98 59 122 -64 134 71 -49 62 -50 -87 155 83 32 72 -116 -52 -113 39 75 -41 -187 -115 94 98 -192 -15 -55 84 60 -81 1 108 -72 48 109 138 -8 35 -187 57 -21 14 -97 53 -89 58 98 -65 -81 -27 -162 -65 32 116 98 -55 48 -3 -1 52 109 75 35 139 -53 -19 85 -111 79 -93 87 75 -147 138 78 -121 8 92 99 -181 -85 -162 -33 17 141 125 23 121 96 178 -66 -108 -20 12 -31 134 -87 -57 63 -147 69 120 -225 79 -140 173 108 -76 -123 -68 -20 72 -68 123 51 -74 -55 136 -21 22 102 116 167 -69 50 -162 31 -86 100 69 -57 63 -50 96 -8 56 101 -8 -34 -58 45 -77 -25 82 -67 12 132 -100 78 150 -51 92 113 178 -149 50 53 -89 112 13 -124 124 44 -62 97 56 143 -42 35 -130 -150 87 41 -29 70 -115 48 -79 179 70 110 134 -39 102 57 69 102 -110 127 -66 -86 137 -117 85 125 -77 79 -4 93 -60 -47 -122 64 53 18 19 25 41 88 16 68 147 -90 -69 29 -98 -7 -87 -170 81 114 215 -55 132 -71 26 47 -25 -57 141 5 -163 -86 73 34 -61 -140 20 38 70 53 147 -188 17 -93 -62 -108 -149 8 -24 -70 -110 -63 150 175 96 -1 -48 -5 134 73 -99 -75 55 -158 140 86 135 99 140 -144 44 83 25 153 97 -11 73 146 91 62 73 -88 28 172 -86 49 58 53 84 -136 -25 -118 -36 -135 34 38 -60 -105 -32 -73 -139 -138 42 52 -62 106 -115 -107 59 9 -6 -85 -58 -97 -79 -46 -150 -106 -18 -30 112 -53 29 -48 -102 32 -51 72 36 -91 -121 -28 19 138 69 133 -67 101 -122 125 -9 123 -22 161 -87 15 -43 68 -90 70 -168 -107 -59 192 8 -33 105 -44 110 59 99 -65 35 139 5 -1 111 -124 85 -119 68 96 -111 -30 -2 -18 -100 128 40 133 32 65 6 17 93 -36 75 -120 -174 -20 146 -120 15 127 -54 -67 120 84 136 111 -89 -9 -38 -131 76 -54 27 71 30 73 -63 -13 -86 11 80 44 -17 -130 -11 72 -29 -136 192 68 71 -69 -113 130 55 -113 43 -83 -49 -11 -118 -90 36 6 -147 115 131 24 -121 63 88 166 121 -95 -120 26 -34 -47 -42 23 109 106 -3 127 119 45 44 -58 54 -122 58 -180 -63 156 -94 146 84 174 139 35 58 154 -115 -117 82 -130 44 -118 42 -45 75 -19 -63 -38 -54 103 79 -103 -105 -17 140 -110 93 59 121 -21 123 106 75 -69 -101 -69 -156 -49 -112 -118 -85 149 131 -118 -129 44 -32 94 -23 -24 65 -165 31 16 79 -134 0 -117 -76 -12 -77 35 67 63 20 95 132 -143 -15 -104 -146 -69 2 170 32 -77 -9 -90 139 -76 25 116 -1 131 44 7 76 -92 -59 19 -153 -121 -90 -133 116 53 -97 -1 -42 66 67 138 -16 97 109 165 -105 -89 -112 -84 -136 -136 84 -72 24 28 -150 118 -124 54 38 -15 -67 -90 56 26 168 105 10 67 112 -70 136 -48 165 59 -64 63 -111 -41 91 -161 117 -68 100 -89 23 -87 140 -76 142 98 -134 30 -59 -185 -60 19 -3 86 128 113 156 123 134 -13 -59 89 51 88 5 73 92 72 37 -56 -101 164 156 48 69 102 -29 -86 -111 -80 -40 -77 -75 -128 144 11 98 104 83 89 -95 150 -64 -38 51 42 93 76 -10 -141 -82 -86 -108 -121 78 61 -38 123 55 -94 -186 81 -113 157 -18 3 -35 18 109 -44 -69 51 64 143 -153 -52 62 85 48 54 86 47 -70 -95 -1 -83 -116 -47 -108 -164 49 32 -92 -153 130 -102 -1 -74 136 3 -35 3 129 -53 140 -35 120 6 126 -37 123 -60 98 162 66 -45 157 67 113 -215 -98 78 22 29 55 -39 -46 -173 -112 193 179 66 64 116 -144 -111 153 37 -3 -146 -30 91 -113 -73 129 41 -131 103 19 -103 -140 -98 52 -79 58 -85 134 55 169 43 -149 -130 -36 148 -51 79 50 137 24 85 91 -149 45 -58 -68 -80 -53 47 104 45 -116 121 -82 -139 27 44 -28 143 104 206 -106 45 -111 124 133 -139 -35 17 118 66 -31 -18 -133 -21 40 58 -63 -45 -7 164 2 146 10 -87 -48 87 -196 100 105 -124 191 -193 -72 -54 61 148 64 37 56 17 30 43 33 -29 72 -198 83 -55 -44 -84 35 156 32 -127 138 92 93 109 -29 -24 46 -104 -14 97 33 33 -57 147 -168 -112 52 -43 -10 -12 -104 -150 -30 104 150 -51 114 88 -35 -6 32 184 135 -87 -7 -30 -164 162 98 -88 -139 48 14 26 -160 -64 -118 244 121 141 64 -112 75 -74 -92 -102 87 127 45 98 -58 26 -49 54 -94 -66 60 -121 -115 28 11 98 76 27 65 34 103 -140 102 -127 -24 102 -138 -58 -126 120 38 -92 28 -144 61 -28 79 -58 -123 -5 -10 68 -74 76 108 51 -41 -23 119 -62 -73 58 -41 -25 -212 -25 66 67 -108 -157 27 154 -87 84 57 -32 -32 -74 -81 67 -58 -154 56 -98 -128 -112 66 -142 67 -98 -129 114 67 92 -187 -147 -161 54 -92 49 97 -157 -184 102 -13 2 25 -44 -62 73 115 -4 4 -4 -92 -121 -52 45 -86 -58 167 -34 -50 74 60 -84 128 -14 -1 75 178 -119 171 -87 -50 -64 83 4 -79 -42 -102 14 -174 -31 -38 49 -26 137 23 43 60 128 141 11 -35 160 16 -124 -141 84 -39 -15 -111 -94 -178 -60 -169 -122 -152 -125 -3 55 -102 79 100 9 -31 86 -49 89 -5 -49 80 59 73 124 -89 -39 112 169 21 117 89 75 105 -144 -128 158 108 -182 -146 133 101 115 62 131 -69 -239 -114 -73 -17 54 -37 -25 88 68 159 10 39 -37 176 -3 -47 -48 1 -75 -23 70 90 -21 88 -59 -59 -23 -3 -60 -6 80 -160 -135 -39 125 -45 -172 116 -70 42 -54 -99 -126 -85 95 -57 164 113 -91 -88 -129 -96 51 136 -46 178 -91 -167 -116 -81 -94 -103 93 101 229 57 63 32 83 96 -72 -29 141 62 134 -113 -205 45 -171 138 -178 52 114 -6 -50 -134 -133 -139 102 -4 -101 -32 156 99 -38 -83 34 160 153 1 -100 -29 -108 75 87 150 -130 -195 -98 -56 -96 -157 -14 112 -166 98 -87 112 156 -127 -125 -17 32 67 148 176 -96 24 118 158 73 2 68 43 169 60 -102 80 -140 -9 -118 96 102 -49 -113 106 -95 -30 -12 -130 -29 -12 140 32 -76 -172 -47 46 -81 -134 -220 -83 -87 11 -102 67 -5 10 62 88 -113 71 43 62 -86 92 130 78 -60 -11 -126 -34 -138 -34 -61 62 -109 100 -78 -4 -52 169 -55 83 -211 15 127 -38 -81 -87 144 -101 -94 77 143 1 18 -64 78 -99 -51 -114 2 85 59 -35 -49 54 110 -53 -4 -141 -28 105 121 54 15 -122 -181 88 68 83 -32 67 52 -111 -27 22 126 48 -48 31 -98 -117 80 -13 -89 -76 -127 -25 -133 -38 94 17 -11 -34 -23 -80 -48 -77 28 86 -22 -86 -42 -54 -46 -147 100 64 56 102 131 -28 -4 -103 -7 -101 -91 127 -85 -34 -24 3 -34 -126 139 63 -65 -54 -66 103 11 -86 83 53 145 -26 86 162 -134 -73 14 -130 128 -53 -53 96 -159 -15 90 36 -122 -103 -96 -64 -87 -102 -24 -58 169 165 -63 88 -195 108 57 30 88 -85 -57 127 -88 74 111 116 80 56 -25 24 -175 -121 111 50 6 23 86 128 -63 45 119 48 147 -48 25 58 70 -56 -100 135 -21 97 84 -126 -47 -53 38 -133 89 36 -37 -33 97 -78 79 -127 22 -175 128 19 5 171 15 -10 31 119 -67 139 90 123 -138 33 -19 76 133 34 91 168 -73 -60 -195 56 138 -56 206 -124 98 8 0 -49 -58 -47 -174 -117 -25 50 203 -101 97 -94 -76 -120 64 -78 77 102 -98 -66 -84 43 -133 -116 57 124 -12 36 35 -47 -32 115 37 -77 -75 21 24 -80 157 122 -7 -17 -136 -141 -111 -53 -80 117 46 -11 -38 76 255 106 39 -67 61 -137 -21 21 9 24 -83 12 -44 -29 25 113 -77 -110 -85 162 23 -90 -90 -37 -173 78 148 -129 6 -140 4 100 95 -124 -42 97 -152 78 62 62 -47 3 -4 126 87 103 -163 0 -176 -29 -115 124 -101 -67 -99 -78 107 109 17 137 -33 77 154 94 -12 -77 72 -76 111 -5 62 -95 -168 -59 113 -83 70 57 111 -119 -20 73 59 -14 -7 11 -71 131 50 45 -113 111 81 -53 -128 114 -87 -100 -84 -188 17 155 42 121 145 154 -94 107 -24 -53 5 97 -184 -84 83 -14 86 138 -3 38 -14 -53 46 -105 -132 -155 -51 -20 172 95 84 -118 130 136 45 120 -21 115 -37 69 -49 159 95 101 96 -23 -88 45 84 -79 -151 -164 -70 -86 161 -1 -54 -56 -131 -19 -78 -78 30 -51 42 68 -114 179 -101 66 39 -48 92 92 105 -107 51 12 -22 -27 -62 93 -146 -30 31 -92 -39 10 19 -85 -8 -95 82 88 -133 133 -64 -81 97 66 -67 145 55 -69 97 124 -154 145 63 -1 -39 -105 -135 75 -88 121 68 153 -81 21 -13 61 -91 112 164 -27 -55 146 82 -67 -78 -4 -119 82 173 -129 -3 -86 86 -74 72 -85 102 -148 -195 -44 -28 -31 40 -165 41 82 -76 141 95 -100 46 86 102 67 61 75 37 -39 67 13 -6 123 100 -52 -84 22 -138 54 22 -22 -12 42 135 48 -28 122 116 58 -13 -85 68 -56 -77 -125 -110 60 108 -4 103 84 74 -49 87 -101 29 -46 -52 68 89 27 103 86 -57 107 -48 167 33 -116 157 -180 -111 66 75 31 144 -145 67,420 -373 -272 -242 -257 -219 282 244 214 -260 -315 216 -228 216 291 258 -277 -321 -324 -220 289 282 232 175 -184 -301 -229 259 -191 163 -273 263 -220 197 -106 -225 229 214 -126 -43 -199 -241 -154 -116 -109 -125 223 262 130 -129 151 -78 -214 164 -205 -268 268 -254 -282 -372 -341 261 -294 -321 282 254 -329 248 188 -328 301 -295 -180 303 196 130 74 239 -265 -246 -63 233 311 335 -343 -334 -386 289 216 214 222 -157 261 202 -227 215 281 -327 -340 -346 338 -324 -308 213 323 309 -322 -255 278 -312 -318 252 350 256 204 -151 211 -164 -156 138 162 279 122 -183 -111 -207 209 -140 87 229 104 -79 -222 -204 199 -320 185 274 -314 297 -217 -253 -294 -247 261 260 -208 -272 -272 -203 -319 177 307 -299 -223 226 250 204 -284 -251 214 -274 -267 -306 -275 -218 -195 -221 -223 -190 -203 -257 -248 -201 249 247 -256 226 240 -172 -135 210 212 195 -148 -78 220 -182 -170 220 -186 259 -274 -251 196 -219 230 155 -210 -242 -245 296 265 272 318 294 328 278 -393 322 -349 -345 -344 -274 -362 -329 243 317 -270 -281 -353 306 367 -412 -374 400 304 276 -312 -204 -237 296 -204 -292 -299 -291 -288 -280 -237 200 280 -286 156 -183 -194 210 -227 153 -131 253 -282 -290 245 -297 350 -347 -395 289 311 239 266 292 238 -151 113 258 -255 83 49 116 -142 126 -129 -100 -122 -109 -119 120 -178 -196 178 -135 -192 243 -225 -266 -164 -299 331 -261 299 -264 237 274 -302 280 -330 320 -333 -315 286 -220 -338 -263 249 -294 -307 248 -247 240 257 -244 204 196 180 119 162 -136 -151 -170 -155 -157 -230 -201 198 -216 283 -223 207 -200 162 122 183 257 -190 151 -155 -238 226 258 268 263 -227 -246 268 -299 229 -311 229 277 -330 -280 -187 408 -392 -396 -368 456 -378 -373 287 -271 270 327 161 233 228 -245 -215 196 -154 -259 -252 213 -233 272 -260 160 -185 201 307 187 -160 286 285 -346 -376 -349 -409 -417 -419 -337 -292 243 -351 -227 166 -240 -231 258 203 -230 -238 287 222 -234 191 -199 296 -212 -240 267 -196 -256 313 344 -253 243 152 296 250 118 203 -174 -110 133 -209 209 185 -108 -85 -243 -309 -289 288 -289 -241 220 -234 205 -220 233 -255 -196 -332 255 -170 -185 204 205 332 -317 254 -275 -289 -392 -341 251 352 -315 -267 -321 317 256 219 -308 -272 -219 -220 -223 -174 193 161 -115 178 -218 -211 -176 132 157 111 209 -176 -210 -172 -206 287 280 277 -329 331 -209 -277 273 -327 186 241 205 -179 -289 -237 252 241 -242 -279 -307 -268 -404 311 -201 308 288 -240 -254 -276 225 231 364 -292 -312 -332 438 -380 486 386 -472 388 -296 -349 396 -343 83 -235 141 169 295 333 274 314 301 -333 271 360 325 -343 -370 -318 -402 423 -362 312 -281 -388 -325 -163 120 216 231 -126 103 156 151 205 252 -198 245 226 134 -229 -175 184 -55 70 17 -156 66 -2 138 -127 81 -50 -108 -112 139 -194 -297 -120 208 195 -248 282 308 -227 -338 327 315 306 333 -298 326 -362 -320 -308 289 348 420 344 209 209 265 215 228 -227 -265 192 155 -275 -296 318 249 -309 235 -348 -204 284 -148 181 174 -296 245 -263 255 211 161 -244 153 299 203 227 298 222 -221 234 219 182 -222 160 -235 -177 163 96 -190 202 -231 -140 -220 -218 214 345 353 -406 430 398 306 -301 261 -255 139 -126 -253 -240 154 141 -125 60 86 -204 -167 -251 -175 187 -232 186 -161 -186 -156 -229 -219 238 -253 -147 -221 -240 -346 242 -182 230 202 -296 231 -179 -284 253 222 -257 -238 -190 246 -287 -289 -324 267 254 -255 206 -236 -273 -268 291 292 190 274 247 215 270 -278 -184 -309 244 270 359 276 242 132 290 -205 177 -204 -16 -28 -176 189 43 -92 -54 -80 50 -11 -109 94 -102 126 173 77 -180 231 130 -187 -198 151 -232 -363 278 -200 -299 335 -307 272 -367 -389 247 -299 369 -190 248 342 -268 -116 178 -160 -147 220 -30 -194 256 -233 -195 -215 -274 -296 266 304 378 -226 352 -355 387 -333 371 268 -239 326 -302 -329 -300 -256 -326 271 -219 -241 -232 294 -329 -290 335 362 352 334 455 357 -247 -369 304 296 -282 329 -251 -361 -380 285 -203 316 -296 -327 -331 -220 192 272 303 -205 324 264 -300 -312 330 268 -405 304 333 387 -345 251 -239 -279 212 -279 125 -144 -291 259 315 -209 249 -264 337 278 -376 366 432 358 -336 310 -326 329 -239 209 226 -333 319 291 -313 -232 367 294 -297 280 -245 -313 317 357 -276 -232 261 362 303 -341 299 338 340 307 -251 -275 196 -223 218 -210 -123 -212 200 -220 -239 -152 -166 210 -334 -207 -213 -261 -292 -166 -235 276 -337 314 421 -383 340 209 -408 -443 -262 296 -214 376 -294 -208 227 316 -278 322 -192 183 306 -255 -254 220 -189 -256 -257 219 -311 -300 315 -374 382 320 179 -250 304 -300 -268 -167 199 228 305 -293 -201 235 -243 -191 -206 -167 -150 -225 207 -85 -153 -119 -249 -203 -89 137 -106 -153 -250 159 -107 -118 -157 -217 -189 70 -138 -259 248 -159 153 269 -235 236 -359 214 185 247 -238 294 338 259 -326 -266 -323 -261 368 -239 249 263 262 272 -293 290 -184 232 -212 247 258 155 -227 244 286 -226 -217 -170 127 273 -286 -211 259 -314 264 374 301 -501 362 -300 -366 -378 -402 -443 -394 -379 -341 -396 -392 264 -375 274 386 -334 210 261 175 -260 202 -249 158 266 -269 -194 124 260 -315 228 196 288 -322 -350 381 -349 359 -389 -269 381 -363 331 -203 336 -325 282 -238 314 -275 231 260 -258 -281 -311 310 289 260 -284 -224 -296 226 -222 -288 340 301 -358 273 251 373 -361 276 -305 -286 319 -258 -236 317 256 302 309 246 -296 234 272 -262 -280 238 263 275 165 -232 198 -130 133 71 224 -217 -142 85 -133 -217 188 -160 -208 -211 238 118 -129 261 -251 -240 -151 -254 -271 284 260 193 271 -297 -311 356 -321 295 305 -322 382 318 -302 295 273 -166 -258 231 276 232 -344 -303 255 194 246 -220 322 278 317 353 275 -290 -233 -218 327 258 -240 222 -286 265 -180 -136 -207 -232 203 259 -247 -301 -216 210 151 -228 -265 244 -211 129 224 -266 306 387 -369 398 -335 -343 358 343 -258 -363 -338 364 -319 306 312 -317 -297 -361 296 -255 175 260 265 -201 228 -214 261 -176 230 196 -276 213 -206 243 265 265 -232 260 -111 -280 -229 249 -241 -265 -228 -294 -262 299 -245 -342 -267 -327 -247 -253 291 -340 302 -145 -151 210 -63 -40 -134 -60 57 30 -113 94 43 84 -96 -8 24 -25 72 -82 19 25 -72 25 147 -141 98 -142 -191 -186 -185 252 171 -191 225 -197 192 84 3 -101 -5 -64 -115 95 133 -124 -104 106 187 127 -147 167 -154 113 101 142 165 -189 238 -240 -203 261 191 -237 307 247 -186 206 -186 -224 179 270 331 301 -172 269 264 -432 383 300 -296 433 309 -237 -341 -239 -220 239 238 -249 -188 -141 189 99 -197 71 -82 -276 -266 -295 162 -204 302 244 -307 -386 319 360 -265 279 -274 249 271 -195 -219 -348 311 243 -263 304 -287 243 276 -186 287 -296 283 257 252 -266 233 -249 -240 185 159 229 179 141 -178 -240 271 231 162 -250 -243 -224 -303 222 356 232 -263 365 327 -338 362 297 -319 303 334 -439 -387 -338 378 -346 340 462 -376 332 340 374 400 336 -207 -208 -214 -269 182 180 156 302 -219 -191 -238 187 -311 -238 -210 -274 229 287 390 418 377 315 -347 -405 402 -368 326 -327 -335 -258 239 248 268 153 209 -253 -254 -187 -282 -244 -402 -284 321 -285 -367 171 -225 -246 229 255 334 -349 302 -317 -294 -335 287 -350 297 -357 -351 -416 377 358 361 354 -314 276 -331 371 302 213 284 368 -259 230 -238 273 -215 304 -249 148 -209 267 217 258 -176 285 -249 -345 270 -237 -321 -197 -274 266 249 338 321 -342 -252 377 341 -305 237 -293 374 -355 306 249 -270 -306 -272 -198 -202 -192 -209 -263 215 -155 255 -252 34 197 -115 -138 -181 225 -203 -312 375 226 271 270 329 -179 296 -242 -379 277 206 198 -241 282 -124 -243 -38 -137 277 262 -279 265 -286 -339 214 -305 -297 -381 301 321 -348 373 325 318 -270 -253 -351 -387 407 316 375 -352 348 328 296 450 -419 341 310 -448 374 347 -338 303 313 -289 -301 293 -294 350 291 -265 -244 -273 -297 -279 -227 194 -251 202 306 235 187 -197 131 158 -158 -226 179 -161 58 -144 -262 -198 -270 -219 -316 -325 -284 388 330 298 251 274 204 -273 -180 -199 -243 -220 -240 260 -241 -171 54 176 -159 -154 -209 -218 -268 161 -185 -218 199 -150 -255 -227 231 -197 239 -203 -203 -185 202 -213 -159 -126 41 -110 -144 29 131 78 -64 137 -38 -76 130 -184 195 137 194 -197 -170 -231 -265 -220 -250 -209 -288 242 187 -252 153 -134 -150 -177 163 125 -45 140 -170 -117 99 186 -206 -78 -139 -216 167 -105 -189 -163 222 -206 227 -287 235 -262 204 -125 229 155 188 -203 146 242 -84 191 -216 291 -340 -333 -345 330 282 257 -314 142 -294 -214 -183 -274 319 -265 -272 -233 343 -322 -320 268 -357 285 -259 -190 360 328 271 -163 144 -230 258 -199 139 -122 -188 -175 193 96 264 345 -310 205 239 298 314 -281 -287 -271 -388 286 359 -351 -351 -225 -247 324 399 -273 247 -283 262 243 -289 238 -301 238 288 -321 276 -200 -282 312 -222 -229 216 -226 -261 -202 284 -326 -305 -247 264 291 -205 200 -198 -199 -136 -127 177 194 168 252 143 -174 74 203 -244 -143 -108 -240 319 317 -316 -337 -365 -347 -373 -413 -377 397 -291 413 -331 -336 -259 335 -290 -331 333 343 349 -428 357 397 -273 -308 299 285 -361 299 303 281 -208 191 186 188 -221 272 -204 -138 -282 -336 -289 221 275 301 345 284 -245 -386 -310 206 335 281 277 296 -301 304 249 318 314 221 219 -267 263 -353 253 -309 -307 268 96 267 -269 244 353 315 -378 389 -399 454 -431 352 -379 -345 -364 -362 -356 -354 332 -326 330 -337 264 268 267 268 -256 313 318 -266 304 248 -243 252 214 -299 -307 288 270 -272 246 179 165 149 -222 -191 -154 -216 -212 -198 297 -152 -284 389 360 356 -425 491 -361 -369 -373 -447 405 357 441 452 380 349 356 -420 -349 333 -289 -251 -317 294 300 -111 -184 -203 -171 -177 -282 -259 274 255 -266 -327 -260 -186 -303 -289 -212 187 170 240 158 171 -249 -239 242 227 -219 -263 222 244 -318 240 -240 -240 -181 336 -304 307 342 -312 231 -288 294 291 228 235 124 276 211 -188 94 -130 112 -48 -157 -188 -155 137 108 -172 -116 205 162 249 -234 -262 -304 273 -345 -320 -124 -206 -236 -237 -261 -170 -191 -235 140 198 190 194 128 -265 240 284 244 181 -221 -203 254 187 193 -216 241 166 224 -224 -277 256 150 -319 -240 345 -305 383 -363 475 -421 390 -314 343 402 390 -310 -271 -242 -246 -266 257 -243 212 -252 -248 274 334 -208 166 224 -180 -207 199 130 -191 -208 -230 96 221 210 264 232 -245 -277 -323 225 221 237 266 -357 271 -232 -115 -219 226 -150 18 126 -127 -12 -199 185 177 -199 217 -222 -179 -267 272 288 -390 -267 351 -298 334 257 -290 -193 -199 298 211 124 -201 -145 162 -276 210 -305 -326 223 251 -271 265 -243 228 -217 248 -128 173 163 -201 143 191 -122 -89 158 131 -92 -146 63 120 128 -160 -84 130 184 -202 185 223 205 265 -168 288 -214 -177 232 187 -153 209 176 219 -252 156 -183 -171 -226 -209 -62 34 -76 108 -78 -129 -10 -61 -89 142 -168 -160 -188 199 245 -277 238 -298 -308 235 282 -274 -236 -327 -320 -337 -353 -293 223 335 -311 -234 271 -290 314 276 -315 232 291 -232 209 -259 -296 226 -263 288 -285 -278 166 -287 301 -317 -226 -265 183 308 313 385 -288 -249 184 227 280 229 -117 185 -201 218 -186 201 182 175 157 192 -184 119 151 88 -184 188 71 95 52 -41 118 109 -122 -82 -117 -25 -42 -104 142 -186 169 -225 250 -187 264 -178 -182 -214 -94 -242 -251 205 -207 -145 171 -144 155 -245 216 219 -208 242 -257 238 344 174 278 289 -267 -236 -180 -252 214 -248 228 329 301 -146 201 162 -132 -113 -290 253 -112 129 -79 -123 -143 -146 -172 -188 203 -150 339 218 227 -230 304 304 -210 -243 -331 340 -167 264 -173 -313 238 -291 170 -180 -234 208 283 307 -277 -222 300 -202 -208 -243 215 -169 199 278 357 -278 216 -271 -282 289 -370 -374 347 347 -341 -417 -426 -401 -284 332 278 228 -225 340 268 -302 -225 -315 166 -241 300 332 -241 317 -274 -213 200 216 -262 -299 -255 -216 -227 -256 240 -336 259 327 -259 -323 293 360 296 -318 350 -321 -271 386 -334 287 -330 -273 304 -400 -337 -300 353 -293 410 400 -411 302 -300 -289 -262 -201 -78 -140 -163 143 -191 -260 245 257 -256 158 235 191 237 -135 89 -203 -177 235 -261 -267 -286 -325 -266 -327 370 -294 -250 -297 268 264 -312 -227 -308 327 -184 183 -312 255 -220 134 231 -278 139 -327 304 310 -319 -318 -345 -261 350 310 245 340 330 291 236 -214 -161 -163 228 -277 -166 -161 -241 142 184 201 -138 195 154 -230 214 -209 -160 -211 -140 -271 -338 260 269 -349 247 -327 319 317 352 422 402 450 317 -369 361 359 -361 346 -299 215 305 -232 -307 324 -262 -260 -252 -253 217 -234 238 256 -231 -328 327 -308 -383 -354 -239 270 -295 276 252 256 247 -68 -148 -294 -312 -210 160 279 -270 -282 -369 -319 258 -259 -210 219 -261 246 -100 158 191 -218 192 99 -128 -200 261 312 256 -191 -243 204 322 258 202 236 237 -270 258 -321 -283 346 336 -336 -379 -391 -282 -354 297 316 311 -326 315 279 319 -274 230 274 257 -167 215 305 361 -308 -309 352 382 353 410 451 -425 358 357 275 262 314 -347 -247 -354 -259 211 -270 -301 329 228 -233 -267 182 -264 -226 225 283 324 -288 -252 300 214 346 -300 308 351 -250 -318 -227 -342 -289 -364 -355 -310 -329 397 379 -366 -289 295 -218 197 186 -248 -258 -204 -165 -260 -167 -243 333 -257 279 -294 -270 -170 -213 -222 263 230 -208 -236 -310 -269 337 -234 358 -300 306 181 382 -367 365 284 360 -319 330 -367 418 -301 304 -316 -247 -343 210 -270 -370 -297 -220 279 286 -224 163 156 181 -183 -216 -170 222 -187 -129 152 240 -195 215 -221 -228 -256 368 373 -269 -298 302 -251 229 267 -270 -267 -336 -180 -188 -164 100 192 108 -190 202 -204 168 99 -146 -213 167 -226 -170 -224 -255 272 189 -262 264 -197 291 232 271 156 263 243 70 -88 238 -181 22 -133 -147 -211 -225 -95 -234 -216 309 -327 283 -310 -409 451 393 -346 353 331 -399 349 412 -496 -502 458 468 364 415 -352 389 -370 -413 -362 -447 362 386 -365 -383 383 -397 336 298 -274 -263 280 271 -255 -295 201 -204 -277 395 -283 -421 -490 383 467 -402 288 -224 -363 392 291 134 -257 -173 209 222 -279 -290 265 -206 342 -224 -305 -268 -330 386 -310 326 398 -249 191 -228 -298 -243 -236 174 225 242 -250 175 -285 -279 -181 -180 271 -209 -244 -248 277 247 205 209 325 -366 -339 329 340 376 309 314 -312 -259 -261 -295 290 237 -245 269 233 -316 354 359 262 269 -227 -374 -325 268 -252 -283 -358 289 275 -333 -281 294 257 -289 288 -196 -189 268 179 -194 -180 143 245 217 129 -328 314 448 380 286 -283 349 -358 271 -316 244 -287 -278 -288 -336 -336 234 237 -296 -330 -244 -367 -321 267 326 -343 -401 397 -347 -385 -339 -310 -158 271 -220 225 -211 143 214 -255 -158 240 -226 -233 237 -271 332 332 -242 -298 -296 321 -320 -222 -205 -160 -226 269 342 -273 -269 278 298 262 351 313 317 -283 -300 -300 171 202 240 -205 -219 250 196 -261 231 -109 212 -180 -190 237 137 -203 240 228 -163 158 -193 -200 64 -119 99 115 178 187 50 184 -155 -213 -236 123 239 211 -247 -262 324 -216 276 -238 -239 -255 -199 223 -170 -161 198 -127 -204 -60 203 261 217 -136 -251 -322 346 -324 -302 -279 -259 319 -262 307 -379 366 -362 417 -366 244 -221 256 -142 -226 251 -188 -272 -297 303 -199 261 -243 253 194 -195 211 278 -242 280 254 307 -306 353 332 -278 -359 362 -334 327 324 300 323 -322 -277 -297 -326 313 -332 -390 330 223 259 -341 -275 234 231 246 -291 -330 333 -444 -345 -337 243 -268 -411 391 308 272 341 269 292 263 357 287 252 -297 -303 337 -303 -325 -381 -221 -187 -276 269 271 -303 249 343 -366 284 -281 225 231 -185 -174 -252 -211 -228 -248 264 264 -317 249 -301 256 335 343 292 -301 278 -271 253 -206 -328 -223 283 258 -236 270 329 263 151 140 172 127 163 -176 -117 94 17 148 -168 180 -156 174 209 -183 -198 214 -208 -299 -274 377 312 220 -342 351 -280 -367 -293 -278 367 394 -431 426 -314 297 253 349 313 341 381 368 313 -341 -372 -319 -314 -335 301 -255 -322 -234 -359 308 -313 -340 316 271 446 347 182 343 259 356 -230 -301 -301 -298 256 280 -232 306 248 231 295 170 -216 -259 -276 132 -287 143 176 196 180 242 303 284 220 261 -220 248 243 -202 -302 -207 -201 -291 151 139 268 232 213 -182 169 284 194 -182 -240 201 -221 142 -180 -239 -237 -283 -358 255 -331 -324 243 305 -306 299 -281 -282 268 -293 -203 -218 -237 212 -240 260 -139 -243 -184 186 -254 -212 295 -231 -205 250 220 -284 196 239 -226 -215 206 -100 -206 -216 -208 -163 -137 175 -228 -193 251 307 -340 298 218 379 289 -281 -279 314 -260 -278 -220 249 278 -308 -187 234 -278 -265 71 -136 -220 201 -197 -243 75 -74 179 -183 -251 223 -204 -248 -312 -241 261 300 317 242 223 289 -301 256 315 330 298 297 266 336 322 -318 261 -253 -250 -317 324 281 -241 -322 293 -235 230 286 339 363 -327 -292 352 -364 -307 203 292 303 174 63 171 181 -225 -174 152 -63 182 129 140 -138 -11 -185 -191 -299 296 -218 -267 319 323 -250 242 -262 -219 -280 -292 -295 -238 -217 257 -196 -203 -371 351 321 -368 -374 400 347 -297 -297 -374 -375 -291 406 282 -307 271 284 147 338 274 186 -269 -172 -133 -212 -255 -308 272 208 -318 279 262 374 -429 -348 -292 305 -255 -242 258 -332 -211 305 -259 274 279 404 314 373 318 -372 -318 326 -251 -306 272 -258 282 -219 234 295 -336 -242 264 301 376 -300 305 295 382 -364 318 -233 -246 305 298 206 280 255 309 -252 -274 -376 -319 -211 -288 -247 -257 242 -343 296 259 289 281 225 307 282 382 -378 340 -350 -362 -247 173 -244 319 -184 -240 -221 230 -291 245 152 197 231 298 -257 166 284 -230 -339 -192 220 248 360 -265 -206 223 283 297 -264 310 234 318 -184 -178 199 237 -215 -380 -291 -356 -320 330 -320 -308 198 257 -391 260 -241 224 237 314 353 322 -367 -326 -190 229 -239 -218 279 294 -309 288 294 -393 359 289 -366 242 -248 -194 265 251 285 -234 162 -136 -187 91 133 -116 -115 145 -126 -163 87 179 177 210 183 -238 126 262 313 -313 362 379 -422 303 191 195 239 370 264 224 -220 -291 -318 -373 275 348 -268 -357 320 -326 -319 -384 -378 297 -354 351 -239 244 -265 228 -225 -175 184 -278 208 -225 -161 -214 -202 239 251 -271 -236 -227 -318 -293 227 128 248 -207 -204 110 157 -206 -173 99 -265 214 126 275 165 215 236 140 287 -244 -299 -338 -310 -241 -253 -287 238 378 -314 -308 -319 -315 283 -357 -284 -263 309 234 -259 328 334 273 -321 -336 298 -321 273 -329 254 -241 318 304 -453 -373 -296 329 -357 348 -322 -316 318 335 339 -267 -215 -325 -297 -325 266 266 347 -328 -265 -326 -278 -279 280 324 311 -289 -260 -323 -186 283 214 150 335 -380 -302 465 387 -482 496 -359 367 390 279 -215 -325 237 202 -261 259 -277 -299 175 245 227 206 -226 -282 -282 304 -266 -263 -328 -370 293 -184 197 -302 249 274 223 -220 231 -274 292 212 217 -289 -364 -371 -316 322 359 308 307 -410 356 275 295 -352 -283 -226 252 312 -244 287 290 -255 203 -286 282 265 -280 -268 -254 337 -251 321 285 262 -361 278 291 325 -370 -368 -356 -316 324 -369 293 280 300 348 -310 -292 332 314 -215 252 355 -362 -220 329 273 -317 -259 285 -262 -285 224 -265 -216 -172 141 -168 -115 -103 -109 154 -174 -117 -126 92 -154 137 -89 111 -143 -146 -125 110 -135 -197 75 -216 -200 -239 -251 169 -300 252 -272 -295 -244 -188 337 320 -202 -238 322 -339 327 340 -331 341 330 -246 314 -313 260 -169 -228 -258 -235 199 268 -250 -252 -229 195 223 291 -243 294 -373 380 340 306 -295 -280 -304 -252 279 211 222 232 -191 -170 138 -78 222 -237 -195 -180 -213 323 -196 -332 -308 -193 339 346 344 -381 -256 381 350 -318 -332 -338 -283 -277 342 306 -265 231 -282 -218 -97 -45 -276 -187 250 146 184 236 -206 292 -229 -295 -334 -324 210 -179 261 -154 158 161 -153 -239 164 -245 -174 -198 -178 187 -219 188 -202 180 226 -274 -218 255 -286 -325 -407 -312 388 376 -310 -319 -254 246 253 -267 -190 -146 279 187 -180 196 -265 242 226 148 -286 124 241 -275 -227 320 -248 -270 -241 -317 -295 -278 285 236 -209 273 336 -278 218 253 201 -243 -113 238 -214 195 -212 131 138 -276 -122 -71 -179 124 137 -170 186 -143 105 223 -279 -274 318 299 -230 326 -200 244 -279 308 367 340 -407 439 -280 325 284 271 -287 -275 93 -192 -131 -157 -215 237 229 -62 -114 241 265 201 280 278 -299 303 -246 210 -273 -245 -324 -229 -308 -277 -266 280 -285 258 230 305 277 -204 -160 211 207 267 309 -327 336 245 -253 218 238 141 -147 -119 -135 -77 -152 -168 -127 -194 -230 129 144 289 -262 216 337 344 355 318 264 260 -342 -365 -262 264 -285 283 236 -249 -263 -315 -227 268 -200 240 263 164 239 269 192 195 125 -152 -200 -271 -303 -256 253 -138 -167 -172 -90 -106 -93 123 -159 158 -133 -115 -134 178 161 144 49 95 -208 128 -159 131 105 -168 170 177 -216 -231 252 -203 -295 -307 284 -358 -280 280 -260 297 -325 190 -258 -294 -170 200 259 -270 199 163 -304 234 222 -276 -233 -212 -250 -215 270 223 289 199 -289 -251 163 290 327 -273 -349 -263 270 323 250 179 -304 -169 220 -221 -207 226 266 -280 259 -362 -275 243 317 290 345 -258 -318 -248 220 -257 260 261 -273 -223 -257 -143 242 171 170 -130 184 -123 175 -162 160 110 -215 -185 247 -326 375 -363 332 266 260 -457 344 -211 -228 276 291 300 231 343 -315 -339 -256 -322 -396 -294 189 -132 338 -342 217 -176 264 -211 185 305 358 -279 250 228 329 236 242 -270 292 266 -351 -280 -310 -376 -236 -233 -232 243 -200 -229 217 187 167 151 168 123 -208 -173 157 -175 -190 165 -199 241 -262 -219 145 213 285 298 368 -231 -361 374 375 -291 -396 283 263 -248 372 -255 275 249 355 -326 -226 -220 -291 -192 314 181 -231 -251 249 -226 194 218 -264 201 -227 157 -170 221 211 -308 -316 280 -278 -221 -201 -222 -270 -270 -257 -318 -318 -301 -350 -379 327 -319 -333 -238 -311 -336 366 -271 327 231 -324 -256 -299 306 216 243 -296 325 -330 -327 248 -360 -309 297 -252 -307 323 -254 278 327 263 268 -236 309 -293 300 150 -157 -191 -204 244 264 -215 199 -179 -209 -237 -195 -229 -238 -147 252 160 166 116 -239 -159 -175 -184 -138 -242 -258 327 361 -304 -283 -317 -371 419 295 -283 -343 258 -265 -299 -290 -239 323 196 -201 257 189 257 201 64 -102 -123 46 249 -153 -137 224 245 194 -212 201 -222 -171 -232 -251 -293 -371 240 280 175 276 -262 -208 -233 -199 -234 -241 -202 242 -267 247 190 -263 206 323 -316 -245 265 -287 290 279 344 245 -296 376 275 299 313 -272 -234 143 -201 203 138 181 -247 226 164 197 -182 -172 -215 166 208 124 -131 -161 -231 -230 279 275 -240 208 -209 -315 328 -201 238 252 -185 -240 -257 -284 -280 218 -267 309 411 406 -386 390 348 362 -307 -339 213 233 199 -197 -254 -182 186 -238 -189 161 -145 -288 122 200 233 -266 245 -304 303 363 376 -307 318 -299 -353 -501 311 -361 309 -408 -321 234 330 212 245 -254 -295 247 -186 248 281 189 301 301 309 -213 -164 -211 -252 -137 196 131 -193 205 -181 -164 245 239 -280 296 -307 -328 398 289 -339 -282 -251 -303 -229 -288 -243 231 -171 -239 225 270 158 -212 222 197 -200 -227 200 227 180 -262 220 217 -211 -361 262 104 -172 224 -155 -61 -220 100 -127 146 89 99 110 -102 149 -150 192 138 -64 -130 244 210 194 -266 -292 -315 -220 281 -266 250 -208 192 178 -203 222 197 -208 -313 -382 -333 -248 291 244 184 -240 -296 302 -229 -244 269 216 -266 273 -192 -174 191 200 165 -167 256 -287 -178 -239 236 264 -290 -333 368 287 -251 -295 -286 290 317 295 -322 -321 239 -326 -283 -294 -343 288 233 276 282 -102 -12 122 168 -233 -90 205 -296 337 302 -289 -269 112 149 192 217 -111 -207 -74 200 -177 -172 34 -201 324 258 301 106 274 -315 323 339 315 -317 266 -342 -334 -341 293 337 -348 -283 -316 -247 330 -224 221 -242 223 -244 269 168 261 -227 -227 242 251 -261 -178 -129 157 136 -183 109 10 -17 78 -24 27 111 -21 37 91 25 -59 57 -57 4 28 20 -122 117 153 -181 -154 203 196 -117 157 -124 -204 182 140 -247 -181 -193 -297 -262 -236 223 -131 81 -188 224 134 -242 298 -248 214 -250 -240 220 258 -286 -284 273 284 298 -244 -267 246 218 225 -195 223 243 250 130 -199 148 229 234 287 253 -390 -270 -181 -275 -323 -299 -161 225 -275 -178 -352 -308 295 346 -350 -423 -370 -231 312 352 -358 -363 246 336 -387 359 -364 -373 -335 -365 -430 373 -321 -383 265 352 341 283 251 385 -351 -338 -296 296 -314 -252 -248 287 338 372 297 369 325 -264 -278 -300 378 337 506 -414 -346 -322 -314 -317 317 140 -158 -167 -176 34 -125 128 111 111 114 106 -138 -153 -142 228 212 227 -189 -197 -293 -314 -353 -336 270 -359 281 289 -233 -238 -237 -234 178 -163 -84 -128 -107 -164 -154 115 -221 -235 -242 212 -119 191 124 249 -17 -121 131 142 -76 101 113 -33 -36 -44 136 -113 -116 123 -94 121 200 192 -134 125 -97 153 -225 172 204 -195 -195 -92 -259 238 -182 20 -174 -196 -291 -139 146 277 -255 -134 -122 -250 -270 208 -63 -270 -259 -331 360 -315 -353 -273 -335 308 -277 275 287 -285 -235 232 -202 -204 -204 213 122 -250 -248 236 182 -189 117 127 256 176 231 200 191 231 -289 -362 -305 -250 -282 269 297 -319 -273 205 -165 -214 182 297 -189 169 232 -254 -177 215 -154 -225 274 265 284 -250 223 -272 -203 -287 -198 -167 291 -248 -242 -177 257 -283 -298 168 -209 238 149 219 122 -146 -134 168 -81 -117 -156 -177 -161 58 -70 -113 101 -201 -227 -230 -350 192 217 167 -307 -200 -92 -94 -165 -12 68 71 81 3 -103 -27 -86 -89 129 178 177 27 136 243 224 -288 -150 231 -311 -255 332 -254 -171 -310 268 -244 -227 -219 247 330 -257 -392 -265 241 -283 241 215 -196 266 181 -208 191 -104 146 -101 -87 254 -151 -138 -92 -245 -295 167 229 -197 22 113 207 -251 189 -171 187 243 -250 233 -234 -226 273 334 166 197 -213 181 -283 -256 178 -202 303 -231 -214 -295 281 284 220 239 -304 132 -250 233 -224 319 194 -261 -308 366 413 443 438 499 -387 383 372 337 266 259 -265 254 262 106 -167 -140 123 98 117 -161 -132 89 -85 128 -142 115 -81 93 113 -99 121 177 -113 82 73 147 -120 59 -36 151 143 -163 279 271 -281 -259 290 -383 -332 288 395 -310 -346 -387 -343 327 321 320 -324 -272 353 -326 -244 -335 290 -304 341 307 -412 -458 367 373 404 338 342 -256 -336 -213 261 -175 336 -222 261 -212 -211 -252 -331 -271 -378 -243 -343 368 356 285 -351 380 -306 388 -383 328 383 -286 349 -369 411 301 331 -233 -361 285 280 239 -276 249 -205 -315 316 338 394 293 -256 338 -331 -287 -288 -430 -348 324 215 235 255 -215 -269 -202 260 260 -394 207 159 213 -315 -199 243 -190 96 -192 -278 -272 306 -339 325 303 -375 -251 -378 -164 -226 -363 206 -254 -212 207 244 -156 -161 -313 -238 266 -324 -313 -331 369 249 235 253 -246 227 -225 216 187 241 243 306 -277 279 -258 324 -237 -247 290 264 -229 272 -290 253 -197 -249 -301 -339 326 -312 291 290 237 -266 -307 284 269 -242 276 264 -277 324 220 269 239 174 182 194 -186 -204 -117 155 113 -146 78 81 -118 -192 -188 166 173 -245 223 230 -386 317 239 262 -335 202 172 174 -183 -121 -65 128 -98 115 94 161 -121 -158 -141 248 136 -121 -195 202 -148 123 -93 129 -97 63 -7 129 121 -116 117 -97 139 92 -149 159 192 173 -210 275 303 -120 195 207 -181 138 -200 82 49 218 218 -241 275 266 -260 -218 201 -271 -287 -270 262 138 -271 -254 -247 228 -158 -186 277 244 -209 302 305 217 175 -224 -248 193 -214 -239 294 -307 -302 -237 353 264 -348 365 -310 -379 359 361 -393 -371 -347 224 -375 -337 360 318 -299 276 -333 -302 358 309 257 -314 -329 -299 230 -195 -218 304 289 -252 248 170 -280 -210 251 -216 -188 210 -282 -293 -221 -276 -227 -257 -340 -269 -303 -195 -284 299 326 -200 -214 248 207 261 207 -286 188 -266 -306 -218 -246 227 293 159 -168 -224 74 215 172 219 322 307 -270 286 -360 289 234 301 -276 253 315 -221 227 -286 134 212 -354 -268 -297 380 337 239 225 -248 -241 264 413 354 -323 -251 -259 285 -323 321 373 -310 -243 270 261 278 228 -338 -260 -208 -270 180 237 -232 -153 -194 -155 154 177 157 165 164 -206 180 239 -167 -196 266 127 157 -304 -210 223 209 163 259 226 203 -125 201 200 175 155 -201 -173 -139 183 59 -67 120 -161 144 196 120 -141 271 -274 -206 -249 330 238 -278 -236 283 268 -348 -233 -267 310 -255 -271 218 365 348 -283 234 -344 -273 277 253 312 243 -262 231 289 -327 205 -276 259 -254 -318 -290 -269 276 -232 -264 -333 243 -288 272 169 206 -286 248 -105 -150 200 253 250 -144 252 -287 -271 -321 249 360 294 -250 351 -318 -119 171 -197 174 -162 -190 294 261 201 -220 250 348 287 262 -206 336 -347 198 255 246 178 362 -316 -256 -331 295 342 -273 -279 -280 249 -209 -317 -239 -216 168 260 -294 291 196 262 220 279 261 388 274 -304 267 271 -299 182 -332 298 -160 223 237 200 -260 163 216 -292 260 -270 -321 -242 232 202 -300 241 270 282 197 -178 220 211 -110 -167 180 -189 1 141 170 -144 208 -141 -232 -163 239 -305 -219 -264 209 146 -227 361 -327 284 -191 238 -185 241 190 236 102 70 -142 106 -13 127 -54 -18 -158 -165 -184 223 -247 265 262 348 204 291 274 -256 -266 -322 -388 332 -376 -278 -249 -215 367 320 -364 381 -232 -272 292 279 -280 -308 191 -227 -298 387 -251 170 -236 -267 363 269 -210 263 298 -354 -346 286 -312 339 -299 -360 -293 -217 241 -348 155 149 187 -165 -191 268 229 -263 -323 289 -283 222 -190 -227 -243 240 -134 150 -119 183 -95 24 233 146 222 -115 -127 191 -197 181 156 149 -271 -175 288 212 -271 331 -236 -288 292 253 277 336 285 -258 -189 -147 -272 197 163 -224 -232 283 -301 -191 -267 295 321 -309 342 375 -375 363 308 -334 355 -262 410 451 -494 -482 412 -428 -429 -430 -520 480
6144,-33 -123 -36 -77 -104 -61 58 47 -39 -72 73 -53 -196 -131 -14 168 -161 157 -213 64 -6 -84 -22 -7 -47 125 -13 -79 -76 -154 30 -118 -27 33 48 -74 -20 129 -3 -45 168 201 154 -111 8 131 -34 -92 -193 103 -62 79 -104 -9 130 74 108 -143 87 -35 -5 78 -131 62 131 54 -40 143 85 -68 -74 1 88 105 -120 -1 -65 58 12 -14 -34 -57 -88 -28 101 149 45 -108 -70 100 -167 121 -22 65 -121 71 -41 -119 126 117 -142 -30 -52 82 160 48 -57 -49 -112 -73 -109 116 19 -108 95 114 -32 21 -81 -33 -169 -151 78 42 -108 -102 63 -179 95 35 87 147 142 128 -98 116 80 15 108 -76 -24 29 -120 -125 -72 -16 -40 -54 113 -109 -95 145 96 -13 39 128 37 -67 -47 98 120 -79 57 -27 -83 71 58 44 -42 -155 -116 -33 -28 -76 22 41 -57 101 -94 10 85 -27 79 -2 -129 -74 -92 3 88 138 84 -177 86 65 49 -73 -77 92 -44 -43 -47 -228 -114 47 -87 83 -1 -85 -86 -93 -26 142 -101 150 -89 77 -20 13 -97 -57 160 -71 21 4 105 52 -113 130 122 -70 -152 -122 -59 16 -175 124 71 -22 -46 -149 -22 57 79 -39 100 53 208 80 49 -70 -42 -151 41 154 -33 25 -64 -74 6 -102 47 76 -106 -117 140 93 -57 -113 -27 -6 -89 78 -9 22 119 -15 99 123 27 114 46 93 105 15 -10 108 -117 -36 93 1 -65 105 82 39 18 -139 155 -137 97 -108 1 -81 -142 78 34 30 77 -154 44 86 -145 101 -86 62 -160 -34 -104 109 49 88 -132 -31 70 113 -100 179 118 -16 135 -67 69 -145 4 33 -85 4 -83 -86 -45 124 157 -137 -23 -29 -139 -65 -27 -6 -72 68 -98 -73 112 -134 13 46 -109 -66 -15 182 -96 -53 51 -128 -171 -24 87 -75 101 77 -152 -41 -76 -38 102 58 95 103 100 62 107 -133 117 68 66 34 80 -109 -83 -131 -10 -10 70 -24 -158 -77 94 113 129 46 -68 -4 60 -103 101 -17 -109 -25 -20 -78 46 27 -79 -103 -44 -129 74 77 91 -42 86 -44 157 60 -50 -61 120 -127 -123 104 -156 98 123 133 52 -104 124 -84 124 -110 63 -5 42 -50 -54 -21 -31 96 -101 -179 -45 82 -66 -92 43 -29 -129 -143 60 -38 -162 -79 162 37 61 8 -133 -135 53 74 93 -26 -78 137 -5 121 77 -153 -118 59 92 -138 -61 -144 -38 -64 -130 75 89 -118 -107 -52 -99 98 -147 108 125 92 -133 37 -175 -41 97 -9 145 56 145 47 4 -159 -11 -131 64 114 60 90 -51 144 -18 60 -7 141 -89 97 -94 18 -70 -19 27 92 -66 -122 -54 66 130 -36 24 55 36 107 120 -114 -103 36 66 44 -25 -76 111 73 84 108 73 39 109 -131 -7 48 18 17 100 -69 30 -111 91 -26 85 108 85 75 -81 59 134 52 98 158 -4 81 107 -65 65 -179 -4 68 -88 120 178 108 204 105 103 -131 -46 3 147 103 8 -84 -143 -72 -47 -146 113 95 80 -64 108 -75 31 76 -152 156 91 130 -107 -124 65 77 -93 47 -62 -27 39 149 25 -13 -81 11 144 -55 53 129 168 -49 33 43 -89 -20 -121 68 24 -98 -58 152 79 -23 -53 -18 74 76 45 -253 88 -149 72 -12 -84 18 117 -135 -55 -20 84 139 176 -19 142 -60 -81 -29 -88 102 -20 128 73 25 34 47 108 9 -70 50 21 -47 -75 112 -20 -108 128 108 -99 81 -131 -103 20 -132 94 119 71 -88 -10 43 -30 -47 54 -14 80 12 63 -38 128 -106 154 119 -149 -31 67 25 -91 -96 -161 -112 -39 47 20 57 60 91 110 -175 92 -156 -192 -81 -68 82 18 131 43 65 -149 125 -33 -57 -37 -73 -103 -126 -174 21 -61 149 -63 75 -94 98 -90 -54 -54 -118 -80 -149 104 -130 20 92 -182 -34 -80 -21 -37 71 49 6 52 87 104 -60 168 64 -85 -101 -100 25 -92 -22 82 -81 38 99 -118 104 -39 -114 133 -79 52 -52 59 42 -37 88 148 47 -138 -150 -181 114 109 135 -108 8 -119 -60 125 77 167 150 -13 79 92 -125 -133 149 -164 39 -82 59 61 -92 -135 -36 80 -82 81 89 -57 -98 84 184 72 -30 117 21 101 69 -95 32 -42 -188 -51 -97 136 194 19 105 190 -110 30 -127 -110 152 138 132 73 52 -45 128 -86 -81 37 -115 87 -93 -12 -120 6 -74 -109 155 99 114 22 35 -75 -70 -42 114 80 -88 66 48 67 133 101 142 -97 -118 -80 122 89 -99 -134 -20 163 126 -132 57 -101 -30 45 7 -163 -40 -155 -98 18 0 -70 41 -61 -121 112 -123 -38 169 63 172 151 -70 26 -173 27 -217 23 54 -197 149 85 4 -77 -150 -63 9 -112 76 88 -92 -27 94 153 129 41 61 -64 168 -84 62 28 -145 -55 -67 151 -118 -183 47 19 -23 66 35 -99 -3 -65 -9 133 -27 -99 -23 -57 -57 -103 -89 56 72 -129 -1 -46 36 -132 -110 49 -2 68 -36 -25 11 47 107 -170 71 -69 29 -148 -97 151 -88 -98 41 -44 -24 72 87 -104 196 -99 -89 207 -118 5 60 211 -115 -97 104 45 82 117 43 -74 186 4 -129 -153 -96 -27 68 -7 183 190 -82 -77 123 65 -66 -125 -111 141 -16 15 -95 96 -131 29 -40 -54 91 81 9 -27 -11 -91 -64 -60 70 85 108 -89 -51 26 -83 -101 -143 99 -85 -118 -80 -114 -99 53 -79 -31 181 14 12 6 61 50 32 111 69 93 55 150 -6 60 -56 160 -112 86 7 31 -42 -88 -77 -78 56 -152 113 -39 78 155 -117 28 -92 59 -7 -122 -29 -128 177 23 -223 -144 -86 17 -17 -223 -3 58 -117 125 107 -42 -65 42 66 -56 64 -110 -117 -52 99 -94 15 95 -129 -138 150 -49 -36 -147 93 124 107 69 157 55 -75 -55 -136 81 88 -31 -130 90 -61 -182 -16 81 177 -139 48 -213 -78 -116 102 -168 67 -63 -73 108 -33 73 -75 133 77 124 -26 -120 -36 -142 -113 -26 37 67 131 -41 -150 -75 99 71 83 22 84 -29 -136 66 64 -140 -92 37 39 -85 -146 -96 -118 -65 -124 -63 70 -17 36 23 97 -103 -88 -172 13 -185 -71 19 -67 169 151 -154 -55 -77 105 -11 35 97 -78 -116 -119 54 -76 -42 106 -142 82 -38 -128 -1 -206 70 98 -37 129 30 -98 97 88 75 130 51 130 140 -32 -114 -109 -71 85 129 -111 -89 -30 132 131 60 -120 139 -131 100 79 110 -156 -85 113 -106 107 90 -78 -133 6 166 -205 -77 1 -23 -150 4 -81 86 94 -36 116 96 133 136 107 47 70 -75 -88 -97 34 68 -92 74 -161 141 133 -7 -58 -25 77 -139 50 144 39 48 -63 -101 -95 -115 -53 81 96 -71 -186 -38 -37 -54 -172 -36 -57 -88 -93 97 52 132 -39 153 -174 37 98 -65 117 30 24 164 85 42 124 -97 9 -76 -163 164 30 64 -83 -85 -163 -86 -86 94 -53 118 -129 146 49 122 -124 -151 -13 115 -85 94 -127 -131 -95 39 88 58 112 116 24 103 91 -145 -115 45 -134 -73 32 -86 96 -92 -170 -105 -70 -49 66 107 69 86 107 -55 108 32 18 -87 88 112 -75 -78 58 -110 -114 -40 -67 -111 10 -92 4 -37 -124 -37 -116 -69 -56 -21 55 99 179 -35 -129 -50 -10 45 -39 26 30 -82 -57 -110 -34 82 -67 184 -66 -132 83 -131 139 99 98 71 -88 121 -101 164 -41 69 -114 -58 129 -43 -4 23 -226 19 -180 -84 -122 -62 149 31 -96 67 38 -146 -82 -124 91 58 28 137 -98 -40 54 64 181 -90 -5 72 -119 -67 -109 -70 -44 -79 -44 -110 -3 91 -51 -76 62 -178 -45 65 -8 -105 154 5 -96 -104 78 -90 -130 114 -133 -137 -1 63 -76 -111 34 51 -142 -61 -107 51 -43 -115 140 110 -97 -74 60 83 -102 127 70 64 22 -118 96 75 -165 98 -127 185 -35 144 28 90 -88 72 125 20 77 -137 -97 -34 178 90 -67 51 -16 63 46 60 67 115 39 40 -103 -105 -162 30 56 -74 173 62 26 -83 55 39 -70 86 -93 -51 149 -78 48 -128 116 50 82 -134 -53 37 -123 -15 -87 -14 -143 -9 24 90 49 -90 -65 31 -154 84 170 -48 36 63 103 115 6 -69 -88 104 -99 -75 -133 -53 -181 -41 47 79 -177 152 75 -78 -73 48 -113 34 -93 79 106 -74 -75 54 2 119 -76 114 -112 -17 -10 -72 101 -67 -21 -3 -113 -123 103 121 104 77 177 173 -88 -111 -49 -170 5 78 -123 18 -12 75 -62 -61 -13 113 -109 -86 16 129 -172 71 50 -126 -100 -104 -45 -1 -10 39 31 -42 -133 -70 -61 32 -83 91 -50 -6 142 12 -15 -124 -34 -50 95 19 97 -46 108 31 -96 -34 -61 -77 93 174 -21 -16 -110 -192 10 64 -97 -38 -54 -38 47 143 20 -57 -112 102 150 62 88 -136 31 48 8 52 84 92 47 64 25 -101 -20 -114 -111 42 -121 -35 25 -80 19 90 -70 -163 -107 -48 -34 -72 26 -81 -94 130 -173 -171 -98 -37 -75 -109 -105 -23 126 -112 -6 5 -65 -125 155 110 91 41 8 -152 -94 -93 27 -50 24 184 49 152 95 131 -76 -131 125 121 54 103 128 -148 -136 99 -25 71 -78 -89 48 66 -91 142 30 34 92 66 37 -130 -58 15 45 -106 -93 -66 44 -72 -13 12 35 97 -110 53 -196 107 -2 67 52 79 -77 124 80 -54 55 83 -32 101 137 -118 137 -91 -82 111 123 122 -151 40 -94 75 -23 165 40 97 -71 146 79 -44 112 4 98 -125 -63 -41 -69 89 -56 84 67 78 -25 147 -133 51 -98 -56 -102 140 35 -159 40 148 -102 42 -126 20 -139 109 79 -95 77 69 52 -32 -35 17 127 53 -74 78 119 -109 21 121 171 -123 -88 -22 129 39 -72 64 -95 -66 69 -34 -81 -28 -102 24 17 -106 119 51 35 42 143 -16 -60 -183 43 102 135 81 -120 18 198 53 85 -153 46 -75 -77 -93 108 14 62 -39 -11 -88 -101 128 -87 10 49 -63 -68 -99 -102 87 111 15 79 17 45 52 -139 18 58 85 95 -103 -21 46 139 114 18 24 -37 84 134 69 -85 -137 25 -95 48 -19 84 117 64 -47 95 -24 -68 -112 60 46 -74 -34 -75 28 -24 -169 82 110 65 138 -141 -109 -133 131 -107 164 30 -74 18 12 -93 98 90 43 -49 -118 76 6 96 -84 -42 -148 103 66 138 9 107 198 -95 -110 -44 101 -121 -60 70 106 54 129 28 101 -129 111 -64 -122 59 -84 -13 -71 -30 -42 -64 57 27 -91 -86 15 -12 120 -75 77 -83 -9 -157 147 -65 -111 -131 178 50 56 -151 85 -59 -80 -13 122 79 130 84 138 -121 -27 33 -11 58 58 149 -256 -20 -10 -50 -5 38 -115 101 122 -89 -133 64 -66 -115 8 155 112 143 -61 53 48 -77 99 -170 90 167 68 76 -153 122 74 -1 -157 104 -17 90 -29 -60 102 -122 -70 95 47 33 -194 109 83 7 -205 18 -77 -59 27 -86 11 87 179 73 53 -163 116 -99 -18 104 -79 108 -42 37 -54 55 73 109 -119 -105 -102 -65 -100 -108 -7 75 -66 133 -105 4 94 -40 -83 94 54 -73 56 -62 -103 81 -39 -105 44 -96 -157 74 -68 -22 15 -87 85 27 -113 -69 155 -147 136 -104 100 82 36 75 -96 173 -41 142 -85 50 127 27 -106 -43 56 8 -38 24 142 38 25 51 -7 86 57 -221 -98 51 -65 92 -116 -4 -136 102 -90 -83 -90 92 23 -100 -106 -23 -37 51 96 -74 -79 85 -31 5 111 -87 -30 -113 -5 68 -4 132 -36 117 43 86 156 114 102 92 -117 -7 96 -10 72 129 134 140 -89 44 174 -83 -77 24 -138 80 30 23 -102 -76 38 62 53 -113 40 134 -4 -133 64 56 -88 42 107 -54 99 -1 1 -79 -50 -30 40 97 103 -76 2 -138 -32 192 121 -37 73 19 44 37 86 40 -72 42 -77 -90 -41 -118 -98 28 108 131 54 -160 -112 -233 -43 -84 -55 -106 55 -96 97 -198 -124 89 -135 57 -88 -118 98 4 14 52 71 92 7 13 -143 -46 -23 64 -136 -11 -137 97 145 4 42 -123 -110 -133 57 -84 84 134 -78 -84 200 -190 -51 19 -69 -134 -38 -146 129 91 -52 142 52 -21 94 -219 144 -52 72 -71 -139 -146 -32 -99 85 -67 -139 -87 -26 -75 -63 207 -7 -103 99 70 69 104 -101 -74 -35 -81 -33 -117 131 -125 -89 79 -85 -68 -79 105 30 -96 141 -183 -5 131 22 150 37 36 -102 1 80 -121 76 -18 115 -145 -68 -118 64 50 56 117 -65 -46 152 52 114 36 -24 121 -115 -149 72 -64 -64 80 -189 74 88 -88 5 -63 48 18 -143 -82 -41 -42 -174 102 -117 -46 30 23 101 -128 112 78 -64 -115 -11 138 -145 -48 128 56 154 -95 5 101 -13 20 -41 77 -123 -130 93 77 91 79 -4 34 50 -136 50 93 -104 -73 94 -99 -79 191 -74 27 -76 -148 -72 73 -72 106 106 -106 4 47 -43 66 -179 -144 96 -146 -92 -128 -4 183 66 -33 148 106 82 77 -67 -51 -88 -6 -105 -81 -70 92 -48 -23 -36 54 40 40 -24 -97 58 -76 73 77 -136 -72 -95 -109 152 64 -6 86 112 94 14 -90 -66 9 -12 77 136 -64 -43 -105 -183 -19 88 -61 -68 101 51 -137 -87 -54 152 64 63 -19 -50 25 -82 -77 138 -99 -85 102 -2 -54 -89 18 -21 88 130 -63 -15 -129 -77 52 -102 155 -38 -142 -14 103 118 -74 118 -88 115 -73 57 72 78 -6 -46 23 -70 34 -74 -14 101 -141 -78 10 55 -115 157 -44 131 49 -63 152 -4 18 110 21 84 -105 56 -171 121 -94 33 -128 45 -103 84 96 -66 40 -139 72 -118 -58 -78 146 -65 -32 -79 -69 -120 67 60 -130 142 -134 -91 -117 -103 69 -96 36 75 214 27 68 46 43 24 98 -118 -29 -81 -169 68 61 80 164 32 -134 -17 -126 -151 33 -101 -65 -61 73 -49 36 -64 123 66 -73 -129 -78 63 128 51 94 -144 205 -18 -77 161 -30 -64 41 72 -35 -186 74 -176 -86 -7 -33 -52 93 -81 120 -2 118 -127 143 91 67 -7 60 12 -131 30 -150 -103 -84 49 -64 -180 -65 109 -75 -53 -124 71 60 -49 -84 -80 -129 -104 -5 -97 56 -25 -41 -157 -103 -69 90 84 -53 49 -27 -63 123 -76 -47 -145 -103 19 66 110 -56 -10 -103 -79 74 107 67 31 -90 -65 -39 58 -165 59 -62 37 -66 153 145 -151 1 117 -25 34 -80 -62 145 82 -47 -114 95 52 -101 -154 96 -170 164 -124 -89 -112 71 44 77 59 -78 76 86 -36 -99 45 63 68 -118 -120 114 -49 52 -62 70 148 -127 -131 -172 150 156 -57 -65 -66 122 124 -10 -98 165 -107 -90 -123 81 46 -26 -96 -27 -88 82 53 -70 28 -57 -93 54 70 -5 -23 76 66 -55 -48 74 -44 -64 67 98 26 20 77 63 22 73 132 92 -195 -89 -43 -38 -134 51 45 8 70 -63 -183 88 -96 -65 -20 136 162 154 80 45 71 -101 -141 -42 50 -47 -38 -58 -29 108 118 126 -96 44 -152 53 63 -81 22 -109 -132 71 74 -34 -1 143 81 117 64 -159 58 169 46 42 46 44 116 116 -117 -22 82 -24 117 -45 71 -156 -118 55 62 -130 -131 -74 -27 6 47 96 109 -99 115 -24 114 -43 95 57 146 107 83 -119 -120 81 137 -146 89 -62 -153 -80 -72 -68 -82 114 74 -123 84 42 -67 42 124 105 197 8 -107 127 150 -33 75 -13 -34 92 -121 -198 77 -28 43 -11 65 165 -61 87 40 -40 125 67 -146 84 -5 -44 -49 95 138 -187 -104 -94 41 41 97 71 -66 0 87 -70 -8 70 -22 -118 164 81 -41 -57 125 132 -115 -50 -128 28 56 80 101 -34 -91 21 -155 -13 64 -126 -152 68 77 -81 -85 -65 6 -42 113 -21 61 -65 67 -139 -138 -15 54 70 -31 116 174 -43 -117 10 -153 -55 110 73 143 -103 137 -33 27 118 67 -163 29 4 -80 156 130 -20 18 143 46 127 -14 78 -107 -63 -141 72 148 -20 -123 -120 -8 30 -66 31 103 -126 -27 16 -119 -106 -109 103 -39 -136 -149 77 122 125 73 -71 85 -120 103 -100 -58 99 67 -179 111 109 23 77 32 55 8 -18 -88 48 74 112 -51 107 -32 -106 -55 -159 108 78 -19 -138 6 -88 -25 3 68 -60 -42 103 -85 -40 -110 -187 -140 102 -138 129 146 -74 -42 64 15 -67 1 123 27 -145 -80 123 -30 101 84 -48 -77 101 -75 96 31 -95 -53 142 -45 153 -76 139 -67 -90 -194 -86 130 -122 9 -12 -142 169 -39 106 49 -123 58 73 -15 20 76 -101 -91 -93 90 39 70 69 78 93 90 34 102 -148 -32 147 -119 126 58 118 -72 -117 79 101 -152 -83 42 107 99 3 -113 -67 84 82 38 -74 -110 67 60 -76 -48 45 32 143 136 77 -89 140 131 -90 -103 -157 -1 32 -146 -12 -65 127 148 -84 76 85 -80 -100 -98 13 -60 74 -100 92 64 -11 -101 92 -116 47 -49 -136 43 80 159 53 -149 93 85 -47 118 -90 92 -116 -83 -70 18 -99 15 58 -87 85 71 -68 -72 -86 -115 -42 7 28 -87 -165 141 129 -88 -129 18 136 46 -229 -130 93 -77 73 87 67 -39 -72 60 -63 -67 21 -23 73 9 -154 98 72 -55 40 85 -65 74 -40 88 127 -111 -45 -129 -116 97 -65 134 -129 94 138 -85 102 -90 77 29 64 -77 6 -6 -16 -49 140 -15 130 -76 126 -63 -8 -14 -136 -114 11 143 47 -158 -97 -71 37 -140 -27 -39 -143 6 129 -58 48 108 113 122 -121 105 -92 83 -84 27 -75 -151 -73 -139 80 33 134 -58 41 114 -131 110 -175 77 -130 1 -44 -26 111 -95 -62 -204 -69 7 -145 110 65 -44 125 -68 -87 -195 99 -18 -132 -82 -160 53 -6 -94 -98 -53 72 43 -138 100 -94 -23 -136 -130 -37 62 97 -170 94 64 -58 124 -169 27 -87 157 161 74 -34 16 -61 124 -87 -73 -23 62 17 -109 82 81 -239 113 -50 78 -47 -96 -80 -119 -36 130 -127 -132 140 -85 -83 79 106 -143 11 46 -5 -181 105 -56 70 102 -142 105 -61 -156 -114 -92 154 79 -107 -93 99 49 -151 -72 -91 64 -163 72 122 -64 73 -21 -114 101 -101 -124 77 66 101 -65 -29 -149 43 -69 4 -101 -82 -52 28 -124 85 -100 -73 -132 84 -98 -131 87 119 -52 45 131 -8 201 51 127 112 -110 23 113 133 -55 -43 30 -29 -63 -150 70 -57 -112 98 -107 -97 -56 -30 -39 67 113 104 31 -116 -134 -107 52 -52 -29 -47 78 123 -18 15 -111 118 -209 -88 -119 73 -151 -104 -2 9 -68 -46 -119 51 -85 -138 -111 -68 -54 56 72 -98 -45 51 -127 113 -58 -63 -150 -15 37 21 113 -128 130 80 119 133 78 -14 -64 34 -86 69 -85 119 107 8 195 -68 -113 35 129 -26 100 129 -155 -238 137 22 -64 -84 -31 -73 -124 142 17 -57 -78 -160 -40 -101 -110 174 -65 -66 -86 -139 33 -23 -52 -102 25 106 -207 134 -93 93 -6 137 -35 -60 -61 -61 -85 5 97 -42 -87 42 -141 194 91 86 -55 -66 -157 8 -9 71 -126 -7 16 37 -81 -43 1 -88 -54 -127 -94 -106 60 88 243 79 -71 28 78 -22 94 116 65 -48 -70 -82 13 -68 112 -87 79 -86 -8 -44 43 -73 -51 -88 32 123 -64 -55 -19 55 182 -28 -119 -112 -62 -124 11 -108 142 145 -23 -47 -50 189 91 -134 73 102 -59 67 115 -19 38 77 -63 -14 87 114 82 134 -232 39 129 98 -201 -91 -92 31 -30 46 -130 74 84 96 -31 -212 114 -40 105 -85 76 -74 170 -73 -138 121 80 -59 66 75 162 121 104 43 -211 163 -17 -65 -50 184 84 88 -136 85 -62 148 48 -122 -1 96 89 108 -40 60 192 42 78 53 141 -118 69 129 -44 38 31 -93 95 18 -57 144 98 210 -75 -4 99 -98 -62 151 8 179 41 -4 -173 -57 175 -110 33 -72 -5 1 -35 -68 -151 -175 -23 -10 -2 -196 -9 -129 48 64 116 49 -44 44 63 -31 117 46 -2 116 -133 -152 -56 105 106 -91 103 152 142 -29 -116 -170 -36 -68 -122 159 -115 11 -219 18 -49 142 104 -70 -115 -62 128 62 -50 -90 30 100 139 75 12 90 45 64 33 60 23 72 -79 79 -61 87 86 -83 69 -27 -69 101 -54 100 -166 -72 -30 -43 -49 4 130 -124 55 91 -104 -188 -111 -83 52 61 78 -101 -90 -82 -21 22 -143 -20 -121 143 112 10 -177 -100 -188 -128 -46 17 126 67 103 -13 -36 -116 -44 33 41 -95 -89 -73 62 -16 31 -19 43 98 120 -76 149 105 57 116 90 131 -62 -123 -153 -101 -87 95 34 119 27 -179 100 116 55 -22 -58 -41 -59 -125 -89 138 39 158 -73 -143 151 -94 -97 71 -38 -42 -88 -153 172 -14 -114 -59 99 45 79 -116 -41 103 145 69 -146 25 -148 -143 99 -81 -151 -85 116 48 -5 -105 21 82 -23 68 -50 46 -22 20 20 95 8 84 -118 119 -99 -157 -65 97 9 110 -107 -35 106 -54 168 91 -121 -32 -100 112 -22 -123 100 -36 -96 125 -26 -137 -34 -94 -81 37 -64 56 125 -23 58 -88 79 -55 -142 105 121 96 -153 -3 -67 -159 -95 94 95 -59 -21 99 110 -149 -169 106 -99 75 150 55 142 -137 26 -23 -14 119 -32 56 0 -45 -156 -39 66 -91 -7 -50 -109 94 -30 87 0 -57 -169 25 -108 -72 -77 54 -96 100 -99 -98 -57 53 105 -185 6 14 85 -157 -29 -68 59 -53 -65 83 -114 14 -143 91 -143 -18 48 -2 -41 94 54 -89 -29 17 -53 -99 59 -24 -109 -26 -28 42 107 -193 125 156 193 -93 171 -74 -28 -35 145 144 100 109 -97 7 -113 137 -148 -182 165 -107 21 51 153 -111 -52 27 -28 77 -71 -82 1 -57 104 15 92 -87 159 -40 -57 85 -95 62 -110 149 18 -142 -45 -25 -62 135 51 55 28 115 -158 101 83 133 100 118 70 46 84 8 151 112 112 -38 118 89 -17 92 51 124 51 -122 -123 125 35 65 -69 -9 -161 -29 -107 -100 22 -59 65 -70 -110 -35 48 -142 97 55 -153 -23 154 111 110 104 -8 57 -141 -76 101 -29 -93 -105 -27 -51 -84 181 -87 107 -179 -83 108 -177 -124 79 111 -76 17 103 148 39 -78 -130 -49 42 75 116 58 -85 -8 95 42 -136 -42 13 -76 -79 -143 21 -120 -95 -200 -104 73 73 85 65 76 -91 168 0 84 118 70 132 45 -65 4 -41 -20 68 111 16 63 8 91 108 93 -213 -101 109 33 -117 134 111 97 111 66 54 138 168 -115 -45 112 -111 125 21 97 -38 57 -104 -63 56 139 126 -38 -58 -120 121 -111 91 40 67 110 49 79 118 -113 -162 119 132 45 104 -176 126 94 -7 -8 75 48 -105 57 19 -129 -118 -43 -72 103 -27 -102 59 147 -98 -193 67 -125 -70 111 -2 -161 141 96 64 97 -125 -77 38 173 -142 -153 -99 -123 -47 -98 83 -189 149 82 -108 -10 95 -91 -96 206 60 73 82 -115 -109 -133 71 -133 -101 -82 52 107 -78 -112 67 128 95 129 -67 143 -138 -39 67 -28 29 -50 -55 -100 124 17 96 -186 -128 104 -53 5 -20 90 44 -67 -88 -33 -53 154 79 33 -110 -55 -135 4 124 -35 -175 138 -46 -44 121 -69 101 91 57 92 -74 -197 68 -73 -1 -62 -101 -115 171 -6 -171 0 137 -111 -140 -106 -56 23 -63 -23 -129 78 68 151 -91 159 127 24 58 -138 154 -51 27 -27 -33 102 36 141 117 61 69 108 78 -69 -124 99 72 -100 -22 -91 -147 -117 95 199 19 10 -186 -121 81 -91 -143 145 -46 116 -59 -159 82 -84 -126 -78 -51 65 64 -146 49 41 127 -18 116 -104 147 207 -185 -62 54 113 23 56 90 -145 -56 2 50 169 -99 111 68 -87 -139 131 27 -33 -8 -70 49 -172 132 -56 -178 -13 78 70 134 123 134 -86 -209 -125 34 80 80 -150 201 -56 -50 58 -22 95 -141 -151 0 -75 59 65 -16 -72 96 -157 77 66 -94 163 121 -130 75 88 99 103 -50 -56 102 30 -82 69 -103 117 -94 74 -108 -134 24 -111 56 -106 39 108 72 -123 67 77 109 97 29 -107 16 53 20 4 -2 82 -121 28 14 -31 -38 -136 114 92 4 -107 -122 38 10 81 -43 -63 -6 97 -138 -33 -105 -147 141 -49 6 -78 26 46 58 -100 -153 -68 82 -123 87 -24 -9 -52 -74 -33 -103 -57 149 -130 10 -103 73 -107 -4 129 57 -136 163 -140 -160 -54 58 -76 -63 -42 14 21 114 -5 53 83 -179 -136 30 -60 139 -99 8 -5 -117 112 120 106 -40 -59 -73 -103 136 158 -18 26 -80 -24 105 -108 102 76 41 64 -124 -11 -92 -86 95 65 92 52 -160 62 66 -71 148 -123 70 -115 -128 -138 82 -82 45 -20 87 110 -101 -116 -100 48 89 109 -72 -112 98 -82 -57 34 -176 -197 74 -148 51 15 -48 53 -43 -137 -78 -2 -71 -59 125 24 -59 98 179 81 158 36 -134 113 4 -111 -53 -168 100 83 -77 -97 94 102 160 71 21 127 -70 -26 7 -95 47 12 117 62 -157 -5 -92 -130 -120 103 -51 -138 -33 -24 -60 -57 53 -92 112 92 -162 70 110 -75 71 44 -78 73 -28 62 106 -100 -39 28 124 13 102 -131 83 -184 81 -43 67 -112 -45 -55 -46 90 -50 -12 110 135 -84 113 -204 -101 104 140 31 -47 39 104 71 -82 -53 -5 111 -23 -129 -65 80 89 -74 129 25 -51 -127 -90 -171 -20 -89 153 -87 76 -81 70 -85 63 78 34 16 -155 62 133 51 92 -32 -133 -77 122 14 128 -9 -24 -72 -80 71 -126 168 41 -101 84 -77 89 -47 -87 121 -131 91 -150 70 -202 -124 -107 137 92 101 57 -5 -53 166 -29 58 49 -165 -139 58 124 -52 138 65 -118 139 52 -131 94 -90 -36 -74 -142 84 -64 122 25 -63 36 -26 -92 52 -47 -97 -110 76 121 90 -24 121 76 69 72 -9 57 83 69 88 62 -138 -65 -88 22 -23 59 106 -103 79 -92 -153 3 49 -19 39 94 50 11 -37 -71 -47 2 49 79 46 -121 -2 -117 83 -55 -144 91 -104 -52 34 121 93 14 -81 -23 71 50 -94 110 -106 15 -22 86 138 87 -64 -51 58 -154 -88 75 -226 -56 -44 -93 -188 118 120 -33 -144 79 199 75 -101 86 -181 7 96 87 -122 70 -41 47 -76 32 93 -60 -111 -107 -73 1 -63 -48 118 -79 70 -109 54 54 29 -149 -78 120 -153 -161 83 -71 5 -173 98 -46 -88 174 -94 97 -198 -22 -157 -87 68 48 -134 162 -53 110 58 -124 -66 28 -61 -59 148 117 -129 -61 33 4 -129 113 29 74 53 -26 -153 -112 -60 198 90 131 -16 158 45 66 -43 17 -103 -22 170 -77 10 126 -84 71 168 -10 151 -101 77 120 3 24 57 78 96 172 23 119 -72 105 -139 93 179 -104 65 7 162 101 43 67 39 -87 31 -129 -139 -23 100 -76 -73 -11 49 105 -102 130 120 17 5 -126 22 86 17 60 -16 115 -97 -91 30 -5 -155 -116 -86 -15 -36 20 18 82 132 -97 -4 -39 124 102 -123 3 -74 47 31 -60 -24 161 -79 178 -28 -91 144 -75 -63 -93 -45 -32 8 179 -98 -13 -4 79 -70 -113 -184 -28 16 169 -37 65 -102 -120 96 -93 -132 153 73 45 -63 41 146 91 29 -2 -126 46 -92 29 98 69 -51 176 81 -61 65 -122 25 -21 38 61 116 29 106 -72 -33 -33 75 -20 -117 -110 -18 -50 100 85 -38 137 25 -40 -65 -108 -167 -40 2 46 -111 -67 -78 -70 -167 114 92 61 150 113 128 50 123 -224 -58 -10 -50 12 30 39 108 -139 119 152 130 -65 36 -123 36 131 -136 -49 -118 -105 119 53 -36 -137 -3 -54 -54 63 -37 -63 -211 116 87 -87 60 -88 -52 74 -8 114 111 -16 -107 -175 -93 38 -100 -51 -63 14 -74 -59 69 -95 -17 96 -14 -151 -51 91 -64 -139 -74 225 30 43 -17 120 69 126 -36 -107 4 -155 -92 87 10 -117 106 -95 -79 -95 -125 105 80 -86 23 -137 102 -173 -124 -18 32 -15 100 -84 -125 99 -81 -152 111 151 53 -102 -79 -4 -86 99 101 -108 79 -28 38 -57 56 106 -124 -68 55 85 60 -99 -35 -116 39 -66 -69 -63 42 -116 -20 -37 -70 104 60 -4 93 147 -50 -15 75 189 160 132 76 32 -29 107 4 -90 -135 -51 -42 141 19 -84 -181 -70 111 9 60 74 97 -77 -66 -75 -42 113 118 -115 -180 -129 -135 -132 69 12 -86 78 -126 -1 -113 -42 15 82 40 -71 125 75 42 -152 -42 -91 -32 131 -84 -48 78 -46 31 37 -180 -39 55 -58 178 -89 27 -36 83 -78 -183 127 -71 -114 -87 -46 56 140 39 170 -2 -41 -24 -48 52 96 -128 -1 2 116 -1 85 -107 -55 12 48 -94 -82 12 -129 -56 80 74 -130 -45 -130 84 39 -101 40 -141 -93 87 10 52 -36 -41 -154 96 -126 51 -159 -55 8 -172 -118 122 -85 87 91 -125 -78 -64 -25 77 -199 91 100 -134 -160 -84 54 -28 189 18 -143 23 155 -98 -33 73 -119 43 112 119 83 -17 -26 -151 86 111 -80 -125 -121 -116 -141 61 62 -42 43 160 147 87 87 13 -129 -24 124 11 -173 119 131 51 -22 149 105 26 68 -86 38 33 -126 -140 42 86 127 25 -8 -50 34 -54 -16 -154 68 -47 130 108 63 144 -132 91 86 71 158 -72 23 86 100 74 110 120 -92 -14 9 -117 -64 -197 6 12 124 85 -190 91 4 -98 153 -10 -124 90 102 157 -62 160 144 -55 -141 61 171 -137 47 68 35 116 127 129 -45 -84 -103 89 77 68 -107 85 -51 169 -101 96 -152 -25 106 -106 55 -20 -100 -39 -111 -138 31 -162 -64 57 -89 76 133 113 -100 -100 55 97 -116 -125 60 -40 81 195 158 98 47 108 -125 -45 8 132 -94 17 130 46 24 -41 -87 108 -173 129 10 138 -26 95 -133 99 -69 113 86 38 89 118 -115 -48 -128 -152 117 142 -52 -102 44 119 -141 -34 -35 -60 -70 -14 56 102 78 -4 160 98 -94 -63 84 -18 -23 140 99 146 14 89 -28 63 32 65 25 -57 47 -39 -89 -188 -74 57 -61 -9 49 88 -141 -32 102 64 -95 164 97 167 20 104 -91 -28 44 149 93 -11 -11 -157 9 -126 -115 -103 -98 -80 75 171 43 -101 128 97 92 93 147 63 7 -107 -115 -48 70 -37 2 -117 -84 -61 168 -27 -50 14 -20 -112 146 -73 17 -68 41 -16 -92 -59 -68 -93 -68 127 7 -112 24 93 -108 131 -141 186 -36 -41 -77 -65 75 22 118 -45 66 -58 -7 -60 34 20 -34 94 15 -87 -63 -113 -104 -55 -37 107 -78 54 -110 -79 -76 67 -74 173 38 -30 -76 -139 129 -44 -162 -24 -45 -143 -12 15 -15 -99 -1 41 -4 -56 46 124 3 -73 -83 -132 -173 -46 -175 -40 -152 -94 52 40 -17 -159 -42 -16 63 -21 103 114 -123 -37 -20 -12 51 -65 48 95 -58,-36 40 -150 128 51 82 26 -83 162 76 33 -108 49 -33 75 -172 -120 -164 -59 81 -40 117 -43 200 38 -61 -93 -110 81 51 -151 88 76 -69 170 31 86 130 72 155 -84 12 46 111 85 -6 16 46 -72 2 -176 -169 43 -88 164 106 39 -139 -29 75 63 -142 126 62 -157 -51 168 -73 -17 -15 72 -37 74 75 74 104 110 104 72 -91 68 70 19 137 -29 -71 -15 -70 73 -104 -90 -66 -91 173 -45 -26 200 -50 0 92 3 133 -196 -82 115 -33 100 -61 -134 143 -160 -41 89 69 41 53 71 -82 -60 73 104 138 63 -151 118 -39 11 -64 -148 -141 -65 46 85 -119 -26 78 71 90 96 -116 132 -73 63 18 93 -116 -43 50 93 -94 28 91 -140 233 -23 -49 -122 18 51 -123 87 -132 148 29 91 -190 -44 132 -93 -43 -29 -75 -117 -59 109 -104 -80 93 -118 -55 -113 28 -51 -14 -105 182 54 87 92 23 -125 62 12 -105 -144 124 103 -23 89 98 66 -72 172 54 -53 62 25 83 110 -70 -109 -47 0 34 83 121 118 -129 -50 -72 67 58 -14 -1 -97 104 103 95 106 48 -57 70 -158 28 -86 -87 -16 89 180 -17 -117 -109 -44 -147 69 32 -108 -36 -76 46 -15 -57 -78 -81 165 -118 87 55 94 -1 67 138 -23 208 -84 -110 1 114 30 107 -156 82 -12 -199 -55 95 -74 -106 82 207 -84 19 -11 43 170 -52 150 12 111 23 9 81 -146 -26 -55 -5 -47 -140 57 -63 -92 51 -57 18 114 114 111 -67 -197 -22 -3 -192 134 -118 33 105 -68 63 86 126 -95 15 164 7 149 -83 144 -96 38 92 -85 -94 119 -69 -74 148 78 32 -158 -15 53 -139 -53 120 -89 -77 76 51 22 -66 24 155 -93 -52 104 -92 -80 97 85 10 43 85 -183 -51 159 -123 -119 108 -26 -56 88 30 -217 -82 -123 -96 -108 102 168 -84 47 73 78 20 -62 75 -128 116 -70 -149 43 -111 -20 -94 -49 88 77 77 -67 48 8 -47 -9 -14 69 -112 70 -114 -61 -114 89 66 -56 118 -71 65 -22 60 -14 80 3 90 9 -114 -181 -76 -53 69 -103 78 -32 -152 -129 -101 101 -125 96 79 -3 -12 -35 73 -127 104 -66 -48 95 -6 -101 -12 -69 60 15 134 -32 -8 -107 67 -1 -68 144 72 -85 -33 7 -129 2 -164 49 -120 60 94 -152 -19 -1 67 58 -63 49 11 122 96 75 17 -90 -73 137 85 85 32 121 -88 77 -145 106 -123 -150 98 -43 71 94 18 -158 124 -108 -88 167 214 -83 -13 64 -120 -98 -109 -119 48 108 -67 -125 150 -61 -54 164 108 242 -80 117 -67 97 11 178 96 91 81 12 -4 173 -7 -55 -256 113 -48 -74 39 56 -23 124 126 32 -24 -84 -118 -46 78 -70 -96 -66 -104 94 157 26 104 46 84 66 -51 83 -143 32 -135 78 42 -160 -33 -59 -2 139 -161 72 -2 48 -144 13 22 -23 110 15 55 136 53 127 -33 68 -35 -99 110 -76 14 -113 -109 104 -115 -79 154 -100 129 128 163 106 55 -2 -106 86 126 125 130 -100 -42 -91 -113 -112 -125 -47 -62 61 115 -67 -143 -92 57 71 -43 -90 91 -141 24 -41 117 79 -98 -39 -53 92 -87 -7 78 93 14 -82 -67 123 -112 89 56 -1 -55 132 -123 137 -12 -146 -36 7 18 8 74 39 -28 -56 -114 -35 125 142 -83 167 101 43 -168 43 -79 -92 63 -141 -150 -89 -102 -100 149 -92 -64 -39 -97 -165 -121 -113 -68 84 -8 -93 49 -96 34 -107 57 -109 -52 -138 76 -21 41 4 33 64 58 115 61 -105 -135 -101 56 56 -11 -9 66 94 81 88 87 69 -56 -89 44 -111 -52 89 158 145 -60 59 -36 76 124 48 -89 46 165 156 -35 -54 -18 98 58 204 45 -35 54 -10 -28 65 -109 -139 -32 130 9 104 -121 -86 -93 122 -31 134 22 93 -37 72 -138 158 34 105 134 64 109 148 93 140 -35 -175 -31 -55 20 123 -38 124 -60 -47 -18 74 -170 -73 -46 77 -94 -110 -125 10 57 53 105 -35 -114 -7 -85 158 124 98 -137 -83 -42 84 124 -136 -26 -47 -94 109 63 49 86 92 147 81 70 16 -26 73 86 -24 98 -34 -102 71 -76 55 -100 -9 -97 42 100 19 -31 103 96 -109 -46 39 5 -33 -38 82 -145 174 10 27 -55 247 -157 80 96 41 -53 -25 -143 69 -101 42 -90 176 63 -31 10 12 -76 166 -26 45 -1 -147 65 62 -136 -80 -111 -131 77 7 -39 -8 -85 103 22 73 135 119 18 42 -37 103 183 130 -42 -23 -32 -202 -123 69 2 64 171 -62 -73 178 -149 122 -110 49 31 205 -126 87 105 62 -138 75 50 149 -59 44 -113 -4 84 -212 -62 -115 78 70 -172 170 -67 -188 174 -94 180 -85 -72 82 -125 130 -57 -52 23 37 -29 -188 82 14 96 -73 82 108 -68 60 65 171 -182 -96 -20 -102 56 -164 46 82 98 -47 -68 43 -153 138 76 -74 60 108 64 -8 -98 -152 -33 -158 -159 -118 -82 -176 -45 -4 -31 -72 -49 -107 -70 60 -55 82 71 -106 -107 -3 -109 84 11 -31 66 100 22 123 -53 -104 119 57 -121 -68 100 82 -75 55 -98 82 -174 -99 -67 88 116 -69 -87 27 67 -75 69 -41 74 -17 124 -11 -125 -108 -35 15 -12 -27 -76 -105 5 45 -8 -91 129 17 0 -109 44 -37 160 102 110 128 -4 -127 81 0 80 -4 44 10 97 55 -37 139 121 147 61 131 28 49 -19 -83 -57 -11 187 83 106 -92 -147 -151 -42 -116 85 -89 -112 9 45 11 -104 -107 -19 -35 108 -8 -59 -18 121 94 -26 -147 -146 -64 47 -6 130 108 -48 -103 -90 147 80 -161 97 -101 -21 -105 126 -152 79 -9 -83 -109 72 75 -96 72 68 -194 65 -96 148 -43 63 -106 -117 -70 -169 71 19 -64 -86 -63 166 -54 -107 47 210 -102 -109 -129 -92 -56 -99 141 89 -89 -32 88 104 -70 41 -16 73 -131 -90 94 129 61 -4 117 -211 -4 102 96 44 -92 86 -151 24 72 -33 -149 -112 -82 143 2 80 -38 -49 117 -111 -162 -57 80 -65 47 31 115 51 -112 -155 -101 138 -53 -71 -126 -12 -100 -56 56 139 -120 177 -71 -26 -127 122 118 -90 100 -167 -61 -36 61 83 73 120 -83 73 -100 111 141 -31 48 -131 95 -101 -1 83 -91 -129 219 33 -79 53 -30 182 -47 -140 90 87 94 -2 122 6 21 28 -162 70 -48 36 -22 -49 94 -52 -116 102 46 -114 -14 -42 -141 168 -124 -86 -129 144 150 -54 64 40 -72 6 107 -53 89 -52 -127 -194 47 73 35 178 139 62 -70 92 44 63 82 140 -86 -49 -40 -8 85 134 -133 -140 -101 -49 15 226 -70 -23 54 159 -42 26 85 -158 -92 -41 -112 -8 -48 -108 113 -75 63 -99 -54 45 -92 -13 -124 -158 133 -74 -22 -58 92 154 182 -48 -115 -17 -130 62 126 85 85 -22 -5 -33 -108 104 137 45 104 107 -39 -29 -140 -86 4 154 -94 91 48 -82 188 70 79 138 97 138 73 76 13 68 141 -118 -50 70 54 -43 -41 77 154 112 -76 27 77 16 84 119 -64 -85 -166 -48 -21 -115 201 14 -39 -4 -91 -69 33 -105 130 -59 -81 71 45 104 -122 -78 43 -35 59 -77 104 27 97 68 124 -100 98 -69 -177 -53 145 48 -70 -149 -79 156 99 96 -109 -184 -38 76 28 111 102 -44 -108 114 113 70 -34 86 -29 -114 -3 -58 -102 -78 52 80 122 -124 -153 -135 -100 114 -29 -196 -167 21 102 -42 -95 104 138 -10 73 -12 -173 87 1 -150 33 66 174 76 -114 -13 116 22 36 -53 -101 140 100 134 80 -146 -151 -41 -84 -66 107 -91 -87 -69 39 -76 125 -3 21 -128 -39 -20 30 -23 -118 19 115 -11 -11 -162 120 118 54 129 63 -29 -103 -67 -113 98 -51 68 -83 36 57 -49 5 154 -27 -1 62 57 -143 -76 128 51 72 94 -45 136 -81 -67 22 37 86 -108 22 12 96 -61 -79 -140 164 -43 -50 -52 109 -69 -60 119 34 125 -4 -53 -51 -44 -104 70 4 26 184 -3 -114 66 -47 98 138 -85 -125 13 26 35 -147 -9 -17 79 120 -106 12 -136 -89 135 59 0 56 198 -126 -54 -105 116 -177 -111 47 14 127 137 -98 -176 142 75 0 83 -81 5 -116 -110 23 51 -140 -7 -87 84 45 -68 -96 101 -113 86 135 40 61 -33 -59 107 -168 62 -81 86 32 -153 -36 -60 82 -133 128 112 -100 80 -7 78 41 141 110 89 -133 -123 -130 134 -16 -146 -24 81 -24 -40 65 45 -119 45 -64 28 32 132 85 -130 152 63 -141 35 100 -92 160 58 19 98 8 -120 -63 -22 57 35 112 -48 -158 14 183 -57 4 33 125 -46 146 -98 -75 -57 -124 126 -168 -11 -87 -58 65 45 -113 99 -1 5 -61 186 15 -76 144 -109 -86 86 59 -121 44 -150 -71 -139 -101 -7 87 146 86 2 -93 -57 -131 32 27 -69 89 -49 -9 125 -10 47 40 -29 -39 -29 -91 37 -93 90 20 62 -16 13 -20 -38 -4 -81 -105 -16 -157 -129 74 148 49 27 170 92 142 125 87 -159 82 -11 -77 117 88 92 -84 -62 -100 150 -44 -116 95 110 -82 -89 162 -28 80 -37 134 -120 28 -76 -23 -44 -37 144 4 136 -40 -143 -208 39 69 -99 -69 -112 32 65 35 14 126 -125 92 15 -39 20 -73 -119 -52 -97 118 10 144 129 50 -107 -69 55 -50 124 80 158 -40 -59 -42 -26 151 54 89 -98 -87 -84 73 -124 34 -105 52 68 -54 -19 -171 120 -21 -127 -154 143 -138 123 -123 28 32 -85 120 121 -74 -71 -15 199 -38 -73 127 -101 -15 -10 -101 20 77 73 -149 80 127 67 -126 -171 152 112 -91 46 6 56 108 32 91 117 -46 32 -86 -15 50 4 -131 -111 -86 -36 145 -153 -12 92 77 43 -103 -61 75 -39 -94 -17 -75 -110 105 -36 -256 193 -168 107 0 -50 -24 -124 -58 41 -47 57 42 -26 8 123 27 18 -102 -67 -82 78 138 48 58 -30 171 113 81 77 157 94 53 -166 -10 117 -133 -102 61 -21 129 -48 -64 -83 19 27 154 139 94 26 91 35 -43 71 -47 104 154 64 -68 21 -187 79 -131 -84 -120 42 -112 130 25 -36 -99 42 102 33 -22 44 178 15 -55 100 93 -99 -99 114 -13 80 97 51 50 -11 -129 133 -93 -66 -92 144 -72 95 -102 -12 -48 -43 93 112 -116 43 106 -23 -64 -66 -123 -100 -136 -17 -4 -46 14 49 -71 -61 -89 -76 -135 -123 109 -134 -9 -53 -124 -103 -36 -89 -153 -221 23 -31 -158 94 -132 -67 -88 -72 -96 -117 -103 -89 -155 87 143 142 -52 113 -138 116 -42 123 168 54 58 145 -108 -17 -40 133 -109 154 -98 139 -101 -154 -169 -149 121 -138 -27 -56 -121 -70 -86 -111 12 -15 53 -86 57 -125 69 -89 65 105 -72 -61 133 -109 -107 79 114 67 -41 -31 60 -59 171 192 132 -111 162 72 20 49 65 -109 107 -53 94 118 108 -61 21 76 91 -60 -109 79 111 -116 -95 -50 -116 113 107 46 -153 57 -65 120 -54 60 -114 59 -68 -27 43 -82 32 -56 22 107 7 11 -69 -46 151 -126 -154 6 -159 -88 154 -59 -104 112 -114 -136 -88 75 93 -74 -68 -136 57 -155 -136 -51 -20 42 -67 147 127 -84 -154 -107 73 -94 168 -57 36 76 -151 -9 -82 -2 106 119 -65 110 -45 141 -113 44 -111 -53 113 144 25 171 -71 -118 -33 53 74 96 112 -10 -17 -51 -26 117 171 89 190 -39 -90 -14 -95 63 57 163 -109 168 -145 -62 -193 60 94 25 32 -162 -34 -44 105 -59 -108 -23 14 197 -205 86 27 -172 -80 -100 126 133 -5 123 -55 -17 -114 2 -54 -65 -46 106 135 -40 -214 -11 103 92 65 69 10 30 -152 -73 -90 -69 87 -29 115 -34 149 -96 -77 168 -121 -48 -4 137 103 -33 -30 -59 54 -49 25 9 -65 -46 93 144 142 -56 80 26 -39 37 93 99 -39 -149 -15 16 -12 113 -95 -67 -102 128 -50 14 122 -4 -106 111 -106 -54 114 -34 43 72 53 -113 42 -116 -57 -24 -44 -121 136 -84 -199 -19 172 79 -147 50 -202 -68 85 52 36 -7 -113 -60 131 -34 -66 61 41 29 -75 -111 100 33 65 -158 -8 38 90 61 -153 -48 -138 49 -178 -8 125 -8 111 21 -92 2 -71 134 72 -8 -84 -127 -155 39 -36 -199 -21 123 -28 44 -70 -5 -95 -65 28 16 182 -120 -153 55 -61 26 -72 -102 130 125 114 24 28 -179 16 124 20 87 147 -47 -103 -101 -115 90 -65 41 86 28 79 -97 80 74 49 58 -65 -13 27 120 -20 -36 100 -85 -59 -91 -55 15 -81 81 85 -124 91 54 81 78 86 -124 39 -53 -53 -172 98 118 -125 -26 55 -134 57 38 122 172 43 -61 -105 -85 -85 -42 -50 -58 -34 45 8 65 -95 -118 -10 44 113 -81 -48 -122 -90 -52 65 117 72 -12 137 -129 -142 -138 125 42 -28 120 43 -58 -129 154 -44 -70 183 113 102 99 -75 54 45 -158 -160 -109 -85 81 84 -18 -85 -40 131 43 -81 -76 -78 73 -127 133 -20 51 18 43 128 44 103 36 126 -104 32 225 -40 -39 -45 -151 67 -83 -133 98 77 -102 33 -99 4 -93 -97 71 -49 -46 -25 -55 -151 49 54 -133 69 153 15 -77 54 -8 -12 -66 112 90 50 -43 -111 -133 109 146 181 35 -99 55 -96 -120 89 54 -6 29 168 32 -180 14 64 -107 0 49 -125 -79 -97 132 -131 36 -56 24 -79 -77 27 -13 164 -98 152 106 158 18 -120 -60 -95 104 80 79 -86 -18 94 -101 77 116 82 -121 36 -7 6 -56 -89 -88 86 96 -123 -78 115 115 99 -154 83 -26 -2 99 -20 89 -68 60 85 -137 -73 82 -71 -41 40 170 -81 182 -49 123 -151 -113 -99 44 148 -52 -99 138 -150 132 18 23 -105 101 -84 109 -60 -146 -18 51 -83 -66 -116 97 159 -42 -103 -176 67 38 -45 -85 17 -95 -44 -126 -76 -93 -129 -29 -101 73 -136 86 113 -49 52 79 -79 -55 -48 -67 -143 117 182 -49 -116 -40 -146 42 8 26 -72 -70 -92 121 -58 96 181 -56 65 -28 50 -121 -104 -87 148 -92 -137 -90 -17 129 -69 -45 46 24 -95 18 110 76 39 -18 -70 -111 -167 255 41 19 34 110 -126 -153 -123 -149 -32 113 -22 -128 -147 103 -76 -28 38 18 -88 127 25 -55 137 -115 -124 152 215 125 87 66 5 38 -75 82 -108 80 77 130 -69 80 -26 4 159 -115 50 131 -86 113 82 103 164 60 -57 -71 -41 -59 -104 60 37 -114 -138 63 -92 111 -130 55 -68 -37 -11 84 -23 8 -75 -79 -134 -125 43 -42 -122 105 98 124 -95 -105 117 -40 -20 -42 -91 80 146 69 77 95 22 78 -101 -119 53 -135 110 54 66 -74 22 31 -34 66 111 42 -142 -134 24 -24 -77 81 103 77 36 -88 -90 -147 19 -119 3 -24 40 -85 97 57 101 -106 64 144 -38 142 131 -4 170 65 -29 -32 101 -43 -132 -171 -153 102 -16 -78 126 -71 77 109 126 81 -34 83 -103 -54 1 -57 87 -133 119 -82 1 -117 -145 129 -42 -18 96 42 -125 98 -126 -105 144 145 3 -199 -44 52 -17 111 -46 114 -25 161 3 -161 141 203 48 -127 34 22 141 113 -113 140 6 -54 -119 59 57 5 112 -97 -113 -89 -87 -44 -110 39 3 109 78 -105 -126 -51 -19 11 104 54 49 -81 92 -9 -75 -34 100 71 134 -102 -62 84 -59 183 -40 87 -75 102 -60 -67 -68 -80 115 142 134 123 131 -22 -62 63 54 -147 -92 -76 103 92 -62 -134 84 103 121 -159 90 -94 -153 19 81 90 -153 -66 127 -16 124 -97 -12 -108 66 27 63 -60 68 84 -99 -18 -48 149 116 -7 126 119 7 106 63 48 46 34 66 -98 61 36 -120 11 105 20 -96 -47 -170 -179 101 159 -89 -125 -42 -100 -192 -123 -64 -121 -55 -24 -60 -98 -108 108 -15 89 64 73 -48 -95 -65 103 139 -83 -27 18 -114 175 -56 -48 2 -55 91 -60 61 156 -151 -24 -163 124 143 107 173 -125 135 -67 12 124 223 -84 -131 123 31 12 -7 -101 -146 -98 -227 -134 -31 95 -188 -107 -143 -66 44 -112 2 54 142 120 47 -57 -61 54 -30 110 -126 119 -72 95 -59 -118 92 145 204 95 75 44 -43 -123 -11 -117 49 -96 112 -76 -135 -50 107 83 -43 -96 -114 -9 49 137 104 93 -7 -103 147 -19 -207 -152 153 -85 32 -110 75 61 -11 -104 -42 7 9 -51 124 -76 -88 158 87 -142 -87 -89 -154 119 128 -74 96 -38 86 -47 -117 188 160 135 -169 17 153 98 -65 36 -26 -57 -58 -97 -81 -93 -96 -153 136 70 -69 -117 135 73 91 -80 -11 -40 153 124 88 -51 21 -78 -46 158 -122 28 -34 58 63 -43 121 60 75 -77 93 -41 38 66 -46 39 -86 -31 185 48 -82 -150 -136 103 -118 -75 48 120 -110 51 -109 -204 9 22 -34 -167 -86 82 39 57 78 98 -65 -62 119 -47 88 -73 45 163 -215 60 44 60 119 -91 -182 -135 -51 -110 -55 102 65 -21 140 -33 -37 10 -52 45 -149 78 126 109 12 4 -121 76 5 84 110 100 125 -29 61 -64 -46 119 -4 -20 82 163 133 -42 119 -113 -132 -86 -6 101 24 119 113 78 -99 -20 -98 -72 56 -42 134 59 -51 54 -84 104 -120 -96 -44 -101 5 34 110 52 -90 44 -65 -76 47 100 -63 -4 137 185 51 -44 78 27 23 126 -47 -138 142 76 151 -87 13 -197 -66 73 -6 18 122 -116 168 105 -145 -57 25 -27 -55 67 7 147 -100 94 85 -72 -123 3 -82 105 -46 -205 68 -111 -69 0 54 49 -128 -30 -91 -160 79 -77 153 10 -108 -49 -64 -16 -121 -106 134 116 -110 -113 -19 -28 124 -96 -51 -67 -28 80 121 143 -170 -55 93 58 -3 -115 66 9 -152 -56 11 99 -15 11 -56 -1 -70 -151 53 55 123 112 -108 125 50 113 -61 64 0 54 53 -213 -78 38 22 25 -127 50 28 81 152 23 -171 -31 -128 -87 -130 -47 88 89 63 93 -52 -104 -36 250 79 -111 -134 58 -113 -105 13 37 72 -1 46 -142 -17 25 100 25 -70 112 -11 -174 -43 -148 -10 -56 -77 23 1 49 105 119 -43 131 -40 15 -44 -94 34 -129 24 -97 -88 -186 -60 -69 106 87 -80 -82 71 -141 -42 73 130 129 56 74 86 110 -103 22 -158 -69 144 -186 61 127 33 71 41 80 -167 -38 -145 -114 91 30 -93 142 -55 63 -41 182 -71 -81 -7 36 -126 -46 -91 -112 14 192 20 110 -130 65 -86 26 -100 -136 82 53 -148 -100 -125 123 97 89 111 -181 -81 -38 -51 38 77 9 -28 58 -178 -156 -170 -69 133 66 -86 -71 -75 110 -103 -39 -94 77 -13 99 90 -27 -17 2 56 127 71 -92 -68 131 -183 -103 85 64 -99 79 36 92 -11 203 2 -20 70 59 -69 74 -22 -71 47 -112 112 -80 -40 37 130 179 61 67 -138 202 -114 114 -4 38 63 -90 116 64 92 33 126 -150 -52 83 110 -84 -60 -46 -85 184 -62 111 72 -40 40 -209 24 151 42 -14 -114 149 21 -138 94 -153 75 -34 -18 143 -106 -133 115 -7 144 -62 63 10 -84 -135 74 191 -162 20 56 77 78 168 63 -25 99 144 -81 -90 55 56 -94 -92 -69 107 96 -146 -78 -37 7 62 77 -43 35 -117 -112 -82 149 44 -85 146 18 -113 -66 -55 24 -107 -7 -64 -128 78 84 -178 -105 122 141 49 -43 168 -72 138 99 -4 77 -89 -47 -53 -93 108 87 70 -98 58 153 -95 102 33 -153 -44 -119 -35 -16 -81 0 129 -147 -42 70 177 -145 40 49 78 -89 -69 -162 86 -91 30 102 92 -73 83 -105 -78 -67 20 -102 -96 -33 -140 89 -56 -52 -103 80 -166 79 -25 -78 137 105 -26 -72 -118 138 -90 -72 13 -97 -134 125 116 140 -103 -128 78 68 138 154 65 19 147 51 -104 -16 83 38 66 38 -67 -103 -83 -5 204 -138 -13 -75 64 -70 131 79 -53 -39 -65 -103 -13 -61 -78 89 67 -50 138 97 -68 -60 -61 -90 -31 78 5 60 -89 -53 -80 148 -152 -74 -122 47 89 -148 88 -5 -64 -104 -52 45 112 1 -138 -132 -72 -161 -68 57 -140 -69 -118 141 43 49 36 -154 -26 100 129 10 91 69 -37 -99 -93 -73 -53 172 -74 44 -16 94 -56 131 -50 -11 -87 41 -83 -119 103 -75 40 -9 -126 -69 -72 36 124 -97 79 95 75 -94 70 -76 97 143 -91 -19 40 129 -93 -107 -28 44 175 125 78 95 103 157 -124 -127 18 -139 -75 77 -44 154 -53 48 -154 -62 -49 -102 27 65 80 -96 61 44 127 103 -116 -123 -122 -100 13 -54 -209 -27 63 -30 -77 152 -137 37 -82 33 -90 -6 153 46 85 78 1 107 -111 131 26 140 86 83 -50 101 48 37 -101 -160 63 -129 90 6 -135 -15 -35 125 -74 -74 -112 -59 -35 139 -88 -109 120 28 140 -114 111 -79 -120 -54 -36 94 124 -26 107 106 244 -71 -158 2 82 -39 -30 -171 47 114 -30 50 90 95 97 -46 -80 -42 -140 72 -85 20 -108 -185 -105 44 66 48 -36 43 85 104 -81 -50 57 -96 154 67 76 27 62 -76 21 -98 -12 150 -37 100 104 -87 114 -66 36 -90 12 46 62 -121 -5 -90 86 -107 58 -79 38 -139 -128 -191 -7 -80 7 37 80 134 -5 -13 49 86 -97 -90 -90 115 104 100 -24 104 -49 130 -73 -115 124 -74 -159 -89 29 100 -115 -68 139 8 -79 -83 -72 -86 -107 -87 95 125 -69 -64 95 100 112 18 -81 -100 -36 -31 171 -162 -116 30 50 68 102 -68 -33 143 -150 29 -61 -119 95 -131 -112 36 116 -108 15 -8 31 94 -54 221 -172 119 136 -204 -87 -98 148 -86 34 31 -49 94 24 21 74 109 -36 17 108 10 -45 -63 -121 80 -29 -49 77 57 -104 -163 82 65 -122 -120 96 148 87 60 87 99 93 137 112 77 135 124 -29 -78 -64 140 -177 -117 16 34 27 87 -101 -104 6 -113 -127 -93 -55 -106 -166 141 4 -119 -101 100 105 -65 147 -103 -142 -127 -5 101 -13 -112 -53 -35 -71 -180 -87 -39 89 -6 -79 67 -123 84 -75 -173 -44 -105 -127 -87 117 -146 152 39 -99 -37 -50 -136 24 -56 -96 43 6 -94 55 -159 140 -124 172 107 -143 123 25 -48 -153 18 47 85 152 122 -139 79 43 49 47 -43 -141 -104 -73 -122 75 80 -23 156 99 93 -93 -54 118 0 23 14 -47 -135 163 130 76 135 -93 -90 -101 -26 29 -176 -15 -120 122 74 -9 -183 -98 -85 56 85 -28 -51 68 -94 84 138 75 -28 8 50 62 -78 65 -128 -87 93 82 -71 -28 -74 72 -45 6 119 -102 105 -61 30 13 -49 116 -127 83 129 -11 -61 -21 187 61 -70 -38 -103 133 -84 42 122 -82 200 88 -102 100 -165 -185 -80 -70 -132 -66 93 -64 -95 113 5 -159 -57 82 -123 84 40 -42 108 -27 -78 -189 197 -164 -27 66 -156 65 117 -119 -104 -93 87 120 -134 -47 -41 64 -92 -157 -35 -49 -65 -78 13 0 118 77 118 -54 -92 92 -95 -103 -73 98 11 -14 -96 121 -45 -21 -96 -149 74 97 -36 57 87 -71 -35 -83 38 33 -1 69 -71 83 -116 16 100 115 100 -80 80 -59 -60 11 93 138 107 -120 83 107 -128 -191 98 107 62 181 75 -154 9 160 -65 -144 -191 135 48 66 113 165 10 -80 69 -11 69 45 -28 -166 114 50 72 -75 -98 -47 64 89 88 63 13 101 -129 27 70 79 60 107 21 -150 -41 -87 -39 -48 2 -72 -112 116 51 152 -6 57 -49 -39 107 59 127 -33 110 160 -46 -91 -15 23 102 -181 75 156 -14 145 62 144 130 -156 -4 206 119 -25 -71 -56 -52 15 -110 -169 -72 12 176 -63 -99 59 33 -74 -20 -128 -90 -139 -43 -174 -80 -74 -100 -11 -7 -49 -34 -98 78 3 81 26 -125 84 -92 90 15 92 -3 -77 35 117 69 97 -76 86 -74 92 -80 -42 -73 146 -82 -20 -106 -181 53 11 -112 31 27 73 -83 144 102 119 157 -124 13 164 99 89 -91 112 -62 -94 -60 -52 14 -146 -70 -160 -29 -38 -88 -68 64 2 108 116 -68 -107 16 85 104 -45 80 12 109 -79 -53 -154 -42 -33 -93 19 -12 119 -47 137 102 -30 -40 -92 148 117 85 85 95 18 -165 -38 83 112 -115 53 117 29 27 -73 -134 106 -89 -88 -143 -106 68 125 -123 23 -13 40 1 119 -101 -126 -114 74 80 63 56 35 65 64 -59 153 -143 -4 -103 -77 41 164 72 33 -87 -46 77 -85 77 -24 -9 111 97 -44 3 -143 -4 -179 -95 -105 91 160 -155 -10 -96 -115 -132 -101 -71 4 -121 -85 66 -110 98 -104 -105 176 -94 -13 112 -120 -169 -56 55 49 63 55 78 162 142 13 30 -20 -30 54 2 90 203 -125 -112 -33 -111 -76 163 60 -68 -28 -115 -57 131 -60 64 146 -13 111 -112 99 22 -166 -80 -169 122 -128 95 127 67 177 -142 70 75 -56 72 76 81 -126 69 -117 -75 132 64 56 56 113 45 -42 93 140 -88 74 112 129 60 120 -127 103 -81 -35 130 -61 -69 -97 142 118 87 56 39 -53 58 -85 126 134 -44 111 -48 124 -11 57 97 59 -82 114 64 -119 -73 -195 -73 -98 172 124 101 148 132 -165 -34 -24 -29 -179 -117 -85 19 -37 -151 -114 65 -74 181 -100 70 154 -127 68 23 -120 -8 59 82 -90 160 94 62 17 -35 -159 -171 107 133 185 160 -88 12 -149 76 -31 182 205 -103 -87 -109 -59 150 133 -105 -50 57 69 -99 -20 -123 -68 1 91 -9 88 113 111 50 -72 -18 131 90 -40 -110 -77 -117 -34 69 148 58 2 112 45 -137 -49 21 93 85 -79 74 104 67 134 -41 157 -67 119 -71 -105 75 -170 115 -68 65 -77 18 -96 17 -176 -142 61 -75 165 -79 59 -44 -56 192 -139 64 137 -179 -69 -99 -35 -85 118 -52 -163 -98 -41 118 76 -55 66 -129 -98 -96 -96 -63 -123 52 80 73 -79 99 -100 94 107 -115 157 175 -114 -62 84 -80 64 53 -123 -166 -9 -102 -103 106 -73 33 66 -59 -106 -82 -140 -161 121 -114 164 14 50 -86 -93 8 -166 -43 -39 -11 91 -58 121 83 -13 -105 55 105 35 108 43 -77 -25 97 -50 94 73 130 -60 -35 -52 -112 -50 69 -29 -113 -91 59 41 -66 -139 55 -49 135 -111 -68 19 -116 88 -13 85 -128 -6 66 -7 -133 47 95 -189 -27 -113 -32 -78 40 -42 -53 62 -57 174 144 -178 39 -91 64 -83 66 50 -92 177 27 -30 -61 118 -24 -122 -40 -16 116 -142 198 170 32 96 -33 120 -53 90 22 165 25 48 -41 58 125 89 -99 -12 228 -90 -34 -90 118 24 84 -15 40 -94 -134 -80 71 -95 -69 -124 63 56 -133 101 -182 49 57 112 44 51 66 -39 82 68 -95 93 -17 -9 -9 -123 60 147 54 -31 106 -187 -130 -102 2 72 -21 -89 99 -32 -67 187 -147 194 -86 112 133 37 -94 -58 -78 -166 113 -109 -41 152 -124 -43 78 135 85 -8 -83 -113 66 81 47 -107 106 -103 -9 -99 -83 0 10 112 11 -120 -191 -49 112 -115 72 -36 51 18 -120 -42 -81 -156 0 -2 -43 58 -22 -49 -175 -66 -105 -17 92 -114 111 42 126 -150 -86 -76 -58 39 -102 -52 94 -42 -60 88 102 24 -28 81 -78 74 69 60 154 92 -119 -99 77 122 -57 -43 -73 133 103 88 185 -87 -197 -103 -84 110 -68 -6 -140 96 126 100 -23 -50 -39 102 -118 -55 11 -143 -5 105 -76 -40 -75 11 51 -5 -89 -26 140 -180 -130 -52 84 126 -223 -104 -137 -152 -59 -69 -122 33 34 14 138 -26 41 -120 155 -42 -96 -112 -45 -159 54 -2 78 74 -18 -100 8 132 30 -148 -75 -70 68 112 -89 84 -90 121 -75 -80 37 30 -72 70 51 61 115 -52 17 21 0 -74 -205 -30 -82 133 176 57 2 -95 67 105 137 -11 31 81 -77 -91 39 -45 164 1 18 108 -14 -36 -122 -82 91 -62 56 -127 35 114 -111 41 -71 -67 11 -16 87 -175 136 105 100 1 -81 -72 76 -72 -104 166 26 107 -108 -4 60 -35 223 -153 -149 188 -147 80 68 12 83 -70 -152 93 71 -104 62 -20 -138 -28 -64 -39 -21 116 193 82 118 -130 -194 64 130 -90 24 52 52 50 85 76 68 -90 204 31 -122 86 -115 -137 -149 95 163 2 -87 42 -81 34 -188 60 -34 -140 -40 -11 -78 107 -67 -28 95 -62 66 -123 124 108 -163 -122 -96 -63 58 -39 78 -85 14 78 204 -87 -183 67 79 41 81 -24 -105 71 74 -103 6 92 102 -86 196 54 77 72 -81 64 16 -60 -154 79 147 51 123 117 67 -164 -61 72 -35 25 -82 -180 -5 -77 90 -37 97 -28 5 105 106 57 -81 -160 -105 150 96 22 -120 -121 -72 -127 -106 -2 -7 -131 128 -5 -127 54 93 -84 -135 124 -51 -80 155 -136 -15 -109 67 158 -140 46 -164 66 -107 47 -172 -236 -119 38 89 -85 18 -93 -79 81 127 -59 50 95 -105 31 -46 63 -111 101 -82 -79 -67 -100 125 142 -166 -123 166 2 -88 -256 148 -66 135 -58 -138 46 -65 97 -49 73 -69 33 53 116 98 100 95 -36 24 94 84 74 -57 5 -82 -138 137 160 180 81 -70 107 79 -122 130 -80 15 -90 -69 54 -38 51 -61 119 -71 73 66 -61 -65 -117 64 119 23 86 -99 25 12 -18 105 11 -16 -19 61 -99 -18 -35 -1 -117 -122 -146 -46 -4 -104 -7 168 109 -205 9 32 24 75 107 -80 150 -64 -86 50 80 3 126 127 146 -107 -21 54 198 67 198 -137 96 -13 -106 137 -134 40 -103 -24 78 -98 -11 58 55 127 92 -11 -25 -132 -73 -81 -108 165 82 57 151 121 170 -57 157 -72 10 97 116 41 -27 63 -166 -8 85 90 -83 121 148 -94 22 132 -155 43 115 56 -60 -107 -51 61 -85 -69 -11 -111 183 198 23 54 -126 52 -35 56 65 -136 -78 -12 -41 -109 -68 -5 39 90 -18 -54 64 90 -39 -61 58 -145 -124 -60 -125 113 129 38 -129 -21 67 -119 -25 127 -73 101 -105 76 -58 -47 69 -153 100 -85 28 121 -67 -161 24 98 76 -129 -61 22 32 49 67 25 -15 -18 114 38 -171 -103 -191 -80 -14 107 -75 66 94 9 7 -61 83 -66 -56 118 60 27 -114 -98 54 -100 -40 55 -56 -86 -20 -84 70 113 -175 124 98 -69 -129 -116 -120 -59 103 -29 71 197 -73 -103 -24 -92 20 97 48 -101 2 27 141 85 -161 15 -22 35 61 151 77 29 0 91 -91 -54 49 45 -75 73 -32 101 131 -50 -112 -64 -76 -172 -83 153 35 -42 170 5 -72 -66 118 62 41 195 67 172 -57 -73 -189 20 71 -43 -198 94 -19 56 -19 114 153 -37 90 30 143 -169 -64 82 -149 -118 139 -22 80 -69 -110 -151 108 13 -70 89 -114 -76 -26 130 -89 56 -90 -83,-285 -188 -270 -272 -238 -170 143 270 -162 -113 120 -262 -132 -260 -176 280 -252 333 -279 270 -339 -237 -275 -294 -247 227 308 -241 -264 -233 294 -190 -236 -315 213 -189 -288 196 284 -317 218 213 210 -268 -263 251 -223 -164 -203 266 -349 384 -213 -295 352 347 316 -261 306 -273 315 310 -323 337 279 248 -261 297 144 -242 -153 227 213 259 -223 -300 -250 247 -214 -184 -263 -191 -184 230 148 177 272 -165 -269 303 -343 320 -321 364 -281 298 -330 -281 300 306 -215 -332 -349 374 315 318 -349 -322 -262 -447 -393 216 316 -279 229 279 -284 302 -288 -338 -299 -325 340 380 -409 -376 340 -258 316 375 394 354 386 390 -289 344 262 330 280 -322 -321 -325 -243 -210 -229 -280 -247 -241 304 -230 -237 199 273 311 158 282 162 -131 -279 289 286 -351 357 -293 -318 248 224 235 -344 -250 -263 -249 -330 -247 296 308 -307 288 -191 253 187 -239 187 254 -208 -250 -244 -270 221 235 300 -210 198 204 -311 -251 -205 136 -222 -184 -181 -163 -156 209 -271 177 -203 -115 -243 -211 -173 136 -60 89 -74 58 -63 -92 -80 -46 -25 -13 88 -130 62 172 -183 209 243 -171 -109 -194 -211 252 -257 219 265 -296 -310 -158 -287 274 154 268 193 199 191 149 202 -176 -205 -245 229 236 -305 295 -240 -271 306 -207 273 246 -211 -208 312 279 -253 -238 -261 -286 -298 280 -243 227 203 -295 220 219 179 88 179 187 116 158 -160 135 -130 -143 86 141 -81 112 150 166 123 -116 162 -286 251 -202 294 -270 -236 298 273 349 307 -373 364 319 -238 311 -339 357 -357 -372 -306 314 385 403 -293 -388 358 318 -380 400 344 -355 309 -302 275 -343 -338 288 -223 -312 -245 -240 -261 199 257 -192 113 -65 -148 -183 -209 -83 -165 53 -22 -165 244 -193 -174 221 -250 -306 -254 188 -202 -197 -302 -186 -313 -225 165 323 150 273 -220 -242 -288 -324 391 395 349 412 396 339 296 -320 273 323 302 333 300 -345 -326 -279 -267 -263 265 -313 -214 -201 225 226 226 129 -202 -169 114 -196 200 -243 -191 -235 279 -268 249 266 -236 -253 -260 -213 142 134 193 -191 161 258 83 241 -292 -287 295 -258 -350 340 -364 449 442 355 330 -274 283 -287 146 -208 165 236 239 -281 -225 -179 -168 183 -223 -149 -159 110 -171 -179 110 178 -242 -145 191 -116 -152 -255 285 163 166 -204 -66 -217 267 221 138 -293 -315 248 -219 128 285 -213 -262 188 211 -326 -267 -299 -267 -264 -355 403 260 -276 -244 402 -295 358 -316 366 390 400 -346 429 -304 -393 341 -464 335 299 206 384 254 -288 270 -209 191 338 327 215 308 242 -336 292 -298 259 -325 319 -312 -292 -219 303 256 210 -239 -159 -249 159 49 -225 157 51 74 86 168 -62 -34 -122 37 -125 -60 -80 90 120 67 144 144 112 149 -180 -217 171 -239 243 163 -152 192 -224 235 -259 258 275 300 344 -302 306 231 291 259 105 263 260 196 -152 148 -118 258 190 -129 185 204 147 241 283 238 -273 -239 -283 297 217 311 -202 -279 -345 -388 -352 434 485 401 -418 402 -454 494 383 -353 308 372 391 -439 -416 385 338 -324 273 -262 -338 212 234 -268 -231 -275 -364 264 -199 295 250 233 -301 318 220 -170 -248 -158 266 185 -107 -222 203 156 231 -180 -216 249 197 248 -207 281 -262 226 -271 -203 314 223 -220 -261 -198 232 184 165 -247 177 -210 -136 -265 -207 255 -314 271 302 306 -295 210 241 -344 -260 210 296 -343 -332 284 336 -293 389 380 -230 252 -283 -197 238 -154 186 162 141 -207 194 163 -153 -138 216 -213 152 216 167 -223 151 -141 238 243 -311 -320 279 263 -193 -268 -197 -159 -229 225 242 215 307 270 289 -296 332 -356 -360 -282 -292 313 349 308 305 285 -277 260 -351 -295 -212 -172 -357 -269 -199 226 -215 227 -285 216 -175 213 -196 -209 -210 -215 -224 -234 179 -200 246 179 -152 -258 -227 -224 -189 178 178 -232 191 333 335 -327 223 344 -325 -314 -278 233 -163 -271 215 -118 -216 222 -62 77 -161 -181 191 -147 197 -303 289 276 -268 296 288 -381 -246 -265 -253 315 229 353 -298 402 -371 -362 301 345 315 235 394 356 344 -313 -252 292 -371 318 -295 288 255 -229 -278 -256 223 -169 213 160 -193 -206 252 284 226 -240 250 251 173 227 -224 260 -249 -184 -275 -238 284 215 317 259 209 -238 320 -329 -421 317 214 319 379 317 -328 280 -332 -245 268 -197 271 -254 -237 -171 -253 -174 -119 152 103 120 -224 166 -164 -197 -284 216 263 -351 311 318 299 311 340 239 -273 -329 -336 292 337 -344 -336 -288 285 187 -208 257 -242 -219 170 -224 -108 261 -197 -128 204 251 -180 210 -312 -377 440 -400 -332 287 359 306 406 -304 341 -212 215 -229 -265 188 -328 241 210 266 -344 -311 -413 285 -312 416 404 -398 -446 429 442 434 356 257 -250 278 -267 276 122 -194 -93 -82 211 -235 -224 175 218 -218 271 302 -198 240 -274 -337 286 -262 -248 -220 -182 -225 -266 -193 131 185 -222 -189 234 151 -210 -224 217 257 175 -230 -217 231 294 332 -266 270 -276 -317 -199 -224 180 -247 -268 304 -234 -259 228 234 -272 104 -175 -195 193 -223 -283 218 165 -244 -246 201 317 338 366 351 -356 304 446 -316 -352 -349 -425 377 -444 349 330 -370 -290 248 192 -188 -177 -92 172 216 187 -143 146 -174 227 -193 -76 146 123 117 -101 -118 -141 -149 -189 180 188 161 -196 -209 -217 -112 -252 -291 93 -155 -121 -106 -90 -82 45 -16 142 34 57 -84 128 93 23 125 127 163 84 -126 130 117 51 213 88 -232 93 -182 145 -136 -262 -225 -231 181 -242 128 -203 200 226 -170 202 -198 142 154 -158 -116 -137 73 126 -145 -79 -63 -165 239 -148 -314 200 -153 220 271 -220 -192 -300 191 -231 262 -361 -337 -232 313 -233 310 360 -251 -160 345 -247 -260 -205 232 202 372 288 336 383 -359 -345 -265 318 303 -371 -364 413 -353 -330 -400 334 403 -430 460 -258 -334 -293 363 -286 161 -169 -286 267 -301 156 -259 288 254 274 382 -232 -196 -242 -121 258 280 229 180 -257 -180 -267 242 227 237 324 293 -336 -291 278 313 -268 -307 360 349 -331 -339 -316 -276 -262 -308 -263 257 360 311 323 245 -267 -252 -224 -258 -351 -172 225 -231 354 467 -365 -238 -351 335 -367 327 270 -375 -261 -249 200 -275 -214 -361 -209 234 -277 -217 293 -201 270 229 333 202 300 -269 320 339 401 365 382 276 324 -373 -292 -366 -333 315 217 -246 -251 -305 243 190 265 -252 257 -293 220 351 343 -319 -335 301 -365 315 332 -333 -275 395 346 -285 -308 -297 310 -135 271 -224 199 201 311 171 310 273 244 383 352 323 -345 -359 -373 340 348 -283 302 -275 300 294 245 -302 -214 162 -235 297 264 304 170 -151 -245 -174 -151 -160 152 244 -216 -161 267 -220 -227 -262 -242 -201 -210 -253 317 285 227 371 206 -245 306 240 -342 348 403 315 273 256 298 373 -343 347 -276 -322 268 195 157 -310 -268 -271 -139 -266 283 -323 400 -346 354 411 292 -267 -264 355 276 -259 249 -421 -317 -326 420 370 431 380 291 386 356 355 -254 -276 385 -334 -343 348 -327 290 -294 -271 -375 -347 -295 342 238 275 315 288 -247 325 269 262 -189 211 314 -234 -203 237 -275 -227 -245 -217 -245 218 -299 -230 -190 -219 -333 -257 -218 -215 -252 244 310 276 -235 -290 -302 -343 276 -323 296 292 -336 -313 -252 -337 289 -498 411 -399 -361 438 -385 367 335 356 314 -200 164 -233 225 -81 -182 -20 -61 122 -152 120 203 -174 -272 -167 -273 -319 -370 376 408 -395 300 325 -389 -327 -298 203 231 287 234 -206 -240 220 205 196 -213 -264 212 -171 -232 -256 -144 -100 -62 -95 -121 -140 160 -229 -203 306 -252 -335 346 -354 -304 207 -369 -314 -310 190 -182 -281 295 -127 -49 -181 195 -176 -175 123 112 -161 -236 -191 108 -320 -271 298 325 -265 -339 312 281 -279 321 276 160 -250 -192 211 151 -142 196 -244 201 -190 240 289 231 -368 360 312 298 340 -268 -303 -263 268 145 -165 241 -271 197 188 202 195 277 346 361 -323 -257 -288 324 296 -302 243 137 176 -122 213 165 -121 208 -182 -153 146 -128 157 -224 166 226 198 -153 -170 225 -1 -112 -106 -156 -28 131 127 196 259 -123 -156 121 -251 260 203 -108 282 377 348 271 309 -334 -387 343 -286 -331 -343 -397 -357 -350 335 306 -337 244 265 -298 -265 208 -287 224 -164 273 265 -261 -204 253 216 96 -192 215 -100 -177 204 -139 167 -169 -176 -223 -122 -132 224 207 166 181 274 282 -354 -334 -187 -175 -240 158 -244 322 345 300 -333 -264 -307 270 -239 -200 266 228 -253 251 224 -159 -187 -234 -193 -246 -225 200 281 -212 -132 -190 -100 125 -207 200 -185 165 86 158 188 -124 -184 -135 98 187 184 -137 182 271 -237 -174 -121 -142 127 215 -255 -254 -210 -164 159 109 -155 -83 -59 141 73 164 185 -57 -69 183 155 149 183 -263 277 258 293 256 284 205 247 318 367 -279 -237 -139 -212 205 -167 -205 221 -228 210 142 -228 -226 -136 -173 -193 -172 259 -205 -143 211 -156 -253 -175 -189 -155 -110 -114 -165 18 -85 152 -150 -142 -198 209 201 209 326 360 -288 -209 -337 382 -354 376 357 468 367 310 353 -394 -348 433 407 430 420 404 -380 -387 358 -355 304 -341 -314 276 254 -261 257 314 249 259 213 150 -252 -127 171 254 -258 -296 -254 152 -244 210 -207 229 220 -226 174 -112 194 296 233 209 235 -237 227 277 -268 335 247 -297 305 352 -362 388 -320 -397 358 349 322 -297 223 -321 186 -240 238 345 297 -327 317 299 -342 262 -274 176 -246 -290 -291 -201 290 -312 268 269 354 -398 288 -367 379 -232 -266 -231 231 322 -101 138 204 -78 -14 150 148 -138 143 -52 -80 176 125 141 -238 -239 282 206 290 -282 369 309 -254 -312 166 220 -250 -108 -178 244 124 -137 -222 -68 -112 108 -174 -240 -271 -205 283 286 -231 251 266 245 -279 188 -220 -177 -166 239 238 257 225 -232 -322 190 257 183 -208 127 -94 -165 -154 163 155 197 -129 -154 -163 -148 108 -82 229 195 -258 -313 -289 -264 185 278 -286 225 -285 320 329 -252 -288 292 280 268 -297 -254 224 219 196 171 182 235 113 144 -270 -162 -116 217 -190 202 -226 225 224 280 -287 261 -289 -254 -207 245 269 -327 -288 -253 -325 -285 -262 263 217 246 232 -264 -186 -166 252 -156 181 230 -189 271 -325 -281 228 208 262 -282 -275 260 310 317 -351 -376 -250 336 295 322 354 255 263 -326 -290 -345 266 -247 -293 173 263 188 201 -267 258 -213 205 -179 -208 272 -244 -299 -278 -328 -319 -311 328 345 -168 -284 246 272 259 -305 311 -303 359 -283 206 -287 -386 -352 389 430 417 -393 372 -442 -377 -444 448 422 273 323 360 -289 -242 307 281 145 148 301 -262 -177 -194 -145 201 333 -264 332 367 -380 -382 404 -458 -340 -347 238 260 247 -300 322 315 -262 275 -228 336 315 277 266 -304 365 242 319 -220 279 284 206 293 -206 286 -250 -230 263 411 425 -292 324 346 216 -229 -240 -145 -232 262 -177 -252 292 329 300 210 -268 307 -318 -354 305 -356 395 -361 357 -344 353 364 319 -319 -233 -314 -269 -147 -233 -242 172 -274 184 -229 -259 163 -205 -173 177 181 -183 182 -175 -317 377 -386 -281 337 -332 -403 314 -307 -355 372 -361 365 357 -318 -383 331 -368 298 -333 340 309 398 314 -294 334 -406 337 -407 369 216 313 -329 -280 162 215 -198 208 189 182 212 189 248 270 221 -310 -338 301 -339 319 -349 404 -201 231 -307 -294 -243 94 -213 -166 -179 -200 -149 174 128 -279 -254 245 -291 -265 153 -248 -292 -220 265 221 362 288 332 214 283 273 135 181 229 206 -163 -273 187 -278 275 222 150 327 -427 269 243 -232 -209 258 -265 230 118 -175 -170 -140 113 125 156 -197 210 160 -141 -236 222 223 -161 102 211 -209 162 150 -221 -190 -252 -215 182 211 169 -195 248 -235 -265 231 220 -171 143 184 189 -226 144 149 -119 167 -155 -184 -212 -194 -285 380 345 283 359 -306 -273 -284 -304 -250 -286 -266 313 -252 241 -288 -347 321 -281 330 -162 -259 150 171 165 202 200 149 -181 153 -154 -119 189 205 -218 -315 -239 176 287 337 305 -374 -396 -220 292 -308 304 267 -293 -262 162 -251 -225 -202 -118 -209 -235 -114 141 96 -195 127 175 203 167 -148 188 -178 226 -188 -173 -259 -289 -225 297 -287 -219 -112 -170 -243 -202 200 -193 -161 218 308 308 217 -224 -309 412 -296 -284 -223 275 -288 -220 245 -223 -236 -297 214 285 -256 211 -260 -346 328 262 261 249 249 -255 -399 373 -201 266 -300 206 -299 -268 -230 274 287 330 308 -239 -262 212 194 246 -246 -183 260 -257 -233 139 -215 -230 128 -196 135 120 -191 -252 -185 227 -296 -195 -227 -243 -248 -278 337 -230 -293 228 -278 219 -290 288 179 -262 -281 -386 350 -299 -316 235 331 241 -250 334 306 -286 255 -233 242 -256 -181 165 168 106 157 121 -155 192 -184 233 24 -234 -233 213 -234 -296 290 -316 369 -246 -344 -248 219 -215 340 334 -147 258 204 -203 196 -297 -305 342 -267 -428 -364 -354 397 294 -324 327 283 309 298 -242 -343 -223 -259 -164 -256 -281 221 -216 -241 -224 223 246 248 248 -219 168 -149 235 231 -324 -246 -336 -246 329 292 -344 257 284 253 317 -274 -269 248 -249 237 246 -249 -213 -190 -182 274 278 -196 -187 298 328 -247 -219 -256 204 279 158 -230 -174 198 -183 -174 217 -325 -238 256 353 -310 -308 -333 -298 308 326 -232 -280 -300 -287 317 -192 204 -274 -205 326 208 273 -269 225 -268 316 -247 258 258 260 -250 -133 159 -195 225 -180 -165 291 -313 -314 350 305 -275 313 -287 230 282 -163 296 -210 -231 201 253 192 -190 165 -276 246 -238 191 -211 270 -216 294 337 -384 409 -363 326 -272 -346 -305 119 -229 -230 -185 -297 -247 227 350 -348 386 -391 -340 -327 -397 373 -336 401 364 314 391 284 297 341 337 264 -172 322 -317 -251 280 228 267 270 284 -186 -330 -294 -259 284 -307 -320 -321 347 -309 284 -251 223 239 -85 -176 234 95 121 197 258 -270 329 -378 -328 281 -334 -304 388 353 -320 -191 287 -241 -285 -342 -286 -263 290 -364 192 -300 223 -267 196 171 237 -256 203 317 -278 280 -241 -323 -342 296 -289 -271 -348 305 -156 287 -291 339 279 -132 -101 -237 -245 -209 187 -238 180 -215 -273 -213 -161 -177 144 250 -212 -314 263 -201 185 -232 -243 -213 -224 -296 209 256 -301 -271 -239 -239 245 217 211 286 -225 -249 -277 272 -316 419 -395 323 -291 340 262 -259 -280 258 -256 246 -317 -311 268 338 -359 -296 313 361 -311 -361 415 -367 398 -376 -383 -366 294 324 261 274 -289 302 291 -301 -328 311 288 295 -310 -311 226 -278 258 -276 251 172 -201 -233 -228 329 394 -292 -286 -280 229 334 364 -288 327 -383 -278 -211 280 285 -308 -255 303 -246 192 222 -277 288 -261 -268 264 151 128 -104 185 166 -151 -74 139 -183 -146 225 200 218 184 168 154 -240 221 185 273 -248 -250 -174 -175 -149 221 232 -224 203 -262 -277 278 -316 -295 -341 316 310 252 359 343 229 -304 -161 -237 236 -350 -362 -338 -254 279 316 276 -251 300 -356 253 176 -162 270 -189 -251 167 265 -310 346 350 264 300 360 -375 190 258 200 205 323 328 304 336 -306 -278 92 195 188 -259 268 -176 -211 121 113 -290 -290 -281 -301 317 299 309 260 -231 220 272 289 293 154 266 266 340 293 -207 -324 363 396 -286 321 -303 -339 -260 -294 -272 -252 234 313 -229 193 293 -206 229 230 274 237 -289 -183 291 264 -272 225 -277 -271 231 -196 -230 283 -271 259 -314 262 270 -294 276 367 -354 267 390 -265 231 -385 -269 -265 327 337 -280 -334 -372 382 378 365 389 -360 368 269 -290 -342 193 -245 -242 251 249 305 -252 307 262 -215 -263 -271 322 277 258 259 -342 -281 233 -274 268 190 -255 -254 290 210 -210 -193 -272 248 -207 203 -261 222 -190 261 -215 -208 -302 281 286 -372 400 339 -442 -385 407 -282 -360 377 321 249 -242 268 -149 -212 130 241 -200 131 -163 -235 184 205 184 190 202 282 271 -198 220 -214 -249 -266 219 125 289 -194 -181 281 247 -208 243 335 -331 -403 320 -214 -384 -489 371 -298 -341 -314 310 261 317 349 -366 301 -302 354 -390 -459 406 288 -175 268 183 -258 150 184 183 -198 210 -197 248 238 79 -239 147 -221 -248 -298 -335 348 333 -330 -268 337 -278 -320 -315 297 -252 -271 241 -260 -331 -305 -334 -405 323 -335 314 339 -182 -194 245 -259 -164 -236 236 348 -276 -160 267 -298 218 244 -390 -386 254 -233 254 281 -188 -224 222 -307 219 -205 220 -283 -261 -347 -383 321 -383 -401 -376 -316 340 -367 285 312 -283 299 286 -372 376 312 459 -269 -247 246 330 254 259 234 259 226 -343 254 -274 -387 364 -450 371 408 396 -364 -323 336 347 -208 -262 311 334 344 -269 -238 -197 181 286 364 -252 -250 257 252 -299 -273 256 269 330 302 281 -217 311 321 -352 -198 -340 -302 270 -347 -361 -309 414 413 -381 349 379 -297 -224 -301 309 -241 233 -288 258 287 -292 -296 293 -303 328 -297 -323 301 265 322 400 -311 392 461 -405 372 -318 312 -324 -353 -313 -300 -194 -265 189 -231 136 145 -188 -139 -184 -89 -162 -209 182 -219 -68 88 134 -288 -244 213 253 352 -242 -334 266 -230 217 280 224 -249 -224 268 -271 -273 254 -249 296 358 -243 177 310 -223 234 295 -247 232 -239 221 204 -192 -266 -288 -358 251 -289 339 -333 268 220 -247 226 -158 49 100 172 -185 -95 -117 102 -39 92 -149 103 -221 236 -217 -155 -263 -168 -245 260 216 302 -266 -207 350 232 -175 -244 -230 -170 234 184 -180 191 259 379 386 -263 260 -200 308 -207 265 -268 -329 -373 -303 267 330 285 -303 321 304 -319 367 -325 163 -216 240 -197 -243 159 -252 -347 -304 -227 -307 -290 269 314 -253 299 -319 -298 -380 280 -357 -332 -190 -173 215 263 -309 -167 -212 224 302 -290 298 -288 -325 -220 -248 -285 262 263 -278 207 147 -149 135 -250 182 -146 207 242 249 241 -255 -238 252 -179 -159 249 204 -256 -134 146 182 -218 266 -296 202 -242 -252 -270 -243 -257 342 -381 -386 366 -376 -361 361 233 -314 -328 274 -341 -199 240 -262 348 391 -420 393 -354 -311 -326 -234 299 246 -203 -249 217 180 -205 -155 -137 363 -259 304 256 -317 249 -249 -159 213 -212 -255 193 272 241 -206 -239 -184 160 -189 -208 -103 -198 -224 229 -335 364 -351 -233 -374 410 -369 -333 382 375 -268 278 289 401 211 269 292 363 -297 276 203 232 359 -254 257 -266 -248 -237 300 -242 -324 305 -294 -305 -275 204 -131 259 214 212 144 -170 -292 -295 165 -206 -190 -170 290 192 -242 -300 -180 227 -273 -213 -281 255 -297 -232 -330 376 -281 -304 -380 340 -349 -345 -364 -392 -274 218 189 -247 -220 215 -148 243 -297 -294 -255 -365 322 -379 281 -318 266 327 282 196 266 269 -174 207 -199 262 -172 125 220 -333 231 -314 -313 352 409 -355 277 264 -316 -190 109 132 -201 -72 186 -156 -118 130 226 -184 -218 -169 -207 -226 -348 373 -248 -252 -356 -326 395 -300 -369 -357 401 335 -259 297 -324 300 308 295 -261 -236 -330 -280 -111 -198 261 -309 -243 -237 -219 239 263 260 -252 -103 -83 163 179 174 -145 -165 217 -211 -92 -201 230 -180 -217 -222 -144 -245 234 333 238 64 -76 157 142 -148 48 65 118 -236 -226 -215 -210 -213 256 -336 267 -194 303 -287 325 -334 -247 -245 346 285 -267 -249 -282 300 323 -244 -158 -211 -262 -244 261 -286 308 356 -404 -337 -347 286 332 -305 258 232 -326 290 246 -312 321 298 -333 -377 307 283 -469 282 -275 395 335 338 -311 -189 -295 251 -251 326 -290 355 338 280 -390 -327 320 -395 329 -298 303 -355 283 -252 -245 206 246 -402 325 316 318 385 392 358 -278 236 -360 -311 -398 310 408 292 -315 300 -319 272 260 -248 -307 213 248 229 -294 285 306 369 286 287 279 -381 323 256 -321 329 354 -303 288 343 -316 395 298 271 -298 -391 373 -352 -384 372 389 263 171 -212 -277 -275 170 -212 154 -106 -64 64 -39 -2 -15 -71 -40 -23 -27 -34 69 4 17 -9 -74 -14 -32 6 9 -50 61 119 56 88 -207 -201 -148 270 337 -350 317 298 283 -370 -276 -236 -350 -323 -297 374 -387 -340 -376 313 -281 231 345 -334 -277 -302 265 218 -333 -189 250 294 314 302 -383 291 332 302 221 190 291 279 -187 174 -203 178 281 -249 241 337 -261 266 -285 243 -209 -262 -294 -281 -282 304 181 -283 333 277 -211 -305 -323 -274 309 352 279 -179 -208 -199 299 277 -235 -333 -247 246 315 369 -359 -413 -318 -366 -369 373 242 259 219 367 -329 -263 -283 343 328 -284 -328 -319 313 387 331 -342 347 293 291 -297 277 323 370 346 323 337 -346 -288 -285 -349 -374 342 281 314 289 -199 212 240 276 -111 195 -151 -131 -221 -45 133 277 266 -242 -267 211 -163 -236 184 283 -216 -249 -183 184 269 -240 -259 228 336 299 -351 -284 302 294 408 -358 431 -325 -321 320 -337 -252 -285 278 254 -297 -191 252 172 -226 213 329 225 -229 256 263 207 291 212 -230 188 -250 -264 -281 221 332 252 -196 335 242 -299 215 211 -219 -342 -307 261 -320 -288 297 -334 -308 245 -335 -236 -375 -328 -190 230 -313 278 250 -249 275 -257 262 -299 -319 377 328 274 -276 380 -311 -283 -264 302 205 -300 -281 201 294 -254 -239 291 -335 338 250 304 213 -165 241 -254 -253 152 -247 230 -278 -240 -215 -205 174 -180 282 -241 -174 164 -135 82 -208 -144 -108 -189 -111 -277 -259 272 -325 315 -283 -263 -304 328 333 -325 -315 291 317 -332 -345 -242 254 -256 -308 350 -233 297 -241 311 -298 -280 294 -257 303 258 299 -174 -233 247 -203 -286 210 -245 -249 -283 -280 389 314 -247 336 328 286 -307 416 -327 -373 -403 339 358 409 334 -250 -358 -349 365 -330 -166 337 -384 469 488 394 -390 -400 181 -184 262 -225 -122 172 -200 70 140 71 -166 163 -200 -101 162 -153 191 -168 262 198 -164 -169 -190 -241 302 361 350 305 374 -412 432 409 428 356 412 381 410 336 415 342 412 388 -352 369 182 -250 344 332 307 219 -252 -294 308 314 303 -279 -340 -285 -340 -267 -349 380 -287 276 -330 -351 -385 295 -218 341 379 -313 255 82 262 248 250 -223 204 -271 -254 287 -229 -237 -216 -294 -328 -359 357 -392 356 -406 -439 412 -387 -414 320 261 -267 252 221 163 216 -229 -123 -197 226 181 142 335 -308 -336 252 327 -337 -186 211 -283 -209 -146 206 -245 -351 -367 -292 309 190 287 199 187 -283 245 351 268 306 264 224 288 -215 173 -132 -163 111 141 161 161 176 167 344 381 -262 -356 366 451 -406 278 370 317 268 310 449 340 385 -352 -338 305 -310 298 268 306 -253 233 -227 -272 317 178 240 -275 -260 -263 325 -320 228 -352 318 214 274 239 267 -303 -260 268 300 371 310 -249 204 291 -253 -256 239 237 -241 202 264 -280 -322 -302 -243 302 -382 -324 310 350 -385 -436 379 -323 491 329 -434 -277 308 344 386 382 -363 -370 405 313 -358 -319 -347 -414 -369 -314 392 -349 377 333 -345 -554 482 -419 -360 311 439 427 442 -428 -396 -315 373 -379 -339 -244 270 331 -347 -182 223 323 316 271 -225 181 -309 -262 287 328 234 -209 -248 -248 219 -226 109 -203 -282 239 -157 254 -260 259 223 -169 -177 265 -178 180 149 196 -179 -212 -203 310 213 -315 -176 241 -361 -344 276 -298 325 278 309 333 -374 -341 393 -362 -332 -275 -450 -436 357 338 -334 -475 343 -388 -376 -323 -376 431 -252 330 -183 284 244 244 -224 185 270 287 272 -251 266 -250 269 -257 -282 183 -316 193 225 280 294 205 333 -349 -297 307 273 -193 -267 -252 -222 -314 157 308 235 243 -254 -277 312 -240 -207 199 -299 227 -244 -149 329 -334 -263 -202 -223 305 298 -226 227 276 223 -331 346 -210 292 318 -386 -352 343 210 296 291 206 -164 -239 254 210 284 -320 287 185 -188 -255 267 150 -243 -167 -106 181 -202 301 -325 -260 244 247 243 198 110 186 -275 -258 -215 200 240 141 -75 142 -229 -195 -159 -83 149 -192 -154 -100 -209 196 189 -283 -219 343 -320 250 263 -425 342 336 -310 371 226 234 210 -255 -278 223 294 -331 376 -404 415 -412 366 -350 -270 -374 -266 294 -201 264 223 112 -149 115 107 157 104 168 -139 188 182 -157 129 183 131 -102 109 154 194 -140 -195 151 180 166 -221 -208 160 157 135 -119 -166 -158 66 -260 -287 -188 -224 287 -286 331 -255 314 280 267 -271 -260 -279 302 -230 257 -319 -296 -282 -234 -273 -290 -286 329 -275 -373 -244 277 -307 230 234 171 -91 308 -353 -315 -276 229 -212 -177 -217 228 -260 166 -250 257 286 -227 -221 230 -236 249 -259 254 -275 -178 196 253 208 -231 -207 -216 -192 89 115 -205 198 -261 -315 314 -335 343 371 327 303 -263 390 -361 -283 292 325 301 370 -398 338 341 -412 490 -433 316 -280 -373 -380 239 -266 278 -300 249 229 -331 -310 -229 271 235 223 -247 -206 259 -354 -330 357 -301 -267 258 -188 238 87 -45 -143 -59 -191 -85 -90 -95 -106 282 312 -280 297 337 431 375 486 -397 395 -466 -325 -390 -385 386 376 -361 -364 364 378 380 217 264 296 -302 -275 216 -257 174 210 183 293 -300 -394 -307 -383 -377 286 -326 -301 -301 287 -320 -204 209 -243 282 357 -343 342 268 -295 299 228 -190 286 -331 310 159 -189 294 211 182 -259 143 -253 353 -310 336 -383 368 -304 -403 -363 419 293 -311 -350 414 315 -300 259 -195 -386 295 210 325 -307 318 307 290 -308 -205 266 245 -355 -206 -159 149 201 -225 159 -111 133 -238 -322 -250 -66 -342 384 -346 361 -413 368 -288 242 293 273 290 -329 457 356 317 310 -360 -279 -372 271 173 194 194 210 -235 -225 243 -106 191 266 -223 304 -310 317 -272 -301 347 -344 315 -334 408 -387 -273 -287 322 163 112 160 -251 -273 191 -184 236 281 -229 -347 245 343 -381 296 410 -358 400 427 -375 292 -298 -360 -253 -200 139 -245 99 -247 -242 223 -232 -272 259 -292 -272 -281 317 384 396 -328 235 354 319 355 -321 329 252 265 348 350 -298 -305 -330 276 -264 245 286 -273 195 -174 -125 -191 161 -126 -180 114 192 218 -109 -157 -182 -265 223 201 236 -187 278 -232 335 -309 -262 271 -294 -347 272 295 211 291 -299 -366 337 310 -265 356 -325 221 -210 211 218 156 -172 -187 165 -120 -142 155 -280 -229 -228 -235 -294 354 265 -292 -330 328 281 308 -300 311 -297 -406 299 248 -283 263 -289 297 -273 311 269 -287 -234 -244 -273 -237 -169 -301 261 -198 163 -252 209 206 245 -199 -228 242 -142 -251 218 -229 292 -137 161 -205 -176 126 -163 149 -80 -233 -184 -196 260 229 -179 216 -231 197 240 -261 -257 284 -249 -287 205 247 -256 -295 227 -268 -255 271 233 190 208 -234 -265 -202 -257 211 281 241 -295 242 293 274 -305 320 -197 -282 239 -187 243 139 -179 319 189 -241 213 -293 247 287 322 301 309 288 312 304 384 369 -365 343 -309 303 262 -283 223 276 150 260 227 221 214 -180 227 -129 -242 329 194 -274 -311 -339 309 225 -225 154 236 265 -288 -297 325 262 377 274 -322 273 -244 -321 146 -175 -214 -297 -209 -159 -244 186 188 187 187 -226 178 -131 253 277 -247 172 -178 283 296 -183 -216 236 -118 204 -171 -107 210 -259 -127 -94 -144 -154 165 0 -152 -152 106 27 -105 -67 -82 -75 -181 129 -224 271 -252 -264 263 -261 -352 375 303 293 -278 299 267 227 88 -111 -236 204 -158 87 205 189 -208 130 201 -261 271 -222 -132 -90 238 212 127 77 216 -148 -188 -210 254 -321 -273 -315 -395 -372 319 321 -338 274 209 -190 -255 -263 -188 -194 -232 181 -256 -290 -234 -161 -261 303 274 291 288 234 237 266 199 -192 -211 -256 -264 303 -347 230 351 -382 363 303 352 -251 284 -261 302 212 -180 -281 -226 -260 338 342 -240 -188 -270 -220 -273 244 -252 -223 -208 244 234 -202 247 -235 -353 331 -300 347 252 -346 -325 -311 -275 296 -252 -205 -193 240 -199 -110 104 -186 -172 196 180 -39 -240 204 -229 -179 -203 249 215 182 -203 114 168 191 -167 -19 118 -158 -135 116 -135 -157 189 -135 -226 -183 -225 283 333 -313 374 -312 336 -239 -294 -295 256 -278 236 -255 -188 191 -259 -389 403 346 239 -311 -214 -289 -286 325 295 -195 278 -249 264 -221 223 371 -375 -295 302 349 368 -281 -241 -247 239 -276 -211 -279 322 -177 -73 -60 -169 237 178 96 313 263 -337 -292 359 345 319 308 293 237 -280 160 264 -221 -241 -284 -320 260 375 -330 -353 -394 293 -393 337 329 300 -280 -315 -279 -314 362 360 -276 -354 -313 -237 -303 248 309 -311 296 -246 -310 -298 -281 -339 285 378 -314 294 196 220 -289 -235 -173 -228 275 -201 -218 188 -223 199 189 -143 -218 199 -171 204 -249 -284 -297 283 -342 -290 232 -281 -307 -263 -257 250 196 276 148 -215 -234 -107 111 8 142 -176 -120 61 171 192 106 -51 -82 207 173 -194 -50 251 -216 -290 256 297 -279 -325 -172 215 250 -180 242 -188 -177 153 148 188 192 -116 -226 249 -259 307 -362 -327 374 -266 -386 384 -332 340 382 -425 -304 -339 405 306 -341 328 300 -338 -317 -322 300 -319 254 347 -227 331 339 -280 -326 301 -250 322 263 264 304 -370 -356 -352 383 366 -367 -291 -299 -376 -353 118 -237 -295 340 272 195 211 91 144 -217 -134 104 145 -222 151 144 130 -139 277 276 201 96 -154 241 261 -102 -102 266 253 289 287 -310 -266 282 -295 -333 -282 345 -305 242 243 288 316 -298 294 307 346 313 -345 331 266 261 283 293 235 -149 -213 229 -169 -13 -115 72 -89 95 158 -117 183 206 -184 108 -213 -255 337 279 167 -311 220 337 -395 -306 269 268 -208 282 268 302 333 358 317 -345 -349 -299 311 343 430 -429 318 -368 312 -356 357 -342 402 295 -269 319 -300 -299 -279 -206 -235 263 -184 -224 233 -343 349 277 192 -321 -313 369 387 -452 -381 356 -383 425 366 359 360 330 181 -265 -243 272 167 -215 -309 195 242 268 -267 -265 399 -316 242 -362 301 389 284 -286 273 -352 269 345 376 331 303 -319 -448 -424 -275 297 298 -255 -111 172 178 -203 167 -109 -81 -80 149 22 48 -2 81 105 77 -169 -199 120 -152 -215 227 265 153 222 199 -267 253 153 232 158 -128 282 -271 -259 -306 -272 310 -145 -201 245 307 -262 -172 133 240 -261 207 204 115 -179 114 -47 -26 13 100 124 147 -43 -41 188 -217 -258 -319 -313 -266 304 274 344 -328 264 264 275 310 260 298 -348 -248 -192 -262 267 -234 -276 -229 -245 -263 207 -183 -222 -219 223 -336 361 -276 202 -278 305 -332 -337 -291 -284 -264 -299 295 264 -250 245 168 -161 286 -256 183 -83 -74 -214 -226 148 -138 87 -94 109 -115 143 -79 130 146 -220 164 185 -218 -239 -199 -271 -261 348 336 -253 278 -285 -353 -312 283 -303 175 84 -96 -269 -253 212 165 -126 -248 -231 -109 -165 159 176 -130 162 143 165 -131 220 149 164 -254 -256 -271 -248 -297 -347 -359 -245 -312 343 334 270 -238 -213 -237 289 -333 187 174 -209 -283 -255 -250 207 -203 236 253 -210
6144,12 104 74 123 128 -50 15 59 -30 -10 -5 -58 131 -102 170 -19 -132 27 12 126 117 90 -80 -9 -70 -50 71 -76 -26 142 -33 26 -89 121 -31 18 59 50 -34 86 20 7 -110 12 87 43 130 -79 -80 89 -123 67 -98 -77 57 113 55 -117 5 38 164 -86 -93 115 182 -8 126 -68 37 -149 167 84 8 40 -24 145 160 -96 -129 171 50 103 -49 142 -29 -122 113 105 23 -96 83 8 -169 94 -75 121 83 125 74 -39 -72 24 -54 -60 -74 -114 59 19 -67 -113 146 -33 -147 75 -151 -140 114 18 100 35 131 72 -141 -136 98 -48 125 -16 -8 22 139 -13 -21 116 -19 -23 -14 86 -38 52 -81 -97 -82 -35 -92 94 131 47 -65 96 -139 78 -141 77 59 -20 -53 73 -117 -103 -50 135 51 -66 72 -144 72 190 151 28 28 -91 -113 -45 -233 37 -14 23 4 108 -9 66 30 -140 58 51 -154 -129 -98 4 106 -86 -58 44 4 161 26 104 44 -70 70 -127 -58 134 -194 -175 -67 -5 -162 -7 40 52 -73 -110 40 -67 61 -126 156 -18 -100 -65 -135 62 63 -14 -4 165 101 67 -40 -116 157 -65 55 7 161 -41 -143 6 -108 99 -54 97 27 65 56 -80 162 55 70 55 -140 -125 21 -20 -35 -8 -59 -74 -6 -134 67 -85 -99 -69 11 -138 -9 25 -39 135 -101 -89 102 75 -2 96 78 -115 72 -28 7 96 128 163 -4 173 -50 -87 120 32 -112 35 86 -15 57 75 -140 36 -23 -182 -85 135 20 -2 38 -102 94 72 53 176 20 62 93 -76 -89 -87 -38 12 82 140 -50 -68 -41 -45 -143 2 121 104 177 93 -109 -62 -84 112 -96 90 -78 -2 -76 -74 121 -19 -142 -177 76 181 -155 -95 16 73 144 96 169 -100 -106 175 96 55 -34 -102 -136 133 101 -53 -76 97 -34 -118 -37 -31 85 31 107 0 91 138 -10 1 63 -177 133 131 -103 -132 122 98 -94 -58 -178 75 -54 -104 75 -8 -123 49 -2 -57 -122 124 130 -70 38 -3 71 122 26 -156 -119 -141 -60 80 -96 22 -41 72 41 81 -6 -62 -45 -59 -60 -92 -80 12 40 168 -53 70 -76 -120 -88 -101 -126 -135 8 -73 -86 -107 17 -75 31 75 -122 109 64 105 170 54 -60 -96 56 -66 126 69 49 64 -16 -74 43 66 -84 175 -55 -84 -109 103 -30 -83 -143 -99 -99 -67 4 140 -127 -156 -14 -27 61 9 -147 -15 -52 -19 15 111 -82 -91 106 -50 -69 21 105 -124 98 -113 118 94 89 -138 -97 -126 80 -87 164 -220 -139 70 27 81 -51 -112 -173 -123 112 181 -105 -66 -49 -82 127 -4 -119 135 -97 90 92 -60 63 -28 70 -83 -103 -98 -128 66 -81 50 -39 -3 162 100 78 -94 51 -34 -63 -157 -80 -66 -38 42 -145 -80 41 50 56 135 -94 -138 10 -75 -145 98 83 -17 129 -131 100 9 108 -55 -103 37 -72 -11 61 -132 -120 -74 133 36 61 0 -142 61 52 -54 -34 29 -44 40 42 80 -89 -146 60 -81 75 -127 142 96 -6 38 136 -134 -6 -49 80 95 -15 107 155 -89 -105 -96 -83 44 -53 38 -133 170 186 80 -37 -140 -33 53 23 106 80 -27 -82 46 -55 1 -101 142 75 -75 -38 -80 -23 -62 -99 -45 78 -71 -124 168 -125 -20 -142 -91 -23 39 -164 -105 27 77 159 100 34 -123 113 -112 -50 -159 -80 -76 44 97 22 -132 76 -111 22 -97 -43 101 -166 -4 41 59 -113 128 77 -75 129 111 -120 -47 -84 -186 68 37 -175 135 -67 -93 60 103 99 -11 -8 -31 122 119 29 108 18 -111 -101 11 -112 -106 -136 39 80 -51 33 41 17 58 115 75 29 116 -60 94 51 -47 4 -85 -102 -42 83 -34 79 -57 151 -85 56 -15 78 42 41 -89 137 18 -9 -81 59 112 -94 44 71 -18 -74 -171 -68 36 -112 129 21 101 90 -57 -55 87 215 -86 94 103 -145 -164 127 -227 -42 123 -50 -13 -105 123 159 44 -55 -21 138 -69 49 154 129 -115 -82 -67 133 61 -132 -75 53 0 -155 -42 13 89 63 90 -31 -56 -113 -72 30 -121 -32 78 -77 -126 -150 -54 -1 -4 -55 36 97 -3 197 -56 -128 1 56 -34 29 4 106 18 72 175 -14 50 -155 121 54 -10 41 -106 -48 -3 124 17 74 47 -30 -70 -20 -72 -174 -92 165 135 174 31 -85 -59 179 -50 -89 -120 123 74 -100 -48 51 51 -53 -79 -135 -62 -57 -80 37 -27 -59 -111 108 -69 -49 32 12 -66 47 -84 -98 -155 100 143 -186 39 8 14 -70 66 -76 -127 -98 -104 38 88 -41 98 -153 168 82 88 -173 -70 82 106 143 -62 -93 55 81 44 -2 -61 106 66 84 -42 -25 32 25 -75 -48 -66 -141 19 -83 -12 -122 -100 21 -24 -42 -66 -151 -130 -24 111 -24 67 30 -111 10 -119 -124 136 68 -15 -130 -119 164 -27 205 -51 99 6 -57 61 121 -123 68 154 186 -98 117 -68 61 -94 -57 140 -106 -19 85 82 33 45 22 -37 29 2 81 40 -89 -57 -98 -130 -41 -54 22 16 135 8 -50 -23 117 -69 -133 -123 3 177 65 -115 -29 -127 -111 125 -96 -15 -121 -124 16 86 30 14 -113 74 -64 77 -63 -81 86 -46 61 -123 20 68 -115 -47 -117 106 -51 -76 3 -87 54 -116 67 90 81 -13 132 -109 -109 -93 39 32 94 57 -64 -149 -37 -93 81 -115 149 90 73 37 57 73 -83 -59 232 37 -29 132 83 126 -130 78 105 -142 -86 -143 108 102 61 -65 -133 43 9 -51 192 89 -92 121 -148 -135 12 87 -56 -79 -140 87 76 -185 -203 -116 -26 8 -116 130 -123 -90 135 1 82 103 -135 95 2 143 44 -72 -212 -118 -21 100 -69 -95 43 155 -120 -143 55 97 -61 6 -56 76 85 -26 -104 102 -96 -73 -96 -23 -2 87 -123 -91 26 -127 -70 -89 176 -133 -70 -130 -27 75 90 57 7 -163 107 -66 162 -117 115 -53 112 141 -19 -89 100 -17 48 -63 38 -46 57 -79 -148 -164 5 112 75 61 -99 55 11 53 41 28 32 -117 -22 -47 57 142 -67 124 -63 -51 -122 14 61 195 67 155 52 118 -28 106 117 -69 -131 27 2 -85 -57 75 96 -125 -1 -118 26 28 124 -71 30 13 112 -69 -99 84 18 -9 92 82 -56 -146 -76 80 1 30 -86 10 -64 -74 -84 -54 -30 -141 -24 -86 42 47 -51 23 151 -8 -99 -91 65 10 54 -204 22 -83 140 30 89 -92 -72 -79 -129 -118 4 156 -103 -39 136 -41 -214 103 -38 -88 97 -20 -78 -136 -152 157 31 -101 90 -112 78 13 71 -27 114 -58 106 80 122 -78 121 117 77 45 -95 102 -9 -40 -53 -76 93 -89 60 57 70 -48 -133 194 -40 -119 -132 -157 104 88 -107 -139 -93 -82 -10 45 30 2 117 84 -141 -166 148 -133 -128 -135 -92 67 56 -172 -65 -92 -41 72 34 -61 -110 7 63 -69 191 255 -27 23 66 90 -148 77 -118 -7 52 110 77 -81 -91 -87 -33 -74 -129 35 8 108 -65 -72 103 133 -94 69 -20 -1 88 -104 -86 -107 -106 84 39 -18 -13 -114 34 20 82 -68 110 111 -53 -65 -120 -68 -77 116 135 -37 -42 31 -76 -114 107 27 -14 41 -68 32 56 150 -99 -40 134 -173 -14 -138 -117 107 109 -139 91 127 -63 -110 -7 -44 84 -34 96 -14 65 175 122 108 68 107 92 -62 -55 -9 -126 -139 88 2 41 -67 46 -105 54 -21 -10 141 108 2 -114 75 -78 52 85 77 -39 -63 1 -112 51 92 -38 30 -48 -106 -60 69 45 -88 113 -44 110 -38 -84 -101 129 140 -4 -16 51 6 -110 4 47 -92 -82 4 -107 -103 -18 -60 -48 82 23 28 83 95 84 -120 -172 77 -123 110 -181 34 74 48 120 72 -58 35 -45 -87 128 -60 -73 58 45 -16 74 -49 66 -49 -126 56 70 -64 7 58 -103 102 -95 -53 62 -60 45 -58 24 26 -41 -111 153 137 70 75 -113 159 38 -87 163 58 97 -125 116 60 -173 71 36 20 -33 112 122 -50 -180 -18 -132 50 -213 189 57 -50 -3 -132 -112 102 50 138 91 -6 -50 38 -75 21 -100 -194 18 -86 -113 -32 98 163 -84 72 64 -88 120 65 -14 48 -92 -109 95 -133 67 36 95 -19 14 -78 92 94 169 140 -75 -147 -4 -101 163 204 47 -62 -101 -184 -102 46 93 -22 62 -108 135 -145 -89 29 66 -123 -22 132 44 -144 -46 -62 -52 135 48 -147 -131 76 -50 110 46 48 -20 -54 106 -163 152 -138 47 -3 124 24 91 85 23 -62 42 37 -178 92 -102 -51 90 47 -60 -27 141 -100 104 -87 46 132 -112 76 14 85 111 177 180 -44 76 81 -86 -226 -68 -77 -7 53 -38 60 -78 85 -69 -30 -76 -173 -115 -138 -6 88 -91 -116 160 59 -66 16 -162 -83 -65 58 147 -28 45 -3 179 -39 -31 52 -85 -89 123 3 118 -62 -114 160 88 38 -135 -129 92 -143 -124 -88 133 86 -2 36 -135 -61 103 125 -114 -175 129 96 124 162 -92 38 47 109 167 -149 123 -130 61 106 136 -89 -86 -20 -37 163 42 162 -192 -71 -69 -35 -109 -107 -56 118 -54 -55 93 -72 167 -131 -104 10 -87 -220 -69 39 103 12 119 14 -110 -85 177 -80 -73 -65 -127 2 -138 -155 -103 108 -156 -50 77 -7 14 -47 -108 -82 -69 144 86 36 71 -98 36 36 -87 126 -57 21 80 6 -3 66 72 -141 -161 -141 -24 66 -142 -120 80 152 145 -129 -40 62 78 -91 -50 -136 -19 77 -60 148 -217 -28 71 86 145 34 4 64 104 162 43 52 140 40 -86 112 77 -75 68 72 -125 103 9 -59 126 -23 127 40 -57 -51 -108 41 -167 -38 -23 159 46 -85 -91 -13 115 -47 -95 -34 -39 -42 105 -72 172 -111 38 -16 51 -107 15 175 98 -28 65 -78 193 -29 107 -167 115 81 -27 89 -10 36 -120 -124 -65 -31 155 -57 -56 -59 121 -48 130 54 125 66 -158 43 63 -90 -55 -58 126 -30 24 -176 88 70 67 73 9 -75 -136 115 24 45 62 -104 -103 -3 -42 -93 -145 -78 55 -111 -81 166 79 -38 41 130 84 106 -94 119 -76 -41 -114 -67 72 12 -50 -105 -62 -1 93 49 66 -122 99 -109 62 70 -171 -73 125 -121 -94 34 -94 -140 -35 -98 29 -119 169 -13 -138 -103 159 -102 -104 21 8 -8 100 177 154 -27 -79 36 70 -98 -129 -81 134 34 -132 167 -5 -45 42 -13 -45 1 148 -84 111 74 -106 124 8 92 -80 -5 90 57 1 92 72 103 -22 61 52 27 -110 58 61 102 -60 76 77 71 -40 -86 170 88 -108 -36 124 -155 83 101 -155 -124 -67 -105 -89 87 -114 115 -69 -168 130 31 69 -72 117 -67 -168 110 -76 100 141 134 24 127 -36 -46 18 -96 93 78 90 65 -104 111 131 103 -96 -167 -67 11 -142 -121 -112 -91 0 -41 -119 -114 -32 -95 151 31 -74 -119 83 75 -162 -98 146 -136 20 48 22 74 -111 65 -61 126 -155 -97 37 16 -32 -151 -87 144 -24 -92 -153 -52 44 -90 -91 114 28 41 10 24 23 -101 -121 -176 57 95 139 113 80 -20 108 84 107 -24 -107 -77 92 -79 81 -59 -81 -27 43 95 116 49 150 -77 60 11 -22 -71 26 -141 -102 -165 -47 3 17 71 5 52 -139 -11 209 92 -187 38 135 23 97 -65 32 -134 135 -86 -137 123 85 -68 -49 -94 98 152 -126 -62 -99 -62 24 -42 52 75 102 26 128 164 -131 93 140 -100 101 19 -121 -84 91 -73 2 47 79 32 -48 145 11 -81 112 -36 99 84 -119 39 80 83 -92 -108 78 -100 37 0 -129 -170 80 -55 54 118 -76 -97 62 102 -55 45 -108 98 30 -72 39 -149 141 -55 136 -88 148 149 -50 16 62 107 -104 90 56 99 70 54 61 -97 31 -37 -78 19 165 75 -82 103 -2 107 21 101 -162 140 -43 105 80 19 142 -16 84 -103 49 24 -103 -132 -116 -95 -85 33 41 134 76 -89 -106 93 113 123 -122 94 110 79 11 108 126 85 -26 121 69 73 11 12 90 97 91 -180 -21 -125 64 -152 -104 -132 9 -107 77 -75 64 -63 -4 131 -112 -14 -126 117 63 -94 154 -144 139 64 -44 138 99 74 -53 110 91 -124 -122 -57 -118 59 21 201 98 9 -77 89 135 -99 -122 156 -57 57 163 -52 -11 -45 -150 -80 4 50 -33 38 171 72 143 17 -15 54 172 86 -60 67 72 154 -84 -24 -147 64 103 -71 153 43 -83 151 -109 -113 107 10 -43 -89 -23 28 -131 16 -103 12 94 -67 4 27 -191 -2 -49 69 135 -104 68 110 -50 103 130 -101 -38 -38 -89 -86 126 -107 142 -76 -99 152 43 96 51 58 48 63 -137 -41 20 -36 108 36 -23 -138 53 -121 91 -106 135 86 -126 -58 75 98 93 -120 103 88 -43 24 50 -130 77 112 71 27 66 -176 26 -18 125 215 -126 -91 -187 7 99 59 87 -151 158 86 59 6 -61 -109 14 92 139 74 -91 48 70 -13 121 -144 95 155 16 27 49 18 150 89 -182 -103 174 165 -93 -103 -21 7 68 -95 -38 76 87 -116 115 74 -98 54 -128 45 97 114 115 -99 83 14 114 102 -32 -60 60 22 -79 -79 -92 60 -11 -56 61 -22 -105 -11 -39 136 40 -55 38 -90 -52 118 -85 -43 58 -3 -22 78 32 -63 -8 -58 -84 -51 145 -115 37 109 -108 15 108 34 195 -99 -117 27 98 -96 -38 -47 85 -118 -126 -81 113 38 -95 104 65 118 -40 -63 136 40 -101 -96 83 -82 -41 119 -17 -112 -40 -74 140 -39 0 17 -51 -100 29 9 -93 212 107 -46 74 38 51 108 -169 95 46 87 55 125 -113 39 -128 26 -103 100 -95 209 -112 42 -105 85 70 108 64 58 122 90 38 51 -115 -119 58 113 -125 -63 97 114 -4 62 100 -39 -81 114 -44 84 -199 26 106 -157 -93 -80 149 -36 -145 -124 66 62 -47 94 -92 -29 122 140 55 -113 29 52 16 11 -117 74 74 75 -136 182 126 51 -107 87 -58 0 -55 -93 62 147 32 -2 -38 80 -115 56 -20 30 -1 17 -18 -60 -62 -69 103 123 101 157 -159 57 35 -133 -159 -168 147 -40 78 -44 32 118 -142 -17 6 -114 86 92 -43 -4 63 -2 255 -70 8 -139 -10 -94 -116 57 -101 114 83 -163 96 -120 57 62 -148 -104 68 -112 182 -17 30 40 43 151 -40 -33 -102 -73 10 95 -80 69 255 -104 -124 86 91 -82 78 34 -38 77 147 -74 36 109 -116 -52 37 151 24 -95 -83 59 -145 -99 -155 51 75 -189 -73 -115 143 -53 105 -37 47 127 -41 -18 -102 -41 -30 27 115 -147 95 -116 -86 -16 92 -36 42 -53 90 -154 -48 89 106 48 13 125 145 -100 48 0 -76 35 -57 106 51 -189 111 -10 -25 -120 -54 -78 72 -133 -60 114 -30 -33 122 -118 18 112 96 135 59 -46 62 -38 -33 -70 -86 75 -71 24 -68 -114 -20 -12 -101 -143 118 -18 93 -139 83 98 31 -55 -145 58 -63 -68 57 -165 102 -74 -127 -115 -10 132 73 -84 97 -72 -64 -99 11 110 58 127 105 -22 84 -116 -8 73 -49 -8 53 -43 83 63 59 100 -3 119 -36 81 36 100 105 110 146 167 67 -93 -82 110 11 54 -78 -5 -146 -35 74 100 -115 -83 -112 10 -175 85 17 -105 -135 77 -63 36 -77 -57 -82 116 -83 -128 -125 -46 115 255 28 -1 34 -10 -33 78 99 -99 -62 -84 -107 103 -20 177 -198 -68 39 10 114 17 81 -93 -57 -58 101 -139 67 -59 -110 -24 -105 93 -67 -134 245 -79 121 116 155 -200 -62 -124 -40 37 43 57 -92 -140 -87 60 -183 -32 -89 179 -83 28 183 -177 38 79 39 -100 -103 123 -68 73 -149 -100 82 -120 -178 -71 -58 7 87 -99 16 -72 -73 -5 -12 -140 154 -156 5 18 43 8 -48 133 94 8 130 87 -73 92 -83 -164 -38 -94 19 143 -75 16 -11 -28 54 54 -107 111 -58 -65 72 88 -72 163 72 -25 -140 52 -60 12 160 44 -28 -109 73 66 62 27 -19 107 16 94 120 119 46 -73 -149 -49 2 22 -48 28 157 -137 -113 121 -62 127 109 17 -37 -109 -60 -59 -102 -73 -72 -157 56 100 -30 -26 -40 94 -40 -90 92 34 28 -27 6 76 12 -50 -97 24 -14 60 -165 -84 29 -136 -37 -199 -190 99 127 45 14 48 80 -107 -24 167 100 -112 36 179 98 26 109 86 -102 110 83 4 39 68 -100 -118 80 -40 -161 176 -78 103 -53 23 145 67 66 -12 -6 3 -60 39 -84 176 -136 -45 56 43 90 61 -41 -99 58 128 -115 84 -81 108 -28 45 3 15 81 -80 85 21 -114 67 91 79 111 151 143 140 -151 -64 84 -116 -11 -99 37 -52 135 76 -87 83 194 19 75 -16 -61 -68 122 -134 151 -187 13 83 100 -27 113 108 36 -13 0 50 128 -108 -80 -140 102 -158 -90 92 104 134 171 -110 77 -96 -80 -54 -61 145 -78 116 99 147 63 100 77 65 104 51 -28 109 129 -103 102 -84 -204 -87 -8 -122 -75 4 78 -25 -93 121 83 -66 -7 -3 -1 -28 124 -4 -9 154 -92 4 -72 -154 -108 87 -10 -109 -75 -78 -43 53 -86 94 -113 -63 -72 123 -125 83 -93 -77 -38 16 -47 47 7 253 63 126 -83 -38 147 34 48 137 80 -66 27 -87 -83 89 88 -16 38 -32 116 123 136 76 12 -101 143 139 200 -74 76 46 -178 -163 93 -126 -68 -100 -16 -103 16 -13 67 18 -118 89 -138 -10 78 -52 40 -86 -41 25 33 -113 -87 -78 -39 -114 96 70 -117 -11 97 -66 -60 120 113 -10 107 -87 20 -135 -83 -18 27 6 -91 137 -42 103 -37 137 -54 -162 32 -182 143 -68 -144 13 55 -59 75 -75 125 -119 -144 0 106 107 -45 108 -100 -91 -80 -34 115 29 129 38 -92 -25 89 13 5 85 4 -123 -85 50 103 -149 50 -113 97 58 111 47 -70 88 -112 -108 138 -81 39 -119 85 -31 102 -83 -46 -91 168 -41 -23 73 30 81 88 164 -74 -67 -144 -107 72 126 167 95 117 -20 -71 95 -58 -25 -65 42 -79 125 113 -83 87 -35 87 -46 99 -122 173 -94 35 14 100 -95 -17 -9 -67 139 39 -26 -74 48 -29 17 -86 -10 -95 -6 49 78 -79 83 -73 -37 104 -93 -47 -89 -145 53 71 131 -109 -53 -95 -13 -52 -1 -156 -89 180 -74 -120 -52 119 -73 -30 54 114 80 146 99 25 -166 -44 43 -134 67 117 -71 -147 55 118 112 -159 237 -9 60 -10 -55 92 103 40 147 -40 74 -177 7 -121 95 -69 59 89 -106 -19 93 -54 -33 -85 43 25 -125 23 71 68 141 -17 -87 -82 25 82 20 -115 -126 -217 126 -53 -160 -82 -155 142 100 -1 104 -77 -91 111 -160 -117 24 -134 113 -39 -110 160 96 214 97 118 192 12 129 67 -115 108 -51 -60 -72 38 69 88 137 39 -105 -137 -80 -146 -56 -16 138 83 -58 -160 -48 116 -127 -8 -154 64 60 -85 -24 -64 -134 30 -35 -83 149 -112 -125 -191 -93 -50 6 47 89 -92 -59 -30 -109 80 -72 78 -114 -88 -170 -52 155 174 -102 -112 -99 -121 -12 -2 1 110 130 -158 104 -98 -90 -59 145 -41 -90 1 58 65 136 -76 6 -206 -72 80 -119 -78 -26 23 119 45 -53 27 31 12 -44 94 -80 92 -66 -86 -83 25 -12 64 62 139 103 40 45 61 -89 -83 -75 76 107 105 -202 -71 60 146 -48 25 -79 -157 116 84 -62 -92 3 -26 -121 72 -97 1 -87 -81 57 177 -126 40 -181 64 52 55 -105 -68 -114 -57 -27 -112 -56 -39 -4 7 88 0 85 -108 174 -63 40 51 -113 53 45 104 102 146 69 24 -65 136 81 58 -26 -97 -7 172 6 174 -120 28 77 122 -89 40 -120 30 93 -107 128 -2 92 -111 -175 -114 119 -157 -149 -59 48 45 108 -47 26 -80 -123 -39 -62 -92 78 97 -132 96 -3 12 88 102 63 -95 -34 93 -68 -129 120 -50 -89 -120 -5 107 -200 28 83 -61 -180 76 -67 -86 -105 -89 -73 -71 70 49 -123 11 -167 -62 128 24 32 109 -189 133 -122 3 -49 85 -16 148 -195 112 -77 17 47 47 -119 140 -39 -121 -39 26 137 54 105 61 -38 -5 -175 -15 27 104 -137 -37 -93 -88 51 -30 -144 15 -24 -52 64 -59 -65 -115 -143 11 109 -36 32 65 -128 76 154 101 -21 -142 102 -18 -6 49 52 -18 137 -82 71 111 74 -66 0 -40 94 -29 43 81 152 -142 16 15 18 -137 42 -52 12 30 10 35 73 -161 67 24 122 -110 118 14 -106 47 -119 -82 75 5 156 -128 -100 -66 144 26 -42 15 70 63 52 -67 100 17 113 -51 -111 16 -66 -100 91 -68 -50 140 -133 49 36 120 68 58 91 -2 131 -8 54 -91 104 -113 -117 70 155 -43 163 -94 71 58 28 -102 108 73 132 11 36 98 165 184 128 -97 71 139 -157 21 -50 -135 147 76 -138 -94 95 -84 149 -17 -71 -147 77 57 -71 -104 52 -72 -46 -129 54 132 -9 -133 -83 76 19 -134 -95 76 -86 -135 -75 -19 -154 -63 101 -111 -49 114 -63 -106 -25 161 72 4 -71 56 -83 -28 62 36 -37 -73 101 -34 120 22 74 91 66 18 -4 54 205 -97 77 -34 102 -6 -167 111 26 72 78 -118 -134 64 159 -36 19 44 82 -43 59 137 -38 -98 0 -79 95 -90 90 144 -120 124 -127 -114 114 107 109 101 83 174 82 -20 123 -64 -58 -53 63 -100 -149 86 -49 -40 -59 -158 74 211 91 113 74 124 98 -68 -121 -125 174 -199 55 -20 23 -70 -80 -70 129 -36 -156 157 63 -84 9 -67 -42 60 -18 -142 -79 111 46 -69 73 -38 -138 -38 9 38 -99 163 114 -102 20 21 77 -13 15 -57 123 -110 49 17 -37 173 35 89 177 -47 12 64 51 20 -103 -11 107 -95 -34 -1 -97 -45 -93 -30 -71 -63 12 84 36 -50 82 0 -30 25 94 56 -115 52 54 68 -71 -130 -22 23 -105 -115 52 -25 104 54 -8 77 73 -50 -91 91 52 39 -69 -39 113 -111 28 -27 -45 44 97 -99 -110 115 -111 -147 -55 -179 103 -10 5 40 172 82 -99 99 159 -156 87 162 -60 142 126 -121 -87 21 -91 62 65 66 -38 -72 83 74 -126 -98 67 -132 95 -61 -56 -94 -107 -50 139 -92 105 -77 -25 98 14 -29 14 -100 71 -24 119 45 -88 142 8 -46 38 -52 40 -93 34 95 -174 70 108 147 100 -120 62 -55 70 -53 130 189 165 30 98 -66 -69 97 -53 69 5 -197 70 -94 51 58 -117 39 83 35 -55 97 109 131 -136 -124 63 108 -18 102 31 -16 40 -39 -17 151 12 -64 -96 -13 33 -43 72 176 51 -127 127 -28 -157 57 107 92 88 -141 1 -6 -134 -38 17 -134 28 -153 122 -118 93 53 80 152 -142 -78 15 -85 -142 -126 174 -91 -97 116 73 -36 -145 68 119 141 -81 -90 57 30 102 18 50 -179 -41 -149 182 -101 0 -70 -53 145 -85 185 133 36 54 -89 -52 37 78 -65 46 27 -37 -177 101 145 -87 74 120 48 -4 28 81 145 -60 193 121 -58 94 -88 -98 -147 -18 -73 38 -94 -9 118 72 -68 -164 -39 -80 -46 133 152 -127 67 139 85 -85 171 -113 150 102 38 -94 -129 151 85 -107 38 -74 -99 -121 -114 31 -59 130 -151 95 132 -3 184 97 -96 -161 19 95 60 165 -97 91 108 -66 115 90 85 163 132 43 -7 -65 -146 -41 -76 50 55 -11 105 64 30 -48 -81 -128 -104 109 -101 58 -143 63 -124 -130 42 -126 -16 -198 -40 -90 73 -107 -73 61 10 -133 110 137 57 21 50 21 -72 -62 21 60 -15 -2 26 -96 65 84 24 -58 -57 31 -60 -78 22 4 50 1 -51 71 -175 -49 -86 -71 -106 -108 39 65 110 136 45 65 131 70 -64 -84 -66 -102 38 212 -70 50 68 159 32 35 -76 -87 -192 -173 35 83 110 55 31 -49 -69 -104 77 -67 30 16 -78 98 -51 94 37 -95 -104 140 -105 5 -84 -81 94 86 -1 146 64 -125 -32 -126 -42 -93 -214 -116 69 120 152 -95 -126 -98 38 141 -109 -146 197 -94 -37 60 -78 -89 70 86 -133 -19 31 20 10 112 134 -62 95 -72 -42 59 -116 105 -41 59 -170 109 -56 108 -99 -99 136 7 -187 149 55 47 79 -16 -186 43 1 30 13 167 87 -78 -119 -43 -24 32 72 121 70 -105 33 -166 95 114 117 -15 45 62 60 127 66 -69 -146 -124 -126 137 -129 -65 -22 -119 90 95 9 163 -84 -100 31 150 112 -96 70 -39 55 -108 11 105 63 -165 -67 -65 73 -108 121 -165 -10 -192 31 21 -54 -58 75 32 -8 112 123 -53 130 -23 -28 -35 -30 -41 -3 -50 73 118 -77 -53 42 0 114 128 -79 -33 -169 150 -113 140 104 -111 -218 -126 20 -51 78 98 -91 -106 -22 -38 -26 38 -150 -16 -60 -88 -108 119 -92 110 133 -163 52 64 -140 218 41 80 -97 50 111 94 -84 -27 59 23 77 -25 -19 168 -119 56 49 126 92 -132 88 -129 152 -84 165 -91 85 91 -40 39 97 -118 95 -86 -153 -65 -119 5 -98 100 -146 124 -36 -88 85 -99 -167 34 -42 130 70 -145 122 35 99 -8 79 76 -141 -76 -67 30 -5 1 0 24 142 47 -111 -106 103 -127 57 -72 184 104 40 69 85 27 -82 102 -31 -106 -29 68 -17 -147 43 38 35 67 82 -82 101 -101 -73 -189 -53 -24 106 64 -45 -81 -17 98 -166 19 91 78 119 -23 178 -120 145 144 -18 -69 -124 -133 111 -126 64 -162 -37 -98 -35 -143 114 106 99 -136 138 -180 20 105 190 31 -38 -21 -153 54 79 72 61 70 -40 37 10 -114 150 54 -79 88 11 -123 -166 -77 55 133 -64 -64 -59 126 -27 -29 -160 7 134 -18 -63 132 -10 70 -121 81 115 -16 142 -108 93 44 -47 120 107 -112 141 -38 22 65 65 74 -47 -175 69 82 54 78 -67 90 44 137 -34 85 -102 128 -115 -167 -132 94 -138 91 -75 -57 83 -122 -29 -91 -47 -38 44 16 -26 -82 90 47 59 -104 133 22 126 78 134 -39 -127 159 82 158 53 -72 -95 54 -54 172 146 -51 44 -30 -109 -116 121 88 5 137 95 172 -76 -78 24 72 -78 -57 -92 83 -142 -111 110 -47 161 -143 -153 -127 91 116 38 -84 171 -136 1 -23 -145 -144 -10 18 -3 -172 48 46 97 -132 79 -105 -85 97 100 -37 94 -45 -129 22 162 24 -97 127 -74 -94 107 -175 12 -117 -80 20 -51 -59 -1 70 57 40 -45 -21 95 77 -106 170 112 22 -90 11 -20 -80 137 21 -101 -64 -63 115 -136 -101 114 -88 -105 120 -101 70 104 -91 216 -53 -78 82 -118 -132 138 69 74 -91 -100 40 -81 -86 -100 21 69 -13 126 116 -42 81 110 -171 41 36 95 14 -36 -93 45 -121 -58 -197 44 71 124 172 -66 -100 -54 132 14 120 111 -162 71 -39 -53 123 47 125 -88 87 -33 -142 -70 -63 -131 -57 -64 -74 137 -148 52 -124 -48 4 80 -71 -93 128 80 -127 -145 156 -77 -70 -88 -98 -41 154 -145 8 107 -132 83 48 61 -91 -148 -31 68 -156 43 131 -151 63 125 80 69 205 -58 31 91 136 -184 -120 -47 38 120 -170 19 89 33 -170 -186 -56 -129 114 -34 122 -44 104 -100 46 -83 -2 -15 162 -114 116 168 89 -114 53 -69 110 98 71 107 85 13 35 89 87 126 156 -79 -112 -6 145 126 -88 97 -171 -56 -83 -87 139 101 48 77 100 60 106 -85 -160 -80 -18 -93 82 -51 88 -104 -41 42 5 73 -156 -53 -23 -57 -138 153 -60 10 -57 80 -197 -70 39 -89 -161 -24 105 108 -104 110 111 -29 80 101 -51 23 28 -150 -65 42 82 38 -44 113 -23 -2 119 100 -73 -77 -26 93 -136 -101 -133 -83 57 -111 -68 -12 60 85 -111 92 5 163 -111 146 62 -108 119 -94 35 29 -7 -101 -114 -85 -104 46 -79 -50 -110 -44 -113 41 -8 38 141 49 -154 -7 -67 53 -13 -92 -115 -5 -135 -42 112 -106 -93 193 167 -208 -89 -140 96 103 100 -61 -89 -5 -123 115 -167 125 -92 -125 -160 -21 41 -27 -136 63 103 -27 142 -6 -67 36 -90 130 -25 131 -23 -93 -135 -87 -33 45 69 172 60 -29 -139 -42 -95 0 90 -159 -103 -18 -92 -84 26 -123 88 81 81 22 34 32 176 -131 62 -134 -86 -115 -146 -38 -120 -130 83 -97 -178 96 -121 29 -56 -124 102 95 79 -155 -45 128 117 58 32 -107 132 52 -128 94 -100 -52 -39 -29 -1 6 63 -122 -34 -122 57 -48 25 -87 -93 -26 -199 44 125 -16 -78 -103 -32 -185 -149 -8 122 39 80 -112 0 -78 50 -80 1 -104 104 -42 -60 84 52 48 47 -80 -131 112 130 109 54 50 49 -96 -76 22 -6 -57 25 -36 85 187 21 51 144 -74 51 26 36 84 0 53 41 83 -30 -128 185 15 106 -98 -25 -145 19 8 37 -147 79 -2 110 70 141 -4 -35 -86 -81 -22 46 -48 -44 -54 20 56 12 74 -104 -29 -137 89 91 109 -149 -83 -100 99 124 82 -19 -36 -91 -53 0 65 -125 40 -61 -140 -125 101 76 -111 -68 124 200 -4 -22 -93 89 65 72 -142 -52 -52 -151 26 141 -71 122 199 -146 -129 136 -53 81 69 120 -40 -42 -40 -4 163 35 46 73 -152 -48 -117 -72 129 202 -131 98 -16 -101 78 170 76 -118 -46 90 42 92 -46 -45 60 -41 79 -77 88 70 -85 -80 -37 -85 -67 138 -84 -97 -23 10 29 65 31 44 55 9 -9 -70 -77 145 -85 77 -136 193 -62 16 -27 -79 64 38 122 35 103 140 124 41 -130 50 -60 -55 140 94 125 55 -129 -85 -17 122 80 64 126 -54 -47 55 -83 94 -91 -28 97 126 -47 -81 128 19 15 -10 123 66 -104 -46 -63 -205 77 63 -7 123 72 63 108 43 128 -38 117 25 48 60 35 196 -37 -40 38 35 -117 16 -71 -111 -58 5 -67 6 -206 8 94 125 -53 175 97 -89 -118 -51 -87 -113 -132 -44 74 -11 -95 -114 154 82 -34 -147 161 -112 76 -32 -141 -82 155 -78 -51 -50 144 -40 83 -80 82 -101 -40 59 48 -54 -153 29 -72 95 178 63 -30 -186 -38 110 107 54 -67 102 -120 -101 36 -34 38 -158 -122 61 54 75 16 135 65 -75 98 56 100 92 133 79 6 43 65 -92 61 11 -42 67 36 78 108 120 -64 71 -156 -77 -112 73 111 103 74 22 72 69 -30 26 72 45 -57 37 69 48 112 -44 148 -193 -123 -16 -52 90 -131 -219 -118 109 -68 -119 72 2 -35 -17 -76 -36 -88 -33 -43 21 56 31 2 1 -46 -153 148 -92 -61 87 69 174 33 115 53 -91 -111 38 84 4 66 -115 140 198 -166 70 121 56 -42 36 60 72 -8 77 -28 110 -93 103 26 102 -8 34 182 6 -176 -134 -8 -57 -38 137 62 -85 -36 71 -60 -42 99 -92 -57 123 -138 -144 90,-80 -100 -98 39 72 -131 110 -17 -41 40 -105 102 54 -158 158 -43 -123 75 77 106 -33 62 -56 51 -130 -27 127 75 -47 -92 -23 -23 36 -26 -81 90 -124 96 48 112 -6 99 68 -35 -95 73 -4 -4 -68 81 -103 -47 62 -24 112 56 19 -99 -176 -70 -131 -56 95 -2 36 52 -78 -71 128 -97 -34 -104 -80 19 -71 71 -118 -55 -27 -133 -62 -110 -109 -130 145 8 147 107 -19 -58 76 -14 -94 -57 51 -10 -70 -105 -19 -43 62 9 -80 105 133 78 121 -133 53 -41 92 -16 66 80 -87 -81 85 82 -78 118 89 -101 -103 62 -93 144 136 102 69 189 -49 -66 48 128 -22 26 107 61 71 -62 -93 100 42 58 -71 10 96 68 -138 -101 71 44 71 199 64 168 20 -106 111 34 -126 60 90 -156 -170 -12 126 -50 -96 -3 84 -152 -44 -100 -67 -134 -55 115 45 102 61 177 66 140 -30 121 -40 -77 0 -151 78 50 -28 47 127 -86 115 -111 -65 120 -56 10 105 8 62 -90 78 -17 -23 -30 106 -62 40 -141 115 -115 -141 106 -41 42 -83 3 75 -78 -67 91 24 -75 158 -95 -31 70 -68 92 4 78 -161 44 44 -19 95 -38 -101 -22 -68 68 113 -70 -137 99 -39 -77 122 40 58 110 -161 75 97 114 5 63 17 -47 -236 -136 -165 -117 -148 -87 -62 132 66 -1 -119 -43 128 115 -39 -119 123 -153 -59 -100 -48 80 -76 153 50 121 2 -178 -119 -107 62 -154 -112 -52 -75 -101 -41 -36 36 102 63 56 -37 22 -129 67 -80 -57 -30 58 28 180 92 80 -161 -78 -105 -37 42 17 6 -47 125 30 135 -61 90 -23 145 -28 -42 -138 97 54 74 -70 47 161 -136 104 115 -63 15 92 -79 59 -90 -113 166 -106 -134 109 50 45 -25 -27 73 3 -55 65 125 -66 66 32 -56 -63 -78 -61 142 -36 95 -57 -90 -98 -85 64 -53 -137 -165 30 83 -82 -222 34 100 -69 129 -61 -125 73 -78 -90 63 -140 27 -163 -161 29 -97 -57 70 -72 -62 -145 -102 -136 41 35 67 69 -19 5 -72 95 -83 38 -110 64 55 -32 110 -101 61 -124 65 74 35 -150 -107 87 161 89 -66 3 58 -130 58 66 109 -52 122 -50 -4 -116 -67 -69 28 45 62 124 -84 11 -28 -58 75 -29 30 81 18 -106 -71 -130 -108 -98 53 104 -97 -69 -36 2 0 -135 -93 64 62 84 78 27 81 -79 141 165 -101 -167 -84 91 147 45 -104 121 135 78 -36 75 110 110 110 122 -39 -152 -34 68 205 -7 146 84 102 -44 -42 90 -106 -119 -146 -22 54 -72 -43 -104 -7 -68 -42 89 107 70 -79 126 8 -123 158 -68 -130 103 -40 -46 83 44 -127 27 -101 -75 75 94 130 -110 -129 124 -42 -71 118 -155 13 -102 -146 27 118 151 -53 90 46 -60 -120 -53 -94 -159 -26 -118 51 -143 -8 -31 137 70 -121 -88 -92 -29 -106 60 -95 -118 -81 -110 -84 -103 72 -63 31 0 -37 91 65 -60 127 47 105 157 -32 72 -3 116 -112 -27 -147 -138 17 81 -183 109 -30 190 33 -43 146 24 -46 121 29 -39 31 -27 53 -65 -101 128 -38 -59 -134 162 -58 131 -90 18 -100 114 47 178 -75 -51 42 77 114 -65 -180 -160 -52 -73 71 87 79 -89 46 67 -93 -36 88 145 -111 25 60 -92 165 -5 -108 5 -101 44 144 -151 -14 94 32 77 160 57 -45 94 86 -76 -3 -42 -40 73 -23 -111 29 -147 -142 -38 -86 72 92 -123 128 76 -56 -54 -52 18 -119 -89 -107 -186 -65 106 -69 -168 125 -68 67 -127 -76 78 63 17 76 -26 -60 -72 25 -30 119 -89 -146 29 125 102 59 27 -71 -147 -103 82 -82 123 55 0 40 -77 -117 -27 149 -30 28 -56 132 163 -153 -77 -83 149 -174 88 99 -98 84 159 15 57 -64 -163 85 102 -101 78 -90 40 -9 112 -69 195 66 -36 -18 3 38 92 95 23 -153 0 -52 36 -139 1 -144 -71 -8 137 -97 -60 -84 101 -55 92 -13 -96 8 -203 35 217 160 76 -64 69 -92 47 135 -47 -60 -169 5 -96 -136 -28 -63 -44 140 0 -109 17 16 75 88 11 -58 108 153 165 31 -186 -141 -63 -10 30 -16 59 -111 101 -128 86 130 -164 4 -201 116 139 78 12 69 51 -25 -6 134 68 46 10 -55 56 59 142 -39 -51 -153 128 26 -119 -19 25 179 54 -52 -119 -37 -63 54 94 -95 -14 11 -127 -62 -55 -136 124 128 -51 -81 110 -79 -70 120 0 91 8 -117 38 128 54 16 -119 37 62 -88 92 -46 168 -120 81 -70 73 219 -127 70 100 140 115 -77 -63 69 -40 -56 165 -38 54 75 -31 -80 30 -82 100 -76 -39 119 -154 38 33 64 21 153 -45 -15 88 -53 -104 99 -93 -56 -56 42 -99 -43 46 56 -164 -95 44 -46 63 16 -89 29 -33 -48 -60 90 -52 -66 -139 171 -25 -22 -120 -55 188 -99 76 50 26 98 -190 -67 175 61 -12 -22 39 159 40 -99 -61 79 22 -17 -26 -48 126 -38 25 112 37 114 -52 -9 -182 -50 -131 173 132 -78 93 -46 46 35 95 48 193 -94 113 -39 63 -47 39 -111 12 140 -48 -63 122 -161 -57 59 -112 55 117 -185 52 -60 49 -46 85 -109 -110 -133 -46 47 164 -2 59 150 120 -70 43 -68 22 -126 -102 -113 -47 -94 -29 -20 -40 -100 -159 104 70 -103 107 145 -139 96 -56 84 -91 13 70 -35 -43 -138 -133 -89 -112 73 -32 -29 24 -97 128 67 -24 30 -110 70 -13 61 -43 65 50 156 -121 -118 99 74 -74 161 -77 142 -80 -44 -185 -134 112 76 22 -2 -16 -92 -88 -44 48 39 8 0 -101 228 82 -65 1 99 -54 89 109 148 -72 112 -79 98 134 -149 47 -99 -103 96 106 7 -81 -99 -54 120 -29 25 -121 -57 -89 -116 103 -30 -3 -80 27 -112 -40 63 106 18 100 -132 -107 -78 -90 120 9 -32 132 160 -140 106 -70 57 -45 -1 110 -23 100 87 -3 -66 -84 28 11 -24 -36 62 138 -106 -40 -147 138 1 27 -55 -114 -71 114 122 -12 -61 -70 -13 44 -25 86 -83 -104 -52 133 -33 99 -71 -96 -78 52 -174 64 -12 -146 -64 12 -81 -129 63 70 74 -5 -125 -88 -106 -20 -34 116 -89 -108 18 7 -14 141 -109 -51 117 -104 -6 95 76 -101 84 60 36 -22 -181 -71 28 118 72 -132 148 84 127 77 -99 -101 151 -80 92 46 -52 -68 -29 -84 -112 150 -87 132 104 -88 9 81 65 95 -112 6 -23 -92 -74 -5 -135 -164 118 67 105 -88 -89 -75 -104 -75 172 8 -92 79 54 -101 -78 109 -30 -127 90 5 47 -98 86 39 160 137 -119 30 -188 -94 139 0 -118 109 106 146 81 -98 74 44 -122 58 -78 32 -75 102 31 155 -56 31 -159 -81 163 109 149 6 -40 24 63 -16 77 -29 96 -76 85 -63 -82 49 -60 49 83 45 -159 7 97 97 15 6 -63 20 -98 102 118 138 125 74 -69 -39 62 -15 -95 41 103 61 -176 -85 -20 -91 -53 17 -4 35 -114 -33 56 94 92 75 136 74 -102 66 84 -58 -68 -63 74 24 10 -54 211 61 -22 224 32 -105 75 130 170 -155 -120 -100 -24 -78 50 132 113 -115 120 -93 -99 -74 37 -150 98 -97 31 -49 -105 -57 136 -141 -44 -150 36 -131 -112 -61 -43 -31 110 24 43 41 -68 178 34 30 206 -135 59 113 -45 133 -78 -70 -77 -72 8 71 -29 -149 -111 91 160 190 -134 75 -108 143 -85 67 -172 30 57 -10 63 109 20 79 144 -49 100 8 -79 -90 119 -62 -71 -13 -49 -154 98 59 34 112 -206 -116 -38 -103 -14 -18 -29 149 -125 -100 -50 -112 91 -144 -163 10 8 -70 -103 80 -94 88 73 -66 131 -129 94 13 8 -102 108 102 36 155 -126 142 38 15 29 -81 60 129 -111 15 -49 -53 106 -86 114 -74 -110 38 -37 66 -16 113 139 79 -8 44 145 21 79 -23 -112 21 112 30 -81 23 -203 69 -8 -87 -64 -66 87 158 -133 -17 -83 140 -72 -99 -60 51 1 -7 -58 -106 -49 -22 110 98 108 -165 -233 -76 -94 -23 -12 72 -125 -156 -140 3 71 -68 -45 -8 -63 43 169 14 -124 -4 112 135 -114 65 97 -21 59 5 -126 151 -125 -206 138 31 -65 -130 -87 -16 -63 -101 82 71 14 143 -55 70 18 44 139 5 -68 74 -8 -5 -84 -105 25 111 97 -50 -74 -152 -84 62 3 3 125 58 191 102 156 148 75 97 74 -58 64 150 -42 86 42 -72 63 152 82 58 115 -65 -75 53 -49 32 -235 -87 76 60 -61 -63 -186 96 21 133 29 -76 103 -61 108 73 -127 -123 -84 9 135 26 -39 54 -54 -83 69 84 58 -137 81 128 166 -46 -80 -38 44 -55 84 66 -40 -103 163 -59 18 -3 -39 135 -90 107 -36 94 6 -179 9 95 -167 76 124 111 154 -72 -141 96 -123 -101 65 54 145 85 139 -83 38 -14 46 -165 -33 -5 47 -103 -247 121 -17 -58 -9 -65 -122 85 30 171 -22 -94 -43 155 -128 170 -135 -29 96 134 203 -40 -92 -23 148 -96 93 63 -51 49 -9 -16 -64 -42 134 -98 72 -50 67 41 104 43 -17 65 92 -51 91 -41 52 -122 58 -96 73 -23 -200 63 113 -189 121 80 128 92 119 -132 -84 -3 -126 120 -14 65 -157 79 56 -23 14 75 86 117 43 -69 14 -32 -85 59 77 -111 -56 -72 86 -46 63 79 89 -95 161 40 103 40 64 157 -40 49 99 82 -96 40 66 140 -84 25 51 71 -31 -114 8 50 188 24 -123 -100 -70 88 -97 -110 -36 -144 -73 -130 -62 133 -4 -96 -13 -164 -145 82 -77 62 79 -77 -57 -59 143 148 -122 119 -14 -119 -133 66 208 -105 135 159 42 91 -23 -104 -41 -25 -45 -95 -78 -58 105 -75 -92 63 66 -70 111 31 -63 -117 66 198 -133 114 14 -90 74 -90 -57 -78 80 87 57 147 -160 -45 -21 44 156 -85 66 -106 -130 111 86 4 -167 -150 62 -108 -84 27 -71 54 -52 60 -119 133 6 23 -37 4 24 -70 79 -97 16 -85 34 -81 46 -120 104 -5 -3 -88 151 59 -55 -72 158 -13 -117 75 -79 81 85 -48 -168 -56 21 -104 105 -111 125 -69 42 122 11 -5 -160 -16 92 109 -88 97 -102 -115 109 30 54 124 112 17 165 109 -212 53 46 139 177 97 -13 108 77 -91 100 66 114 -96 7 -62 -161 -13 -71 129 31 9 -100 -122 120 -35 -4 -90 85 54 125 -11 121 68 -135 -96 -8 10 -162 -84 78 -121 134 -8 -180 -12 17 56 85 -13 81 -40 98 -121 -129 -71 62 182 34 -74 43 78 -45 28 91 61 -78 -76 117 -49 116 67 100 -104 176 2 -175 58 101 -106 162 80 85 -16 52 -51 122 -75 56 111 -126 -59 41 100 -150 77 -82 111 -185 72 -45 24 50 33 94 -149 28 16 -54 134 50 168 153 142 -75 -54 -133 122 -111 9 -68 -126 -41 80 -99 96 122 110 23 82 61 -28 147 -115 103 60 -77 95 65 182 -61 -109 16 -66 113 121 13 4 -47 -43 -105 78 166 -110 -23 -86 -80 16 33 -45 76 -146 -28 52 -56 -91 -99 -102 -128 114 81 35 -60 68 -40 -96 -173 -63 -73 -3 -109 -69 -116 69 -88 53 74 13 -73 84 33 104 107 16 -53 -18 7 -29 98 -165 139 104 142 210 50 85 -9 -133 19 9 -38 88 -125 28 -62 70 145 -76 99 -165 23 154 -103 5 166 178 -136 27 -48 -93 -37 -17 -38 97 -145 -18 -34 152 89 -86 128 -122 -44 50 25 88 -106 139 125 -102 59 -74 -167 -149 -49 130 41 -153 79 -93 92 101 -62 -124 109 41 13 -72 -129 -9 82 -119 -18 1 125 -43 84 185 -87 -94 106 -67 -46 113 144 -17 48 110 30 -32 -155 -22 -129 160 74 -63 -114 80 129 -90 -109 -167 -46 74 59 114 85 -75 -44 111 101 -147 146 -90 -52 0 -77 -88 74 -77 -101 66 148 -20 -86 -140 85 -152 30 90 -11 124 -69 53 75 42 -2 -38 151 -116 11 -75 81 -55 -117 -5 119 98 45 122 69 -22 140 -92 145 94 -17 3 -107 112 46 -45 9 -108 102 24 -61 134 -107 81 -124 162 66 49 78 172 39 118 -20 94 131 103 11 103 -12 -86 -11 11 71 112 100 135 -37 132 -7 84 -102 -100 106 25 -34 91 -144 28 -1 -82 -111 54 -23 -147 -2 109 112 137 -66 82 -1 -92 87 36 195 143 133 -83 -76 20 -92 -129 103 72 -25 -190 -109 -104 -97 45 43 -51 159 -24 -9 -87 -124 64 -18 -79 38 113 118 89 72 -51 121 -170 90 25 -127 23 -32 126 58 77 -187 -144 -71 79 131 -177 -71 -54 -20 34 34 -117 0 136 -58 94 -57 86 23 -93 -168 84 -53 105 71 36 -81 117 -132 76 -142 -28 33 152 107 42 108 -186 -29 112 81 -85 77 -78 -21 158 162 58 -91 -130 49 176 81 128 -81 32 -113 -56 146 -54 101 -39 -106 125 61 179 46 59 -141 110 -120 -109 -50 35 -120 34 127 -130 -186 -82 38 151 80 5 87 -113 -38 -60 21 83 97 83 -40 5 -142 134 -72 83 156 -112 -92 -60 -57 106 -72 -53 43 48 45 -18 -68 64 116 100 -210 -91 -118 73 117 -118 -142 26 -65 52 -108 89 88 135 -82 71 156 -145 -46 -119 -152 0 -4 -119 100 -40 10 75 70 37 20 -37 159 -74 -88 -82 -77 74 66 -47 -108 -98 94 -100 -14 56 111 208 -96 27 157 125 40 113 -118 30 139 111 66 -201 151 116 -26 -31 -7 -88 -111 215 -36 16 6 116 -65 23 37 -67 -101 -21 -2 -63 -135 106 168 -101 -38 34 -98 51 -62 -77 -76 9 -4 -42 12 69 -112 -145 -52 148 72 -39 -21 182 -44 39 60 69 48 127 -101 -45 -100 -42 150 58 -81 -139 -58 24 -71 -24 72 95 118 -102 75 -108 62 -57 -32 102 108 110 -63 -67 55 -30 19 51 49 108 -19 -128 -39 -33 -18 -54 -222 -113 131 -110 193 94 63 119 -3 -123 166 -41 91 -120 40 53 -1 6 -164 -105 -20 -149 -43 -63 -76 68 92 87 21 56 80 -96 -48 -67 1 112 121 -67 52 132 -65 74 -12 -57 -96 -181 61 -67 -18 108 68 -151 -70 53 68 24 -77 126 57 -25 123 -10 -53 -72 -144 8 142 107 -93 9 106 -128 22 182 -24 26 80 -60 150 127 -14 85 -100 -58 -76 30 -8 3 -66 -129 -129 98 -134 -130 25 -19 -44 -175 43 114 -106 99 169 -42 -48 -64 -123 -55 106 -105 -63 -31 -95 188 52 -131 64 -146 -111 15 115 -72 102 -26 -72 85 -136 -66 99 103 0 -125 -103 -144 119 63 -25 -122 -32 -69 -117 -90 -12 -135 43 57 -142 -70 25 -62 122 23 -51 69 -98 -60 75 -31 106 -9 133 45 -81 65 56 229 84 -121 10 -67 89 11 88 73 97 -164 -5 97 -136 -170 5 44 -71 120 115 179 61 -84 -103 116 125 -83 34 121 -85 -9 127 70 41 -147 -35 111 48 -26 54 12 -77 -131 -88 68 -68 -65 102 -36 139 -77 -152 95 -150 -43 -60 -102 -74 -70 -153 -35 82 -70 90 -44 -123 8 -166 95 165 -160 -65 97 -69 26 -25 -118 165 104 -181 12 -109 -83 75 10 60 -168 95 -59 96 133 60 47 139 67 34 75 103 127 78 -132 25 -134 99 129 -55 155 -116 94 -77 137 29 93 69 48 -86 -126 55 -124 41 -138 -55 -20 -139 155 -5 -108 -55 101 97 -87 -12 -121 -96 -78 -61 137 90 -109 -15 -63 15 -58 -67 60 133 91 -65 87 -52 -45 150 -73 -73 -132 -63 90 -98 120 68 -133 107 -79 -142 164 38 -98 96 120 75 122 118 111 -68 -50 -200 -113 82 71 83 -185 -2 -101 -33 71 -76 -105 14 209 -167 16 102 21 32 111 2 50 96 156 -67 70 124 54 79 62 -44 41 5 -46 161 1 97 -207 -97 -160 9 122 27 -89 -58 128 86 55 12 -14 51 -65 -51 126 5 -1 42 165 -69 -66 99 -94 -12 -135 -120 -32 -10 168 87 -148 -1 -157 -12 -54 61 -118 -63 -118 13 95 44 -133 78 -43 -112 17 30 -109 136 147 118 136 70 -171 -27 126 -68 92 -68 50 -135 -41 -146 77 143 84 -96 -126 48 -100 64 -112 -124 -35 20 99 -151 121 127 114 -3 154 11 5 -8 -111 -65 -61 164 77 -79 -72 94 138 157 -61 -82 -126 -121 49 112 -148 -108 -41 107 101 82 100 -68 90 137 -87 -109 125 61 -21 -25 -51 60 -49 -130 97 19 147 142 91 -139 15 87 130 -39 -130 27 137 75 169 -137 -102 -76 -107 -28 95 -100 -57 -162 -168 -163 49 -111 -12 -54 -83 109 115 -71 89 -88 -47 76 54 64 -3 -114 54 -57 -85 -130 51 -39 69 160 95 -200 180 14 -128 112 34 -90 -43 -66 32 -130 55 26 -77 -157 58 107 29 -89 94 -11 -140 -40 95 -186 79 162 76 134 -154 -65 161 6 -137 -16 221 -46 70 -74 12 -146 -93 -11 31 -1 -112 -90 85 110 -66 -114 -10 -132 -85 -186 152 -156 -102 -17 109 -146 16 106 -25 43 33 -128 19 -175 -59 64 44 -118 -159 17 -71 -47 -71 113 -99 -138 109 -38 -99 -104 10 -59 130 -10 -100 -12 76 -165 86 -62 -144 -164 122 -6 -5 92 79 -9 100 109 13 -62 165 -6 60 37 11 -155 -106 166 2 -42 78 -60 -59 130 62 -90 -101 116 88 129 -50 -60 -152 68 113 76 111 -138 181 156 4 14 -51 -50 -61 -24 -135 -16 90 111 -64 -74 112 -170 191 42 -81 67 -76 12 180 -54 -200 -84 -43 -71 9 95 -55 85 -72 61 93 -173 -67 68 54 -151 136 64 92 -148 -116 -12 86 -46 -110 73 -55 -102 -158 112 31 138 -68 81 28 -85 10 89 -40 62 104 79 -129 -150 135 60 85 43 160 152 124 70 75 -90 49 84 -15 -67 50 -84 112 47 -13 -37 103 103 -54 -94 14 -84 -112 -171 -97 -73 54 174 115 -42 -67 128 64 120 88 56 6 -82 -105 117 -171 -77 -41 0 -23 92 118 101 -90 -30 -129 149 2 -104 -2 33 74 50 -123 -123 -82 -86 187 -74 22 -73 15 -152 -45 -67 77 -46 -178 140 -71 -150 4 135 -68 103 -35 -50 -130 -65 43 1 47 188 -102 101 189 -96 -94 59 -122 106 -73 85 -138 78 -13 85 19 123 -4 124 -107 -16 10 -136 157 -117 -119 125 8 -106 63 43 127 -79 138 144 -63 59 -60 -68 -169 71 88 -34 78 -133 43 149 98 -73 -8 65 172 75 7 -77 247 -56 -39 116 -56 61 104 -73 37 -133 1 -77 -37 -135 -101 -28 31 144 -148 -74 20 -107 75 -95 -88 44 -68 75 147 -44 -8 160 -32 -141 -139 187 -46 0 83 43 102 102 -64 29 29 20 -43 42 -95 -72 -31 -123 -62 -167 -25 -129 62 108 -42 -156 69 107 -63 -80 103 -62 -41 -105 -79 -34 18 -98 -5 -115 -65 -122 -103 -21 72 -153 -92 -37 0 22 -145 -55 -88 132 -48 -108 18 39 -63 124 88 121 88 82 -114 133 153 126 -66 141 92 -42 116 -131 75 -43 -85 -11 -220 -150 142 -90 -180 141 90 -42 70 66 -16 147 112 -21 -77 115 46 131 19 119 -9 -8 213 -73 86 173 -41 -118 84 -59 96 77 -48 -95 -51 135 -118 98 96 -20 -69 -35 -88 -30 10 -62 85 -115 72 -114 87 79 -77 81 -129 -74 -143 112 -37 -139 -103 223 -115 130 44 -190 -119 -22 -32 95 -58 -102 35 -38 -83 -83 -83 65 -118 -42 -104 -32 30 -79 64 113 -73 -126 43 74 -95 -145 59 -19 -184 -76 78 -63 100 104 116 -14 44 -67 -80 86 20 88 154 79 43 -76 111 -7 3 102 -76 -29 105 -99 1 105 -107 -47 152 -48 99 -103 76 140 -55 -117 95 -110 143 -157 -131 -77 -7 -67 31 -11 115 -106 -37 -126 -130 77 123 176 -128 -58 8 -76 76 -81 127 103 -25 -34 -97 -74 26 -16 -13 -35 44 -68 -82 102 118 111 -71 61 72 -41 -51 -154 109 132 -125 11 -194 76 -128 13 -9 31 103 -26 52 -239 123 42 128 -90 -5 59 -104 -38 99 -127 97 49 -125 75 -132 -20 93 116 106 81 115 -70 -174 19 26 -79 -82 -156 -127 95 100 -81 -128 107 -98 -57 179 89 66 82 118 -69 168 -138 -29 33 -63 -135 72 99 29 120 -77 71 166 -78 -62 -53 118 -124 -83 73 -37 -103 39 18 -117 73 161 -219 -105 95 106 -107 -205 73 120 -19 113 -219 -93 -137 -53 -109 88 91 28 -43 33 -40 37 84 121 -96 55 153 45 52 -130 -140 90 115 -85 -45 50 -86 121 -49 -70 78 -132 26 -82 58 205 51 123 38 -138 -33 95 3 -49 83 -127 -94 -120 -43 -25 86 -9 118 -15 -1 170 44 114 -49 119 -164 100 -67 -14 78 113 -68 -128 60 -125 -147 160 -103 -97 -74 -93 -28 -98 118 -1 -31 -103 46 135 -27 39 38 86 51 51 -135 -126 42 -98 117 -174 -72 116 65 -22 -103 123 73 -16 2 40 124 -166 -104 38 12 -28 -98 102 -8 -90 16 -163 -117 -5 -38 59 -125 -28 91 -35 47 -67 -138 45 -162 -36 180 85 -101 -113 -90 -39 -103 -85 42 -22 129 -70 -95 94 73 -85 51 79 -89 85 125 -40 -176 125 73 105 -144 50 119 126 -130 -26 -70 -53 -5 21 -85 -2 -160 56 99 -102 -147 -17 104 82 -22 -43 92 -50 80 -49 -44 -107 -82 -107 -74 -116 -70 -94 -17 154 -43 46 -169 -139 128 63 -112 149 -171 69 125 -138 -151 -145 -34 77 -49 -43 -111 -80 -41 94 -70 4 -80 115 63 -196 -60 -156 -55 -136 8 95 129 137 1 131 -43 19 73 188 -2 87 137 -166 -6 134 -135 75 -79 139 152 -103 129 41 21 -161 15 45 63 42 -27 130 -17 -107 -43 -56 58 142 127 61 -172 201 49 23 44 -64 -44 -99 -71 1 127 79 -153 -91 75 -110 69 43 72 -161 83 101 -23 -65 119 -46 47 65 176 -77 -83 -67 -54 -78 81 11 -28 64 70 123 -107 -113 89 72 88 -30 111 -4 150 80 21 -105 74 107 -130 -7 -126 -69 148 87 -143 25 121 -43 -94 -46 -132 84 -78 92 80 72 80 119 -60 74 -99 103 -178 -82 60 75 -121 80 84 -147 58 -85 59 153 -70 -113 65 53 -1 -69 -79 73 -67 60 -133 0 74 -165 42 -148 51 78 101 -176 84 99 73 66 -55 100 -56 -154 35 83 -67 -61 95 101 62 -90 22 -154 86 169 -5 28 -58 -80 90 34 12 63 157 -79 59 -136 13 -13 91 -161 -98 71 49 58 -122 19 -71 110 -86 -171 125 -87 89 -40 6 51 -55 -108 87 -122 -154 -103 -34 -162 -44 -145 -128 -151 124 68 67 -64 23 120 -78 -71 68 -95 54 145 4 -177 -83 24 -14 -124 22 66 -158 2 -12 91 -88 -73 75 41 1 -70 -144 -105 38 25 -93 132 124 -107 168 111 105 -69 98 -71 74 19 -33 -130 59 59 91 -172 -34 40 -117 194 -115 15 -35 136 34 -46 -53 128 109 -63 -79 -19 -97 91 -107 21 -115 13 -15 -129 -150 -177 -45 75 -22 -67 -21 -83 -10 -38 29 36 30 130 54 -92 -129 32 169 120 -82 135 -42 53 76 32 -76 -161 70 114 -150 -50 118 188 153 13 -177 -52 -9 -40 -80 -97 -122 -84 70 -177 73 -68 -37 80 94 88 -149 -54 15 93 -101 70 -130 -45 14 31 -58 57 38 64 -178 110 135 116 57 84 -47 25 -16 -140 117 -23 -121 82 138 -88 -12 -31 -31 65 -141 -109 70 -76 -129 -28 -61 18 59 -19 -156 -56 -147 -99 -82 106 -16 89 -242 82 -59 -33 99 -108 31 -21 22 -43 101 -123 -228 -144 -58 18 -84 7 -69 -110 30 130 -39 125 -4 91 84 -36 184 120 118 -159 -67 -94 85 17 83 108 12 -88 -40 94 113 29 -85 146 -68 -41 -125 52 -52 -106 -46 -58 85 -116 -141 127 190 140 74 19 -79 112 -46 158 -72 -39 112 -87 14 62 -74 166 -78 -40 -54 169 121 31 -174 34 -49 -75 -117 -31 113 18 -60 59 37 -39 89 -33 110 -62 52 80 75 25 -78 -158 -133 -127 -131 -58 154 53 -148 -97 4 33 -103 -12 131 -58 -102 121 -33 66 -32 -26 40 -133 -63 155 39 -86 -35 71 -116 16 23 -142 101 125 45 -30 -53 57 98 149 -75 61 162 90 -67 -71 -134 -45 94 -109 -45 -56 -12 -15 -98 142 67 116 112 -24 15 65 -63 54 46 126 118 53 -80 -183 -127 -67 -61 -64 71 -48 -83 -98 -107 101 128 143 71 -8 43 78 -69 -41 120 -125 116 120 141 -110 -157 58 97 82 68 66 -44 -79 -132 111 59 -67 23 100 87 105 63 -10 96 -27 -22 177 -64 -75 -91 17 -118 19 76 -145 -89 106 18 -67 68 -103 -99 -115 -63 -163 -34 92 -92 -61 -122 25 7 -90 71 -73 -98 -24 92 184 -2 89 -131 12 113 139 117 -101 74 109 -30 -82 76 90 -99 87 -104 -2 92 100 -91 -15 -74 -60 -100 -5 59 -85 24 -27 143 141 122 -28 152 2 -25 126 -84 22 -47 31 38 40 74 -39 168 101 -54 46 -34 39 -92 -128 109 -79 16 -127 89 76 1 50 111 24 -101 -256 127 87 113 -108 89 -119 5 -90 -194 123 -103 21 68 -154 71 -121 -5 -104 53 -85 134 71 54 134 -105 68 98 -163 31 117 -12 144 128 -69 81 -98 149 132 -94 84 -101 18 130 -23 3 46 147 -120 -61 89 -73 74 129 -33 -49 52 111 82 -60 -44 -115 -34 79 76 -43 -84 -173 115 99 2 28 -50 151 97 86 65 80 113 132 -81 -14 -89 -47 -68 41 -118 81 50 -25 -85 127 -107 75 -87 44 -20 -89 -105 -113 -86 22 125 129 -120 163 -144 162 12 -109 140 130 -159 73 22 -108 88 107 -104 113 -135 -103 5 68 89 153 -33 66 -2 32 -23 -101 11 123 -8 -133 202 -42 -109 -71 -3 78 103 97 -162 46 -38 32 -119 108 -68 49 71 127 122 -6 7 -22 -66 78 161 96 -28 -48 138 85 -100 109 -115 58 90 70 -32 -97 80 64 38 28 10 -18 133 -62 56 8 34 -57 167 131 -127 74 54 -150 -102 121 -43 -196 33 66 -43 47 6 5 45 -55 -60 162 123 -53 -27 135 100 -46 54 113 -33 -69 84 53 -97 92 -73 11 76 -97 -33 -132 -114 -102 104 22 101 -19 -94 127 -132 -143 141 -30 -161 140 213 -38 -113 114 -62 49 37 77 -42 -83 98 -127 -91 106 -8 36 -59 -156 75 163 105 -90 -58 88 131 -39 -142 -19 -75 -93 111 58 -107 -120 18 -75 -135 44 -102 -83 164 190 187 -21 -17 -79 77 -148 -58 -92 158 143 -101 46 118 166 33 -81 78 -112 -15 120 -138 15 91 -56 29 -68 25 68 27 -113 -112 -107 -64 0 -59 -87 -47 -75 113 2 -117 -23 -106 65 17 29 56 -62 -37 -87 51 40 -107 -34 -43 29 -167 78 -63 54 -123 -43 -56 -15 -17 41 -182 142 89 33 -161 130 -136 89 -133 125 79 -63 -50 38 -145 97 63 -74 43 -112 61 79 -35 61 -75 5 172 58 6 112 0 84 86 -78 -145 170 142 -134 -120 9 43 -36 120 100 101 51 68 74 123 -68 -116 -200 74 102 -3 102 113 -74 -56 -88 -105 -71 68 116 -73 -64 -65 -106 99 -114 -11 -45 20 136 56 -116 69 117 -50 -102 -197 -44 125 -60 -108 68 66 31 -56 86 -73 127 -50 -116 158 97 -78 -100 105 89 106 79 90 -149 35 59 63 -61 -65 136 -4 10 -51 2 -13 56 186 -126 27 -78 -35 58 40 -10 -142 102 -195 82 -106 9 -3 105 105 81 -77 -133 164 124 78 111 -36 90 -87 140 104 117 -138 2 128 -60 57 180 -68 -11 -61 62 -17 -33 -118 -53 -19 -62 85 102 -9 -101 -147 7 59 132 74 124 -75 47 -23 -31 -68 -10 132 -215 -51 -127 -113 116 90 67 63 -83 -9 135 23 -35 -26 -56 112 154 -61 101 48 120 83 137 -21 43 -98 165 -53 20 24 3 145 -72 -133 -57 72 -116 -89 -146 37 -17 165 105 -101 -107 125 36 66 -124 -183 -21 154 67 -34 -154 50 -104 -21 -71 10 38 69 -99 -124 92 119 111 106 -132 72 147 -54 136 157 48 -23 6 -33 80 -124 -109 112 -151 -43 -27 -162 -59 109 -35 -93 65 17 -19 -67 99 78 -74 -81 -58 -63 -92 30 94 -60 114 108 -81 114 -126 -69 102 -88 120 157 -111 -36 164 -12 50 -74 -105 83 -47 -40 -149 -109 -68 -44 -108 -133 -165 3 -103 87 110 154 142 -117 -163 -74 -69 33 -144 78 -120 -54 59 -100 61 48 94 81 -49 83 34 120 112 -49 136 93 63 -76 107 8 -67 -75 -59 35 -79 60 106 55 -113 98 125 -121 -79 -13 -114 -109 -156 59 64 -16 12 -144 -32 110 121 119 122 115 -67 119 118 -147 -21 0 14 5 45 30 -22 -28 99 167 146 -52 8 59 -126 -136 57 -117 -145 42 70 -119 -114 152 74 -64 -93 95 -79 138 -128 106 -72 -32 -132 -29 84 135 14 110 38 -82 205 -65 58 -148 -3 93 -143 -93 -60 85 -52 27 -101 -72 -123 -197 -65 29 -55 -32 -41 17 -177 -59 115 -82 128 -90 -141 175 94 -125 -100 54 71 59 -70 68 -83 128 98 -66 95 156 -67 -33 -66 -133 107 127 -147 -99 -60 16 142 180 -90 65 -37 -38 -8 -101 -155 -138 -9 23 51 79 110 -68 89 118 -170 221 16 -16 -62 71 155 -5 -120 -219 92 92 57 79 43 -62 19 -115 -132 -83 102 -69 91 -54 -138 64 94 -81 -18 107 137 -11 60 -53 123 -51 -38 -93 104 38 199 133 -62 93 78 16 -87 -109 89 82 -64 156 -85 -60 125 -72 238 102 73 3 -103 -109 -153 83 57 -104 -79 179 115 66 154 -63 0 -19 -7 142 91 -90 98 -115 106 97 -47 -60 -32 -29 -57 92 124 19 58 -12 145 -34 -61 -120 -30 95 101 87 34 54 4 -41 154 -69 19 -3 70 90 -74 -70 131 -137 -93 37 -90 36 57 -47 -98 51 -165 65 25 -83 0 60 -56 104 73 81 22 121 -94 53 -47 112 -1 -187 123 251 -58 -91 152 -49 -120 16 -40 139 -82 73 -10 29 -8 20 105 102 -152 111 -209 83 -88 -40 -79 -75 -81 123 -88 27 59 -65 -123 57 -57 166 65 -27 54 37 39 -176 -64 27 168 -101 179 -36 -137 3 70 49 -84 18 -126 -119 -123 -180 -69 -113 -89 -154 -131 -150 15 -17 62 -41 -100 146 71 -83 -26 105 122 -105 65 -40 124 -77 74 79 -59 -40 -203 -75 -99 123 -35 -92 -75 42 -69 78 12 135 150 94 4 -20 -43 87 141 93 -97 -141 -117 -26 -60 107 -43 101 -95 -105 145 122 94 70 -76 -124 140 -134 -130 -81 104 -110 -125 119 -76 -128 38 -84 -185 -96 25 -59 -69 95 -63 77 -13 98 142 76 -116 91 90 -51 74 60 91 -60 36 82 59 111 -47 -145 -88 -36 -150 70 157 21 95 -98 -72 -125 -46 -111 143 -107 59,-337 286 248 156 166 -230 187 158 -174 208 -212 -218 203 -231 161 272 -135 226 239 165 136 116 -151 -194 -118 189 72 -113 -109 21 -74 -122 -24 17 -56 67 91 90 -74 32 105 -91 -1 76 62 117 60 162 -82 162 -183 183 -115 -189 246 189 206 -247 283 249 294 -327 -300 234 229 348 222 -283 314 -292 205 308 335 254 -266 201 315 -301 -165 292 313 258 -330 250 390 -232 238 300 154 -223 95 169 -140 216 -223 194 223 224 149 -259 -149 198 -237 -279 -287 -266 263 284 -287 -338 211 -273 -284 341 -276 -325 320 -414 290 343 258 346 -325 -150 185 -307 277 -187 207 214 133 -164 198 127 -178 -196 189 113 -220 196 -191 -270 -232 -253 -283 269 288 323 -366 423 -387 315 -296 314 322 -374 -364 371 -318 -289 -387 295 379 -375 363 -175 251 280 199 212 209 -199 -184 -188 -131 -171 -204 109 129 160 -215 219 260 -210 209 213 -234 -156 -115 -213 159 -178 306 170 260 106 264 233 267 -258 223 -208 -264 202 -226 -208 -252 179 -172 179 134 196 -196 -242 197 -177 339 -261 125 -218 -186 -217 -156 151 213 173 159 121 171 169 195 -54 169 -199 20 -78 146 -155 -151 69 -57 141 -140 101 140 161 -272 -153 276 228 208 249 -308 -201 254 -253 -237 -243 -216 -178 250 -260 191 -174 -302 -313 -329 -181 -276 -307 -277 289 -283 -196 220 303 352 255 338 -283 328 -320 338 374 360 312 -343 284 -398 -355 231 315 -356 323 259 347 295 227 -273 264 -276 -185 -214 208 237 -282 218 -154 180 214 243 250 258 265 270 -316 -274 -247 -274 -212 115 182 -192 -233 -159 -197 -116 256 284 275 263 240 -284 -314 -289 269 -301 253 -299 -339 -266 -373 330 -392 -364 -272 372 316 -307 -354 -446 388 391 424 337 -338 -273 232 191 320 -255 -186 -295 280 302 -309 -290 272 -248 -263 -239 -245 241 286 240 296 233 244 -317 -323 258 -360 412 289 -240 -378 367 366 -368 -441 -354 320 -336 -312 323 -227 -275 188 238 -245 -331 269 255 -234 327 -330 263 263 320 -218 -190 -164 -234 185 -110 166 -145 184 164 115 195 -132 -148 -152 -198 -184 -248 229 221 246 -270 337 -367 -222 -250 -335 -258 -143 -245 -160 -225 -125 -215 -165 169 124 -110 162 206 273 231 215 -213 -257 255 -154 98 203 209 100 -203 -92 122 245 -220 276 -361 -297 -289 231 -299 -263 -266 -154 -231 -184 -256 163 -160 -223 -182 -159 121 -205 -214 200 -129 -165 -200 229 -280 -272 319 -357 -386 426 350 -340 369 -419 418 426 444 -387 -276 -422 291 -274 203 -325 -344 324 343 308 -337 -327 -379 -279 281 223 -236 -278 -273 -319 193 323 -284 298 -357 354 274 -387 304 -338 333 -316 -291 -252 -230 276 -193 283 311 -271 256 285 262 -294 331 -291 -243 -155 -276 -279 264 -272 -159 -191 237 175 203 144 -239 -203 259 -243 -294 239 41 137 305 -242 236 114 250 -302 -249 303 -283 -342 323 -315 -342 -313 284 317 169 -226 -178 219 185 -165 -201 192 -184 242 271 248 -278 -322 328 -289 292 -348 308 296 -384 395 243 -286 -368 -252 335 204 311 225 176 -235 -225 -245 -186 275 -218 232 -204 274 300 349 -313 -297 -309 297 308 252 242 -172 -264 154 -135 -199 -188 210 189 -127 299 -182 -329 -298 -222 -280 264 -286 -290 348 -319 -327 -319 -121 -186 336 -280 -149 184 292 286 277 221 -256 271 -257 -319 -316 -208 -209 224 170 -298 -185 179 -133 -207 -97 -161 62 -154 167 123 196 -179 288 371 -303 320 381 -286 -355 -363 -312 365 368 -277 308 -361 -326 361 316 336 278 -255 -316 319 237 236 184 274 -219 -125 215 -189 -110 -121 172 137 -230 210 218 -268 191 245 301 273 239 -295 318 247 -196 243 -230 -220 -153 115 -196 162 -181 146 -201 136 -179 219 -341 308 -304 232 288 379 -290 271 215 -310 300 226 -281 -270 -293 -349 262 -270 327 386 230 252 -269 -265 245 296 -185 279 221 -192 -310 282 -262 -226 272 -211 263 -160 218 264 296 -208 -355 240 -296 302 269 363 -294 -283 -313 274 321 -249 -346 370 -287 -281 -218 243 294 286 258 -231 -286 -217 -256 274 -140 -230 123 -128 -147 -188 -105 -131 -152 -87 105 117 147 102 -174 -76 207 99 -101 96 137 30 106 167 194 -230 234 -238 281 86 -126 241 -242 -87 -112 69 -135 43 86 -141 -100 -149 -121 -116 -117 206 299 200 -238 -190 -278 234 -219 -137 -221 101 130 -169 -161 158 198 -192 -291 -272 -204 -193 -184 228 -280 -266 -338 359 -255 -272 287 279 -310 246 -208 -237 -166 225 229 -254 117 282 140 -86 247 -219 -219 -297 -308 392 371 -373 347 -465 460 396 374 -381 -386 365 337 267 -256 -229 273 186 217 -249 -205 198 214 188 -234 -181 -137 -127 -186 -125 -139 -80 90 -95 -158 -122 -101 164 123 139 -202 -162 -151 135 195 -231 187 184 -267 282 -229 -231 253 166 -222 -260 -313 268 -207 317 -316 266 396 -345 293 248 -229 285 271 385 -344 257 -278 257 -223 -263 180 -111 -83 80 116 66 55 131 -69 121 146 103 62 -95 -189 -151 -141 -165 -212 161 157 214 179 -136 325 254 -331 -333 -228 304 265 303 -254 -275 -198 -378 315 -244 -296 -192 -225 215 219 199 215 -215 187 -214 150 -153 -147 134 -138 120 -133 -211 161 -85 -158 -74 180 -245 -138 191 -126 160 -149 243 216 228 275 267 -296 -307 -196 246 281 227 247 -222 -183 -292 -302 320 -383 359 403 378 419 289 261 -267 -205 276 228 -235 304 319 303 -269 378 201 -230 -276 -221 276 323 145 -110 -169 130 -182 -156 182 254 -243 227 -389 -417 422 440 -384 -360 -366 409 425 -324 -339 -314 -218 215 -214 154 -157 -153 187 -180 101 184 -214 190 176 190 259 -230 -236 -210 -323 264 -370 -352 397 383 -407 -328 334 395 -329 -287 -220 242 279 -256 -162 160 -177 -174 -181 200 175 150 -117 -181 152 -162 -215 -182 216 -245 -263 -244 -299 206 195 -330 273 -272 305 -219 260 -324 288 -362 328 253 -331 -193 195 -124 218 -77 103 -210 195 -161 -118 -177 187 170 121 134 -199 219 222 141 149 253 160 -112 203 -144 154 265 -142 175 -143 -183 -207 189 172 229 341 315 274 325 -242 160 270 -308 -240 -270 -243 -189 -183 248 183 -119 259 -217 157 158 162 -140 153 174 73 205 -105 50 117 -190 104 142 -159 -194 -229 219 287 247 -117 197 -187 -264 -257 -89 -94 -230 -104 -42 102 164 -161 352 282 339 -345 -312 324 352 310 -279 314 -186 200 -297 179 -253 -271 -402 -333 -287 -399 291 -236 -271 179 -300 -233 232 -227 -291 170 -245 -222 -223 -229 334 263 -257 235 -212 263 -363 270 -297 276 -270 223 358 291 -316 274 325 215 227 -135 175 237 269 -244 -305 253 -185 271 362 222 -245 -295 310 -399 -348 -402 -416 354 248 -232 -261 -247 -213 291 228 263 -340 231 198 -366 -298 351 -364 -338 -230 -289 246 252 -228 -257 -213 -262 259 205 -167 -127 211 168 -170 139 159 -197 -231 155 206 -144 146 -108 -270 238 219 287 -303 -290 -179 -234 -223 -161 201 -239 208 -259 -253 246 106 -115 185 -191 -207 173 -171 -206 -219 -162 243 273 -299 -262 -252 -311 255 242 -264 246 220 -297 -301 -210 -289 -255 150 245 -227 -223 284 -269 -278 208 218 225 164 -151 117 162 -25 -30 -175 242 -109 -110 -90 -229 248 258 -247 259 255 -333 -288 -361 -317 371 -351 170 -255 275 291 163 159 212 175 234 -246 -246 -303 -213 -214 238 234 135 -105 191 -235 134 190 -228 163 227 -191 -127 285 -284 316 322 397 -392 -312 -372 -314 250 218 -254 209 -198 -147 -205 179 163 -156 101 -169 172 -198 -158 -188 214 226 -233 -189 151 275 -178 -200 155 -150 -227 190 -160 -155 212 -176 -148 116 -218 167 224 233 207 -298 -341 232 -206 201 -206 -293 181 260 240 131 265 238 -252 -211 75 -218 -239 204 148 -181 197 277 140 -90 -184 82 -208 -152 -192 125 -131 157 -243 -199 193 -236 216 -158 -270 191 -175 -181 283 251 212 212 -267 255 296 -208 175 260 238 -171 176 253 -243 178 -286 227 -208 141 203 -222 -145 318 -219 311 -204 212 253 -258 -295 -178 -216 230 247 205 211 309 -296 287 -252 326 -290 -222 308 -269 -289 -371 257 208 -277 293 252 -232 181 228 -271 249 -217 -202 202 -135 163 135 109 -151 157 -127 142 193 139 340 -388 -161 -296 -298 313 250 259 -276 -384 -279 -230 284 324 -282 245 -223 259 -165 -215 250 224 -215 -268 159 231 -221 -241 -226 -266 205 330 -295 -217 253 -272 246 285 -371 -312 -281 230 -344 246 -289 266 -313 281 297 260 221 300 -327 297 298 -289 317 -297 -288 255 316 -279 -317 341 -320 259 -285 329 236 -268 274 123 56 260 200 165 -92 173 280 -251 -204 -238 -210 -239 192 -236 222 -261 252 -287 -335 -301 -359 -344 -323 -354 254 -254 -252 306 238 -99 146 -287 -249 -134 108 151 -168 154 -145 176 -111 180 195 -171 -253 252 259 312 -368 -417 401 408 433 -332 -383 398 -301 -291 -329 246 308 -227 196 -175 -202 161 104 -200 -324 362 383 270 256 -288 351 342 281 357 -320 342 -275 328 292 415 -458 -416 -329 -309 314 444 337 -218 -160 -159 -269 -200 -175 -123 163 -127 -125 173 -195 308 -290 -248 -284 -207 -220 -271 259 187 -308 179 327 -246 -240 228 -272 -300 -386 -250 366 -423 -407 -396 447 -377 -348 304 -304 293 -393 -281 -287 -241 308 165 219 222 -269 238 208 -177 194 -216 177 177 190 201 205 229 -173 -209 -259 -330 314 -317 -339 287 288 326 -289 -373 321 309 -178 -215 -248 -255 149 288 130 -190 -181 135 221 185 84 -119 132 108 51 -161 149 64 163 -263 225 236 -342 335 313 -281 278 -264 -199 270 -213 222 195 -179 -223 -250 -299 -217 -214 -234 262 315 -285 -291 -317 375 -310 -252 -298 -302 -232 165 -330 236 -159 -190 -140 -209 -135 138 86 125 -217 207 -196 282 -289 305 -262 282 323 -285 298 309 265 -284 -312 -316 312 249 -228 -229 -323 327 -351 332 336 265 340 -396 357 263 -281 -270 -268 248 -332 355 -393 280 289 293 279 290 -220 -217 217 292 142 122 -205 -227 189 -168 -166 -139 -180 128 -160 -225 226 239 -238 257 225 267 253 -275 50 -167 -126 -168 -98 128 167 212 -86 -121 182 93 -12 -100 -143 209 -194 -99 196 -205 -296 193 -182 -278 236 -142 -175 -200 -138 347 -344 304 386 -257 -280 205 -183 -211 -305 276 -290 199 340 343 344 -218 293 284 -288 -188 -257 226 314 -212 167 -249 -137 114 -171 -112 153 170 -167 136 107 -172 241 327 172 -143 -222 200 251 224 170 231 193 -203 159 170 195 -190 243 297 245 -238 280 269 251 -245 -218 216 289 -218 -264 316 -383 371 290 -332 -266 -258 -224 -274 275 -328 210 -375 -316 322 409 391 -401 367 -408 -328 363 -393 364 319 265 297 231 353 -274 309 -239 243 257 314 356 -328 379 423 365 -296 -367 -327 335 -208 -258 -274 -231 179 -264 -165 -169 -265 -301 248 148 -234 -236 265 286 -307 -268 115 -134 236 -308 276 225 -162 233 -237 306 -341 -287 315 285 -272 -299 -247 172 -274 -260 -326 -293 274 -248 -266 228 231 235 -199 141 -186 -171 -177 -13 111 205 241 210 237 268 198 234 207 -219 -215 -235 226 -300 276 -274 -278 -308 294 333 315 352 254 -168 262 231 -221 -225 -317 -194 -189 -193 -223 -217 -226 167 210 224 -145 -200 185 147 -107 195 173 -159 222 -69 103 -194 217 -352 -362 361 380 -401 -216 -175 288 270 -156 -186 -170 -192 -272 -222 237 252 284 352 297 351 -376 393 367 -252 247 -372 -250 -178 170 -156 148 67 32 -184 -155 58 -125 -160 243 -284 252 306 -285 315 287 308 -303 -317 338 -372 293 334 -303 -346 373 -276 330 263 -313 -350 328 180 -229 271 -263 240 -281 -230 211 -103 200 -256 250 -213 339 292 -356 393 362 387 -375 249 276 323 279 220 235 -182 137 -280 -88 148 54 253 -200 195 -212 174 -348 243 -242 324 -286 268 297 338 323 -338 279 -280 272 294 -337 -372 -258 -216 -287 285 279 316 334 -331 -315 316 298 313 -337 201 252 211 -298 206 247 248 -277 180 175 226 235 233 209 203 265 -291 -348 -245 322 -303 -261 -325 291 -162 187 -224 322 -288 230 207 -112 239 -260 213 267 -297 342 -298 279 358 -399 368 439 462 -390 329 372 -346 -334 -349 -202 264 333 212 141 233 -239 272 215 -139 -252 294 -278 154 232 -157 -196 -187 -224 -243 -263 178 -172 163 235 142 137 182 228 179 191 145 -173 234 304 336 -284 -278 -292 295 258 -298 367 437 -402 315 -321 -201 203 -323 -315 -218 207 152 -256 229 -152 172 93 -148 -191 149 -135 -182 -137 208 209 -225 254 231 334 258 310 -317 -244 -368 -333 -356 327 -285 324 -321 -297 326 433 398 292 221 226 248 -190 -168 186 -81 162 83 141 -204 277 -249 277 -257 193 300 -345 -376 342 346 359 -357 326 298 -339 404 385 -313 305 359 293 338 377 -233 293 -305 328 351 -378 -228 -330 -430 324 394 404 -386 357 365 239 295 -247 -239 -299 204 272 343 -265 238 276 -295 189 -333 258 293 328 320 327 362 319 270 -302 -266 206 424 -444 -233 -300 318 270 -197 -250 256 250 -280 142 188 -310 359 -315 212 332 379 348 -315 331 372 287 152 -217 -247 137 -171 -74 -165 -136 137 161 -169 243 -273 -196 313 -265 256 329 -317 332 -236 -278 252 -279 -234 256 275 254 241 -266 -239 244 -256 -208 -221 88 -163 261 221 -154 252 219 305 207 -170 -270 -365 274 -252 -308 -313 286 -320 -348 -337 390 375 -301 297 367 393 -404 -335 325 380 -314 -327 282 -278 -283 303 -212 -113 -280 -188 98 -151 85 64 -142 -118 121 77 -100 96 145 -101 127 -212 124 213 -115 113 274 250 325 291 -219 268 -211 -279 -146 231 -259 172 -141 284 -235 280 271 230 259 292 262 158 -288 228 -232 -305 191 162 -247 -297 254 268 -324 275 245 -305 -294 240 -297 155 -177 215 134 -187 -254 -323 294 -371 -338 -294 253 261 -363 306 -245 -282 221 204 234 -184 242 217 155 -186 -183 203 211 95 -250 381 279 200 -148 215 -156 154 -92 -73 146 85 30 57 -16 -14 11 -71 40 -84 -23 38 -21 40 -67 -95 57 79 27 117 -141 -222 131 -190 -169 -168 271 -259 182 -219 267 193 -224 -179 -198 -208 244 210 -153 256 223 -305 241 -181 281 -207 -312 -235 -252 248 -310 281 285 -348 318 -230 296 381 -263 -265 278 -220 232 -313 187 174 198 176 240 -164 -139 -151 190 125 -147 161 185 -100 -180 243 290 -249 250 286 287 165 213 -178 214 217 -136 -314 310 276 224 -252 -251 275 -293 -372 -367 359 383 -304 -330 -292 345 -438 294 -261 251 302 -277 -293 -197 -283 -286 305 311 -289 260 -295 -300 -363 380 -263 305 -244 208 -288 -305 206 324 249 253 139 275 -249 219 -267 -195 235 -247 190 277 -271 237 -254 -236 -229 -261 -238 193 -311 -305 295 -329 -317 198 -252 303 208 317 275 371 -360 167 -195 -325 -353 -264 155 -248 294 -313 -334 -299 -301 -294 -369 316 -298 246 -270 223 172 235 -197 -279 190 -149 -148 186 -171 138 -136 -263 -235 -340 274 306 -304 315 -327 -398 -296 388 350 406 281 277 -346 259 -290 -312 259 -259 -301 263 -298 244 248 282 222 320 259 -200 241 -273 137 211 229 232 318 251 -218 -227 256 -248 187 -230 -275 -161 271 289 293 -275 -200 -280 306 -310 229 298 -319 -385 367 -329 370 -368 -403 -381 334 -331 -303 -241 -321 141 248 226 -229 281 -221 -199 242 249 -298 -310 -239 -303 256 -284 169 -212 -238 -315 253 172 -280 187 -192 -217 -242 179 -202 -268 -164 -91 -178 -169 133 -281 -277 335 -296 281 308 392 -359 -372 -372 -370 390 367 354 -351 -342 -406 371 -362 -406 -311 387 -319 -429 314 -325 408 366 388 -331 -394 374 -363 333 -332 -309 228 -246 -125 -226 -186 241 188 -170 -229 -154 -142 142 -121 -159 131 -121 133 197 204 214 -234 216 112 -212 172 164 -176 108 -185 -105 -227 -231 -304 211 -236 269 -268 -238 179 183 -263 202 -149 -167 170 158 -236 255 153 -178 -227 194 -187 -231 233 190 -208 -208 239 137 207 174 221 206 251 170 209 195 234 -200 -276 -206 -255 230 -216 258 231 -127 -310 248 -251 345 363 449 -438 -367 -427 -409 -317 -343 -365 -336 215 314 -239 -244 -324 276 -334 -287 275 271 284 -252 246 216 -269 -205 -189 248 -260 312 -350 -298 255 -237 -334 -210 -208 271 249 217 244 324 368 -227 286 345 382 -356 299 432 312 307 220 332 -255 191 248 298 262 353 -311 -306 354 -347 -222 350 -209 241 -231 253 198 216 225 -264 -269 317 -272 321 -251 181 -259 -326 337 295 285 300 -321 -362 417 345 -227 261 -199 175 -151 183 175 159 -243 -163 124 -217 -51 137 114 271 204 286 298 219 -278 -285 203 -283 -274 -185 218 -203 274 217 -190 177 191 -306 214 302 -226 -265 256 -272 261 -238 280 285 195 -267 210 244 278 -243 -260 278 310 -258 -176 -308 376 -418 -410 406 450 426 425 -387 413 -254 -280 -292 -290 255 -309 243 300 209 290 272 301 199 246 211 -236 280 349 -330 361 -330 -278 -155 247 -326 -257 -234 160 -227 -186 139 155 -171 -68 139 -72 102 131 -217 147 177 -160 243 -177 -215 -295 264 -260 -312 -398 -334 -309 335 -286 214 -286 -247 -237 328 -305 280 -273 -247 -227 253 -306 294 240 105 189 138 -185 -221 213 185 175 197 191 -205 192 -166 -172 261 271 248 222 -202 117 248 210 297 311 -254 342 359 367 -377 284 318 -297 -419 349 -213 -262 -262 -214 -110 199 220 144 189 -131 175 -203 223 158 -290 291 -263 -335 324 331 -268 -310 -295 -178 -99 233 255 -195 -205 207 -192 -199 260 205 -341 242 -295 366 -290 -274 -252 247 -312 -222 136 310 168 220 42 -260 -208 148 -129 265 -275 -200 169 179 -268 257 -268 149 -244 -93 238 261 224 -287 299 -409 -366 -387 -259 184 -314 276 251 -187 -213 159 -253 -235 188 227 -119 -158 287 229 -213 204 -218 289 335 286 273 -263 356 -376 -336 210 -254 390 -290 265 -298 249 -221 -254 -276 228 -283 -282 239 242 188 236 289 -239 -204 -274 -301 344 324 232 299 290 -254 -201 170 -233 -242 -197 -337 -229 234 289 -314 244 -301 236 -267 221 -195 167 -213 203 220 223 -272 -243 116 -44 187 212 -131 -60 -149 -127 203 -147 -94 -218 -307 297 350 -352 268 -311 -404 341 -281 -320 -293 -263 250 224 229 -200 -200 -200 -243 -202 -283 -270 -322 322 -306 -319 -260 271 -241 -251 232 247 -365 217 237 -308 -231 -288 288 -343 307 309 -268 -329 243 183 333 -264 179 -282 324 -296 -245 247 223 262 233 -265 232 -245 -345 -225 185 -214 195 213 -174 273 163 -181 -204 -163 244 193 -30 136 169 149 135 59 49 -121 -132 28 -61 -231 -221 -271 350 -412 -284 -316 -301 234 223 -316 217 -219 -209 200 -220 -251 273 -298 202 -338 -335 347 406 302 422 336 281 -458 324 380 -313 339 -330 -287 -156 187 277 123 232 -245 -105 -205 -261 -281 -302 -244 118 257 -283 -279 -202 253 -131 -251 -173 252 257 -248 -249 -195 -137 -283 -223 -235 349 -337 -326 -396 -428 -336 -383 340 332 -300 -310 -338 -278 347 -307 293 -408 -432 -413 -444 348 313 -280 -236 -241 -194 251 -281 -239 129 174 -199 197 -193 -204 -327 181 -260 -234 320 278 335 265 -356 334 -265 -308 274 -307 -220 -148 147 209 194 -130 -169 94 -141 -113 134 -65 36 -91 -173 -182 198 241 202 249 280 298 340 388 372 -348 -353 -357 469 453 319 -201 -330 265 108 -150 169 -174 -288 241 113 -231 -235 246 -227 -181 180 -193 238 -166 -186 208 297 -306 376 -215 270 279 376 -287 -271 -229 -265 -281 -223 -214 -225 -254 -223 196 -217 132 -277 201 -241 343 284 -225 323 317 258 215 239 247 292 -287 237 271 268 -300 -257 396 220 328 302 -316 390 353 358 -389 417 -249 343 368 -209 288 -316 224 -305 -326 -358 303 -391 -405 -217 224 331 359 -326 250 -284 -230 -276 -257 -271 176 153 -196 202 242 218 171 144 186 -146 -265 267 -338 -282 296 -307 -362 -241 -344 250 -367 461 383 -296 -202 320 -340 -214 -157 -281 -192 -171 230 198 -222 238 -245 -255 235 221 286 260 -348 376 -289 -362 -316 318 -380 283 -209 350 -246 134 100 276 -243 209 190 -227 250 184 263 269 198 239 -287 345 -230 -159 143 253 -233 -317 -186 -90 210 -211 -203 160 -211 -245 234 -287 -199 -289 -267 339 305 -320 316 297 -245 289 187 198 -206 -246 121 244 -247 202 291 -316 244 -301 313 337 337 -316 -331 -280 262 -302 235 201 192 -188 -189 -138 -145 -137 134 -122 -136 183 230 212 215 -253 284 248 305 -358 315 340 -283 242 -186 -217 194 -230 66 -137 -151 -133 73 -150 170 -150 84 28 44 -80 76 64 -190 -92 -97 63 -18 -23 58 -56 -36 102 -103 -130 152 132 -212 87 137 -186 118 238 178 -102 250 -284 -294 318 311 -419 352 -372 322 342 238 -160 285 269 212 248 232 247 335 301 144 -302 331 263 -352 386 -387 -371 410 407 -342 -334 331 -292 110 -202 -153 -177 231 201 -150 -210 251 -269 -264 -184 245 234 284 -178 -191 196 279 -315 -219 231 -209 -271 -333 -296 -292 -304 274 -269 -332 310 -338 -283 -338 227 263 -270 -195 206 -184 -207 220 197 -197 -257 296 -286 278 288 238 200 270 -311 -286 322 307 -314 290 -321 172 -271 -207 198 -154 81 143 -102 -162 125 128 -111 106 -223 158 -88 172 141 -211 -75 -131 -188 198 -162 226 128 -342 362 -361 -351 374 350 342 353 367 308 254 353 337 -390 -384 -283 452 -448 -397 353 -391 -307 -284 -337 369 273 256 277 322 273 331 -324 -319 -320 313 -384 389 -277 278 -307 -295 -239 207 323 -168 142 244 -159 195 -296 -165 145 -212 -255 -282 189 208 -208 -229 -114 -182 -237 146 -190 -166 131 174 -120 144 -172 105 -157 147 -119 172 -231 151 156 -229 244 225 228 278 -232 142 190 101 -174 -175 230 112 -174 -234 -324 -262 -319 -298 -291 -259 -230 -308 257 266 -164 211 -213 -184 272 247 318 -270 245 197 179 -232 -231 -200 200 -152 -223 171 235 117 -264 -211 210 207 -198 -158 282 279 236 -206 -207 270 -207 251 275 -274 331 299 -224 -273 258 -263 -283 -296 -229 207 347 305 -347 193 264 -271 235 340 -374 454 483 -409 330 388 -414 -311 373 -347 376 324 326 -346 -288 283 349 -282 -251 279 -313 258 -294 -294 -293 -281 -302 281 -342 385 -273 -304 325 318 -302 317 -307 263 -293 201 306 -271 237 296 -223 228 -258 202 -213 -273 146 -185 290 314 255 243 -230 303 -334 255 -267 283 301 254 295 299 -246 -166 141 -270 247 -239 -135 230 -207 260 178 -222 307 340 364 -348 333 314 301 -273 -327 365 299 357 325 260 -324 249 -252 -329 279 342 -265 -231 300 251 -284 281 270 237 -278 268 -323 -199 245 192 244 7 -188 92 101 -144 -95 117 -129 248 -143 192 -213 257 107 84 294 -323 -304 144 -343 -305 -348 363 -349 -419 388 232 -273 -301 333 214 164 -253 -229 255 317 221 -198 133 -207 -258 -160 -16 -200 162 231 -233 198 -280 252 190 279 279 -224 -183 194 224 -222 189 206 -199 -256 131 185 -196 207 68 108 -147 159 174 116 -97 181 199 -261 264 -332 -297 -246 -327 -222 254 -216 -205 179 144 282 -73 -196 -233 -259 176 348 -356 257 266 368 -364 277 -212 321 389 447 -282 -251 312 331 -296 209 -177 -263 -262 -297 -278 -301 244 -268 306 272 -309 165 217 -217 -235 323 285 380 291 -387 318 297 -272 320 243 245 238 268 192 245 -203 -262 -233 -155 214 192 -238 263 309 299 -242 -295 -273 -256 226 -256 302 -286 254 -197 -275 397 -276 285 -164 -227 -178 242 -230 -285 278 304 -272 234 214 260 284 269 300 -164 -178 206 134 -213 -190 167 -202 241 229 210 -235 -180 182 -152 -253 256 215 169 216 265 174 -206 -268 -165 -197 -260 -303 309 296 328 294 355 321 278 288 -299 -284 -303 -340 328 323 -319 340 354 401 322 320 -274 -260 -259 -311 272 173 207 199 223 -225 -231 -329 328 -213 273 332 -289 244 -308 180 227 -180 -230 237 -190 -117 -31 -163 153 44 -108 107 238 -177 161 -250 -220 -168 -190 -375 444 449 459 -385 -359 -291 355 375 -332 -347 244 -259 -316 303 -266 -253 269 188 -211 -139 233 136 -168 234 267 -216 200 -230 -278 237 -199 193 -250 356 -233 214 -242 234 -335 -405 252 -352 -257 300 246 222 187 -226 -122 181 -190 162 189 87 123 -150 -75 223 -155 -206 108 110 162 -185 164 -286 325 230 305 -324 -371 267 307 272 283 -261 -319 -412 -422 367 -380 -303 -335 -206 275 231 -334 242 -325 -310 402 403 418 -341 364 -286 274 -275 370 310 261 -287 -361 -359 339 -322 244 -240 -254 -204 199 215 -176 -109 156 136 -159 225 214 -192 195 -168 -167 -231 -242 -250 195 -221 225 257 -315 -279 249 295 252 316 -328 -257 -354 319 -330 299 340 -346 -294 -246 362 -315 265 257 -256 -240 346 -291 -328 281 -211 -296 -259 -293 -318 326 -348 363 322 -184 298 360 -287 231 282 324 -218 257 273 224 -219 -272 255 334 306 -282 -288 214 -261 303 281 289 254 -269 278 -298 287 -320 239 -320 218 302 -261 263 298 -338 344 -301 -232 -303 -327 -335 -236 285 -280 317 -293 -388 454 -365 -358 391 -413 295 272 -193 311 378 275 -293 226 267 -235 -214 -197 259 -231 -265 239 214 234 245 -298 -328 381 -358 369 -358 317 364 393 326 281 295 -244 193 286 -176 -174 137 204 -102 146 -222 228 209 195 -151 194 -253 -291 -183 -230 -239 246 200 253 -191 -192 111 -200 234 217 180 216 278 171 -185 70 116 231 -145 -180 -284 221 -333 399 -275 -344 -310 -349 -242 307 303 380 -343 266 -271 317 236 241 360 -333 -313 -213 322 298 301 303 346 -352 304 327 -350 317 319 -264 273 358 -420 -319 -233 259 309 -255 -186 -195 266 -184 -97 0 -133 124 -23 100 -3 -91 33 -47 53 -72 58 202 -243 195 132 -240 168 249 -290 267 -345 339 283 265 254 -318 -300 220 182 215 279 -200 188 212 149 295 258 -316 273 -153 -314 -378 411 -348 266 -245 -268 168 -96 -182 -151 -140 -94 143 -144 -100 -161 155 175 83 -167 241 344 333 409 314 -334 -268 356 321 154 263 -240 -208 155 -152 152 175 -238 164 -248 -260 -371 297 202 346 301 287 329 -285 -294 354 302 -283 -303 -321 327 -255 -252 289 -351 301 -424 -411 -299 338 308 377 -343 366 -346 438 -396 -366 -330 -379 367 -307 -255 260 263 305 -294 326 -300 -323 319 237 -297 255 -285 -247 -343 222 313 -346 341 -330 -238 274 -270 348 -269 -187 243 -272 -237 -260 202 207 222 -259 -270 197 352 -283 237 303 278 -175 248 273 -184 214 318 -159 -321 -336 277 -258 -290 296 -336 -159 282 -165 194 283 -309 241 -282 -292 301 -302 -307 299 246 245 -328 -302 297 -220 -253 -207 258 253 -267 155 191 -224 190 215 -212 200 211 147 -250 -216 -192 218 -265 -199 -220 255 325 354 214 -301 -274 -250 266 289 183 290 -281 372 -328 -356 243 -413 337 -352 355 -387 -372 -345 -306 -337 -310 -304 -354 319 -271 252 -269 -255 -265 296 -191 -169 282 285 -263 -284 289 -291 -342 -387 -407 -473 377 -330 -380 303 -238 234 265 353 -325 -323 -286 346 -200 -375 208 -280 366 314 255 315 312 -357 369 290 377 -297 -293 -344 366 332 -287 276 210 325 -247 -174 -239 -263 317 -378 313 -346 303 -323 314 -292 340 -319 186 -322 259 174 263 -310 381 -404 313 321 424 302 319 -409 374 375 309 284 291 -369 -278 379 254 261 -294 294 -186 -202 -233 -250 199 258 316 179 211 162 165 -139 -4 -148 -147 -38 -208 -176 144 -46 -34 -113 -156 175 -101 -53 -58 -153 -87 157 -18 198 -243 309 -231 -253 357 -312 -262 -344 263 304 -278 186 242 -171 132 165 -149 101 -156 -124 -174 81 136 214 -259 220 147 236 215 259 -249 -157 -284 234 -193 -219 -274 -347 360 -329 -264 -255 203 218 -291 159 239 130 -251 267 190 -187 221 -285 350 298 259 -155 -309 -315 -184 206 -205 -236 -217 -215 -139 125 -154 205 172 -239 -122 171 -161 171 -174 -76 -95 214 -273 -275 355 -274 -282 421 480 -407 -409 -351 234 223 254 -243 -313 -295 -180 238 -249 282 -411 -379 -369 -374 296 342 -284 259 134 -214 261 -230 -274 189 -146 212 -309 248 -322 -365 -153 -194 -238 242 292 244 222 -269 -226 -247 -212 -288 207 -312 -275 -259 -300 -193 252 -271 318 351 357 357 359 426 319 -370 328 -375 -457 -317 -350 -396 -312 -337 370 -360 -400 281 -314 346 -321 -382 364 343 456 -381 -391 340 317 366 -459 -326 295 364 -272 205 -138 -189 -240 -194 228 232 220 -171 257 -174 203 -213 261 -226 -273 -308 -223 333 255 218 -168 -101 234 -125 -108 -230 221 239 201 -235 338 -326 336 -306 387 -295 189 -253 -267 263 -262 230 165 -131 -157 160 220 299 305 263 265 -179 -182 177 -187 -53 26 -110 69 47 83 100 68 -92 -4 142 138 102 52 191 202 160 -260 -247 205 -280 208 -299 -346 -278 299 336 366 -290 281 351 262 164 199 240 -199 -255 -186 -244 274 -251 -264 -250 182 264 -212 127 -245 366 -229 313 320 294 -246 -276 -260 283 320 104 201 -156 -128 -138 178 239 -234 266 -244 -293 -397 429 411 -270 -309 195 259 -313 335 -289 253 278 264 -310 -288 -292 -308 419 359 -270 329 401 -447 -396 418 -296 227 242 285 -228 -213 -224 248 105 209 217 259 -245 -201 -252 -265 304 379 -345 256 367 -397 297 249 259 -256 -293 238 291 332 -319 -302 273 -297 279 -265 255 291 -358 -351 -388 -305 -327 264 -305 -215 -286 236 194 165 207 190 190 224 -247 -219 -199 252 -269 311 -310 316 -276 354 -297 -259 267 293 298 352 303 387 390 385 -339 357 -343 -429 359 279 251 418 -400 -386 -355 312 392 406 282 -216 -219 241 -279 199 -176 -293 225 263 -276 -244 233 252 -232 224 176 209 -183 -170 -239 -195 166 223 -235 120 264 237 118 179 231 -130 127 141 112 118 216 192 -183 -134 183 187 -207 239 -272 -264 -198 -241 -170 -248 -172 230 180 235 -296 243 188 -265 -242 -291 -271 -294 -341 -300 272 -325 -250 -217 298 244 -295 -208 395 -347 128 -168 -132 -116 221 -126 209 -104 226 -212 127 -77 186 -197 -219 252 329 -371 -363 341 -301 293 310 296 -300 -265 340 224 194 248 -332 289 -281 -317 321 -311 316 -202 -270 312 269 243 294 254 245 360 197 240 197 230 191 291 281 252 362 -283 315 -355 -274 246 333 335 174 195 -216 210 -314 -380 -354 331 281 230 252 232 178 149 -135 -160 67 124 -60 21 -7 54 -12 99 -24 13 -75 -87 111 108 -70 -196 -193 213 -154 -129 179 240 -215 265 -201 -324 -277 -206 -232 216 182 268 284 301 -279 -296 350 -263 -299 426 447 464 462 356 392 -353 -395 295 390 -339 267 -261 439 377 -271 285 273 266 -316 283 255 278 -320 245 -298 322 -326 219 236 220 -251 225 161 236 -194 -110 -235 -238 -274 181 230 -203 -256 222 -309 -336 300 -317 -321 355 -463 -459 436
