K,max_iter,d_a,c,c_a,c_e
40,2,-1 -13 -26 20 -70 -20 -41 14 54 21 10 -18 63 -34 -29 68 -54 18 20 -16 -32 17 22 -55 34 44 35 -3 -26 -52 -14 20 16 -27 -42 14 -53 19 -8 12 -73 54 34 -30 7 -17 -32 13 28 76 -12 -58 -16 -42 -34 -21 -33 -51 30 4 33 36 51 48 -15 24 -57 -17 27 -14 15 -40 43 -1 -15 -42 5 19 76 1 -43 -11 4 -3 -59 39 39 -16 -6 51 -41 -65 -35 42 -25 1 38 -45 -53 -22 -8 -22 -1 17 -13 -26 28 -19 26 -25 -43 57 -42 -1 27 -16 54 -8 -4 -63 11 37 53 -27 4 -11 -32 3 37 18 12 -28,1 0 1 0 0 1 1 0 1 0 0 0 1 0 0 1 1 1 1 1 0 0 1 0 0 1 0 1 1 1 0 0 0 1 1 1 0 0 0 1,-52 0 -3 5 22 -67 -39 60 -6 -47 34 20 -14 31 -16 -20 -90 -6 -39 -7 -32 -43 -33 29 29 -9 23 -13 -30 -43 24 14 18 38 -44 -56 -18 7 9 -66,35 66 -85 49 90 45 22 23 -16 77 35 45 -8 -9 47 -6 43 -53 -6 -10 54 62 -39 18 25 -45 92 -18 -63 -26 -5 50 74 -74 -3 -30 54 128 106 10
40,2,52 30 -12 -43 -7 -5 -54 0 -32 9 -51 86 -20 -22 -10 39 12 31 -9 16 51 22 27 -23 -13 18 13 8 15 -16 -35 48 49 -28 -30 18 38 33 14 33 -21 -12 96 -10 -8 -18 30 30 11 -18 9 -57 32 -13 -1 -68 20 15 -8 -73 -30 -48 -22 -38 -56 -76 -63 51 -13 28 13 19 -9 -22 -65 21 -21 -58 16 70 3 -49 34 -8 8 -21 27 8 -40 28 23 -16 13 -57 -25 -45 -28 -21 47 2 11 49 -4 23 -25 50 9 31 17 16 57 -41 -55 -39 5 41 0 76 21 23 22 -67 -53 -43 -40 -53 46 30 9 -31 -74 -32,0 1 1 1 1 0 0 0 1 1 1 1 0 1 0 1 1 1 0 1 1 1 1 0 1 1 0 1 0 1 0 1 1 0 1 0 1 1 0 0,30 -111 -53 -30 -90 81 87 151 -44 -61 -94 -83 44 -32 9 -24 -157 -47 74 -110 -35 -54 -116 82 -56 -53 67 -13 163 -91 46 -25 -73 69 -109 122 -47 -67 80 60,32 -36 -45 -32 -7 42 12 -4 -18 -1 -73 -66 53 -30 126 -45 -3 -50 -12 13 -88 -97 -149 88 -104 -81 94 -173 117 -76 122 -130 -107 77 -67 108 -100 -123 17 132
40,8,13 46 3 -5 -2 -50 39 7 10 -32 -51 -52 43 -100 -16 19 6 -17 -29 9 -51 -36 39 -8 -10 -1 39 -11 33 -71 3 -3 -13 17 42 55 17 -10 8 -18 -10 -31 -59 10 62 48 -6 15 10 -20 -9 -42 -17 38 -7 85 -36 -24 -22 -35 11 2 -15 17 59 -12 22 -22 6 45 -64 -3 -19 37 -44 -49 -1 32 5 -14 -11 19 -8 -81 48 -27 32 4 -31 23 -51 27 -18 43 -45 -86 36 -49 22 22 0 -11 -39 -7 -59 20 71 -61 45 15 31 -15 -36 55 33 -11 41 -6 26 -15 -53 29 -35 24 -67 -41 34 -24 -20 -13 19 50,0 0 0 1 0 0 1 1 1 1 0 1 0 1 1 0 1 1 1 1 0 0 0 0 1 1 0 0 0 0 1 0 1 0 1 1 0 1 0 1,429 234 344 -415 319 387 -460 -128 -331 -334 285 -261 416 -427 -429 341 -307 -349 -464 -476 227 410 201 315 -431 -433 341 271 220 173 -409 429 -415 376 -123 -208 358 -397 285 -334,327 447 415 -411 474 349 -281 -282 -274 -295 321 -353 347 -270 -213 313 -274 -359 -365 -362 293 281 379 391 -252 -353 307 227 303 407 -344 318 -252 223 -256 -223 325 -262 160 -204
40,8,19 34 54 -24 -43 54 -1 38 22 -11 -24 40 -39 -28 -29 -51 1 13 -12 -10 2 -36 -29 35 22 -20 -25 -37 -33 21 13 22 45 0 -77 -32 -67 -39 10 13 35 -59 21 -1 46 61 51 -15 -1 40 20 23 -22 -13 19 -81 31 -77 37 -32 -12 -6 -22 53 28 8 -16 -7 -5 -53 17 -50 -48 -18 -35 4 1 -65 14 -39 42 -42 69 -16 32 46 -23 -5 -8 -13 -12 -50 69 -53 29 34 61 18 -32 -9 25 56 -4 -56 -19 10 6 21 76 64 28 -33 -17 -9 25 -2 -9 1 -9 14 -68 7 -38 -28 -27 -41 -31 -36 -25 -11 25 13,0 1 1 0 1 1 1 1 1 1 0 0 1 0 0 0 1 0 0 1 1 0 0 1 1 0 1 1 0 1 1 1 0 1 0 0 0 1 1 0,356 -18 -184 386 -227 -278 -275 -85 -160 -346 246 260 -385 417 314 274 -236 209 360 -341 -309 264 131 -123 -416 316 -275 -160 68 -115 -374 -323 261 -316 0 98 307 -237 -185 191,270 -296 -351 312 -445 -337 -291 -421 -154 -316 336 421 -451 345 280 325 -301 433 408 -351 -274 334 201 -313 -380 236 -232 -288 220 -163 -217 -193 185 -100 122 101 245 -197 -60 123
40,2,-9 -18 -27 -54 21 -7 42 15 -9 33 -21 3 55 -44 -49 1 -25 30 -48 -20 -50 18 86 14 61 33 10 16 34 -20 15 20 -41 -13 -30 -37 11 25 19 37 29 -54 20 23 -1 11 81 -5 20 4 -31 64 22 0 -22 -59 76 45 6 13 -7 57 -50 37 -46 -52 14 -60 47 39 -16 46 24 20 -46 -3 -61 13 11 -36 4 10 -18 29 4 4 -48 -45 -23 12 70 10 69 -1 49 44 25 -3 -24 -6 -48 -81 -67 -60 -47 23 17 39 -11 -35 41 20 23 28 34 -70 84 -20 -45 -36 26 27 58 5 44 22 9 10 86 -4 -80 -65,1 1 0 0 0 1 1 1 0 0 0 1 0 0 0 0 0 0 1 0 1 0 0 0 0 1 0 1 0 1 0 1 0 1 0 1 0 0 0 1,-87 47 -7 -44 38 18 -33 13 22 49 15 20 43 57 -65 29 47 58 -70 47 12 -33 -42 15 3 -6 7 -75 10 -49 28 -4 62 17 141 11 61 30 -52 -28,-101 -121 73 73 89 -125 -73 -32 111 77 65 -52 63 91 97 48 104 69 -39 78 -44 62 56 92 68 -33 67 61 49 -58 89 -67 54 -46 -127 -30 -32 89 120 -142
40,2,-5 -73 -49 10 30 -60 17 35 71 17 45 -68 53 -23 -17 60 15 9 -17 -8 70 8 -8 -94 -4 -11 -10 -6 3 57 19 24 57 25 14 -41 -7 -34 -2 70 17 -60 -2 6 2 -2 60 -50 -1 -47 -2 14 -16 8 49 -40 -29 -44 -38 50 38 4 -22 -87 -48 36 -63 22 47 -23 -20 60 -55 48 8 -53 -17 25 60 41 43 68 4 -9 -35 -17 49 -14 44 -10 -35 -68 -70 -10 28 24 -22 62 65 -11 74 20 -4 -35 36 -16 -17 -32 -29 -37 25 29 26 68 22 51 -53 -38 -8 10 25 88 41 51 70 18 -7 21 -31 12 -31 -35,1 1 0 0 0 0 1 1 0 1 0 0 0 0 0 0 1 0 0 1 0 1 0 0 1 0 0 0 0 0 0 1 0 1 1 0 1 0 1 1,-99 -1 -10 29 -6 -18 -111 -39 22 -12 10 1 -16 80 17 25 -27 -11 50 -68 -10 13 26 13 -8 12 15 -29 59 17 14 -86 38 -16 2 19 11 -2 -22 12,-54 -81 62 52 49 77 1 28 -11 0 23 30 28 58 -6 0 16 41 31 -30 27 -101 -15 41 -17 0 -1 57 -48 3 -2 17 -27 5 -22 40 -41 27 11 -26
40,8,-38 -17 -18 51 -16 -28 -27 -56 -18 -50 42 27 2 69 -33 -11 -15 -46 59 42 -11 55 29 -15 -33 -71 -14 65 -114 -8 87 -28 -1 -12 -55 9 74 69 -74 68 111 -12 1 -21 28 68 87 44 -20 10 -14 22 69 -31 -78 -10 18 -31 -12 -37 47 38 28 54 -39 -26 48 37 -45 -10 -40 2 38 -33 20 76 2 9 -57 -16 16 -17 11 -13 -22 48 41 54 -17 46 2 28 -19 6 65 -74 -10 -3 42 8 5 -17 -22 -50 16 32 4 66 53 -26 -50 -16 61 12 55 22 59 -22 -75 20 21 -1 14 25 -43 -35 10 -50 -7 -7 -15 -83,1 0 0 1 1 1 0 0 1 0 0 0 0 0 0 0 1 0 1 1 0 0 0 0 0 0 1 1 1 0 1 1 0 0 1 0 0 1 0 1,-60 57 19 -19 -75 -31 68 75 -82 40 58 74 100 145 81 90 -109 -9 -49 -102 68 89 -8 90 83 84 -83 -118 -82 116 24 -49 43 92 -29 71 81 -17 59 -64,-146 242 154 -226 -115 -164 272 215 -253 387 277 278 256 240 117 152 -194 160 -192 -81 149 136 126 66 40 56 -26 -46 -27 -7 -46 27 31 -18 -51 38 42 -5 50 -10
40,8,99 12 -4 32 66 16 -33 14 39 -18 16 30 19 -45 33 1 -16 15 -73 33 -22 -7 66 66 -29 31 33 24 -1 -24 -1 -44 -49 25 17 -1 53 -36 -28 -76 33 -34 29 -22 112 63 16 -3 33 52 9 39 37 17 -26 -35 -12 -41 18 76 -19 -61 -61 25 26 -11 56 4 27 73 28 21 33 -73 -62 -29 30 52 18 41 44 57 -11 -16 1 -9 56 2 -19 1 -27 -70 60 -30 53 6 18 -20 39 -4 -60 88 68 -21 29 -2 19 -31 40 -5 42 -33 37 -31 62 67 -27 -31 31 -6 -73 -16 73 -56 -64 -34 -22 23 -33 -31 19 27,0 0 0 1 0 0 1 1 1 0 1 0 0 1 1 0 1 0 1 1 1 0 0 0 0 1 0 0 0 0 1 1 0 1 0 0 0 1 0 1,333 153 442 -287 327 413 -274 -96 -284 407 -357 410 346 -314 -380 310 -316 309 -406 -256 -435 257 220 273 315 -334 310 440 216 229 -273 -332 448 -408 107 208 335 -274 295 -394,377 432 249 -395 461 359 -465 -352 -273 306 -378 383 389 -454 -163 308 -352 480 -383 -360 -397 385 431 459 504 -448 283 422 398 412 -528 -454 392 -229 295 280 385 -412 362 -249
512,2,-35 -28 -17 -39 31 15 -47 -11 25 18 -9 -47 27 31 -52 21 -23 -53 -17 -26 -32 -34 18 -10 62 -19 -30 22 9 21 21 -84 -1 -4 33 43 1 14 -29 -2 -27 24 9 -30 13 -3 -25 -42 35 7 57 -6 27 8 44 -75 25 60 -9 -80 -31 -49 -68 -70 -38 21 -35 68 3 -26 20 -37 -5 29 21 -58 36 47 39 63 34 -64 -31 23 -7 -15 -26 -56 40 -51 -2 21 14 5 34 -78 -25 11 31 -61 -16 -51 1 2 17 81 28 44 -43 -21 14 -52 -24 -43 -30 -56 5 8 -4 45 48 -46 -21 51 16 49 -3 -11 -38 -15 12 23 9 -4 -53 26 38 -16 -40 -18 9 34 55 18 -24 0 44 -29 60 32 40 -42 21 30 -45 -64 -21 49 14 -75 -20 -70 -9 33 -12 -7 42 6 -34 -14 45 85 9 -4 -48 -52 -44 43 36 31 39 -29 67 30 -32 28 28 -61 24 24 11 29 -2 -11 56 21 69 -7 -6 -49 -15 5 33 -79 36 18 -51 -11 -57 -49 9 33 32 -10 7 -9 -12 35 53 -24 21 -65 -11 37 16 50 19 9 -74 -1 35 -58 32 21 31 -1 23 48 -30 79 14 8 48 -61 -34 -5 7 35 -20 50 20 23 -63 -61 -23 -38 10 38 -41 0 18 79 19 34 72 15 27 45 -56 -7 -4 1 -23 -20 -30 7 87 -39 -44 -13 27 29 41 37 -19 51 -20 -21 -15 28 17 10 74 35 -11 -50 34 -25 -22 -44 -23 -5 -56 -21 26 -38 7 -18 11 7 -14 -24 46 -9 21 -33 16 39 42 -59 33 -21 9 -34 -26 1 13 -60 -13 5 43 46 -32 -7 -6 9 -17 -38 -5 -29 -14 -10 -50 -29 5 13 -61 15 62 58 -8 -47 54 -74 5 -9 74 -2 13 -75 37 -69 -13 33 72 22 29 -12 -45 14 -4 -34 -4 20 -32 43 -42 14 29 -3 -36 -30 -42 27 38 -30 -21 -70 -5 -12 10 -6 -4 -33 -59 -39 3 -32 -42 -49 43 37 21 36 34 51 -10 43 28 -27 -1 16 29 21 32 34 11 35 -11 1 -10 -36 5 -29 8 14 3 -2 43 15 -3 30 52 4 -1 -57 3 -19 -13 -3 -25 32 -6 -9 -49 -49 -16 31 39 16 -8 57 -1 -58 -52 1 48 -21 49 16 -64 -11 -47 18 -12 -45 -4 -24 -46 -52 39 0 -60 -34 -51 43 37 -1 44 27 6 53 -39 -27 18 16 29 14 -49 -7 49 35 16 -21 12 25 57 -3 -21 -38 48 24 -30 -56 13 -21 13 -45 -8 -16 -14 39 8 36 31 -27 1 24 -71 -38 -26 -8 25 -22 -24 -50 -54 36 -13 25 38 -2 23 40 -2 -13 3 44 42 -24 40 -31 26 55 13 -41 49 16 23 -15 29 -2 47 29 -58 26 -12 -29 -29 6 25 -50 13 -66 -2 -31 -46 -33 29 -23 -32 28 22 -36 13 9 -9 -25 26 25 33 -51 16 21 14 20 -18 24 11 -7 19 -36 26 55 43 30 50 -8 -28 51 -23 -9 -57 -26 4 53 -9 21 40 19 -18 12 -20 4 10 -47 -8 70 13 22 64 30 -11 -17 22 -73 -39 -1 6 -73 60 -3 -14 40 16 5 -6 4 14 -84 -39 10 57 -32 3 24 62 35 -5 -16 64 -79 -2 29 4 -38 4 45 -33 -21 62 41 -30 -38 -11 0 20 -32 42 -18 -37 51 -11 -18 4 -20 -2 -30 -51 49 -23 -22 -39 -15 54 -50 0 -77 -79 9 18 15 14 -53 32 -65 8 -5 -39 -40 53 -17 -48 44 -37 43 30 -61 -14 8 -33 56 40 -9 -50 -53 15 -45 -34 -18 -68 -60 5 6 14 -41 -43 -15 40 29 52 21 35 0 81 19 41 -19 2 -36 -51 -54 8 -5 -44 -18 38 24 43 61 11 -32 10 19 36 -15 -10 -14 -30 45 -28 59 -51 -26 -5 -70 -45 -18 36 36 -40 -55 -33 1 58 -18 -43 31 27 25 63 18 26 -36 33 -32 27 66 31 -22 20 23 3 -22 -45 34 -19 -33 -34 35 -70 36 32 -6 -5 -48 -40 -27 -46 4 -52 47 -1 -11 -33 -39 55 24 60 -12 -43 48 13 -21 -10 8 -21 66 28 -38 16 76 46 22 -37 18 -36 24 13 -12 -28 48 -18 -13 58 -12 29 -34 -31 56 -60 -20 -86 -45 -51 -37 -25 -15 57 -62 2 0 9 39 52 -50 3 -65 -32 9 36 16 -20 50 8 14 25 37 24 15 -17 -63 21 -36 5 60 -6 -9 38 -52 -17 14 16 60 -7 27 34 3 54 32 39 -25 -16 31 25 41 -60 -10 -46 11 65 10 25 26 -17 -70 7 37 53 -12 -2 -14 -13 -43 -47 18 33 3 41 53 -39 56 23 -34 -28 46 -69 8 -17 -18 -58 62 36 -27 -38 24 -24 66 13 -2 61 41 -24 -4 -71 -14 -25 64 -52 53 48 1 -48 -46 -43 -14 42 -52 26 43 -46 15 41 10 39 57 35 35 -15 2 -14 2 -28 -14 -11 17 43 4 -46 -2 85 74 -26 7 -50 -17 31 10 36 29 -22 20 -12 20 1 -6 -54 22 -8 -8 -33 34 7 -36 -2 -4 -11 64 -24 33 52 -17 -59 -24 -10 24 -16 39 -3 -16 43 -72 -9 -28 -33 -10 41 20 -53 -6 41 -19 23 -23 46 -13 -31 -30 7 3 4 6 38 12 -14 -16 -11 -26 35 30 3 0 57 51 23 -59 32 13 -47 0 -17 44 12 -50 -36 16 -81 56 74 -8 -42 -18 -3 3 27 3 4 39 -23 -5 -53 14 23 2 -25 20 5 -10 -50 -2 47 10 36 -16 11 25 35 -78 -45 19 3 19 63 9 -23 -22 8 23 -33 -9 -21 -66 48 -41 17 27 1 42 -21 0 83 -9 -36 17 50 -47 -16 13 -32 -49 -16 1 3 -30 11 5 41 9 -30 55 -32 33 -24 23 28 -46 17 -4 6 -78 -18 75 22 -28 -15 -55 -94 13 26 -85 -2 15 -44 13 27 1 -55 37 3 -7 30 -4 12 15 -8 8 -15 -9 29 -1 27 16 -42 4 -76 -12 6 25 0 7 -18 29 -8 -8 -17 65 -3 23 17 58 -27 -50 27 -56 8 41 12 21 -65 24 15 46 52 49 -79 51 25 49 -8 25 19 10 -11 8 34 11 27 15 -18 20 7 -6 34 -19 -1 58 -30 -44 8 74 -13 15 -25 13 34 22 0 -16 19 14 -28 -24 -25 80 -29 -64 -3 -24 -13 -70 54 -36 15 -10 40 -17 -80 -43 27 53 5 -12 -50 27 57 46 -48 49 39 -39 2 1 -52 -30 -43 -17 76 30 8 1 62 82 -26 2 -27 34 -2 -33 0 37 -87 42 -3 59 17 1 6 24 -7 -76 -31 33 -18 -56 17 -21 -6 35 -43 -28 13 -31 7 -21 1 -31 -28 -3 31 12 79 5 17 34 31 0 5 44 1 43 -22 -48 91 -61 42 -4 1 25 17 -37 -56 -42 -74 -64 -74 32 11 -37 8 56 0 5 -43 -52 -25 -67 60 -15 1 21 45 -4 -49 -28 8 57 -25 1 20 -38 23 17 15 -26 -7 54 26 -7 32 -2 10 -15 -38 12 45 18 27 32 39 30 28 16 9 -61 -40 19 39 12 16 12 16 65 3 -46 41 -44 -10 -33 17 -20 -16 60 15 47 18 6 -19 76 -68 -47 -43 -76 5 12 -10 -10 31 -10 -14 23 50 -30 -3 -26 -2 -16 46 -15 -28 -3 -28 49 -5 -48 61 -34 -41 -23 -35 23 31 36 16 27 -9 -6 -13 -4 -38 -34 -65 34 32 -2 -73 3 58 -18 -83 -56 -1 -1 25 -39 21 -1 -27 -17 -11 37 -26 -13 39 1 14 -65 -11 -44 55 20 -35 -28 65 5 37 -57 137 -34 -5 38 5 38 32 22 -6 -9 -21 -5 15 8 -4 18 -7 -6 -7 27 31 50 58 30 36 42 -49 24 -58 3 -9 -37,1 1 1 0 0 0 0 1 0 1 0 1 1 1 1 0 0 1 0 0 1 1 1 1 0 1 0 1 0 1 0 0 0 1 0 0 1 1 1 0 0 0 0 0 0 0 1 0 1 1 0 0 0 1 0 1 0 0 1 0 0 0 0 0 0 0 1 0 0 1 0 1 1 1 0 0 1 1 0 0 0 1 0 0 1 1 1 0 0 0 1 1 0 1 0 0 1 0 0 0 1 1 1 0 0 1 0 1 1 1 0 0 1 1 1 0 0 1 0 0 0 0 0 0 1 0 0 1 0 1 0 1 0 1 0 0 0 1 1 1 1 1 1 1 0 1 1 0 1 0 0 1 0 0 1 1 1 1 1 0 0 1 1 1 1 0 1 0 0 1 1 0 1 1 0 1 1 1 0 0 0 0 0 1 0 0 0 1 0 1 1 0 0 1 0 0 1 1 0 1 1 1 1 0 1 0 1 0 0 0 0 0 1 1 0 1 1 1 0 0 0 1 0 1 1 1 1 1 0 1 1 1 1 1 1 0 0 0 1 1 1 1 1 0 0 0 0 1 1 0 1 1 1 0 1 1 1 1 0 0 0 1 0 1 1 0 1 0 1 0 1 1 0 1 0 0 0 0 1 0 1 1 0 0 1 1 0 1 0 1 0 0 0 1 0 0 0 0 1 0 0 0 1 0 0 1 0 1 1 1 1 1 1 0 0 0 1 0 1 0 0 1 0 0 0 0 1 1 1 1 0 0 0 0 1 1 0 0 1 0 0 1 1 1 1 1 1 1 0 1 1 0 1 0 0 1 1 0 1 0 1 1 0 1 0 0 1 0 0 1 0 0 0 1 0 0 1 1 0 1 0 1 0 0 1 1 1 0 1 1 1 0 1 1 1 1 0 0 1 0 1 0 1 0 0 0 1 0 1 0 0 0 0 0 0 0 1 0 0 1 1 0 1 1 0 1 1 0 0 0 0 1 0 0 1 1 0 0 0 0 1 1 1 1 1 1 0 0 0 0 1 1 0 1 1 0 1 0 1 1 0 0 1 1 1 0 0 1 0 0 0 1 0 0 0 1 1 1 0 0 1 0 0 1 1 1 1 0 0 1 0 0 1 0 0 1 1 1 0 1 1 0 1 0 0 1 0 0 1 1 1 1,-44 -104 -2 44 49 38 135 -90 122 -1 153 -26 20 -14 -98 82 65 -56 133 46 -73 -78 -76 -42 144 -99 109 -67 102 -139 -1 132 35 -68 58 70 -91 -107 -72 91 29 83 63 81 117 -17 34 86 -4 -110 75 94 42 -110 19 -45 90 131 -80 7 73 99 113 164 181 32 -169 47 161 -57 115 12 -23 -21 117 33 -116 -95 69 29 100 6 -8 13 25 -48 -52 70 96 62 -83 -86 118 -56 72 59 -105 46 105 120 -7 -123 -56 113 64 24 -20 -62 21 -132 33 111 -22 -74 -113 131 35 7 105 97 49 91 55 53 -94 131 40 -30 126 -53 40 -72 95 -12 69 13 66 -57 -124 -80 -159 -3 -31 -38 106 -29 -65 72 -115 47 98 -29 69 60 25 -71 -34 -91 -64 84 83 -118 -135 -68 -68 80 -54 29 94 -114 -16 98 -22 -151 56 -149 4 -161 -11 43 21 138 55 -13 81 97 59 -86 62 -60 -118 88 110 -41 51 8 -38 14 116 -78 -159 -89 -90 -8 -129 36 -32 27 60 28 128 19 -126 -67 119 8 -132 -59 44 72 111 -102 87 -95 -52 -171 -41 -142 65 0 -33 -89 -90 -135 -45 145 2 107 -121 -97 16 -82 -10 92 94 104 33 -73 -16 69 -110 -35 -136 55 -76 -38 -155 -29 96 81 135 -48 116 -62 -133 -11 -42 8 -105 18 -105 11 123 19 96 56 -40 91 -45 46 -47 -6 47 90 -73 -125 68 -107 78 -116 67 1 82 -186 8 107 11 103 -53 127 80 99 -17 45 7 -74 81 -68 -107 -28 -46 -41 -93 -46 109 128 -102 62 -56 -13 11 -22 32 32 123 59 -92 -51 -149 14 126 26 81 78 -164 -3 96 2 -91 61 87 -78 -104 -38 -145 -166 -61 -132 -11 -83 -12 92 -39 22 80 -138 -49 90 -10 71 -52 -94 94 -128 3 66 -18 133 27 -68 36 -30 54 -124 68 77 -40 -103 112 -132 92 39 44 67 -119 -28 -88 100 -47 -59 -101 -44 -128 -25 -109 -36 87 67 -104 37 -50 32 -49 115 29 46 -50 112 -102 73 130 55 86 59 27 9 -134 154 1 -65 1 68 -51 -78 94 -122 -74 64 19 124 14 -100 103 -2 -33 -90 47 9 49 182 -43 -127 -53 13 -10 -60 73 78 87 73 -108 -63 34 79 -121 55 -101 72 -168 -23 70 67 -128 -68 -61 170 119 -56 99 16 76 -69 30 52 55 -72 -54 -47 53 167 -119 91 69 -65 -23 -103 -118 72 -14 -129 66 98 -10 3 46 -2 -47 0 53 -115 -71 151 -52 62 97 50 155 42 -116 -76 -116 -120,-121 -120 -89 75 73 67 11 -45 87 -42 14 -32 -84 -43 -15 58 43 18 14 129 -83 -120 -77 -137 48 -102 116 -116 54 -85 59 -21 13 -25 -1 117 -105 -77 -66 71 117 121 49 47 86 122 -80 110 -155 -119 175 135 136 -176 105 -87 41 154 -100 50 38 -3 35 -21 -57 16 -10 59 25 -68 28 -45 -17 -37 31 94 -102 -83 80 71 68 -110 67 66 -89 -117 -64 85 117 91 -87 -70 98 -78 58 93 -14 98 -15 1 -109 -31 8 47 61 -73 116 -66 -59 -68 109 58 -117 -101 -86 17 187 -158 46 88 137 148 141 56 -100 137 123 -133 160 -136 112 -101 103 -162 105 128 92 -91 -12 -31 -32 -107 -9 -10 119 -133 -98 -20 -165 119 84 -146 161 167 -176 -158 -186 -113 -120 133 102 -121 -92 -72 -68 130 -125 110 -4 -78 -103 48 -137 -63 61 -58 -62 -36 49 93 110 91 63 -67 147 101 20 -96 82 -139 -107 18 30 -11 24 55 15 -84 32 21 -29 -1 -15 42 -61 26 -13 43 57 59 50 60 -40 -88 37 -24 0 -101 14 13 43 -49 69 -27 36 31 -89 -18 76 -102 -83 -39 56 -109 -108 46 42 110 -114 -164 -165 -39 -114 62 99 99 152 -66 -87 97 -46 -111 -63 98 -143 -150 -86 -136 132 96 125 -122 110 -106 -62 45 -80 48 -43 99 -109 -83 85 -43 79 65 113 187 -100 75 -140 -163 169 239 -226 -149 209 -160 247 -231 225 159 141 -31 205 179 177 124 -103 42 195 163 -187 130 139 -143 154 -98 -102 -63 -109 -91 -58 74 76 85 -55 93 -96 117 75 -94 89 94 71 105 -13 -63 -14 -77 159 85 68 60 -79 -107 30 95 -57 112 89 -56 -87 -46 -59 -76 -103 -78 89 -74 -74 98 -57 100 100 -130 -135 74 -115 135 -127 -69 46 -70 21 47 -38 21 21 -92 52 60 -15 -29 61 31 -30 -53 124 -34 56 -63 107 146 -118 -105 -82 175 -158 -121 61 100 -155 -100 -83 -16 62 -40 -84 76 20 -16 -72 158 156 128 -81 141 -155 113 92 96 61 111 110 111 -60 66 76 -56 -141 130 -122 -175 132 -111 -20 72 134 93 30 -17 115 32 9 49 1 19 35 -14 -9 -35 -22 -29 -30 -56 48 28 49 17 -90 -121 90 -131 -137 127 -35 63 -74 -14 61 3 -31 -53 20 47 35 -19 69 32 15 -68 -14 0 -27 -7 -3 24 -1 57 -47 30 16 -10 -21 -21 -22 81 59 16 -18 7 -6 37 6 -43 -83 -41 44 -14 -47 17 -59 75 126 -163 46 128 -40 -78 -53 -103
512,2,-13 -37 -44 -32 -48 -11 60 -10 61 45 -26 -34 19 12 32 -16 14 -17 -8 -36 -13 39 78 58 -22 14 56 -21 -43 -28 6 9 24 -50 66 20 -27 35 3 -43 58 4 -50 -14 -26 24 18 -43 44 50 -29 43 43 -57 13 22 -4 28 20 -43 2 16 3 41 -30 -7 35 -29 9 49 -32 23 -34 -21 -33 25 -5 -1 -29 2 -37 -61 -23 12 30 -15 -28 -2 25 -26 -43 -45 4 -21 -10 -29 -34 66 -19 55 28 -41 11 12 30 -21 -15 13 -37 -4 1 21 3 63 -18 23 -47 74 -29 52 6 -5 25 -62 -4 40 -42 -27 -22 -13 -16 20 76 9 18 47 -45 -7 -13 49 -20 -19 -14 -3 -7 21 -22 -50 48 -56 -29 -39 -25 -31 1 5 -18 14 49 -3 -18 -26 -22 2 53 -22 -35 -22 -7 25 18 47 24 -23 -25 -10 18 2 -20 -24 -35 16 33 28 29 34 53 -15 -48 16 18 33 -51 -14 -29 1 -8 45 50 14 -80 33 -30 -35 -15 73 59 86 -37 -29 15 -3 -37 -45 3 -47 -32 -37 -54 40 -5 -37 63 7 -82 31 -40 22 12 -20 19 -12 -31 61 13 38 68 7 -37 7 -36 -29 36 6 -31 -12 -45 -36 -16 -48 4 30 -7 46 -34 -5 -22 -46 6 5 10 -12 -8 -10 -2 -16 36 -32 -9 -44 -54 8 31 10 67 10 -26 -14 -2 18 -10 -20 -25 -20 52 68 -1 2 39 -35 39 59 19 -2 9 18 -42 -49 -12 -85 -52 22 -2 -35 26 -37 -58 14 68 -29 -1 -33 3 45 -1 19 29 13 22 -7 23 -19 36 62 -18 -25 -56 43 10 1 -13 34 -27 39 -10 17 -39 -68 -63 32 67 -10 -9 24 10 -7 -38 10 -52 24 16 -24 21 38 -42 -12 7 29 34 15 -6 48 -33 21 -9 31 18 30 17 48 -3 -17 -12 18 -14 66 -50 13 46 -41 4 28 25 -34 17 0 4 46 37 -25 -16 27 49 -26 27 -46 6 -18 0 32 -70 33 79 32 -42 52 -11 -3 -19 -10 21 -17 25 33 -21 44 28 1 -10 30 56 30 26 -44 26 -82 78 -43 -15 -19 -47 9 -54 33 47 -65 -41 35 55 -35 46 13 18 2 5 59 36 34 19 33 1 -25 33 -22 40 1 -31 24 -50 -29 -10 -27 -58 26 0 -50 -6 -73 -67 43 30 9 -19 -43 -23 -4 66 62 44 -6 -24 47 -15 7 1 36 -17 -5 -26 -9 45 26 37 -41 7 19 -4 47 -13 -5 -15 -39 2 7 35 -18 -14 -14 3 3 21 30 -28 -18 31 -50 45 12 -12 16 -6 21 46 -4 -6 28 29 36 -3 -19 19 15 39 7 -37 -1 -26 19 3 45 -28 53 -19 -30 -4 -17 19 -14 0 22 12 4 31 -27 25 -44 -20 36 -21 -11 -55 40 -1 15 -44 -40 -44 20 26 -21 -35 -19 34 57 -31 -21 8 -13 -15 -57 55 11 16 26 61 -18 30 -12 9 -72 -29 43 -2 19 14 2 0 4 18 51 10 12 59 41 36 3 -6 15 46 -45 14 36 -10 31 32 -40 -36 26 10 -4 43 -1 15 20 -23 24 12 -86 -14 -40 -45 -16 -22 -12 15 -3 22 43 11 36 17 -7 6 33 28 56 -34 87 -54 63 -33 -14 -2 39 -4 -19 -55 -20 -41 55 -100 1 2 33 -26 18 -24 27 23 -48 -21 -5 38 21 -7 61 3 -30 50 32 -54 -25 35 -63 -22 1 66 64 6 -7 34 -17 -20 -31 47 26 -42 1 31 -25 -20 33 -3 -32 22 -11 33 -67 61 -53 72 -21 4 -24 10 14 50 -8 9 -45 -44 18 -9 -58 1 -22 -34 35 -35 36 0 -15 -24 0 37 -41 7 -66 -17 18 -54 81 -2 8 -1 -26 9 28 -54 34 -16 -2 57 -10 -8 21 -69 -18 -27 47 46 22 73 19 60 -34 -32 -58 13 25 33 -36 -21 35 30 23 69 13 -2 -80 19 26 9 -30 -21 -19 -52 29 -18 -7 -27 9 53 1 -1 -65 -29 8 -9 -32 14 -31 -12 -20 -68 -17 -22 -7 16 15 27 -31 2 -16 39 -30 53 -5 -71 -14 -32 49 -9 -40 100 -36 -4 8 18 59 11 32 1 8 38 59 -30 -29 17 -61 35 -33 -33 -26 0 34 7 -81 -28 -15 -7 24 -56 -54 -6 56 55 -55 -1 -5 -46 -8 29 55 24 -25 -7 4 -15 -55 -54 -20 25 -7 -82 -22 -41 -50 2 42 -1 -16 -45 -61 4 -52 8 -6 7 52 10 4 -16 39 -37 -70 7 -86 -16 73 -40 -47 -34 12 4 -49 -4 4 -31 55 -23 22 -19 -26 11 -34 -16 -36 43 -33 57 -3 -23 -25 -3 -74 8 6 7 16 23 -6 17 6 2 26 21 29 22 -42 -12 -81 -6 38 30 26 -12 -37 -55 -40 -3 22 10 -19 -26 74 -21 49 -54 -34 -4 34 23 11 14 30 -21 71 19 -17 53 -31 -26 -34 -8 17 -5 -16 20 -48 -18 42 -16 -31 47 -15 37 -43 -22 -12 -3 -98 -23 8 24 73 -43 20 -23 -3 -12 1 57 -32 8 42 -15 -29 68 3 -25 55 -39 -46 9 3 19 37 -17 30 10 -59 -28 28 50 0 -89 18 8 -21 16 16 22 16 -11 34 59 -38 -41 33 -18 -17 45 30 -9 -8 59 -51 -55 -7 -36 -23 -19 -19 34 12 25 -78 18 31 -15 5 28 -8 -26 54 -32 15 11 45 40 -22 -43 -28 2 31 -34 -67 -5 27 -37 35 -22 36 39 -22 6 46 -36 25 -62 -30 -23 -41 33 4 77 -19 29 -25 48 14 -29 2 -38 28 56 -3 47 1 4 17 77 -34 39 0 -14 60 14 -25 -14 74 -89 -26 6 21 54 -9 2 -39 -57 33 -63 -54 -20 21 -30 -50 -22 34 -44 -28 26 24 0 -22 20 -42 14 -65 25 -22 17 89 -21 31 79 19 25 31 11 -3 -35 -17 4 29 32 -57 2 22 -10 36 -20 -23 25 0 -9 27 16 -49 -50 -23 38 -26 -30 -10 38 39 -3 -43 -14 5 43 27 -17 -44 29 -73 34 12 -33 -45 -9 -61 -28 12 -13 37 -49 36 -52 5 10 36 -23 -39 19 7 -50 -38 -3 -32 63 -73 -6 18 29 -82 -5 5 -17 -8 28 15 -33 -62 1 10 17 23 25 -34 19 -10 -6 -19 10 -14 19 34 -52 30 20 13 46 -40 24 46 34 -49 -93 38 -17 -28 -47 5 -71 1 47 98 23 8 4 -18 -4 25 -19 -22 44 -15 85 26 1 19 9 32 5 3 71 45 38 0 18 -29 28 -42 -17 22 -4 -31 -56 -18 22 -54 -29 -9 28 -23 21 -33 -74 -110 -38 19 49 37 25 -25 -32 76 0 11 -47 -38 23 28 -41 -5 -5 69 -7 -27 -40 16 8 -23 -43 15 -36 -9 23 6 -21 21 -22 -1 25 68 -2 -40 -28 -26 -20 -28 12 -14 24 42 -47 -44 -24 19 -41 -24 33 6 -17 -3 -57 -6 41 35 -29 -3 -12 -21 -16 14 25 -67 -12 -1 4 8 46 -13 28 32 -6 -35 33 18 13 26 -36 -3 -40 72 52 -35 23 -18 13 -37 41 -40 -18 -31 -74 12 5 -24 9 -35 4 11 52 -12 -26 -7 53 51 -1 83 -22 -19 -30 36 -40 15 48 20 -7 -35 -55 69 -48 -67 -67 -8 -23 28 -18 46 39 -3 -24 -57 -20 -26 -3 6 52 -28 -55 16 -45 -11 -27 -12 -31 -8 75 16 23 -31 -9 -4 -41 13 -2 36 60 33 -52 51 -2 44 -18 11 10 43 38 -52 -79 -34 -61 -6 -37 6 4 -42 -52 18 18 -25 8 6 40 30 44 52 -57 -14 -5 9 -64 31 8 33 -7 -60 -22 28 1 37 -73 22 -24 26 -15 18 -42 -31 -52 -19 -30 -13 -5 42 106 -18 -41 -11 -22 1 34 10 0 15 17 61 -35 -2 16 -9 14 17,1 0 0 0 1 1 0 0 1 1 0 1 1 1 1 0 0 0 0 0 1 0 0 0 1 0 1 1 0 1 1 1 1 0 0 1 1 0 1 0 1 0 1 1 0 1 1 1 1 1 1 1 1 0 1 1 1 0 1 1 0 0 0 1 1 1 0 1 1 0 0 1 1 0 0 1 1 0 0 0 1 0 1 1 0 1 1 1 0 1 1 1 0 0 0 0 1 0 0 1 1 1 1 0 0 0 1 1 1 0 0 0 1 1 0 0 1 1 1 0 0 0 0 0 1 0 0 0 1 0 1 1 0 0 0 0 1 1 1 1 0 0 0 1 1 1 0 0 1 0 1 0 1 1 1 0 1 1 1 0 1 0 1 1 0 0 1 1 0 1 1 1 0 1 0 0 1 0 1 0 0 1 0 0 0 1 1 0 1 0 1 0 0 1 1 0 0 0 0 1 1 0 1 1 1 1 1 1 1 1 0 1 1 0 0 0 1 1 1 1 1 0 1 1 0 0 0 0 1 0 1 1 1 1 1 1 0 1 1 1 1 1 1 0 1 1 1 0 1 0 0 0 1 0 0 1 1 1 1 0 0 1 1 1 0 1 1 1 1 1 1 0 0 1 1 1 0 0 0 1 0 1 1 1 1 0 1 1 0 0 1 0 1 0 1 1 0 1 0 1 1 0 1 0 1 1 0 1 0 0 0 0 0 1 0 1 1 0 1 0 0 0 1 1 0 0 1 0 0 1 0 0 1 1 0 0 0 1 0 0 1 0 1 0 0 0 1 1 1 1 1 1 1 0 0 0 1 1 0 1 1 0 0 0 1 0 0 1 1 0 0 1 1 1 1 0 1 0 1 1 1 0 0 1 1 0 1 1 1 1 1 1 0 1 0 1 0 0 1 1 1 1 1 0 1 1 1 0 1 1 0 0 0 0 1 0 0 0 0 0 1 1 1 0 0 0 0 0 1 0 0 1 1 0 0 0 0 1 0 1 0 1 1 0 0 1 1 1 1 0 1 1 1 1 1 1 0 0 1 0 1 1 0 1 0 1 0 0 0 1 1 1 0 1 1 1 1 0 1 1 0 1 1 0 0 0 1 1 0 1 1 0 0 0 0 1 0 1 1 0 0 1 1 0 1 0 1 0 1 1 0 1,-34 3 -53 -24 -60 -81 -69 -66 24 -41 60 15 -16 -11 -43 43 1 0 -9 19 13 89 -20 -46 -15 26 -63 12 42 -38 11 24 18 10 -9 23 8 48 -19 19 1 9 -24 -8 54 -52 -65 13 1 18 -32 -74 -2 1 -8 -50 -18 24 -111 -24 56 92 10 -5 -1 4 67 -75 -62 7 -11 -82 11 7 80 2 8 81 -14 -25 -55 65 -52 -96 54 -20 -11 -19 11 17 -1 -21 21 27 45 26 -81 -31 74 -58 3 -59 -4 16 -16 -6 -2 -42 -15 8 20 -6 -25 -40 3 45 -15 -21 17 38 36 16 3 83 -4 -34 -14 11 -81 40 -19 -13 -38 43 -1 -6 -24 8 -13 -67 5 -6 20 8 -1 -50 -24 -2 -46 11 -106 -3 -61 -57 -23 18 20 -46 -5 -26 -18 80 -26 -36 -18 -10 -67 -5 60 -15 -81 16 13 -7 25 79 -41 -29 1 36 34 -52 132 20 -21 -70 -36 -17 27 -9 -60 8 32 -6 -7 57 -24 9 77 -26 -36 -19 12 -25 -97 -7 -29 -88 -12 23 23 -37 21 -19 -52 -15 2 -26 -17 14 -65 -17 -68 -56 59 7 21 -30 -3 -36 -50 -35 3 29 -17 -8 82 -62 -13 -32 -33 -23 7 69 -27 7 -37 46 -22 40 15 25 -72 90 2 -10 -33 -57 -48 21 34 28 -45 -60 -51 -26 9 1 6 -63 -11 -9 -23 -36 -48 18 76 44 27 8 4 11 -3 -7 -13 90 1 -22 23 -35 -20 -33 -29 41 -18 14 -10 25 8 -57 9 21 13 20 -7 -29 77 -18 26 81 16 10 -12 0 40 -101 -21 17 -19 33 -2 -17 -52 18 53 72 -16 -6 38 -13 -7 102 -16 23 -32 46 10 -37 -11 51 6 -7 -31 3 59 -25 -104 -76 20 10 9 -13 18 -32 22 46 13 81 0 20 -65 42 8 31 -20 40 -1 -16 7 20 -8 -41 28 18 20 -37 -96 105 27 -9 -18 -2 -16 -25 -24 -3 -28 -46 18 7 47 -45 86 -41 -30 40 -6 10 -37 27 -66 -44 -41 63 10 34 28 -20 -20 -65 11 19 46 34 -48 21 52 52 53 -36 -4 23 35 24 -30 17 16 37 30 -23 47 -19 -32 34 23 50 -5 -34 0 -60 -1 4 67 2 1 -10 -88 20 23 35 24 24 22 -13 -27 -50 55 -19 -11 36 -24 3 -7 -37 -28 -10 -43 40 69 -1 -64 -90 -11 11 -1 -24 10 -31 -5 -73 11 -4 -17 -1 77 -3 -76 -21 38 -22 -10 -12 -8 8 -2 4 13 26 3 0 75 -69 48 5 -13 33 -14 18 -22 -6 25 -62,-12 116 161 127 -51 -130 96 104 -93 -100 112 -180 -132 -217 -180 109 140 152 124 129 -97 110 124 131 -103 67 -63 -121 73 -14 -89 -35 -58 69 49 -26 -25 10 -11 76 -4 -7 -63 -43 88 25 0 -30 -25 -38 -34 -25 -17 2 1 9 11 46 -9 1 -47 -6 21 -1 -28 -11 31 17 30 22 18 2 -18 26 19 -8 -25 -16 16 57 -29 -49 -32 -39 -36 -19 9 -12 11 -29 -55 -20 -4 6 -23 45 23 41 -10 -46 -44 -35 -64 -14 22 13 -14 15 -6 12 -17 8 -64 -29 4 -7 -43 -29 -58 15 16 22 53 50 -47 51 65 5 23 84 10 -30 40 38 118 39 -3 -33 -28 -15 67 27 79 -70 -88 -87 81 43 -7 26 -12 10 -51 -34 -41 -11 -48 42 -26 42 1 24 -6 -27 58 12 -21 -50 26 -47 23 -23 21 5 41 27 22 32 -28 5 -30 -20 -8 -5 28 -41 -27 44 -88 26 -38 50 16 -54 -6 -16 47 39 22 7 29 88 -19 -47 -9 -29 -28 -1 -6 -42 -21 -2 -37 23 55 56 -19 -7 -5 -27 -92 47 4 -43 21 40 24 32 -12 67 34 8 -35 -36 9 -24 41 -7 6 -22 -56 -58 -39 -1 -25 -22 17 51 -16 -34 -8 -9 -89 51 67 -7 -4 -24 38 -18 23 -34 -60 -22 60 -79 -40 -43 -78 -24 -2 39 25 -24 -21 -71 18 8 79 -72 -2 -24 -19 4 -95 72 -51 -75 91 66 -124 107 -109 108 -125 -138 74 -82 -2 -133 -125 38 -75 84 -89 -28 72 -83 67 62 65 -4 78 -112 42 -73 -132 94 -52 62 41 46 -73 -89 -46 -4 14 59 47 -59 66 -15 -66 -46 61 50 68 33 28 55 -19 109 -75 1 30 99 -96 -86 -38 -114 -105 -95 -64 69 98 117 -84 -90 116 -152 -102 136 105 126 -150 82 123 -97 -183 61 95 -159 -116 -108 -195 129 -120 148 -130 -121 -123 58 45 -109 -28 66 -19 -18 -62 -75 -70 29 -28 -47 50 -56 8 48 -38 -86 -21 -72 0 12 -24 -38 -61 23 -3 -77 6 25 7 -3 -10 -14 40 22 60 73 -64 -42 -70 83 49 41 54 27 -34 68 68 -37 -41 50 30 -44 41 -164 107 -101 21 -81 -85 105 24 -84 -66 -35 -50 114 -83 -104 -32 -82 -82 -43 -14 75 -23 22 -34 -35 81 -54 79 -95 111 -36 89 -77 -35 -73 103 -55 -112 -96 -78 82 -78 -123 -5 -3 -12 10 134 87 -23 -110 116 -79 -72 106 74 55 83 -45 67 -73 -50 42 60 -50 -129 52 -52 52 -86 113 -19 -57 172 -67
512,8,-52 -25 26 30 -35 50 -35 70 -20 32 51 -58 0 -11 -20 -35 5 90 15 1 -43 6 -35 9 16 11 19 8 3 -39 29 -11 -16 -66 -34 14 3 -58 -81 -32 30 -3 -44 -55 -20 -4 43 -41 26 -1 46 -67 -26 -71 32 43 -33 -15 80 49 -29 -25 -12 -47 20 -49 -3 45 -24 -8 -25 -41 -9 -42 -22 16 -8 -63 17 -65 3 15 -11 49 -18 6 32 -5 -6 -23 -65 -26 -19 -49 -18 -33 -17 -51 -4 -1 18 86 1 -31 -26 27 51 12 56 -24 -13 -29 38 42 -35 -33 26 -46 -14 -4 20 16 -19 -15 -31 -8 20 -42 -8 79 28 39 -20 -27 23 -12 -38 -13 64 0 -26 -9 32 28 -60 58 0 -22 13 52 -9 -66 -28 90 52 14 29 49 24 -30 -15 44 -43 25 -29 0 7 19 6 26 38 12 -50 8 -24 29 -31 -2 -31 22 35 57 -4 11 -23 50 27 -10 47 43 11 -23 34 3 29 -48 15 38 15 -10 -14 -16 13 5 38 17 -2 -11 -31 -11 -51 -11 -5 14 59 -7 71 -16 19 -6 -11 -51 -53 -35 28 -31 -7 -35 -52 -36 1 15 17 -35 -25 25 19 -4 26 11 -56 7 12 50 -10 3 -31 4 -23 -51 61 71 -72 1 -52 13 -43 -23 12 40 -5 39 23 -54 -47 22 -41 -11 -15 61 13 -42 61 15 -28 -25 20 -32 -8 -55 12 -1 30 -7 1 -38 -6 -64 0 -29 14 7 -35 -65 -49 5 -9 38 32 -44 2 30 8 20 31 24 20 -7 7 41 37 -30 2 -36 -9 -7 -13 5 69 36 -36 38 -43 45 32 24 35 -11 -5 11 -17 -10 -4 -9 43 5 -4 44 33 -89 7 40 11 49 21 24 27 -83 22 -25 -44 4 -5 -23 16 26 -6 -23 58 25 53 -4 -12 24 -32 46 -26 -5 -26 -60 53 -23 -24 61 -1 -43 -19 43 19 -25 -56 32 -11 31 -67 30 -46 39 -18 -10 -25 -24 -46 33 39 -46 18 -7 -12 -17 -61 17 4 -72 -35 29 -24 -19 -53 38 32 -31 12 1 58 -5 47 28 35 66 -24 -13 44 17 50 -39 -18 -6 -18 -40 39 28 -57 -25 -26 36 -29 -19 30 -8 -11 -25 -28 -65 1 27 -19 -52 -40 30 70 10 30 14 -29 30 -31 12 15 84 -50 -47 61 -7 4 -25 38 -7 -71 -48 -4 26 11 56 -24 15 -49 25 -19 -9 -36 -16 11 51 -66 30 -20 -49 30 8 43 30 18 -20 -63 -6 1 48 -20 38 16 15 -40 -18 38 -72 -3 71 6 -27 -44 11 53 -42 -59 -7 20 -9 71 -77 -56 1 -43 -11 23 -28 3 45 -39 -24 -40 41 -38 42 16 -16 -32 -33 -23 25 -28 21 -5 0 11 50 -63 -68 -64 -47 5 -24 -34 -38 -11 -12 8 -28 -33 -8 0 7 60 26 66 -35 28 -46 41 -17 -9 47 52 -34 46 -16 40 -44 16 -19 50 -22 -6 40 -34 5 37 -10 -28 3 -5 -36 -45 -7 5 18 -27 67 -50 -28 21 -24 33 12 -52 -22 -20 -70 -29 -9 43 -7 -49 4 8 48 20 -17 9 69 -17 -26 30 3 -4 17 -15 44 -28 -18 74 -13 57 77 -60 -63 -57 -40 -20 35 -3 31 42 -45 -4 -30 -13 -6 21 4 -74 -51 -28 -41 50 39 60 -16 41 -52 -56 76 85 67 11 31 48 -6 31 10 35 15 -49 -53 -21 16 36 -63 -21 86 28 -15 -33 24 -31 4 55 35 -45 -59 -17 -23 -27 32 10 -61 27 -78 51 -20 -20 -34 -6 14 4 22 -72 -48 -26 10 9 -62 -7 70 -39 16 -8 -63 2 -9 -48 9 -57 -3 38 22 -11 6 60 25 -77 -10 -15 33 48 -5 -12 -17 -5 -28 35 32 -18 -38 13 3 36 8 53 -10 33 -57 -11 28 -13 42 -23 18 62 37 -23 -24 -27 4 -68 0 -16 -28 -27 61 11 2 18 -3 -34 -14 32 60 -52 -1 -37 11 39 44 52 2 -39 12 74 -47 -4 11 -14 -20 51 -58 47 2 7 36 -34 79 36 -35 -43 2 23 -11 43 34 18 31 -31 30 19 -8 -8 -33 4 -38 -6 -19 26 -26 22 58 -7 -67 55 -1 -38 7 25 -24 7 29 14 4 17 0 -25 -13 13 38 -22 -10 39 19 11 10 42 25 -52 -37 14 -72 -36 -11 -50 -15 1 3 -34 -20 -82 11 -43 20 21 27 30 -31 -36 -6 -22 -8 43 -84 -8 -25 56 -27 13 -5 0 -58 -18 58 -4 55 -38 -15 -10 20 5 4 20 25 16 -11 -28 14 -34 -3 5 -15 -9 61 17 -39 -21 -54 20 -35 32 -18 -28 21 2 8 -23 -50 -4 -23 6 2 6 11 -20 -7 25 36 -11 -23 -6 -44 64 -60 10 33 28 -11 3 -4 45 -16 14 -2 -29 -48 -35 24 -41 -53 -6 37 -36 18 -45 9 -33 -7 -34 69 -2 15 29 20 -44 1 46 26 7 5 24 37 24 35 -64 37 39 16 17 42 -35 -4 47 11 -32 9 38 23 -20 -20 -45 -47 16 -59 -8 -7 -34 -3 47 43 17 -44 -11 -37 45 25 -16 30 -30 35 -3 1 -27 -22 -9 -73 -47 -34 3 -1 -2 -71 -87 -35 22 27 -53 -40 -23 -43 -9 -14 9 19 -24 -39 -10 63 40 -63 25 40 12 -15 -28 14 37 32 41 -36 9 55 -4 -3 -4 -56 6 -3 2 46 17 6 31 -25 -48 -87 18 -11 11 34 10 -8 -16 -17 -19 38 -43 -8 43 7 -7 -44 -64 -4 26 -30 -1 -42 11 -22 51 -52 -22 47 4 18 -7 24 26 30 19 41 67 -2 -14 54 -47 22 33 -59 -25 -19 13 14 -39 91 30 -6 31 23 -1 27 -50 15 -20 43 27 -3 11 1 -3 31 -27 -6 -15 41 10 47 -38 68 57 -22 23 -3 59 -33 28 51 57 -9 25 -57 -49 -50 8 15 12 21 -10 -44 18 -57 16 -16 97 -10 32 -22 -14 21 14 10 85 -4 21 52 11 12 8 -43 -36 -20 -14 -50 49 11 36 -36 8 -18 -25 -22 -13 -3 16 47 65 -7 39 -25 11 68 31 -25 48 25 73 -16 -55 -4 17 -28 13 27 41 14 -1 -36 43 44 38 -2 -35 56 -46 31 4 -14 -43 57 -43 8 62 -2 23 73 29 3 21 9 56 36 -13 9 46 39 26 50 -30 16 -49 23 2 -22 -22 -1 39 48 -6 18 -52 2 5 -47 -21 -33 10 34 -27 13 -23 -3 -19 -14 -16 -18 -13 -8 31 -35 69 67 23 13 -16 -13 11 20 19 43 -34 -8 70 7 10 38 -23 -44 -7 -4 -15 -5 38 31 -8 -60 -25 21 60 41 45 28 -22 -21 -48 53 -3 -64 0 -6 41 10 -61 -24 -58 -27 -60 29 -2 59 48 -13 9 65 28 -47 -32 -62 -66 -5 -40 -30 -33 -27 -13 32 -35 60 7 4 -45 20 -18 -51 53 -50 15 -43 -44 -35 22 15 -27 -1 20 6 -8 18 43 -54 -56 -45 10 8 1 11 -66 -17 17 19 -25 13 2 26 28 50 14 -8 -21 41 65 -8 46 18 2 -45 -5 49 13 -50 -51 41 13 8 -8 -18 44 45 8 13 -32 38 -18 -16 6 -17 8 13 -41 -57 -15 43 4 -17 35 -8 18 44 5 -16 -65 -52 36 45 -15 -21 -22 7 5 40 -17 -34 -31 -92 -43 10 34 -6 -20 31 33 13 28 63 44 18 -16 47 12 20 -1 -35 -47 -15 -9 -18 38 45 43 -40 -60 -14 6 -41 -37 -48 32 26 -26 -38 16 -26 14 23 -50 12 -1 54 41 7 -2 3 16 21 17 34 52 -68 -17 -7 7 -15 -40 -58 63 -12 -9 50 -24 59 -23 8 17 5 14 -25 -56 -57 9 -3 -11 -31 -42 34 27 64 -40 18 20 28 -19 46 -56 43 -55 12 -22 11 18 32 64 -6 -48 -47,1 0 1 0 0 1 0 0 0 0 0 1 1 1 1 1 0 1 1 1 1 1 0 1 0 0 0 0 1 1 1 1 1 0 0 0 0 1 1 1 0 0 0 0 1 1 0 1 1 1 1 0 0 1 1 1 1 0 0 1 0 0 0 0 0 1 0 1 1 1 1 0 0 1 1 1 1 1 1 1 1 0 1 1 1 0 0 0 1 1 1 0 1 1 1 1 1 0 1 0 0 0 0 1 1 0 0 0 0 0 0 1 0 1 0 0 0 1 1 1 0 0 0 1 1 1 0 0 1 0 1 0 1 0 0 0 1 0 0 0 1 0 0 1 1 0 1 1 0 1 0 1 1 0 0 0 1 0 1 0 1 0 1 1 0 1 1 1 0 0 1 1 0 1 0 1 1 0 1 1 1 1 1 1 1 0 1 1 0 1 0 0 0 1 1 1 1 1 0 0 0 1 0 1 1 0 0 1 0 0 0 0 1 0 1 1 0 1 0 0 1 0 0 0 1 0 1 0 1 0 1 0 0 0 0 1 1 1 1 1 1 0 0 1 1 1 1 0 0 0 0 0 1 0 1 0 1 1 1 1 1 0 1 1 1 1 0 0 1 1 0 0 1 0 0 0 0 1 0 1 1 0 0 0 1 1 1 1 1 0 0 1 0 1 0 1 0 1 0 0 1 0 1 1 0 0 0 1 1 0 0 1 0 0 0 1 1 0 1 0 1 0 0 1 0 0 1 0 1 0 0 0 0 0 0 1 0 0 1 1 1 1 1 0 1 0 1 0 1 0 0 1 0 1 0 0 0 0 0 1 1 0 1 1 0 1 1 0 0 1 1 1 0 0 1 1 1 1 1 0 1 0 1 0 0 1 1 0 0 1 0 0 0 0 0 1 0 1 1 0 0 1 0 0 1 1 0 0 0 0 1 0 0 0 0 0 0 0 1 1 0 1 0 1 1 1 0 1 0 0 1 1 0 1 1 0 1 0 1 1 0 0 1 1 0 1 0 1 1 0 1 1 1 1 1 1 0 1 1 0 1 0 0 0 1 0 0 0 1 1 0 0 1 1 1 0 0 1 0 0 1 0 1 0 1 0 0 0 1 1 0 1 1 1 1 1 1 0 1 0 0 1 1 0 1 0 0 0 0 0 1 0,-17 -14 -4 47 31 12 38 35 10 15 27 41 22 33 -37 -25 -3 -28 -54 -20 -51 2 20 -27 46 23 -34 -10 -32 -40 -44 -23 -51 3 51 41 1 -34 -26 -35 -17 10 -15 20 -83 8 25 -62 -4 23 -1 21 29 -3 -2 -65 33 49 23 -88 28 25 8 35 60 -49 34 -25 -45 -45 29 1 10 -6 -5 -15 -22 -86 -18 13 -10 -2 -5 13 -50 59 29 -31 -65 16 -19 -8 -57 -49 -16 -26 -9 22 23 53 30 22 49 -13 -48 19 42 -41 21 62 48 -37 40 -22 6 44 -9 -46 -25 -28 7 101 37 28 16 -18 -19 56 -44 9 -78 -1 -31 10 20 -54 -5 59 40 49 -16 38 40 -2 -35 31 -36 -10 33 10 -28 5 8 25 -1 -15 -43 26 -84 58 -36 -26 -12 -62 -30 1 17 -37 73 -11 -4 -11 11 -16 57 -6 -50 0 19 -70 31 -33 12 -57 -67 1 -19 -14 60 -19 38 32 -12 -32 -54 18 -4 7 69 40 55 -88 38 2 -11 15 83 -31 55 41 -23 -5 -16 -23 -53 -2 26 -43 51 61 -12 28 12 24 -28 5 12 -10 -2 -5 -15 -12 28 28 -18 -56 -1 -4 -61 -16 -9 72 -2 -41 -28 -56 -26 -18 42 65 -29 78 0 -9 -21 -11 -5 3 -82 -29 14 9 -38 -50 -31 -15 17 34 -14 -12 62 58 -35 33 24 -15 -10 -44 52 -69 -32 -9 61 67 -8 8 -6 -15 22 -13 4 -34 22 11 10 -8 42 -36 23 47 -67 30 -21 -36 -10 -7 41 -19 -64 23 31 -36 45 76 35 -14 -14 23 -81 7 -2 17 53 -83 15 27 15 20 5 10 -30 6 34 65 3 -30 18 -19 -13 9 -25 -46 29 21 -13 16 18 39 -11 -4 66 1 35 30 18 36 21 67 15 -11 -15 47 -37 -38 -3 -12 -29 42 -18 -35 -14 4 -38 52 18 -28 -11 -13 -66 18 21 12 -52 34 -38 -80 -25 -2 -61 -36 24 51 39 -18 16 -9 23 -19 -12 -7 -25 -37 56 47 -12 -28 77 29 26 21 -10 -4 77 -9 -2 -18 11 -14 -3 -72 26 -10 40 -6 -1 -14 14 -37 -40 46 -16 -47 40 -5 -13 29 4 38 5 -6 18 45 -12 -26 -29 -58 71 -21 -76 31 18 7 -37 -17 4 -45 55 -73 43 13 -18 0 22 -11 -20 43 18 15 -2 -29 -7 14 -53 -15 -18 22 94 -5 29 11 -9 88 -32 12 -21 55 62 29 -15 -51 24 14 -18 -18 -46 23 27 11 9 37 -18 8 -38 39 16 36 63 14 15 80 2 31,-146 126 -110 92 16 -78 27 -15 35 14 57 -111 -49 -118 -132 -92 101 -140 -1 -104 -5 -85 43 -8 16 65 85 77 28 -51 -146 -110 -95 60 68 61 62 -92 -66 -79 91 37 106 96 -61 -14 116 -82 -109 -97 -107 190 95 -103 -113 -48 -34 78 19 -12 75 13 14 17 6 -25 17 0 11 25 -59 17 52 5 -56 -52 -28 -42 -10 -26 -71 15 -1 -45 -60 15 23 48 -64 -17 -10 45 33 -79 15 -71 -36 14 -42 39 -16 13 35 1 3 -16 75 68 43 -13 -47 -20 -26 -125 27 -6 37 -6 12 -34 34 -1 -2 -57 -38 -24 22 22 -37 3 -52 30 19 4 9 55 -90 -14 52 46 -50 25 7 -32 -67 55 -13 -27 47 -99 111 -6 -65 133 97 60 -144 96 -70 78 -53 73 -78 28 51 -26 -40 -5 74 121 -18 -38 83 -134 -42 -27 -37 38 -40 -37 -32 32 -70 -62 -65 17 -20 -36 74 -43 3 -20 74 -35 36 -41 1 -8 -24 48 -6 11 -10 -46 -22 47 -77 17 13 41 75 77 -26 51 -15 -46 54 -69 78 -39 -91 94 106 67 -79 61 -69 53 -78 54 -84 41 -15 27 37 26 -53 -92 -70 -80 -79 -4 36 -21 -34 14 -23 22 -22 -16 72 48 -61 50 -45 31 -42 -36 -11 28 -71 53 -25 -27 -8 2 -14 42 -63 -11 52 60 -11 -19 51 85 62 -28 38 -33 -53 60 53 16 -93 -102 -59 -19 -52 35 34 -17 29 -17 25 -41 -8 -15 22 -18 -11 8 -18 -18 11 8 -9 -36 31 -19 -19 -12 49 -19 31 -9 -23 15 -5 16 -43 127 35 4 45 61 -87 22 -41 24 67 8 34 52 54 -40 63 50 -25 -24 -71 -37 -85 -1 -42 42 -22 3 -12 39 -9 -23 20 -53 2 -30 3 -12 -14 -7 -23 -18 -48 -9 21 -43 16 46 63 -58 -59 -116 77 137 -27 -24 -92 -64 -62 50 -75 115 -44 40 67 -128 -51 80 79 -82 93 74 141 106 90 -78 72 -63 -50 48 97 -91 106 70 -115 8 63 29 44 57 -73 73 111 62 60 79 59 102 -115 -86 48 -60 47 -62 -79 -56 10 -44 78 49 -16 5 77 1 1 19 -42 25 -20 -6 17 -7 -10 -3 30 -57 -49 -58 -55 -12 -40 -31 -29 -96 -65 22 6 11 -73 1 -31 1 25 66 -37 -10 10 30 -77 -4 38 8 -8 -33 -67 0 6 4 -9 -5 -15 34 -45 6 -4 -26 41 39 1 -3 62 -99 -45 -47 -22 -45 -40 71 -10 26 68 -41 -28 29 -53 16 50 -13 0 24 -46 20
512,8,37 34 -24 -1 -5 -49 -21 -9 59 -9 27 -6 -75 -39 32 -44 -84 -38 -16 18 -18 -59 -27 34 -6 -34 -35 31 60 45 13 22 17 11 4 58 68 -27 3 54 -4 6 14 -5 89 15 -16 3 35 35 -11 -72 -16 0 -3 47 -69 -57 20 14 47 -23 16 27 38 -20 45 39 -18 24 49 7 -18 28 55 6 69 6 91 -42 3 2 20 34 12 3 41 -25 25 6 37 8 -18 46 39 13 9 45 -55 -32 -24 47 -1 6 47 24 -17 -22 52 -38 -28 48 -27 -46 37 -64 39 -45 -19 -56 34 25 -38 2 -35 8 44 4 -4 -50 -10 -21 19 18 -18 -82 -44 31 -39 66 45 -13 2 -20 59 31 -51 14 -1 42 10 19 -43 -50 48 -62 -2 -29 -101 11 -58 -7 6 2 -29 69 -73 56 -3 5 73 53 48 -19 -19 -43 27 -25 24 14 29 -13 -30 -20 -53 18 28 -28 23 4 42 32 -54 -7 -13 19 60 -14 18 22 11 -4 14 15 54 34 5 -61 -41 -10 -46 64 -14 -28 11 64 -25 29 11 18 -40 38 20 -46 14 47 -17 18 -1 51 17 -6 14 16 -20 -2 60 -59 28 17 -31 1 -39 -6 37 -9 60 48 -33 1 -36 10 -16 7 -25 8 23 -33 -35 45 23 -11 31 -10 14 -2 -13 8 39 27 -15 25 -24 13 -40 -27 8 2 -21 11 13 -29 19 35 7 -50 -18 58 42 -73 42 70 14 14 13 -15 -23 7 14 9 33 3 35 65 34 6 38 5 -17 -48 -20 5 -7 41 -4 -27 11 19 -32 -51 27 61 -44 5 13 88 -10 -7 78 -51 46 42 18 -11 40 60 39 32 15 22 18 11 18 33 -46 -67 15 -59 94 -32 20 -26 9 5 0 73 -14 -1 -23 3 6 6 -40 19 19 44 20 3 8 3 68 -29 7 8 -64 -32 17 -50 21 3 18 15 -46 -1 29 -24 -17 10 -62 -10 29 -45 -36 -42 -7 -46 9 28 14 -39 7 30 29 -29 -37 -1 46 -28 20 -28 31 37 16 -18 -38 9 -23 -33 -8 -28 64 -17 -14 2 -47 66 -1 -7 32 41 13 -27 -82 14 37 2 15 -62 79 -31 -54 58 -54 -19 33 -1 -3 16 29 -15 15 -30 54 12 11 5 -14 -41 30 12 -58 -58 -35 -30 -15 -61 -49 14 -23 43 -61 -2 14 43 -30 -1 54 -48 5 -4 25 5 -48 -14 23 18 72 39 25 38 -8 -41 -68 17 -43 34 -12 2 -36 -52 -16 4 36 -26 13 -1 -63 22 -42 49 -17 27 -21 30 -45 19 -7 50 -43 -30 13 -35 21 4 2 -60 55 -5 -13 10 25 19 -19 45 -7 13 -59 -28 -49 10 -17 -16 -1 -19 -37 -56 31 -2 40 -14 -20 -15 -25 27 26 -52 -6 37 -12 -36 6 8 -23 -74 -52 78 3 16 -53 -12 9 26 -29 -3 -26 -3 17 -31 -7 -74 -43 53 96 45 29 -67 -3 58 0 30 20 -29 -73 -13 -87 14 33 -52 1 -5 46 -3 7 48 -48 -20 -29 -58 -32 -37 -17 -16 -22 32 -19 -18 22 3 -35 -28 28 12 62 43 -45 -31 -12 -7 -5 -38 5 -71 41 36 -29 45 -29 -24 15 -16 7 -2 47 -49 -49 -25 -21 7 -54 7 38 -49 20 -21 -79 55 -76 5 13 10 -29 44 1 -18 -5 -15 46 52 21 -21 20 63 29 0 -7 35 21 -3 -10 -27 -9 53 7 -61 45 -25 20 37 -26 9 -38 34 2 30 -46 42 4 9 24 21 -11 -52 -17 7 -3 -21 -8 -60 0 -16 26 -5 -21 -23 0 13 84 24 -50 34 -36 52 -82 -38 -56 -23 -31 -36 -89 -27 8 -58 14 21 -8 -17 -67 -8 -34 -68 36 33 44 -26 -55 -20 -14 -49 62 -20 23 -51 -3 -33 33 8 73 5 21 -27 46 0 17 28 48 38 18 -10 -11 -11 8 5 -20 6 -54 -17 -90 0 -16 29 18 -16 28 50 -6 -14 -37 0 51 -56 -45 -15 17 35 -11 -1 -7 40 20 46 37 33 36 -73 10 -8 52 0 20 10 -40 -17 18 12 -35 -46 -63 32 -27 -30 -21 -36 -68 -8 23 32 -63 -13 52 -82 2 0 -1 1 43 -36 22 -23 36 -47 60 -1 21 65 -55 35 -7 34 6 -53 23 -17 -3 32 -57 -31 60 33 -55 -14 15 1 -26 20 -20 -23 -4 17 -1 44 10 -70 2 26 -33 -15 -55 29 -8 20 -12 40 80 43 -16 21 -7 70 28 -15 31 -33 23 -14 -17 -57 -63 -81 -24 15 1 -22 -34 19 10 -6 -15 16 57 -37 38 -10 -25 -48 -30 15 68 -18 -19 -76 -22 48 -15 22 2 23 -22 -41 -21 -52 7 -7 15 -83 -8 -32 48 -37 20 38 27 -17 33 -40 16 35 22 -29 -2 21 -5 -21 -44 6 30 63 20 9 5 6 16 17 -26 -4 -54 0 -72 -31 -46 -91 13 -25 -45 46 -31 18 -59 -20 -25 31 -34 -36 35 -11 -6 -52 -21 1 28 -26 -38 -41 15 -52 6 -13 -50 1 -28 20 -64 20 -35 26 28 24 19 -33 -38 -27 11 -50 -21 -39 -8 -67 55 -26 21 50 -31 2 -29 65 -21 -47 50 -18 -42 22 32 60 20 17 -14 9 -33 -27 -67 -3 -34 32 -31 -28 59 42 9 -50 -17 -47 -3 31 28 -9 118 48 20 44 33 42 -22 37 32 71 -33 -42 42 -24 -55 -35 -2 78 -67 -18 35 33 46 1 19 7 44 30 73 48 31 51 -18 8 0 5 14 23 -20 -8 12 -65 66 25 -11 44 62 -20 1 -36 -99 -12 -32 -27 3 -28 49 66 58 -13 -15 35 7 0 1 -27 -15 21 70 8 -28 16 32 1 28 31 49 0 56 -36 12 14 -49 14 -50 -18 -48 8 -15 -26 -33 -51 35 -71 -45 2 -30 -64 -41 -9 23 1 -26 32 -53 -15 6 62 -42 46 -16 21 14 7 -5 29 -40 39 28 -14 -3 -7 -58 30 -20 -13 -7 -56 -1 -23 -47 37 55 -39 -7 -3 12 -9 5 19 8 2 4 -26 39 -20 -25 1 -4 -6 -23 43 -77 17 46 -7 -54 10 -46 11 4 20 24 -53 -42 -39 17 61 -26 5 4 -6 -44 9 -13 -27 -9 10 -44 -47 25 -8 33 64 33 10 -10 28 0 66 -24 -5 49 -42 -21 54 -33 24 49 -19 3 -8 54 51 -24 28 -25 32 -32 -24 -80 -12 3 45 11 10 9 65 -31 17 -23 -29 -15 60 12 14 10 3 17 -8 -2 -52 -43 20 -35 43 -17 -69 -1 22 -47 59 -14 18 -49 -103 18 -68 -46 -54 25 -7 81 -3 -31 11 -36 -1 -46 -9 -52 -1 -15 -17 4 -3 18 -38 6 50 10 33 -40 23 -4 28 -19 -38 -16 -35 40 16 1 -68 -11 -23 -31 -30 -31 -54 -11 -47 30 4 -3 -15 -31 -57 6 -8 -14 -32 57 -3 74 -19 5 -48 11 32 -1 -30 23 -36 -39 20 -17 18 1 -24 -31 -98 37 0 -29 -19 10 -21 13 13 12 -4 3 -43 6 -40 2 -10 -19 28 77 -10 21 24 -19 -5 -12 53 82 30 17 9 -50 50 78 -17 -28 42 -22 -12 -45 58 -5 44 -15 -66 10 49 26 -30 14 1 82 42 -20 8 19 2 3 52 54 -25 -35 9 42 -18 32 -25 -44 21 -2 -44 -3 32 11 -36 66 -13 50 -10 26 49 8 -2 -23 67 -4 41 26 0 -40 13 -25 21 28 0 -12 -10 6 -49 -40 38 -46 29 66 12 5 58 -8 32 -17 -7 51 -37 -13 -39 -4 76 -33 -34 5 -22 11 25 -4 42 19 21 11 52 -21 -23 -8 -37 50 -84 -31 22 -37 -1 -12 52 -2 -12 19 -14 -3 72 -19 1 26 16 10 -26 -33 39 18 36 14 -66 9 -88 3 -29 -17 -25 -12 8 -1 -42 69 -67 -43 1,0 1 0 0 1 1 1 1 0 1 0 0 0 0 0 1 0 1 1 1 0 0 0 0 1 1 0 1 1 1 1 0 0 1 0 1 0 0 0 1 0 0 0 1 1 1 1 0 0 0 0 1 0 1 0 0 1 0 0 1 1 1 0 1 1 0 0 0 0 1 1 1 1 0 1 0 0 1 1 1 1 1 0 0 1 0 1 0 1 0 1 0 1 1 0 1 1 0 0 0 1 0 0 1 1 1 0 0 1 0 0 1 0 0 1 1 0 0 0 1 1 0 0 1 1 1 0 1 0 0 0 0 0 1 0 1 0 0 1 1 0 1 1 0 1 0 0 0 0 0 0 1 1 0 0 1 1 0 1 1 0 0 0 0 1 0 0 1 1 0 1 0 1 1 0 1 0 1 1 1 1 1 0 0 0 1 0 0 1 0 0 1 0 1 0 1 0 1 1 1 1 0 1 1 1 1 1 0 1 0 0 0 1 1 0 1 1 1 1 0 1 0 0 1 0 0 1 0 0 0 1 0 0 1 1 1 0 1 0 0 1 1 1 1 0 1 1 0 1 1 0 1 0 0 1 0 1 0 1 1 0 0 0 1 0 1 0 0 0 0 1 0 1 1 1 0 0 1 0 0 1 0 1 1 1 1 1 0 1 1 1 0 1 0 1 0 0 1 1 1 0 0 0 1 1 0 1 0 1 1 0 1 0 0 0 0 0 0 0 0 0 0 1 1 1 0 1 1 1 0 1 1 1 0 1 0 1 1 1 1 1 0 0 0 0 0 1 0 0 1 1 0 0 0 0 1 1 0 0 1 0 0 1 1 0 1 1 1 1 1 0 1 0 1 0 0 0 1 1 0 1 1 1 1 0 0 1 0 1 0 1 0 1 1 1 0 0 1 0 0 1 0 1 1 1 0 1 0 1 0 1 1 0 1 0 1 1 1 0 0 1 1 0 0 1 1 0 1 1 1 1 0 1 1 1 1 1 0 1 1 0 0 0 0 0 0 1 1 1 0 1 1 1 1 1 1 1 0 1 1 0 1 1 1 1 1 1 0 0 0 0 0 0 1 0 0 1 1 0 0 0 0 1 1 0 0 1 0 1 0 1 1 1 0 1 1 1 0 1 0 0 0 1 1 1 1 1 0 0 1 0 1,-26 -39 42 8 -12 -39 25 -22 -13 -41 28 12 -55 -60 39 -26 5 17 -88 3 35 13 67 37 20 -54 -6 -8 -21 7 -9 -6 22 17 66 -61 -7 -35 18 -24 -4 51 51 -17 5 -30 -29 54 72 34 31 19 84 1 8 -1 -1 13 37 -43 -27 -50 35 -93 -29 1 3 2 27 -17 13 -17 -37 -9 -41 9 6 -4 20 13 5 -55 14 5 3 62 -14 44 -113 8 0 22 -109 14 36 -61 11 47 21 13 -6 20 14 -10 -14 -56 78 24 19 48 -41 -44 -14 -12 3 -56 27 18 93 -68 -37 63 8 -68 -47 -79 45 -22 57 -16 -37 71 3 23 -24 -48 -24 31 -16 1 -6 -5 -122 53 -55 6 17 92 3 74 10 -6 -47 61 -4 -29 -17 65 -60 -53 16 17 0 -6 -29 -5 75 -36 -33 -8 0 -3 -22 20 -14 41 46 -50 9 -16 -6 -3 -42 34 34 -16 27 99 -51 22 54 -1 25 -15 36 -21 29 -16 -17 -17 15 -9 -23 2 -23 -39 -7 36 -15 119 -10 6 -50 67 11 -18 -74 -5 -13 32 -38 47 24 -28 -25 48 -4 -16 72 17 -26 -12 20 -24 -27 -12 6 -15 13 44 -56 -30 -26 15 35 -49 -95 -7 -27 -119 11 7 -52 63 3 3 -20 -35 -16 -30 -4 44 55 -13 -2 -48 71 25 79 25 -8 75 4 -53 34 -3 -13 -28 -42 33 -39 -14 -65 -68 15 10 -41 20 -28 -14 -29 35 -5 -10 -25 28 0 12 -31 -29 46 57 -8 -33 -3 -7 -24 72 51 -28 41 -86 1 -7 -11 21 58 -14 -62 -19 48 39 -35 -54 33 3 -1 -19 -22 15 -3 -56 7 23 4 50 -78 4 -56 -18 -81 -28 -27 31 -12 65 17 -31 -1 -17 4 2 13 25 -17 -20 -27 -83 17 2 28 2 -1 -46 8 -27 -36 18 27 -54 103 9 21 -62 -31 4 -39 -15 -14 4 39 -17 -36 -20 34 81 -23 32 -11 17 -38 -10 -53 -60 35 18 5 -20 -4 -1 -30 34 -11 48 -18 11 -45 37 -57 -35 -100 -53 -19 15 -22 -22 -16 9 0 -32 34 -16 61 -27 -10 -49 0 -53 -23 -48 -48 99 -21 -41 -54 -72 -98 -2 -30 31 85 14 78 6 33 -18 -18 -15 -18 45 -23 -19 -75 -2 -48 -36 -39 1 -21 11 67 0 -137 -14 -101 -27 -51 -7 -29 38 67 63 6 -49 -19 -29 -64 -41 12 15 31 23 14 -51 17 17 -30 13 -12 9 -62 -1 19 66 -82 2 -34 85 -15 -12 5 3 15 -39 47 -53 -83 -12 5 -57 30 -27,116 -57 38 10 -88 -70 -33 -72 67 40 7 45 69 83 9 -14 26 -63 -27 -107 83 -1 98 72 -58 -37 105 -10 -26 -42 8 11 39 -51 9 3 69 56 49 -59 52 -13 65 -48 -38 -97 -72 23 84 14 -8 -82 8 -21 15 69 0 81 -25 -26 -18 -52 42 11 -48 17 32 79 107 -138 -124 -56 -98 104 -64 120 69 -91 -53 -93 -64 -73 129 33 -51 30 -42 0 44 63 -26 28 11 -16 -23 -34 -19 30 26 8 5 27 4 -43 13 -16 -58 -2 -53 27 42 22 26 12 -35 -38 80 -16 11 55 2 6 28 28 -68 -19 22 0 36 24 42 -45 28 -42 24 10 46 37 -60 -33 58 2 -9 36 -82 8 94 81 30 26 -10 5 -29 -25 6 -22 -3 -5 8 -24 4 4 59 47 -39 33 -6 -29 -22 31 -36 84 -78 -72 53 -98 65 -44 -67 -76 -81 -67 94 42 -32 -117 64 23 -83 81 -19 -34 28 -71 139 -53 16 -128 -170 -79 -17 120 -65 -44 -96 -91 -125 158 -163 47 131 122 -106 -81 29 -86 -109 -91 -91 32 -42 26 33 -38 33 49 -14 43 43 61 6 34 -11 22 -19 -19 6 -7 24 55 -74 -134 -104 -101 123 -94 -170 132 -124 -89 80 -79 64 -55 -26 23 18 36 -34 -14 40 44 -14 -19 36 39 53 63 11 28 -69 73 -118 -30 -100 83 115 -65 45 -26 19 87 13 -32 -44 -40 -57 16 4 12 21 36 -27 24 17 -26 44 -52 -58 -101 -20 37 11 -61 -35 66 -22 78 -53 -78 42 -118 72 39 72 65 33 50 122 67 94 104 -165 -152 -129 144 -150 -172 -121 85 -148 -111 -105 85 -101 72 -40 -120 -66 -75 -77 77 40 33 39 32 -96 59 102 -72 -52 114 47 166 133 -150 -159 183 142 -138 101 159 -115 -76 101 -158 -107 -86 -174 -104 124 -49 20 -76 92 26 65 -20 -50 32 -54 -60 -14 -53 2 9 -77 92 -23 25 -33 65 -46 -31 -50 8 33 19 26 2 -10 -11 -112 -55 -68 30 -70 109 -52 58 -54 -92 103 -17 37 -70 -62 -67 46 93 -64 -60 -1 27 -66 -45 9 12 22 15 -77 51 -15 -77 -30 -39 28 24 -56 -39 6 35 -18 62 -15 31 -10 -37 -36 17 -4 -22 25 -42 26 -17 -8 19 -13 -12 -2 -1 54 13 -20 -13 27 58 29 32 9 -51 -5 -40 41 56 -25 -4 77 64 51 56 -52 -91 130 88 -106 94 -87 105 -72 -110 -77 41 -23 -54 31 95 14 34 15 42 -32 -83 -49 52 -14 85 47 -26 6 -31
512,2,35 -67 -19 21 -42 -69 -61 48 -15 -62 9 -40 -3 -93 -37 -37 -11 -28 18 -11 22 1 10 -12 -54 -21 -47 -96 30 -20 26 -35 20 0 -59 15 -16 -40 13 -59 62 -35 17 -57 -35 -20 -28 -16 2 61 -17 68 12 -98 46 47 -6 -37 22 -52 -2 28 -114 -51 34 62 -51 41 21 -12 -45 -46 -38 -24 58 -23 -48 63 -4 -35 25 -45 8 37 99 -58 53 -16 -22 -11 -53 29 -53 46 -9 24 45 -32 -8 -21 15 -56 -16 -3 -41 -63 54 -59 40 11 31 33 44 -80 -40 -8 21 28 -6 3 10 62 -30 -65 -39 -7 -26 44 -20 -20 24 -14 83 2 43 -46 -47 15 7 -26 23 -42 -66 -8 40 8 17 42 -34 -45 -29 -44 37 8 50 66 -9 -62 -43 25 5 42 74 -59 5 31 49 -43 46 2 -39 -28 8 -7 15 20 -18 64 -75 -14 -14 -44 -14 -54 -13 75 -59 -11 -55 -21 -67 62 7 19 -67 -66 -39 0 23 -38 -19 16 -19 -78 -27 19 5 17 12 -28 60 86 4 2 37 -9 -24 33 21 13 -4 -54 18 -16 -36 -30 -16 -20 43 -48 -16 20 -8 24 -13 -22 3 34 -46 72 63 -5 37 13 31 -26 -42 30 -10 13 72 -78 -47 -28 39 -25 -16 7 -19 83 7 47 -13 71 8 29 0 -66 -49 -52 -16 -1 90 -53 -1 17 39 -19 22 49 -24 -30 -42 42 53 6 18 -50 25 13 18 38 30 59 16 -6 -1 -35 51 -44 12 34 6 -78 -31 77 30 37 -13 -82 42 -32 31 -19 -39 12 -13 -31 51 -4 6 36 -15 -7 44 38 43 54 14 -13 -66 93 0 -21 -42 -21 -27 -19 -24 5 -25 13 48 13 19 -15 -2 -60 -43 33 22 11 26 -21 -8 80 -12 5 -10 1 -16 -46 29 31 -61 42 -15 -51 -38 -14 -49 24 -12 -19 -62 -84 10 70 -11 -32 -87 -24 46 82 -30 35 32 22 -81 -34 -42 -20 85 -47 -13 82 77 34 -36 -34 -48 -35 -40 110 14 34 1 -21 63 24 -40 -13 40 -67 -33 19 -24 43 -16 -34 24 60 -50 35 -46 -59 -33 32 -3 80 -28 61 -2 -50 61 -34 -87 -5 -52 34 -29 -53 -56 51 29 7 -32 -46 -53 -46 64 3 41 30 -92 45 8 50 18 94 12 32 13 1 21 61 46 43 59 26 32 2 -60 -65 -57 17 12 19 39 -31 -30 -13 30 -4 -65 -42 -20 33 -23 -14 -53 -15 -28 -87 9 -39 41 67 -86 -46 -66 -38 -57 24 52 23 16 -41 -8 -49 15 -30 73 24 55 -53 32 48 -80 7 1 -22 -44 -31 43 -70 -23 -5 71 -27 12 63 27 37 1 -9 92 21 66 -9 30 -3 -49 10 -24 -40 -74 -7 42 29 47 -26 -17 -1 -23 -4 -50 -51 47 14 -47 59 -7 -14 -31 -12 10 0 39 42 53 -36 40 -48 -47 -41 48 31 29 -4 58 -18 14 -79 -1 -47 71 64 -1 -38 42 20 -31 -8 -62 -33 53 -35 30 34 27 32 -45 74 81 31 -57 13 -19 -4 -42 -18 30 89 24 -35 -2 23 50 34 27 88 -83 -36 21 71 -19 -1 -63 32 64 73 -51 -17 -6 51 -3 28 -4 -58 -5 -11 -39 -69 -6 6 -4 -28 -1 29 55 66 -80 -4 4 37 7 -11 36 -36 12 -52 -72 19 66 -18 93 -14 19 45 -46 26 82 -37 58 -21 23 67 20 -70 19 59 15 45 -12 70 40 -20 32 26 -80 -41 -16 -22 -7 83 -23 60 -29 -81 38 -31 -27 -8 -17 -13 1 -32 -64 5 67 -17 2 -30 24 -47 30 -5 44 -14 48 4 50 3 15 -10 -59 -15 -5 25 35 -41 5 -53 -66 -72 19 -25 -21 -66 29 69 52 46 -8 -50 7 -48 5 19 -22 -57 80 -55 46 77 56 -49 71 0 36 57 22 -11 -64 -49 -7 -75 45 -87 16 23 -37 -25 6 26 0 -18 -7 -26 50 -6 -48 32 24 37 56 44 17 -28 51 -38 16 77 39 -70 62 -8 -60 -60 -36 0 19 54 5 -73 -36 -6 -39 69 -7 15 -48 -25 -22 1 -19 -9 -2 -36 -47 -21 35 3 31 -15 -25 36 23 -18 51 -24 -36 -33 -1 13 68 -42 41 -53 -35 8 -48 -36 -8 84 21 -4 10 21 55 31 22 30 32 104 12 -79 6 -22 14 -66 32 -2 2 49 -57 -10 -50 15 -56 -16 -47 -40 5 77 -22 -49 -64 -11 -18 -7 -6 -72 17 -30 -20 8 -8 -11 -27 -65 36 15 -39 -71 19 -65 6 5 -23 18 -55 46 -24 -70 39 20 -12 30 -9 26 32 7 -12 21 1 -30 -20 31 97 11 44 49 51 -49 -45 -43 -94 -81 -13 -19 -85 25 38 89 3 -54 -43 5 -11 -12 -31 25 75 -14 -22 50 33 5 -43 -32 -68 -35 55 0 84 -4 -45 9 23 -20 66 49 11 45 52 19 -2 22 32 21 8 -66 -23 -20 50 -44 57 -67 -47 -22 3 38 14 -2 -3 -51 -40 45 -12 58 61 -97 -49 2 0 -22 -40 -3 19 31 -17 -11 -14 -59 66 -31 10 -3 36 -1 60 25 -5 39 0 23 -16 19 -56 -31 33 70 -42 -11 86 22 -12 -15 63 40 39 12 -49 75 -16 24 8 -22 85 -23 -6 -14 5 2 -12 19 -19 -38 -89 28 12 78 -6 47 70 -2 16 -51 -96 112 57 -15 55 35 -7 23 27 48 -5 -19 -22 62 -5 56 -39 4 14 -30 39 -20 -22 -1 -19 23 30 31 -37 2 73 59 -20 -24 22 11 -31 6 35 -20 -7 -9 -11 -12 28 17 15 -46 -36 -6 7 -24 -42 15 -102 -41 70 53 -30 -38 12 84 7 -30 -6 -71 55 -47 22 19 63 53 -61 -38 -67 34 6 32 2 -57 -20 22 9 -17 11 52 48 31 58 -50 57 14 -49 47 -26 40 -79 68 24 58 107 8 50 49 29 -81 29 -6 -74 45 -13 -11 -50 -46 12 -46 48 -30 -14 -6 20 -13 -44 -56 -37 9 -29 58 73 54 52 -19 -85 -1 25 -28 32 34 138 -43 -10 47 -26 -29 11 -21 29 2 2 -43 0 26 -24 51 55 -83 -10 -46 -20 -28 42 -13 18 19 -46 -35 -32 -69 12 6 115 -14 -23 -47 -16 -21 20 -31 -47 -54 7 34 -63 -52 -8 -48 17 3 37 50 -32 75 85 -67 42 -50 -48 -21 -73 -5 5 4 -49 -2 42 85 -27 -14 6 64 -112 -55 18 -5 17 -37 -6 19 5 9 -16 -61 -14 -60 -30 -53 -39 -7 -60 70 -53 19 -6 49 -58 -34 45 -33 -31 44 -17 -33 -50 47 70 -35 -55 11 -3 -24 27 8 -54 33 -26 86 -24 -18 -37 -26 -54 5 93 -59 37 53 41 63 27 21 35 -47 -14 5 -31 -42 12 -16 -31 -33 -36 -10 26 29 10 -28 -7 10 -10 15 10 -63 -19 52 21 -22 -3 61 12 0 25 37 57 -63 -1 65 32 26 -86 43 65 -29 -12 -55 46 -71 -71 -56 -39 -7 -46 45 7 15 -26 31 -13 18 13 21 -9 -28 0 -35 -33 41 50 76 77 16 -10 24 -8 19 -3 -81 53 6 -40 36 23 63 82 56 -16 5 -19 -64 -32 -67 11 31 -60 -49 30 -11 -54 -34 62 -29 24 -16 -44 13 23 -33 16 -43 -48 -24 58 34 -4 109 47 0 -16 53 20 -69 -25 -108 17 -23 -26 15 59 27 -34 1 -34 17 -45 28 -5 -28 43 -106 -79 7 110 26 -49 19 -40 -31 -4 -6 -31 -85 -9 33 21 -29 46 31 -7 43 22 3 11 16 11 52 -82 2 -40 55 -13 -48 16 -89 -4 -3 -30 -20 62 53 -25 -23 -58 39 48 17 2 -9 15 -12 -23 -66 -65 -26 -49 -32 -17 -51 -37 56 -23 60 45 -55 -34 59 -10 -14 -65 22 -53 -16 -10 -15 57 6 -20 -51 -37 8,1 0 1 1 1 1 0 0 1 1 0 0 1 1 0 1 1 0 0 0 1 1 1 1 1 0 0 1 0 1 1 0 0 1 1 0 0 0 1 0 1 1 1 1 0 1 1 1 0 0 1 0 1 0 0 0 0 0 1 0 1 1 1 1 1 1 0 0 1 0 0 1 1 0 0 1 0 1 1 0 0 1 1 0 1 1 1 0 0 1 1 1 0 0 1 0 0 0 1 1 0 1 0 1 0 0 0 0 0 0 1 1 1 0 0 0 1 1 1 0 1 1 1 1 0 1 0 0 0 0 1 1 0 1 1 0 0 1 1 0 1 0 1 0 0 1 1 1 0 1 0 0 0 0 0 0 0 1 1 0 1 0 0 1 1 1 1 1 0 1 0 0 0 0 1 1 0 0 0 0 0 1 1 0 0 1 1 0 0 1 0 1 0 0 0 1 1 0 1 1 0 0 1 0 0 1 0 0 0 1 0 1 1 1 1 0 1 0 0 0 0 0 0 0 0 1 0 0 1 0 1 1 0 1 0 1 1 1 0 1 0 0 1 0 0 1 1 0 1 1 1 1 0 0 0 0 1 1 1 1 0 0 0 1 0 1 1 1 0 0 1 1 1 1 0 1 0 1 1 1 1 1 0 0 0 0 1 1 0 1 1 1 1 0 0 1 1 1 1 1 1 0 1 0 0 0 1 1 0 1 1 0 1 0 1 1 0 1 0 0 0 0 0 1 0 1 0 1 0 1 1 1 0 1 1 1 0 0 1 0 1 0 0 1 1 0 1 0 0 0 1 0 0 1 0 1 0 1 1 0 0 0 0 1 1 0 0 1 0 1 1 1 0 1 1 1 0 0 1 0 1 0 0 1 1 0 1 1 1 1 1 1 0 1 1 1 0 1 1 0 1 1 0 1 1 1 1 1 1 1 0 1 0 1 1 1 0 0 0 1 0 0 1 0 0 1 1 1 1 0 1 1 1 0 1 1 1 0 1 1 1 1 0 0 0 1 1 1 1 1 0 0 1 0 0 0 1 0 0 1 1 0 1 1 0 0 0 1 0 1 1 0 1 1 1 1 0 1 0 1 0 0 1 1 0 0 1 0 0 1 0 0 0 1 0 0 0 0 1 0 0 1 0 1 0 1 0 1 0 0 0 0,-146 -67 -32 -100 -14 -82 55 38 -57 -200 78 63 -114 -57 144 -77 -150 86 45 111 -76 1 -46 -83 -22 -10 43 -20 48 -169 -16 65 37 1 -67 64 87 23 -76 164 -66 -66 -130 -98 65 -107 -115 -23 88 183 -89 27 -33 84 115 3 -31 48 -6 53 -40 -90 -53 -103 -80 -72 138 128 -110 56 108 -201 -72 56 -10 -91 89 -87 7 29 19 -77 -34 59 -37 -7 -58 36 42 76 -32 -177 22 61 -40 182 110 88 -4 -55 163 -202 87 -67 108 90 -16 19 107 58 10 -145 -60 26 55 95 -34 -23 -80 28 -182 -118 -80 -2 102 -7 54 43 42 88 -127 -31 31 -109 -125 96 125 -94 -249 116 -165 43 -149 119 64 12 -60 5 30 -10 -19 5 77 138 -32 43 -16 -107 1 58 -7 63 106 -70 -137 7 -35 -106 72 -98 184 22 100 172 -118 -77 -41 73 91 89 -31 -91 83 23 98 3 20 43 50 -45 164 -104 111 45 65 -155 -125 67 -12 -139 87 80 0 108 12 -132 47 105 48 35 88 -6 41 -7 -75 174 -50 9 -40 120 95 48 -27 -10 82 -103 67 45 -95 49 -68 -125 37 -28 86 -114 -91 -65 73 -16 35 7 -106 12 175 11 -50 74 -80 -42 52 22 43 53 48 90 -57 -95 -101 -120 42 126 177 -19 130 -75 -71 -183 -13 104 -90 29 -14 -30 106 -25 100 -187 81 -24 -89 -113 49 96 72 114 -44 -134 138 -10 -71 -67 -70 139 233 -78 -90 -137 -121 -96 21 54 -159 110 76 44 -12 -85 85 -23 7 78 -135 24 -116 -62 84 -94 66 53 53 90 100 -138 130 29 47 -126 111 -90 -8 -110 164 40 -178 -54 6 67 -50 163 -81 14 -40 -49 -69 44 -22 24 14 85 -51 10 45 -96 73 -74 24 -71 -78 145 86 146 104 -44 -75 160 145 -54 170 -52 6 -65 92 -63 34 -47 78 -21 7 43 -52 35 88 -100 -108 49 -83 -47 -120 -91 -119 -122 69 -88 -86 -44 54 -165 -90 -12 -59 -167 22 -9 -104 -89 -48 -107 -35 -26 48 -90 76 -41 -81 -47 6 150 111 -29 106 80 -97 108 45 -54 -68 -204 -50 63 -49 -44 -121 56 -74 -73 -86 127 -150 -40 -66 -85 77 -31 61 -68 -39 -91 -105 -84 118 85 -75 122 169 82 -199 24 159 -200 -31 44 -107 -192 89 89 8 -141 22 -1 -49 -29 14 -87 -34 -54 22 -16 115 -119 -18 90 -103 -85 113 154 -104 2 165 -261 70 34 208 -129 -1 101 118 48 -32 68 71 -96 63 -55 32 21 92 -58 170 9 77 6,-132 229 -164 -146 -122 -120 109 113 -80 -189 137 146 -131 -201 136 -128 -121 143 99 78 -37 -113 -133 -68 -59 88 -1 -52 133 -24 -60 28 66 -78 -55 23 43 104 -109 90 -97 -186 -85 -50 189 -166 -108 -178 180 92 -110 71 -48 70 145 6 37 18 -2 36 -19 42 -59 50 -59 -95 41 -23 -41 52 176 -84 -134 42 87 -136 188 -120 -107 188 134 -87 -176 161 -130 -91 -96 125 97 -144 -79 -72 113 126 -100 75 76 111 -110 -131 133 -194 153 -158 76 75 100 135 130 72 -142 -69 -61 25 4 -52 -11 20 -55 17 -3 80 -14 -75 33 -67 -48 -10 -4 59 -80 -38 121 -154 -60 134 88 -95 -72 59 -37 86 -120 159 109 -96 -97 -15 4 -93 75 12 21 122 41 58 49 -28 -90 29 -48 57 -53 -58 -93 -41 -147 -150 142 -89 90 160 139 93 -95 -102 141 100 58 93 37 57 -91 15 -39 -18 -29 48 3 12 79 -59 57 10 38 -125 -27 63 -26 -51 59 178 -165 110 122 -57 76 227 131 -46 68 -90 -79 -131 -128 11 -41 111 162 30 51 107 150 87 195 -48 82 156 -123 103 -199 -122 92 -184 29 -142 -93 -140 135 -124 157 -4 -147 168 53 -161 -178 238 -171 -97 -221 -144 175 98 96 25 -76 -57 -45 -47 130 118 108 -117 46 -126 -94 -8 56 -20 -29 -39 -20 -48 30 8 29 -23 -84 -35 -52 -49 20 107 16 166 -30 -86 77 -123 -149 -81 -71 40 30 -104 -68 -91 -104 -83 -71 23 30 65 87 -10 -34 47 21 8 -16 13 -2 21 -69 -42 10 -22 89 23 58 58 103 16 16 -77 109 -66 30 -69 -76 -197 77 -50 -60 -123 66 108 -138 143 -155 141 150 -114 27 118 7 -16 50 58 -141 132 111 -156 150 -49 99 -59 -103 59 49 -5 61 -82 -71 44 27 1 29 -20 -89 -69 59 -112 -53 -56 23 72 -148 77 -48 87 134 -128 -104 123 -45 -1 17 -67 -1 -93 51 -19 32 -67 126 -25 -54 102 -118 -62 77 -82 -112 -188 -91 -122 -95 -160 161 -155 179 -173 -151 -211 189 211 233 -183 92 135 -148 154 108 -66 -127 -178 -220 161 -192 -91 -130 209 -249 -157 -183 85 -192 -160 -148 -130 107 118 24 -72 -74 -12 11 36 -32 1 -12 36 96 68 -55 -13 131 -118 -72 54 -99 -7 49 81 113 6 20 -52 -50 75 -50 -56 -11 45 66 10 52 -97 71 121 -14 -105 22 -15 -32 44 25 -134 127 0 -6 -134 35 -17 17 6 -106 31 56 54 68 -82 68 -34 69 -72 23 60 17 72
512,2,-49 2 17 -2 30 -40 -34 -44 27 29 -4 63 32 -17 -7 -57 -49 75 41 -49 11 -27 70 -45 19 21 36 -58 26 -44 24 -11 -5 19 -56 1 90 13 27 29 -12 -37 -13 7 -69 51 -69 -54 -2 -1 6 -63 -84 -42 -58 -19 -39 57 4 32 -43 12 46 55 -20 -17 -12 23 56 1 39 16 48 -60 43 48 37 37 18 11 -29 -6 37 68 -7 8 4 -16 -110 75 -3 -14 40 -9 9 74 -14 59 -5 22 -35 8 22 7 -19 18 -21 -38 -8 -5 -27 35 3 54 38 -32 45 -1 21 -53 3 2 106 -41 15 10 40 -35 -22 70 35 104 38 20 -56 52 -45 -62 82 -3 -16 -32 20 -61 -11 33 -77 -76 119 36 21 -16 20 -2 18 8 -27 -5 -40 77 59 62 -19 19 -82 -67 24 -42 13 -26 -83 63 -24 -17 -19 -70 54 -13 48 -59 -23 -54 38 -49 -69 -40 -87 13 -17 4 45 -32 -77 17 -72 -23 37 -10 34 58 71 -12 1 13 45 71 54 28 32 -73 21 -109 23 4 -37 -67 -30 15 74 18 20 -30 -55 24 -44 -20 13 12 -10 24 51 19 36 12 56 -37 -25 33 -23 10 64 33 46 84 35 43 42 -36 5 -44 -68 29 -43 0 -37 -22 -20 2 0 -59 0 -5 32 31 42 -10 -7 2 -10 -40 90 10 22 80 -2 30 -50 60 68 -16 19 -23 -30 39 26 5 10 -69 -14 -21 -2 -83 67 -27 -15 38 47 -74 27 34 -39 46 15 -22 6 24 2 45 38 -12 -39 38 13 -39 -69 14 31 18 -44 -49 -10 -17 65 15 34 15 -82 -27 -22 83 -7 9 -8 14 12 55 0 8 22 -11 -13 53 -8 -73 8 42 -46 -34 -17 -51 -55 56 -67 -64 18 1 0 65 -41 56 -48 6 -60 46 -46 -8 23 61 -29 0 -39 -18 29 -32 0 40 58 -51 14 14 -47 -64 -2 -5 -30 34 34 16 -72 22 29 -28 93 57 43 -13 53 34 1 -32 16 -8 -19 106 -9 -18 30 -18 39 50 53 -52 70 -14 -16 -42 -5 -7 2 -40 -33 -41 2 81 27 -22 52 8 50 21 20 22 -22 4 -24 -31 -13 29 -39 77 28 7 -41 -56 37 -28 -65 6 34 28 -38 6 34 12 -71 -58 -7 -70 -42 -3 13 -33 -39 -42 -3 -31 -19 -9 -105 -38 -35 29 14 26 28 -1 -9 25 -36 -81 17 -31 11 27 23 -47 3 -74 -61 54 -72 13 -64 7 17 22 10 -47 -68 -49 -57 3 -4 40 -36 58 -76 -20 72 -66 45 -42 -46 45 5 -39 2 23 86 -46 45 58 47 -12 50 -66 24 -30 47 -37 -8 14 -28 14 -96 -19 33 24 -106 1 94 39 -69 -27 -20 29 -32 -79 -23 35 -25 68 -15 -27 31 -23 9 -74 -50 -9 -23 14 56 8 -27 -53 -28 -37 -83 15 43 43 -39 46 -67 -45 57 68 -37 -28 30 66 -8 -22 -71 -43 25 20 60 -56 -17 -38 39 8 -66 -7 -14 40 -49 -57 -2 33 -63 -5 -32 -43 55 39 -60 20 75 61 -13 8 -24 49 -21 29 -16 46 -66 18 -39 56 -23 34 8 -81 48 63 71 20 -2 -25 -50 -1 52 -69 -15 -29 61 -55 50 -38 -36 28 -40 22 -64 -52 -16 -31 5 -16 28 14 60 39 -50 -27 48 73 13 15 -71 -36 30 -2 77 37 36 9 76 -61 -60 20 7 32 54 -3 -8 42 -8 18 -40 -7 70 -18 -6 -87 -19 -57 30 35 38 23 73 -1 20 -24 15 9 33 22 -19 -12 5 69 36 -87 9 -18 -19 71 62 -108 -11 19 7 -27 -49 27 -19 -64 -41 85 -57 45 -16 -29 -7 19 -14 -35 68 34 26 -27 -43 22 22 -27 28 72 10 -22 62 31 -60 61 30 -1 23 23 47 -15 -75 -23 -42 -7 -29 66 4 15 -21 -18 -56 -53 -52 80 -29 -14 30 1 -60 60 -44 -17 4 -21 20 9 16 -20 -42 31 -47 57 -36 -35 32 -2 2 -28 8 76 45 -49 5 -117 -63 43 -27 42 81 -75 -36 -25 -37 29 39 58 28 -55 26 -55 -78 -48 39 -18 -11 -19 -48 -17 9 40 68 -7 -67 52 30 34 -39 -45 -53 -32 -16 52 -27 -12 23 30 33 74 -10 -34 -17 -4 29 -26 -16 -62 14 59 60 -21 16 -59 -16 58 -30 18 -77 12 16 27 55 -22 56 -61 -2 -47 -16 60 11 43 -46 21 -13 79 -56 9 1 -24 40 -23 -44 31 0 45 111 -8 72 -49 -53 -63 45 31 94 23 47 -30 75 -88 -92 45 -9 -20 -61 11 -58 33 54 24 -13 -4 15 -23 -57 27 36 -28 -13 29 -13 -24 -20 19 -38 -15 58 16 73 70 49 31 -9 -52 45 -50 -21 -55 -30 -4 22 -59 -22 -18 70 53 -26 1 -81 -67 6 -5 38 45 21 -32 -23 47 -69 3 24 -22 -55 -7 22 -12 -23 -12 -6 -30 -23 -3 62 -29 -74 -38 -25 -55 31 61 -76 14 30 36 -85 -28 -31 28 42 83 -41 14 -29 4 -70 27 -5 38 -111 13 69 -54 56 24 51 -6 75 -27 -16 1 -11 -91 35 -69 19 24 36 -4 -13 20 -25 20 -6 -33 56 -24 -21 56 -53 3 -49 -36 -73 -35 -67 61 -34 69 -34 72 -41 5 41 -61 -18 -26 -18 73 66 -15 34 -3 -19 56 -80 14 36 -27 -31 11 -54 25 36 -71 64 40 -12 -6 -32 -59 67 -73 23 17 -11 10 22 -13 -57 5 -80 42 14 -59 3 61 22 -87 57 -62 -38 -10 62 11 -41 -37 22 34 -41 -38 39 67 41 19 66 31 -30 -79 9 -52 -25 48 36 57 -38 30 -68 -42 -49 -31 36 -128 -60 -45 -2 -88 -17 53 -42 -13 -31 0 46 26 -49 71 58 35 65 7 -33 -3 28 -10 45 25 4 81 -24 -20 73 -5 13 40 -14 16 43 -47 -18 0 22 -112 36 -1 -46 11 -69 92 -4 -37 3 1 -18 25 -13 -5 -16 7 10 70 -54 23 21 -38 41 24 37 -71 20 62 34 -28 -15 56 54 39 18 22 8 -40 76 20 -16 -40 47 67 2 29 10 -44 60 10 -15 -3 34 -10 -55 -40 57 -19 -1 30 26 2 -33 0 42 -45 -10 35 31 -66 -46 -35 -23 30 43 35 -1 34 13 30 -6 50 17 68 42 -16 47 -39 -29 -75 -28 -35 -16 1 -11 -20 -20 50 16 6 13 52 -32 -18 47 -58 44 -53 -43 -8 16 -23 -27 17 -16 31 10 10 -43 20 64 -4 -64 -69 47 10 65 16 65 45 -7 -31 33 64 20 -41 54 55 -4 -33 -11 41 -37 -81 38 29 44 -21 -21 30 32 15 -25 -4 60 -48 -37 -19 -78 15 10 70 -29 -47 -13 -5 65 -43 27 0 -14 -42 -18 -9 -43 -42 22 28 -18 10 -20 -5 -24 43 13 -39 -67 -23 38 -13 14 -16 -34 29 40 -60 -34 33 -60 -70 20 59 32 38 -97 -16 38 -63 -81 31 30 -33 40 0 64 -110 24 24 -64 -5 -30 -6 -60 -51 9 30 24 -19 45 16 37 -22 -66 -26 -22 10 -64 43 -4 42 65 -23 -116 -17 44 38 17 -28 37 36 -67 -21 79 -63 19 -69 1 -15 20 4 52 46 17 -15 -39 39 9 -16 -34 -62 -43 -53 -68 22 24 -8 45 -26 52 8 21 -45 33 -73 -45 -50 -43 59 -39 28 67 70 -12 -31 12 31 21 -48 38 -9 62 72 12 29 -53 49 -34 47 19 -68 48 -7 18 -71 -2 -7 41 -71 13 -16 -22 -1 46 10 88 -49 -85 -28 -31 -31 -23 2 -20 -58 83 -84 40 13 -51 79 -58 -69 -77 16 -11 74 -24 -5 38 22 -16 -91 26 -39 -44 0 63 19 -39 -71 -8 22 -24 21 -54 3 -39 -47 7 -12 -36 -23 14 -18 6 -42 19 66 -50 94 -14 -4,1 1 1 0 1 1 0 1 0 1 1 0 0 0 0 0 0 1 1 0 1 0 1 1 0 0 0 1 0 1 0 0 1 1 0 1 1 0 0 0 1 1 0 0 0 0 0 1 1 1 0 0 1 0 1 1 0 0 1 1 0 1 1 1 1 1 0 0 0 0 1 0 1 0 1 1 1 1 0 0 0 0 0 1 1 0 0 1 0 0 0 0 1 1 1 0 0 1 0 1 0 1 0 0 1 0 1 1 0 1 0 0 0 1 1 0 1 1 0 0 1 0 1 0 0 0 0 1 1 0 0 0 0 1 1 1 0 1 1 0 1 0 0 0 1 1 0 1 0 1 1 0 0 0 1 1 1 0 0 1 1 1 1 0 1 0 1 0 0 1 0 1 0 1 0 1 0 0 1 0 0 1 1 0 1 1 1 0 1 1 0 0 0 1 1 1 0 1 1 0 0 1 0 1 1 0 1 0 1 1 0 0 0 1 0 0 1 1 0 1 1 0 0 0 0 0 0 0 1 1 1 0 0 1 0 0 0 1 0 0 1 1 1 0 1 1 1 1 1 1 0 1 1 1 1 1 1 1 1 0 0 0 1 1 1 0 1 0 0 0 0 1 1 1 1 0 1 0 1 0 0 0 1 1 0 1 1 1 1 1 0 0 1 0 1 1 1 0 1 0 0 1 1 1 0 0 1 1 0 0 0 0 0 1 1 1 0 1 1 0 1 1 1 1 1 1 1 1 1 0 1 0 1 0 1 1 0 0 0 1 0 0 1 1 1 0 1 0 0 1 1 1 1 1 0 0 0 1 0 0 0 1 0 0 0 1 1 1 1 0 1 1 0 0 1 1 0 0 1 0 0 1 0 0 0 1 1 1 0 0 1 1 1 0 0 0 0 1 1 0 0 1 0 0 1 1 0 1 1 0 0 0 1 0 1 0 0 0 0 1 0 0 0 0 1 1 1 1 1 0 0 0 1 0 0 1 1 1 0 0 0 1 0 1 0 0 1 1 1 1 0 1 1 0 1 1 0 0 1 1 0 0 1 1 0 0 1 1 1 1 0 1 1 1 0 1 1 0 1 1 0 1 1 1 1 0 1 0 0 0 1 0 0 1 0 1 0 1 1 0 0 0 1 0 1 0 1 1 1 1 1 1,-298 -299 -280 252 -237 -229 235 -263 326 -131 -224 271 355 258 161 204 376 -260 -250 220 -90 238 -334 -52 193 69 241 -248 248 -161 2 238 -140 -122 92 -281 -287 314 163 180 -230 -333 229 235 210 346 166 -155 -254 -291 213 128 -237 116 -267 -194 250 268 -195 -172 313 -279 -95 -284 -181 -244 167 182 140 274 -129 220 -246 261 -236 -283 -185 -199 337 210 151 194 329 -251 -196 232 302 -56 75 308 190 110 -340 -239 -251 269 134 -250 237 -285 222 -185 218 211 -169 171 -154 -275 258 -232 237 349 126 -220 -131 208 -119 -82 263 243 -109 106 -186 210 279 228 304 -251 -270 155 316 263 185 -252 -215 -180 261 -245 -157 188 -174 214 199 262 -109 -259 226 -298 266 -203 -157 303 270 136 -40 -209 -258 286 120 -135 -253 -252 -368 118 -213 112 -167 277 234 -324 171 -170 264 -274 183 -148 186 197 -225 271 279 -289 -90 312 -234 -200 -75 348 -257 -211 159 203 140 -252 -139 -148 249 -271 -261 155 312 -175 223 -308 -289 195 -342 185 -238 -281 293 134 280 -266 113 148 -314 -172 197 -307 -205 163 270 235 116 132 230 204 -187 -244 -278 129 246 -231 197 264 226 -194 146 160 -110 -225 -294 274 -184 -138 -188 -326 -256 -271 239 -320 -116 -228 -218 -257 -130 -133 -227 237 249 143 -208 -194 -236 214 -215 228 210 283 295 -172 -285 -229 -174 278 -333 59 -167 190 406 243 -115 -255 50 -274 -265 -203 -255 -197 99 253 -223 169 -282 -218 -279 176 -252 261 230 -169 -237 -164 240 257 -254 -297 161 256 161 290 333 -246 -103 -173 201 -207 -333 93 -305 -234 -192 -76 -309 -232 -196 -275 -232 212 -274 248 -182 254 -244 -236 269 296 94 -190 371 124 -268 -226 -200 200 -313 177 27 -143 -252 -106 -5 -304 250 193 195 -236 212 143 194 -150 175 148 169 -189 -192 -323 -136 138 -195 -392 210 281 -268 -291 154 192 -249 62 204 -140 326 330 152 -154 -221 -293 156 309 -236 -316 -126 223 358 264 228 -145 -213 184 294 -257 221 143 -324 -224 116 -280 -194 117 233 228 -256 64 -51 288 304 104 152 -258 236 44 188 160 -263 -175 -210 -268 -233 266 170 198 -253 249 153 -215 -260 -336 131 143 204 -163 232 -112 241 235 -157 -57 -304 -198 131 -320 -242 145 -214 -224 155 164 -299 -279 321 234 -51 -111 242 161 -298 -232 -182 -222 350 -205 -152 -169 259 -253 -137 239 -207 -164 147 -302 -233 -97 -184 199 -219 124 223 180 -242 344 314 -279 232 -328 218 -291 -266 298 209 155 -228 69 -193 188 -298 -295 -79 -224 -220 -255,-221 -228 -135 162 -92 -162 224 -144 152 -50 -132 114 144 139 118 82 104 -215 -213 131 -173 169 -156 -169 227 184 110 -125 146 -125 140 91 -159 -110 151 -103 -121 120 136 33 -95 -81 164 172 110 154 211 -159 -113 -223 137 138 -133 147 -92 -147 126 247 -170 -253 186 -253 -253 -196 -149 -238 99 154 188 205 -235 228 -188 128 -219 -158 -174 -220 236 159 257 201 232 -233 -174 116 160 -232 213 68 209 245 -115 -124 -171 119 181 -184 148 -238 131 -153 202 182 -245 237 -226 -227 158 -201 105 158 119 -169 -163 210 -174 -145 146 175 -248 205 -151 205 219 216 262 -260 -288 326 235 304 263 -258 -257 -224 222 -256 -183 173 -134 194 118 156 -137 -153 78 -97 175 -111 -203 150 104 51 -61 -154 -222 165 66 -163 -151 -104 -194 191 -186 121 -217 155 104 -190 183 -146 68 -204 252 -235 192 284 -239 259 292 -217 -184 244 -195 -254 -243 225 -284 -257 236 286 204 -190 -114 -207 166 -112 -133 161 121 -150 191 9 -197 186 -118 172 -227 -210 221 114 254 -253 197 218 -195 -98 125 -114 -212 174 202 169 216 104 137 140 -166 -103 -72 122 107 -85 98 44 125 -114 74 76 -71 -36 -38 35 -82 -73 -110 -122 -51 11 91 -47 -168 -116 -111 -99 -123 -61 -165 58 77 163 -93 -159 -101 139 -14 165 153 68 19 -85 -143 -6 -170 142 -166 96 -94 155 84 152 -123 -183 39 0 -122 -118 -133 -111 221 241 -171 284 -120 -233 -137 161 -220 302 264 -227 -179 -134 145 171 -259 -169 157 202 173 235 154 -240 -163 -182 225 -149 -129 147 -245 -156 -211 -181 -140 -207 -236 -189 -221 164 -160 236 -204 96 -179 -155 143 46 146 -179 112 96 -83 -81 -156 159 -159 155 74 -69 -58 -119 -181 -26 64 194 187 -100 261 185 196 -201 221 293 234 -179 -259 -130 -259 237 -326 -265 204 256 -177 -237 130 74 -21 27 19 -2 -28 58 35 -47 -15 -79 28 51 -111 17 -110 22 -44 -7 81 -121 -4 141 154 -215 121 131 -154 -135 172 -203 -230 183 217 239 -246 159 -176 153 68 169 42 -126 74 140 172 57 -46 -85 -89 -56 -152 146 181 119 -21 125 113 -119 -107 -87 175 84 171 -191 91 -130 225 88 -173 -157 -166 -174 194 -214 -182 204 -171 -220 229 165 -248 -164 255 151 -191 -175 114 113 -217 -75 -101 -110 174 -95 -154 -43 122 20 -64 134 -92 -226 113 -173 -150 -242 -243 263 -137 264 181 247 -233 209 226 -128 217 -137 213 -268 -145 120 123 169 -111 20 -30 -87 0 -28 -76 38 8 -101
512,8,22 11 -14 15 -10 22 -51 27 4 46 35 -29 77 -35 -21 -31 77 -49 -35 -10 34 63 66 -37 -32 50 -16 67 -18 -29 47 25 -29 23 38 55 59 24 2 48 67 -17 -17 -2 -76 -113 -34 -112 -73 10 -21 32 54 -15 2 29 18 -17 92 -75 42 19 17 -53 26 21 -14 0 2 65 -59 0 -12 -6 37 54 38 -79 -28 -47 -47 47 35 -50 -18 -66 90 -13 42 48 -49 104 42 -21 6 -72 68 -70 45 79 2 -39 -31 11 -46 -73 40 -14 3 9 -28 24 20 -18 53 32 -41 -68 -23 -30 22 -4 3 -41 45 -47 -36 22 -22 30 9 62 -67 63 -2 36 -20 -12 11 11 -17 -8 3 19 -61 21 48 -54 10 51 -59 -35 17 43 63 -34 -71 -58 5 33 -3 -13 47 -7 -30 -46 13 13 62 16 -76 12 -38 -41 21 -86 -12 49 -53 -48 75 -64 12 -49 -59 12 22 -68 -26 -2 23 11 63 -38 -39 22 36 -2 -8 -14 5 -75 -61 2 32 40 72 47 -23 74 -56 15 -80 49 83 -29 6 10 35 36 -25 -8 -25 -14 -72 46 -12 -75 -3 56 37 24 -63 65 -23 35 -40 72 -9 -6 48 -54 89 -45 30 48 -24 18 50 4 -20 -17 19 -44 -14 -71 -3 17 73 9 14 -45 9 -28 -19 5 21 -40 66 -28 -26 42 -64 -53 -39 1 10 -33 -48 7 -57 28 35 -30 63 1 70 -5 -6 28 -45 74 62 54 11 8 -29 81 49 42 30 34 -62 -14 -15 -48 -75 4 -21 -86 -34 -26 34 -32 45 -48 22 75 -15 -21 9 44 60 28 -14 -64 -55 -28 5 2 1 -32 41 -27 -9 19 34 -37 19 -32 32 -36 37 -27 -31 -47 9 26 -3 69 18 13 7 -63 -2 -7 6 -65 9 -12 2 2 14 -30 -41 -28 55 28 38 -4 69 -6 45 -15 -48 -68 6 -13 60 -46 28 -44 -10 -24 -41 -10 -5 -29 -24 -49 57 72 28 30 36 22 51 74 11 -19 2 52 43 0 -36 -13 6 2 -16 3 -41 -24 -1 -70 -8 63 -26 40 31 -42 -34 65 92 -6 -77 -32 -65 -11 -37 32 -43 -48 -25 -4 33 -55 70 -21 -75 -7 6 93 -55 -45 -19 21 41 -11 120 -29 13 -29 90 1 9 48 -8 27 58 -12 -96 2 -22 -32 34 39 39 -19 59 -73 68 -78 90 3 -36 -21 16 71 -19 -42 8 45 -38 -54 -28 -46 -13 -10 25 4 40 10 51 46 42 -16 -7 4 19 29 22 -36 -41 -55 -34 -42 90 2 60 63 -24 81 61 29 -2 -34 -17 5 -89 -88 -73 61 -76 -101 12 -85 21 -88 15 2 7 -14 14 -31 -11 19 -19 -7 -34 21 -41 -9 18 -29 35 22 36 1 -47 30 -88 -3 26 -10 -46 72 -15 -20 -20 18 48 61 7 21 52 3 59 -14 -64 -56 36 -46 27 -19 86 -71 42 -11 -18 -35 -52 -82 9 -10 26 50 6 41 99 23 -73 -5 -18 -68 -5 55 -43 5 -84 -66 -48 -15 -11 4 -28 3 83 49 42 -69 37 11 -7 30 20 -28 -30 -9 -51 5 50 -14 -56 4 -63 -29 -36 -11 17 -78 -1 26 58 60 2 41 -43 -20 57 -9 26 -5 5 -32 23 -9 65 69 57 44 38 -32 -8 -21 50 -14 66 -42 -6 -10 -48 11 -5 45 -7 73 -1 -17 53 -40 -10 -19 -6 -46 -78 -3 18 14 -9 40 -14 -16 44 77 18 14 62 -32 -19 -34 -5 -69 -63 -66 14 -12 56 -29 45 44 88 27 -2 -3 -57 60 40 -70 32 84 -55 10 27 23 29 7 11 42 21 63 -39 -12 -46 -65 50 24 -27 -6 17 38 9 -20 -65 -31 23 7 36 11 2 -33 17 -112 87 10 -15 -22 8 0 19 -16 23 0 -35 -43 25 -32 -50 -25 -11 74 13 -107 8 27 -10 67 -51 18 94 -5 9 -76 50 27 47 -43 -80 -58 50 13 7 -38 12 30 -24 -12 -20 -47 -27 -24 30 -49 -38 52 46 30 57 -26 11 -38 39 8 49 -8 18 28 -18 -34 29 -13 -71 3 -23 2 -61 -77 -40 51 -47 33 -81 -6 36 -41 66 28 26 -9 -65 -32 66 -74 -87 -55 -26 -57 -46 81 36 -55 -65 22 -31 62 6 -44 -49 -67 24 -1 -30 -11 -26 -41 -39 25 44 34 -30 0 -5 24 3 5 32 -23 -46 26 -72 -49 41 7 -61 35 60 32 -54 -5 66 -22 40 101 58 30 -116 -4 -34 -59 -23 -47 -26 15 37 18 9 31 42 39 -5 0 -6 53 -24 -61 -1 10 14 34 -75 -23 -36 -28 52 21 -28 97 10 -46 -21 -97 20 -18 21 53 -10 -37 72 -52 6 -120 14 -73 27 27 -10 -58 -7 35 -25 5 -19 15 -7 -18 26 -28 -36 -87 34 -30 10 -75 35 -92 -34 1 -5 -55 -76 -34 -62 53 54 38 32 -28 17 63 -49 -69 55 15 -27 19 31 -17 27 24 24 -26 35 -55 7 -16 -48 -111 8 -29 25 -19 39 -16 -28 -71 -17 18 -70 56 8 -51 -12 -28 34 32 -23 50 21 57 -66 10 -66 -36 -21 124 1 17 54 12 -30 83 -10 27 48 27 47 74 8 13 -33 10 59 87 44 -29 -28 -45 43 0 67 47 70 33 -17 -38 -17 47 -38 -10 -7 56 29 -36 2 -36 9 -34 44 13 27 -17 50 13 -12 -7 -18 79 -35 -6 -13 -45 14 44 -46 -46 -35 41 20 -29 24 22 28 26 -11 -61 24 47 -55 -35 -5 33 -31 7 -14 23 12 11 28 12 -42 -22 -28 -32 -19 3 5 -33 21 4 47 -82 -33 -63 48 51 -16 -52 -5 23 -15 17 33 1 27 33 -35 37 -25 -60 -64 -48 -4 -43 76 46 13 -22 26 -44 -18 2 -21 7 -40 -4 -12 53 23 -39 12 3 -53 -3 32 -50 -9 17 11 12 -28 -22 14 -45 8 -37 92 -70 62 -4 -5 -14 -42 21 -16 27 -16 36 -13 -53 -6 19 9 20 11 34 -44 -77 -11 -17 82 0 46 53 -21 -9 -59 4 -7 -60 5 13 86 -65 15 23 36 -22 -48 19 72 18 -5 31 -13 67 19 32 -20 -49 -9 -55 2 25 46 6 14 36 22 18 26 -33 27 -9 13 41 -49 -57 38 14 29 70 -66 56 74 -37 25 59 25 39 -75 -55 -96 11 5 8 -58 19 14 -29 33 30 -28 62 36 49 19 -81 -41 50 -29 49 -12 -12 -36 9 15 33 45 47 -32 76 -65 -8 -24 23 -19 -2 -5 84 -9 -28 -31 -2 31 20 47 16 -77 93 58 -75 -5 7 12 0 -21 35 67 0 -23 14 21 56 26 -36 -38 16 26 19 -1 37 68 -46 -21 -31 -5 -36 -53 94 37 -31 24 26 -11 18 -10 10 -29 18 43 34 -87 -44 -59 18 34 -11 62 59 -38 -33 -7 29 -19 -15 -2 48 -27 -35 -50 19 52 -32 -5 44 0 -69 29 1 57 12 -11 35 -97 44 29 -38 -42 -46 -73 -75 -50 37 11 81 -53 31 -1 9 19 -17 -18 -37 109 23 -33 29 32 -23 24 33 57 -9 32 1 35 -7 7 -1 -33 19 5 -1 -22 -2 45 42 -12 11 -7 -78 -28 5 75 -22 -31 -3 32 -5 19 -39 -25 39 16 -25 36 -16 42 -43 -53 73 -5 4 -20 -37 -2 -2 -38 25 32 -17 -26 24 -20 -38 -43 -17 17 51 -29 -9 -3 8 5 -17 -15 12 -21 62 23 -56 -19 49 83 -40 -25 10 2 46 -7 -22 -25 -64 87 -84 52 -43 -2 -27 -7 -73 78 63 9 -17 2 -28 17 -37 52 -19 12 100 -26 -7 36 -38 15 21 -5 18 -69 -65 -17 -14 -9 15 -47 9 52 1 -23 55 -51 -30 11 -32 -20 -3 68 47 -19 -54 14 2 12 44 99 54 29 76 39 38 -31 26 -12 35 -26 6,1 0 1 0 0 1 1 0 0 0 0 0 0 0 0 1 1 0 0 1 1 1 0 0 1 0 1 0 1 0 1 1 0 1 1 1 1 1 0 1 0 1 1 1 1 1 0 0 1 1 1 0 1 0 1 1 0 1 0 0 0 1 0 1 0 0 1 1 0 1 1 0 1 0 1 0 0 0 1 0 0 1 0 0 0 1 0 1 0 1 1 1 1 0 0 1 1 0 1 0 0 0 1 1 0 1 1 0 1 0 0 1 0 1 0 1 1 0 0 1 0 0 0 1 0 1 0 1 1 1 0 0 0 1 0 1 1 1 1 0 0 0 1 0 1 1 1 0 1 0 0 1 1 1 0 0 0 1 1 0 0 1 0 1 0 1 0 1 1 0 1 0 0 1 1 1 0 0 0 0 1 0 0 0 0 0 0 0 0 0 0 1 0 1 0 0 0 0 1 0 1 0 0 1 0 1 1 1 1 1 0 0 1 0 0 0 0 1 0 1 1 0 1 1 1 1 1 1 0 1 1 1 0 0 0 0 0 1 0 0 1 1 1 1 1 0 0 1 1 1 1 1 1 0 0 0 0 1 0 1 0 0 1 1 1 0 0 0 0 1 1 0 1 0 0 0 1 1 1 0 1 0 1 0 1 0 1 0 0 0 0 0 1 1 1 1 1 1 0 0 1 1 1 1 0 0 1 1 1 1 0 0 0 0 1 1 0 1 1 1 1 0 0 1 1 1 0 1 1 1 0 1 1 1 1 0 1 1 1 0 0 0 0 0 0 1 0 0 1 0 0 1 0 1 1 0 1 1 1 0 0 1 1 0 1 1 1 0 1 1 1 0 0 0 0 0 1 1 0 1 0 0 0 0 0 0 1 0 0 0 1 0 1 0 1 1 0 0 1 1 0 0 1 0 1 0 1 1 1 0 1 0 1 0 0 0 1 0 1 1 1 0 1 0 1 0 1 0 0 0 0 0 1 1 0 0 1 0 0 1 0 1 1 1 1 1 0 1 0 0 1 1 1 0 0 1 0 0 0 1 1 0 1 1 0 0 0 1 0 1 0 0 1 1 0 0 0 0 0 1 1 1 1 1 1 1 1 0 0 0 1 1 0 1 0 1 1 0 1 1 0 0 1 0 1 0 0 0 0 1 1 1,-329 487 -410 342 356 -237 -351 458 338 401 404 339 324 407 430 -308 -158 399 380 -329 -338 -410 257 287 -451 406 -381 453 -450 362 -362 -353 301 -102 -327 -403 -262 -308 387 -451 442 -390 -392 -353 -308 -374 373 382 -432 -341 -398 345 -312 354 -352 -396 347 -408 266 323 414 -345 445 -381 283 399 -388 -392 460 -272 -13 345 -387 337 -403 378 311 382 -313 187 391 -417 449 293 466 -371 385 -444 474 -398 -358 -403 -404 310 366 -319 -409 381 -335 402 421 428 -329 -313 310 -284 -385 404 -388 318 441 -194 391 -405 437 -314 -345 430 375 -486 327 401 353 -418 476 -355 344 -343 -327 -330 385 283 285 -433 379 -390 -341 -343 -453 285 103 463 -362 391 -284 -363 -320 353 -422 326 418 -341 -346 -337 508 475 434 -223 -344 259 326 -265 477 -453 337 -361 365 -362 -308 333 -451 375 371 -85 -346 -349 409 321 459 508 -382 434 391 440 383 415 374 401 443 429 372 -270 449 -378 136 434 324 332 -370 347 -190 390 315 -452 409 -329 -384 -377 -396 -356 422 380 -522 441 338 401 194 -394 371 -448 -429 322 -419 -370 -344 -417 -398 -386 202 -315 -385 -384 319 385 397 260 238 -346 333 338 -455 -445 -380 -419 -425 419 407 -460 -319 -381 -389 -331 -401 391 311 282 355 -295 492 -390 362 345 -539 -332 -97 341 346 360 315 -364 -326 491 -390 439 410 303 -305 -398 -406 421 -343 330 -298 362 -282 356 -377 386 425 338 398 346 -284 -371 -389 -394 -390 -135 416 410 -546 -401 -438 -406 342 411 -284 -439 -470 -445 330 378 259 301 -393 -410 372 -262 -337 -389 -398 215 313 -282 -309 -304 355 -503 -349 -398 376 -295 -521 -509 -159 367 -284 -346 -333 335 318 548 530 338 271 -282 399 313 -433 407 296 -454 374 -449 -382 336 -452 -316 -332 97 331 -390 -324 334 -372 -465 -339 341 -343 -375 -362 324 447 379 369 229 -363 -378 403 -338 321 421 304 452 338 299 -431 325 103 389 -298 283 -307 391 -382 -484 362 452 -346 -369 333 416 -485 455 -257 439 -412 -303 -281 328 -380 313 -553 330 303 420 -414 394 -400 -394 -365 32 -406 348 -428 424 -398 582 426 355 411 388 -391 -429 451 380 -361 258 436 -378 357 -325 -391 -518 -438 -458 302 -458 395 394 -323 -477 -321 349 314 -378 418 387 179 -470 -315 308 -383 -323 375 475 390 -391 347 -415 401 380 -445 -362 305 324 285 352 259 -326 -382 -228 -481 -74 -284 -410 -381 372 296 447 -371 -284 335 -298 475 -341 -340 364 -419 -279 390 347 -543 295 -458 486 330 516 336 -247 -385 -456,-370 493 -512 465 583 -551 -489 456 351 411 466 488 503 503 380 -495 -441 505 455 -401 -305 -449 395 437 -398 419 -219 395 -434 404 -439 -329 405 -159 -251 -356 -280 -249 310 -253 28 -264 -311 -226 -252 -187 299 64 -281 -329 -315 340 -402 366 -90 -333 412 -387 433 444 446 -349 337 -68 337 391 -314 -333 267 -242 -309 323 -336 343 -307 358 391 315 -361 408 426 -416 372 420 391 -391 409 -422 353 -435 -441 -430 -310 413 490 -434 -439 548 -405 474 445 433 -473 -477 413 -464 -407 459 -388 356 393 -383 411 -435 443 -407 -391 377 320 -341 378 303 387 -387 409 -403 352 -373 -373 -360 491 450 449 -185 373 -397 -331 -401 -433 357 319 333 -442 348 -341 -440 -527 334 -349 380 397 -353 -393 -533 362 427 437 -556 -406 412 457 -517 433 -443 498 -383 360 -484 -497 386 -428 457 351 -524 -425 -360 398 369 318 310 -388 321 312 413 340 401 273 270 435 390 387 -367 393 -327 316 403 485 346 -318 362 -378 201 469 -425 383 -412 -415 -357 -387 -382 356 349 -386 333 327 316 380 -329 339 -349 -377 367 -323 -358 -303 -312 -316 -345 308 -354 -405 -483 413 438 360 315 412 -311 345 347 -323 -426 -222 -218 -386 323 307 -427 -332 -195 -233 -439 -417 404 293 385 414 -424 452 -453 420 456 -405 -375 -439 435 407 442 461 -419 -422 283 -465 527 493 471 -523 -603 -475 500 -430 469 -567 448 -430 400 -413 390 439 497 347 440 -428 -405 -366 -442 -459 -413 373 420 -461 -465 -386 -459 345 461 -464 -448 -414 -452 452 379 432 469 -437 -444 460 -512 -385 -490 -502 498 468 -440 -343 -465 441 -359 -498 -430 403 -387 -469 -414 -379 408 -445 -399 -386 412 354 310 366 390 481 -433 490 439 -392 377 484 -458 282 -439 -407 462 -399 -389 -395 316 332 -374 -394 394 -402 -324 -199 272 -308 -379 -482 377 273 203 340 435 -542 -492 339 -321 249 348 476 411 383 354 -340 313 441 291 -385 378 -355 376 -381 -356 335 397 -411 -402 443 424 -327 271 -417 477 -427 -335 -353 347 -330 487 -412 517 358 427 -438 365 -466 -473 -436 374 -359 397 -389 458 -475 267 132 403 317 461 -513 -461 287 295 -452 441 331 -417 455 -444 -401 -459 -395 -358 506 -532 381 373 -435 -438 -449 440 376 -415 371 490 494 -515 -434 378 -274 -330 484 445 424 -387 332 -279 319 359 -427 -477 410 347 253 402 397 -405 -317 -371 -387 -389 -396 -376 -349 321 335 413 -226 -429 362 -342 484 -443 -430 399 -453 -525 438 471 -307 409 -236 287 363 305 351 -210 -157 -146
512,8,29 32 25 -58 -4 3 -41 31 33 -17 -1 -50 40 -46 5 -35 -46 -29 -18 -54 25 -46 -1 51 16 -48 -27 -11 40 -5 47 -44 -32 4 35 -27 22 59 -12 20 23 4 41 -18 -47 -33 -6 64 -59 26 -13 -39 37 61 69 -28 -34 -14 -41 -28 26 50 19 35 49 21 61 5 22 34 94 -69 22 -39 12 40 -57 -44 27 -9 18 25 9 25 45 32 -47 -67 21 13 -7 -32 -20 -71 -67 -55 -25 -73 -49 -28 -53 21 -55 -39 -67 15 -23 16 79 -10 -59 -7 43 73 -16 -46 55 -81 61 23 33 2 -20 -64 -2 50 9 -64 -9 63 -39 -57 -92 -29 27 33 -51 -10 67 26 6 48 -25 55 30 -10 18 3 -50 90 3 -47 55 68 10 -10 -61 -13 58 21 30 -40 -5 24 -21 42 -14 -10 -3 -33 68 -54 10 65 18 -86 52 1 42 -35 -60 -4 4 -16 6 34 66 -44 -2 -10 48 67 7 4 -3 8 31 47 -38 38 -20 48 -42 -70 -56 -19 -5 10 -61 -22 59 -23 67 69 9 -11 45 -87 14 -12 -23 -7 -48 29 -34 85 -54 56 68 -10 -11 -68 -19 -55 10 30 -36 -56 14 -13 -19 56 30 -89 31 -46 20 40 35 -105 18 -62 -29 -31 26 -5 42 -36 49 -24 -21 27 62 -18 -60 31 -38 26 8 -3 -43 -14 -79 -31 -21 12 15 -82 12 71 -1 30 19 -87 -59 11 23 6 75 47 6 -16 80 46 35 -53 -5 34 36 -16 -36 -5 41 36 42 1 49 -39 16 -35 -43 5 -70 -15 55 40 -33 -53 -55 41 -13 24 42 -2 -55 69 20 49 28 49 23 -23 27 -29 57 -80 -40 10 -24 13 48 -10 -37 -41 -21 5 34 -116 -16 -55 -43 -34 -1 55 25 25 53 72 -20 52 16 29 47 27 -63 65 69 15 33 44 -5 31 -88 20 30 3 37 -4 -3 -28 -33 -12 -23 25 -12 -51 -47 27 -25 16 31 10 10 -56 42 27 38 14 21 22 47 51 4 40 -4 -39 -20 -30 -21 42 -10 40 28 24 32 -9 4 -62 -29 38 -44 14 -33 42 3 -55 -16 -18 -32 55 -18 39 -24 12 -32 -41 -20 -9 -46 -20 32 -39 49 3 6 -100 -48 -15 23 -23 3 -18 -18 8 -46 -3 14 -13 -70 -6 -1 -32 -85 -44 31 -100 50 -9 47 -14 4 -83 -25 35 47 -8 9 -24 -72 0 54 98 -1 11 -55 23 22 -64 -63 -12 66 48 35 -8 30 21 -9 14 -4 56 19 35 -11 59 -17 26 -72 -32 -13 62 42 -17 26 -20 -12 58 -3 -19 44 6 -41 -33 12 -38 53 -62 -75 0 2 -57 0 -16 36 98 45 -7 14 -72 47 56 14 5 8 -2 -40 -26 14 -36 77 20 -10 -21 2 -36 4 -57 -19 28 -55 -49 -1 40 109 -25 -20 26 -43 -27 62 32 51 -47 12 -39 24 1 -109 61 11 -15 -65 2 86 57 -4 13 28 85 -44 -25 -3 -51 6 38 -7 51 -83 -18 -38 9 -34 -12 -75 12 -42 -17 27 8 20 26 -26 56 -28 29 -6 -19 48 10 88 -16 -29 4 11 29 -61 21 -9 51 74 -64 56 -27 56 -23 9 -44 12 -15 -34 -15 -71 39 -72 43 -60 53 -91 88 51 34 34 20 74 2 -18 28 -24 -46 9 -74 13 16 16 34 -67 -52 58 -4 90 34 80 29 -47 72 3 -5 21 16 -58 25 -64 66 8 -10 42 -32 12 43 7 43 -19 46 -20 -46 21 5 -12 -3 -32 -25 0 43 -34 63 -16 -49 -66 12 70 -43 -18 -65 -46 -9 52 11 31 61 27 28 63 51 -41 46 -7 17 -48 -68 54 12 24 -6 -73 59 -27 -47 45 -33 5 2 36 48 62 -44 62 2 -35 -14 8 78 -14 0 -14 32 51 -44 -10 -38 -51 11 -29 58 -58 -67 -56 -60 -68 1 58 37 -45 -95 53 43 70 -9 52 45 -35 -12 39 40 -21 -58 14 -22 -10 32 18 19 -73 -110 -12 57 90 76 -60 24 63 -65 -7 22 42 57 40 27 -25 51 2 -4 -44 28 -46 -1 -5 -46 22 -63 60 -31 42 -78 6 -20 -9 5 -2 46 50 -34 96 -33 68 29 22 -32 -18 -57 51 29 -34 37 60 -10 24 38 93 29 42 -4 -55 5 -43 26 -12 -11 -17 -6 -69 54 60 -47 21 49 -18 10 43 27 -16 12 59 46 21 10 4 28 -48 -4 6 -20 -29 -87 -13 -42 -56 14 37 0 -4 -36 -4 -10 -18 -22 -43 -5 77 -71 -10 13 -83 -26 41 -40 -30 -50 20 -23 -65 7 -16 15 -19 107 12 34 -37 -26 32 -15 -27 9 72 40 -5 -24 26 17 1 23 -17 32 -23 72 61 -51 -36 -85 -22 -8 3 2 -42 21 44 -9 -73 40 58 5 -50 6 6 -59 39 -3 15 -18 -47 -21 26 -20 50 -63 47 33 -3 96 -14 50 57 35 58 -75 48 -27 -77 59 -18 -36 51 -6 -45 19 39 -24 -24 -63 31 -19 16 -5 26 -4 2 -2 29 10 -70 -62 -36 2 -73 -40 -50 -45 63 -34 -7 -64 39 45 -57 -55 70 17 -41 14 -26 42 43 -37 24 23 -115 -63 -47 58 -57 74 44 55 24 -30 -3 -50 -4 -77 -84 -26 -51 -5 34 41 23 9 -70 4 78 -93 76 -38 -10 -37 -19 -1 -48 53 8 -10 35 -137 -77 -106 17 -5 -6 26 -50 -54 -42 -82 7 -45 -20 75 -67 -25 78 -69 52 21 -20 -12 43 -82 27 27 -2 -18 3 -38 -34 -48 63 23 17 -14 -58 28 -3 -121 51 22 -7 29 -36 -22 -30 -37 -56 -15 -50 47 9 -73 27 -36 -26 57 -1 -8 62 35 -69 43 13 8 11 -33 -15 77 18 -57 -44 66 -38 47 16 25 23 72 12 31 11 -14 -1 1 69 14 50 -53 12 12 14 -29 -59 24 -10 -45 -13 2 -108 1 45 -23 -49 24 4 -27 0 -41 0 -57 -51 -26 16 -37 3 -23 -29 28 78 107 2 31 36 -14 -53 44 9 -10 -17 78 1 63 -52 -33 52 16 3 33 38 38 -63 4 7 75 -55 -22 74 57 13 15 33 30 -64 -39 -25 -37 16 -3 -49 58 -1 -40 31 -29 37 2 71 61 26 -4 -64 16 20 -37 7 -50 -3 54 65 14 40 57 -20 -22 31 -36 37 25 -57 1 31 26 -3 20 -32 -65 -65 56 -6 -8 -14 -20 -71 20 11 66 46 -39 18 53 -68 73 -14 21 -25 -21 -17 57 52 -10 -66 -21 -11 27 22 -85 -19 -13 16 29 54 -43 -26 61 -61 58 -18 -52 -73 56 12 8 -76 41 -20 -24 16 -64 -11 52 -30 65 57 -33 66 -17 -2 40 21 12 -17 56 -32 -7 10 41 28 -34 -66 -81 44 -7 21 16 22 70 -36 -61 -79 -9 41 10 12 15 -59 31 -8 34 -24 38 39 -57 -5 17 -17 59 -14 -24 34 52 -41 -23 79 15 -83 0 -17 -66 23 -45 18 -6 -57 -20 -20 42 6 12 93 76 31 8 24 62 23 20 44 -23 -14 -46 43 25 -14 24 -41 -23 -92 64 20 -25 56 -9 -8 -30 -59 -8 -49 13 -30 -92 -44 14 23 56 9 42 -7 -50 -67 22 -44 -26 40 63 13 -6 11 34 47 -27 14 -19 -46 69 56 28 -28 -3 28 -1 20 -35 28 47 -5 23 12 -24 -9 -26 -6 23 -27 15 26 9 64 51 -42 -40 75 -20 2 49 -56 -21 16 19 -25 -24 54 51 23 5 -48 -23 -85 -57 22 36 19 -71 49 -30 9 23 10 -37 -36 -95 51 -40 19 28 29 -54 -14 -3 39 -67 -37 6 -55 1 -18 7 21 22 -25 47 31 3 -30 -58 30 20 -62 5 -31 40 66 -23 7 -25 13 3 -59 -34 21 -40 34 -19 -30 -48 83 -14 -84 -8 -34 -32 4 -62 -81 -29,0 1 1 1 0 1 1 1 1 1 0 0 0 1 0 1 1 1 0 0 0 0 0 0 0 0 0 0 0 1 0 1 0 1 1 0 0 1 0 1 0 1 0 0 1 0 0 0 0 0 1 0 1 0 1 0 0 1 0 1 1 0 0 1 1 0 1 0 1 0 0 0 0 1 1 0 0 1 0 1 1 1 0 1 1 1 0 0 0 0 1 1 0 0 0 0 0 1 0 0 1 0 0 1 1 0 1 0 1 0 0 1 1 1 1 0 1 1 0 0 1 0 0 0 1 1 0 0 1 0 0 1 0 0 1 1 1 0 0 1 1 0 1 0 1 1 1 1 1 1 0 1 1 0 1 1 0 1 0 1 0 1 0 1 0 0 1 0 1 1 0 0 0 0 0 1 0 0 0 1 1 1 1 0 1 1 1 0 1 1 0 1 1 1 0 0 1 1 0 1 1 1 0 1 1 1 0 0 1 0 0 0 0 1 1 0 0 0 1 1 0 0 0 0 1 1 1 0 0 0 1 1 1 1 1 1 0 1 0 0 0 0 1 0 1 0 1 0 0 1 0 0 1 1 1 1 0 1 0 0 0 1 1 0 1 0 0 0 0 0 0 0 0 1 0 1 0 1 0 1 1 1 0 1 1 1 1 1 0 0 0 1 1 1 1 0 0 1 1 1 1 1 0 1 1 0 0 0 0 0 1 0 1 0 1 0 0 0 0 1 1 1 0 0 0 1 1 0 0 1 0 1 1 1 1 1 1 0 0 0 0 0 0 0 0 1 1 1 0 0 0 1 0 0 1 1 1 1 1 1 0 1 0 1 1 0 1 1 1 1 1 0 0 0 0 0 0 0 1 0 0 0 1 0 0 1 0 0 0 0 1 1 1 1 0 1 1 1 0 1 1 0 0 1 1 0 1 1 0 1 0 0 0 1 0 0 1 0 0 0 1 0 1 0 0 0 1 0 1 1 1 1 1 0 1 0 0 1 1 1 1 0 1 0 1 1 0 0 0 0 1 0 0 1 0 1 1 1 0 1 0 0 1 0 1 0 1 0 0 1 1 1 0 0 1 0 0 0 0 0 1 1 0 1 0 0 0 0 0 0 0 0 0 1 0 1 0 0 0 0 1 1 1 0 1 0 0 0 0 1 1 1,443 -394 -316 -262 353 -356 -417 -499 -339 -386 432 459 523 -386 392 -481 -347 -457 431 303 437 320 448 445 329 449 343 317 191 -364 319 -373 393 -127 -333 379 418 -388 333 -391 505 -353 286 298 -448 528 449 448 406 320 -402 490 -480 429 -373 329 429 -328 305 -333 -428 254 428 -392 -396 403 -449 377 -407 547 196 349 322 -423 -406 374 412 -467 373 -373 -399 -423 432 -349 -419 -460 301 320 527 381 -439 -422 467 444 395 424 300 -291 318 391 -363 417 339 -460 -356 352 -544 494 -355 418 461 -434 -287 -410 -362 385 -314 -451 496 389 -349 468 441 280 -424 -474 321 294 -304 340 396 -382 410 319 -379 -399 -489 289 335 -393 -244 333 -391 333 -380 -266 -356 -440 -166 -448 384 -359 -332 369 -377 -386 263 -402 391 -379 502 -304 395 -412 517 338 -331 361 -440 -490 350 405 299 261 391 -380 445 378 414 -377 -429 -339 -307 446 -373 -308 -350 510 -378 -225 360 -331 -417 -430 102 361 -297 -549 330 -324 -526 -427 464 -442 -407 -338 276 317 -365 411 365 434 384 -465 -377 378 434 363 -318 -402 327 441 332 330 -189 -354 -309 448 374 257 -570 -486 -394 -440 -503 -268 337 -463 455 446 320 335 -352 319 -386 461 -449 332 424 -356 388 310 -319 -383 -366 -514 441 -396 361 451 365 -387 -363 362 -357 395 307 316 385 345 500 450 354 -349 496 -388 280 -390 442 -366 -293 -413 376 -360 -382 -307 -448 -429 374 351 369 -306 -328 -359 -276 467 333 -213 -344 -446 -447 -436 375 -448 -359 329 250 391 387 191 -298 454 -417 365 -388 369 442 378 404 -276 -360 -431 410 378 405 -409 -397 375 381 -326 498 -249 -416 -495 -241 -465 -367 447 328 412 418 429 345 384 411 -405 -279 -269 361 408 254 -397 325 322 -406 -412 -452 -390 -440 -200 340 -377 377 -327 -428 364 -366 -339 -288 -316 -395 382 403 500 421 254 267 376 -371 407 448 390 -440 330 369 -367 439 319 236 356 -296 -366 -455 -368 429 -521 -337 -314 422 -420 -352 345 323 -371 -342 408 -455 -440 378 -304 440 439 340 -298 357 364 -308 389 420 429 -225 229 -350 397 431 456 -462 360 -411 -264 -355 -456 -407 426 -440 412 454 -394 -379 -399 -410 445 -347 423 -384 -399 296 351 445 280 -357 463 441 -318 416 -299 -354 -539 192 -363 257 430 -460 357 -440 388 -328 348 394 -448 -253 -287 277 396 -420 358 378 386 345 350 -457 -457 317 -153 292 408 425 403 500 389 299 410 388 -296 476 -308 384 434 381 375 -281 -326 -460 345 -372 288 373 298 396 -406 -454 -332,406 -443 -509 -503 519 -531 -497 -422 -369 -477 527 459 452 -399 469 -429 -525 -518 524 416 446 476 458 511 491 542 379 467 514 -548 500 -539 477 -467 -422 454 561 -479 422 -534 372 -431 448 561 -515 404 476 442 372 405 -376 413 -431 368 -278 384 399 -433 378 -336 -367 275 360 -264 -293 353 -328 341 -328 304 314 370 394 -302 -340 358 407 -410 444 -468 -429 -502 349 -471 -453 -464 496 469 363 429 -420 -481 533 518 461 434 509 -504 474 486 -490 542 531 -427 -491 479 -506 485 -516 424 416 -450 -433 -430 -497 451 -340 -338 435 466 -392 450 467 369 -392 -406 404 397 -416 396 401 -472 355 344 -330 -375 -362 320 289 -336 -365 377 -352 397 -303 -297 -320 -389 -449 -408 350 -358 -404 408 -572 -541 441 -429 414 -442 588 -437 448 -420 341 363 -403 414 -430 -443 451 286 339 406 391 -475 358 351 429 -442 -388 -423 -335 376 -364 -456 -425 443 -441 -380 509 -558 -653 -480 491 428 -402 -417 420 -405 -298 -307 436 -332 -351 -322 476 269 -380 460 448 301 316 -424 -552 556 527 487 -455 -404 428 534 507 510 -496 -371 -375 464 519 470 -434 -445 -378 -342 -431 -525 496 -480 452 487 470 461 -462 357 -499 394 -392 455 477 -428 331 507 -441 -386 -481 -511 482 -548 470 476 501 -556 -479 443 -465 476 494 434 372 432 452 484 484 -469 395 -326 431 -528 417 -477 -462 -362 481 -473 -459 -349 -439 -447 335 415 411 -340 -386 -390 -398 358 340 -394 -393 -357 -430 -425 364 -336 -404 425 319 357 462 480 -451 506 -524 417 -399 458 523 454 473 -506 -398 -491 482 519 521 -477 -456 431 460 -494 445 -421 -418 -500 -509 -465 -438 474 485 462 565 568 431 549 431 -450 -574 -555 523 482 538 -443 353 481 -558 -460 -541 -543 -557 -495 475 -463 431 -409 -439 430 -488 -537 -375 -395 -405 450 434 482 477 412 385 427 -446 469 448 446 -374 451 501 -499 425 520 481 427 -441 -582 -560 -514 533 -486 -521 -390 450 -547 -488 493 527 -535 -367 479 -478 -428 462 -540 578 418 373 -433 427 458 -441 532 453 373 -448 388 -471 491 481 495 -409 494 -465 -405 -443 -433 -504 509 -510 416 422 -501 -500 -419 -450 441 -437 483 -569 -422 409 388 470 421 -329 337 377 -321 462 -480 -493 -377 350 -340 343 485 -420 375 -290 312 -361 322 410 -465 -394 -368 312 368 -324 316 256 338 315 364 -361 -339 335 -305 295 339 368 416 422 356 219 356 323 -328 300 -367 316 294 331 250 -244 -362 -351 273 -348 157 174 124 328 -285 -254 -297
6144,2,-26 -13 -17 16 -18 -33 52 -51 39 -3 -40 -50 3 4 53 22 26 -63 -26 1 -38 -62 37 -72 58 -30 70 8 -94 -9 38 28 -2 38 25 -16 -25 25 -35 60 -33 -27 -66 -33 5 -55 -2 -4 1 41 -36 43 0 -53 11 -40 7 25 25 -65 17 33 3 -49 37 27 14 16 71 -37 4 53 -2 -24 -3 18 35 -25 37 14 -2 2 -40 2 -18 6 45 28 43 13 57 35 64 22 -38 21 -9 7 -35 32 -7 23 28 -23 43 -30 -76 -78 5 -15 -72 13 65 20 18 -16 -53 -30 12 30 -4 -4 30 46 58 13 -16 43 -23 -6 14 23 26 0 -50 41 3 4 74 -73 -24 -32 36 -45 -12 -82 40 30 -25 -3 31 31 -36 0 17 -29 -12 22 3 38 39 70 -19 29 48 -29 -10 51 13 8 4 6 36 -35 -26 17 43 26 43 -41 12 -9 -54 23 -42 -18 12 -13 28 64 39 41 76 52 -3 -13 -3 9 13 16 -25 1 30 -35 -25 -3 -53 45 -21 49 -6 4 28 -6 10 -89 35 -20 -66 -20 -14 -13 -26 44 49 -59 -5 -50 -28 45 -12 69 -25 -39 -55 -7 33 -74 58 -55 15 18 -3 -6 1 -11 15 17 69 5 43 68 20 46 4 -32 40 42 32 7 -50 -5 -9 -19 -34 -7 19 -18 -43 -16 -2 -54 0 12 21 24 3 -11 66 -30 -34 2 24 43 -63 -5 13 8 22 81 -84 -43 -15 18 -38 50 24 -35 -61 -39 -4 17 -13 13 12 16 -21 -24 81 -20 18 -1 34 -15 -10 -4 -62 -1 10 -55 33 -50 -5 -45 28 -17 8 17 37 44 2 6 -14 53 -30 2 -11 -41 -18 -28 67 22 24 12 20 35 -12 -4 -18 -28 -48 60 22 14 -35 24 34 -42 -26 26 -40 18 39 51 -33 10 19 46 -38 77 53 -2 20 -50 32 23 3 60 8 -28 -11 -40 -92 15 -3 22 -12 31 26 -60 -13 -17 -3 -31 -47 -59 23 25 -5 61 -7 -5 -10 -15 -32 1 -31 27 36 34 2 -25 -14 15 -3 54 -3 -5 45 44 61 47 9 -46 -2 -17 -31 -9 48 19 -11 -1 -18 22 12 17 15 -37 -29 15 -10 -55 21 25 71 -22 15 14 -6 -25 9 -45 24 -45 -17 3 28 32 86 -44 -25 -37 -86 56 28 40 -12 -65 -45 66 -3 23 3 57 1 24 -28 -21 -56 59 0 -13 -61 40 33 71 1 9 -47 -37 -3 -29 -29 23 -6 -18 35 37 -11 26 -1 9 -34 -5 -27 3 49 2 29 16 -3 -17 8 28 69 -9 45 -40 -53 -23 -38 2 40 10 25 -16 6 -1 -52 -54 9 19 -11 -50 -104 32 -46 37 22 11 -9 -50 -32 66 38 -42 29 -50 24 17 21 27 26 -13 -20 -39 7 1 -1 29 -57 -66 -18 -41 27 0 -15 67 -37 17 -14 20 -4 -36 33 67 12 3 -62 14 42 -27 22 34 50 -99 -36 -43 16 -20 5 -9 48 -21 13 -62 -51 18 -17 13 -14 -3 -14 -9 -1 -52 -19 -46 -41 41 30 1 -12 51 22 -8 53 -43 18 41 7 4 28 47 -22 2 78 65 -40 17 -73 -37 -28 -49 -73 38 67 -22 -14 -17 4 55 -41 48 -13 -30 67 -51 21 -13 63 -69 -1 43 -5 2 30 -33 57 6 1 41 7 15 4 -23 14 -34 4 50 -23 40 -31 -53 0 -47 -35 2 -1 -74 -14 -28 -43 -40 11 -69 48 71 57 5 11 -19 42 6 28 3 -4 3 -32 9 -77 43 23 -28 -26 7 -41 -6 -55 5 27 44 -22 7 8 -14 10 -19 36 45 -13 -17 -47 -9 -47 39 10 55 12 8 -3 -3 26 -27 -42 43 11 2 12 16 36 -36 -36 -10 -42 36 -9 11 10 20 8 83 16 -61 -2 66 73 71 -66 21 40 22 36 63 -34 34 47 8 -11 60 -37 -83 -26 -1 23 -30 -41 32 -84 -7 17 -50 -23 1 16 31 -37 7 19 -40 -23 66 28 -54 14 11 62 -40 34 3 -18 27 12 -29 -10 -26 -6 18 -26 13 -57 4 -11 -80 -18 36 -26 -47 9 38 24 -2 -22 -36 7 33 -46 -4 13 -12 -25 44 -41 42 29 37 35 54 55 -15 -18 69 9 -40 14 -24 -33 20 -11 -22 6 -55 75 23 -15 -55 -1 17 -6 -36 -15 -3 -68 50 53 76 3 -37 24 0 5 51 -34 -15 -66 -3 -39 25 1 -44 6 75 -20 21 0 -4 5 -48 -14 36 -14 -9 31 -16 8 -59 17 26 -92 -48 11 -22 -13 -2 -45 -5 -3 26 14 22 -52 10 -18 10 -18 0 -54 -11 -3 16 -56 -32 0 54 -39 39 -37 38 -59 -39 24 -13 -7 -52 -24 -47 -11 -38 -33 39 32 -58 41 -18 33 13 7 15 -3 64 4 17 35 -64 -22 -39 48 -29 -3 28 12 -12 13 21 -33 -52 19 23 -22 14 -39 -12 34 20 34 -46 1 -1 2 36 -11 -12 -101 26 -18 -37 -1 -66 -43 13 13 49 -45 8 59 0 -59 25 5 22 12 -50 -38 35 19 6 47 -41 61 37 31 -20 -37 -47 -32 -7 7 -2 27 27 28 13 -19 -1 -34 -10 1 -23 38 0 -10 -22 42 16 37 -5 -3 13 22 -20 -66 -20 -49 -23 -20 29 -24 11 -31 -19 20 39 -9 -75 16 4 -61 -2 38 -71 -31 -19 -40 21 -11 44 23 -48 -30 -88 -69 73 -55 -17 29 44 21 39 18 -55 7 16 -7 -19 -20 29 -41 28 14 4 -22 -11 -18 12 21 -104 -67 -9 11 -11 15 70 -40 33 37 -18 14 -9 -48 -45 12 -28 -82 -17 -14 -49 -28 65 42 -32 5 34 14 90 -53 -19 -33 19 -24 -48 -58 -28 -9 67 4 -16 -20 24 19 13 -47 -34 6 -30 -30 9 22 -56 -3 38 -34 39 -6 -4 -64 45 -17 15 18 -19 8 -47 79 -7 -32 26 -56 -15 -15 -45 -48 2 10 -18 37 -102 36 -44 42 4 42 20 14 -25 -13 -14 13 -31 5 14 -30 127 -19 -4 -17 -4 -34 24 6 -9 -40 -44 11 -25 44 41 28 -3 -36 -19 42 39 -78 42 11 -46 20 55 4 88 -8 70 42 -27 -20 -13 32 13 67 52 8 38 -20 17 -30 -17 -1 20 24 -41 11 -2 -33 -15 6 -35 44 -65 -15 -50 29 13 -38 16 -34 10 -84 -44 7 -16 -22 -40 -1 -3 -37 6 -44 64 50 -23 35 -48 27 48 63 -14 -28 6 20 -27 8 -58 -17 9 -6 36 -37 -24 -54 -28 4 21 49 26 33 -21 -27 -30 12 6 -23 3 -42 33 39 -36 -15 -25 -24 25 -9 -58 -18 -55 23 47 -10 53 -14 1 -72 11 32 44 36 -33 47 -10 31 -37 -15 -6 -3 -37 8 -45 -39 15 5 -21 9 27 -6 -32 1 16 -59 36 13 49 35 8 -1 48 -6 61 -2 -21 60 8 42 -47 -39 -10 -6 54 18 -40 -70 -45 -76 30 1 20 26 -38 -42 25 -37 -20 -38 18 2 -9 -8 6 -22 -8 -11 -10 -5 -24 40 5 -55 52 21 -39 -22 28 64 36 6 18 -22 11 43 -34 7 -15 79 -28 -41 -68 -20 -54 13 -17 69 24 15 -41 -86 51 -10 -49 -12 -2 10 -23 33 -105 -24 -15 7 -9 54 16 44 -38 47 26 -64 20 49 -18 49 -21 -17 -16 -41 39 37 0 40 -18 28 -14 27 7 -20 -31 61 -25 0 -10 -40 -62 9 -67 9 -13 12 -33 42 -11 -2 -49 26 15 19 74 -20 -16 5 41 -33 -37 56 -44 -45 30 43 -36 -40 31 16 32 -2 -22 -9 -77 30 33 11 0 21 -26 20 20 33 -68 3 -50 -16 44 21 46 33 16 -10 50 64 11 13 -8 15 -8 -40 15 31 46 -30 14 -34 -29 -2 15 -45 -7 18 47 -22 20 -23 66 20 -9 -73 -1 -11 2 20 8 -12 -16 -78 -30 38 -36 49 -21 11 95 24 56 -50 -32 -17 40 34 -13 -50 68 -43 22 -1 2 4 10 44 -52 -10 -8 43 -12 -32 -17 -28 7 -54 60 -8 -46 27 33 71 -20 -51 12 -62 10 -62 -36 27 -30 -8 34 -8 42 -15 -8 -33 -25 -45 -19 -27 27 51 -48 22 57 -53 -23 -27 -8 61 -59 -15 -48 23 -41 3 29 10 -42 64 -41 31 63 1 40 58 31 -4 41 -6 -6 -34 14 -40 -12 -50 -15 39 -60 47 -10 3 -29 13 -50 36 -37 16 -19 -18 62 -46 -8 11 -60 -42 -20 19 41 -17 -15 28 13 -8 -24 36 18 8 54 11 7 21 -20 -4 35 -13 -5 -1 4 62 -31 -22 -23 -28 -41 24 -9 6 28 -46 -20 17 0 29 46 -48 -1 21 3 48 21 -13 -29 26 -32 58 40 10 -8 -34 -12 34 31 4 -68 -9 -35 -31 -26 37 -43 -21 -42 -9 -14 33 -17 15 32 -58 25 -98 3 9 42 -40 3 -25 22 -16 19 51 -60 -2 -4 74 -22 -21 -8 -26 -8 -7 52 -50 -16 46 28 16 73 -37 22 -6 54 1 -11 -41 -14 -43 67 0 -1 4 -2 52 20 -35 -15 -12 10 31 48 -52 46 -4 -40 -69 30 43 20 -11 42 19 -26 16 34 18 -42 5 -41 5 -13 -36 -7 30 3 -28 25 -4 23 -13 23 19 -24 12 -33 12 -12 -32 3 37 36 -24 -13 -52 10 23 3 52 72 39 -9 25 -27 16 49 40 21 18 33 58 -40 -11 -31 -29 53 -3 -52 -88 13 -46 48 26 36 43 2 57 47 -27 -17 -3 60 1 28 -11 12 79 3 -27 -20 -28 -8 -35 -26 -27 50 -5 34 44 11 -12 25 5 -32 22 54 -4 37 25 -44 21 9 -36 1 -36 24 30 -6 -51 60 -45 6 40 -4 31 39 10 -57 80 5 -5 -17 30 -24 -56 -68 -73 -10 -58 -61 -3 -10 42 -43 -35 43 4 -7 23 0 -20 26 29 16 -38 44 35 23 -53 52 -30 -8 -27 44 -7 43 -30 -75 17 54 12 -36 28 32 -21 7 6 15 44 1 72 91 50 60 40 18 -16 79 47 42 32 17 -55 -27 -39 12 -9 60 -25 -14 -22 -17 -34 7 2 32 -36 9 -86 -48 -5 -5 -27 30 -65 -21 1 -15 -26 -23 -45 43 -8 -41 -39 -37 21 -83 22 18 65 31 15 16 38 54 -7 5 -64 23 -98 35 -11 78 -32 2 39 -18 47 -7 -43 -1 -29 52 -57 -16 -54 5 -15 -38 13 -51 33 6 -15 -33 -34 -58 9 11 -12 -50 -69 7 -12 40 15 26 -18 -16 -26 -59 60 5 -9 -88 -53 -30 -55 36 35 -41 22 66 5 17 -16 -27 -8 62 44 31 -30 34 63 -12 -1 -77 45 -10 39 -59 47 35 -9 31 54 -46 -47 29 -86 1 -7 -44 49 -43 38 7 15 47 -21 -52 32 30 5 -32 -20 43 51 -46 -49 1 -12 -41 -18 27 36 -39 43 -7 -76 50 48 -47 38 28 20 -14 22 -27 2 32 -25 43 3 -60 29 61 -53 14 35 50 -52 -65 66 26 -33 63 13 -88 8 49 64 5 -74 0 -14 42 -23 43 8 -41 6 -48 -2 52 -35 -24 10 -23 32 38 -53 62 -40 -17 23 70 24 -46 -103 -17 19 -31 -15 -16 17 -17 -43 8 -59 14 0 6 -22 5 -42 -45 -34 10 -32 -5 2 18 17 -61 50 22 3 31 7 19 37 53 -17 1 27 28 -8 9 51 -14 1 -14 35 67 -27 -11 7 45 -54 21 0 5 -31 77 -16 16 61 11 -38 -50 59 2 14 -41 55 -70 65 -65 -39 49 -83 -7 56 20 20 6 68 -35 -32 63 -40 23 -2 16 -10 -43 10 29 -41 -19 -57 -9 -26 10 -3 3 15 30 -9 -19 57 -25 29 55 -37 -17 23 46 -33 8 -5 -4 -28 -70 27 -58 16 -5 83 1 -2 -51 -8 16 -68 23 27 10 -42 16 59 -9 -39 -49 -15 -43 -7 31 -40 -14 22 8 2 -43 -9 -27 -14 36 -26 35 6 15 -26 62 -22 11 29 -6 -54 43 -57 36 43 67 45 30 8 -37 -26 -32 -86 49 31 27 -54 -28 40 5 58 -49 40 44 -29 -11 -43 1 29 48 28 5 -52 -34 7 53 -3 -56 9 -19 -24 -24 26 36 5 -4 -9 -1 -27 24 52 36 6 61 -13 38 22 -32 36 1 -38 -42 32 -12 -3 -11 4 82 0 36 19 -15 -16 28 66 9 -37 -18 -20 -20 -34 -24 -42 -8 -96 40 39 2 -15 -22 33 5 51 -31 7 -15 38 50 -32 6 -70 22 -8 -3 -7 -53 47 -27 -14 -45 -13 3 -47 -1 -62 14 18 -12 -36 -46 80 28 -98 35 15 6 -32 -58 24 67 -60 68 32 -22 -3 -24 54 1 -24 41 -24 40 -35 -4 41 35 -8 26 -55 -39 -8 -5 29 -21 0 13 -39 -30 31 -30 2 3 36 38 -29 -63 3 4 -30 46 22 -1 -27 34 39 15 -39 24 17 -84 -47 -32 13 51 -53 31 13 25 -52 -54 -15 0 -21 -24 -13 33 30 -5 50 1 -51 -42 22 -36 -53 -12 -22 19 -12 -21 -33 -12 -44 -12 39 11 -6 -17 34 22 65 12 -1 21 -27 23 5 15 -5 56 -54 -8 -88 -31 15 30 -29 78 73 42 63 -11 2 20 59 25 35 -30 -20 15 -42 7 -21 -54 -30 11 57 -14 19 -40 -33 52 -26 -7 -36 9 -9 27 -40 -29 2 -17 -5 20 43 -4 55 -50 -39 -15 42 -23 -21 -1 -17 -23 35 -36 -24 -19 45 -62 59 13 58 45 5 -54 7 -46 -34 13 -27 29 -4 26 30 -16 -8 33 -38 -20 -30 -18 -61 -23 -7 -27 45 -35 -69 35 -50 -48 40 17 21 9 -19 36 -104 -85 23 40 -50 29 -56 45 15 0 -5 1 54 -67 -17 5 33 -37 -26 -7 21 -2 18 -3 45 -13 -66 -81 21 8 40 2 -38 -45 18 20 26 -48 -30 39 26 -5 -19 50 1 6 -64 12 -23 59 -19 -15 36 79 28 1 18 16 -47 14 46 58 -37 16 -2 2 42 -9 58 -34 -6 15 47 -8 40 -36 10 19 -42 45 -56 3 7 -31 -32 20 -13 -51 -8 -9 8 -4 -58 -44 31 5 -64 27 -46 -26 16 4 35 -11 -42 -43 31 -7 29 -13 -10 -30 10 27 -39 -54 -22 -67 67 34 38 39 24 16 -7 -43 -11 33 20 26 30 8 -48 -16 -17 -13 48 50 -2 -25 22 -26 27 69 -5 0 -58 65 37 6 23 19 -33 -27 -16 1 -14 19 -5 -60 48 -23 -39 32 25 -64 14 -18 -12 -29 -2 38 -8 12 -7 2 3 2 9 1 -14 8 3 41 86 7 45 22 16 -28 -4 -17 56 51 24 -38 24 21 38 -37 3 60 46 6 46 -20 -21 -57 -25 1 25 -53 -17 -18 -2 4 45 13 1 -60 16 -15 70 43 -6 -7 -14 -49 -50 -21 -13 -33 45 82 45 -24 57 9 -20 37 -78 -42 17 -4 8 24 -20 -43 2 19 52 30 24 28 2 -8 -57 64 25 -84 0 31 -5 43 68 -17 -20 33 37 -27 94 4 -16 -1 -34 24 18 -43 -7 22 13 23 25 -20 -47 -51 2 -11 -71 -10 -38 -51 64 4 -8 33 -37 -31 14 15 19 35 28 -2 60 -7 42 25 10 -9 29 -36 43 -48 -4 4 -2 -65 -7 34 -73 -35 0 -2 9 -53 -39 28 -9 -57 40 48 -8 -25 52 -1 -49 -66 46 -2 11 -62 46 49 -18 -7 -5 -53 -30 -85 2 13 -12 26 -53 11 -3 -46 -8 -1 21 0 -62 18 11 -37 80 6 -20 41 -31 60 -23 -29 -6 27 33 -4 -29 58 -16 33 7 -4 4 42 39 5 -2 7 6 16 -1 33 26 -45 23 -4 -17 -8 61 -4 -13 -1 34 -35 -29 20 5 -4 -2 10 29 7 -32 -6 -57 33 -23 -42 20 29 -6 14 -19 31 27 0 18 8 -33 61 -28 -20 3 10 24 45 -7 18 22 -37 -28 -113 -70 -12 -27 -28 -17 -14 -8 60 -26 29 36 45 23 -28 -18 27 37 -23 20 55 -10 -36 22 59 -36 52 -29 -28 9 -21 -25 30 -47 -46 15 -3 -38 -36 -81 -31 -24 4 1 -13 20 -28 59 1 16 4 37 42 -17 43 -67 -9 22 17 -61 -15 -7 -46 -29 -23 -35 21 -6 37 -14 22 -16 -15 68 60 -14 -22 10 -11 38 21 34 36 -42 19 18 19 -22 38 21 -13 55 -31 31 -13 9 -66 21 32 -60 -24 49 3 21 -2 14 76 -41 -7 -21 9 19 2 28 -22 -30 -24 -70 35 -5 7 44 -28 -6 77 47 -26 -40 -34 72 -79 -26 -24 35 42 -47 15 -12 -8 15 -48 -61 -18 13 -16 30 2 -12 28 0 59 48 43 6 -41 -25 -28 43 28 -54 53 -33 54 -31 -26 18 -1 48 33 1 -45 4 -12 28 -16 28 17 -1 -6 -19 -20 -5 -22 -61 -43 17 -65 13 26 0 -10 54 -55 28 4 21 -7 20 34 -62 43 -20 -51 46 -46 48 -9 69 5 -60 -6 -1 -12 16 -21 3 50 -56 55 31 -52 -50 -18 -44 7 -48 32 0 35 -59 -10 13 27 -39 3 -13 24 3 -42 22 -17 49 18 28 -61 24 -6 -44 45 -33 54 -32 -44 -20 73 3 -44 31 38 -5 77 11 57 6 3 -20 -5 -44 -67 41 -53 -31 -19 16 -12 19 46 -15 32 -92 -14 56 -57 47 -55 12 -50 0 -10 -44 46 25 -44 -32 -49 8 92 -12 29 18 -45 4 49 23 47 37 -2 -45 -39 14 80 -18 -25 61 -49 -14 -8 -30 21 40 -3 -32 -11 10 -30 82 -50 -64 12 36 -66 0 -13 -21 30 -21 19 -42 18 -11 26 -2 -14 -36 -29 -42 7 -18 8 2 -21 34 0 -33 -58 28 -12 36 50 -7 29 31 -15 -61 -11 24 4 -12 14 57 -38 34 50 -68 6 16 38 -12 -14 27 -3 18 -15 45 -48 21 -10 -36 8 -32 10 -18 9 -38 10 -14 -57 -11 75 24 -9 58 -58 48 49 -19 -76 31 -13 -3 -53 -26 36 -59 -31 88 1 -27 -11 52 10 -15 -49 -60 28 -59 -9 48 32 18 5 36 -22 22 49 -48 11 -26 -45 46 -40 35 -18 10 16 30 -4 -36 54 -51 -7 43 8 64 -15 -5 20 -74 -27 32 -13 12 -58 12 -3 1 6 29 -30 18 -39 -34 -32 38 41 -4 -55 27 -14 7 -10 26 -8 -32 -10 79 -53 -30 -31 -34 -15 -12 25 21 38 23 -5 7 59 -9 -25 1 48 29 0 48 -16 9 34 26 -8 -49 -66 13 71 -5 -33 17 -48 -45 -36 50 -6 -39 -34 39 -1 7 -22 25 39 -33 -15 19 11 -85 68 29 11 5 29 -47 -25 20 44 -41 20 0 28 -23 2 41 -9 -2 7 30 11 -68 -26 -8 -93 45 -8 14 -6 -29 -74 -13 63 -54 -21 64 -23 -36 -2 -20 -65 -48 66 1 48 -30 26 40 56 -42 -40 -44 -48 -14 -40 56 83 -59 35 -18 -54 20 25 67 66 47 -18 -67 0 12 60 -2 11 42 21 63 -42 29 52 -6 8 12 -32 14 52 36 -28 -12 15 -45 39 13 -47 -14 -57 32 48 24 13 37 -27 48 -66 -24 58 40 -6 9 -79 -42 -55 -19 -11 -30 -51 60 15 73 -32 -29 21 57 -1 20 34 -22 -30 -52 7 55 44 -46 -47 -31 -54 -63 -34 -26 -23 -61 22 21 15 15 -31 -21 8 -10 36 -30 -25 -32 3 -8 41 -27 -15 -20 0 -62 -10 -12 67 -15 -17 10 -6 4 36 -45 -83 9 -43 -32 23 -11 37 36 40 -2 65 -10 -22 -59 24 -49 -58 10 17 -12 28 -25 12 8 11 -45 -49 -49 9 -2 2 48 -58 -18 93 -2 -79 -62 37 -30 50 4 -58 -5 0 -10 15 -40 -38 -31 18 -28 16 17 53 19 28 22 40 38 21 -50 -40 -1 -43 -50 -3 -44 35 -31 13 29 -17 -6 5 -48 -61 7 -29 -30 -11 -40 0 13 -11 16 -21 -43 44 -10 -21 -20 64 -42 -57 -36 -10 60 19 -35 -25 55 49 -7 64 9 41 34 17 22 14 31 -30 38 -59 -71 -1 -52 -34 47 -2 -52 -53 9 45 -28 61 7 43 -25 31 -26 29 -13 70 61 -54 -21 -26 2 3 17 -10 41 51 74 25 -23 50 14 -30 -23 53 -20 -11 30 -51 45 1 22 -30 94 52 -40 6 60 9 -37 -15 -23 73 47 -20 -11 -5 57 -46 9 -25 -5 5 30 -15 -21 -38 -41 -34 12 -39 -6 -42 -25 20 52 0 51 -14 99 -42 10 5 32 38 42 -55 45 40 45 -16 5 3 48 -19 46 44 38 -33 45 49 11 -26 15 -30 42 -14 -38 -53 -40 -39 19 -53 34 43 57 -29 4 -25 36 -52 -4 12 -27 -12 30 -10 21 35 -48 -30 -31 -88 6 16 -61 53 -25 40 12 -28 -14 59 4 -21 47 24 15 -48 55 71 -2 -66 8 18 -15 3 -15 29 -2 12 15 4 -25 -60 -28 -30 28 -13 -9 23 -8 -43 -47 6 50 -37 9 59 -71 49 -47 -18 32 -40 -35 -38 56 -22 -3 14 0 -1 -25 -2 -8 7 -38 -59 67 -26 17 11 54 39 -22 24 -18 24 -21 -17 31 -26 3 64 31 -24 12 54 -31 0 34 -57 -24 -29 12 -60 -24 2 -2 -16 1 26 28 -6 33 -25 28 -14 -16 24 -2 40 6 19 22 8 28 38 20 47 -3 45 57 20 28 -45 10 18 38 26 56 65 -39 -19 -49 -5 6 -1 -57 -20 97 -43 -37 -15 -28 -1 16 -16 48 22 3 -10 -43 36 16 -33 -26 2 -81 45 -39 -19 19 66 -21 -19 22 -68 -15 -30 -77 4 -45 -22 15 -16 67 -27 3 25 -17 -42 27 -20 54 -29 -46 42 -11 43 -53 52 25 -36 -44 33 32 -33 -33 57 6 -28 -25 -16 -19 -4 -26 -2 60 -14 48 -5 3 1 41 61 45 20 -7 24 -22 19 -31 -28 -9 44 -47 -26 -5 43 35 14 -70 -28 0 -27 27 11 -9 -54 12 -7 -15 1 -17 46 -64 30 -41 -59 23 -24 -41 -36 -35 -38 -34 22 -101 -3 91 46 -30 -5 18 -36 5 -17 7 17 14 -1 -78 -36 -18 43 0 -22 16 28 19 -19 26 -6 -5 51 1 -10 60 -11 -41 -84 43 -18 13 -7 -33 -30 -6 7 37 -17 2 -33 16 -32 54 -4 9 43 4 15 53 9 65 -35 -59 22 22 -29 28 -17 -13 22 43 36 23 52 11 88 50 -9 26 33 -34 -5 10 -17 1 62 49 31 53 0 2 -14 21 -21 -23 24 29 -36 62 12 23 -1 -25 21 -22 -2 -23 27 -6 37 -101 -20 -21 -32 18 8 -65 -39 -7 -9 4 -23 8 -40 30 35 19 19 14 7 -86 -19 -70 56 11 21 77 10 52 -63 -17 63 24 -18 -52 -32 32 9 -9 54 -21 38 -3 32 -13 -27 68 7 -48 -40 64 33 -1 6 24 3 2 15 -6 -30 34 -21 24 -35 20 33 4 -33 10 -23 -41 60 -19 37 43 -46 -12 10 0 12 22 45 -27 -49 25 57 6 -47 9 15 -63 -33 -28 10 15 49 13 -47 -32 -39 28 -38 2 -53 32 65 -22 90 -5 9 39 0 41 29 -15 -17 -69 -47 -24 0 22 -31 10 -12 -87 -22 25 22 48 -23 -35 43 24 -36 -29 -41 -9 41 1 17 -58 18 -17 22 6 49 54 21 14 13 25 -38 -26 33 -26 14 24 -29 33 102 -34 14 -44 -3 -32 12 -4 -35 -4 10 34 19 42 -50 -17 27 31 10 21 -17 16 19 -52 -22 -21 -30 -31 16 -16 -48 -18 -60 -6 -28 28 60 -1 8 -15 -39 39 37 2 1 -16 28 -10 56 21 -36 -5 51 -27 36 -8 -35 2 24 41 -40 4 1 -8 6 9 9 -18 10 -10 -34 -27 -24 -24 17 -46 -42 -34 -6 -101 -68 -17 5 -31 -25 -33 14 -43 -22 -37 14 -48 3 -22 32 6 -14 -62 -4 -67 -27 -36 -8 22 82 3 -8 23 7 -49 11 48 15 -47 56 -8 -33 21 16 22 -17 -55 42 -55 -8 29 -33 1 -9 7 -54 38 -52 13 -21 -1 7 44 -92 -6 24 -16 38 15 -32 -4 -64 43 6 59 27 36 -61 -8 22 -40 -43 -36 12 -18 40 -19 -44 -47 -6 22 24 69 -54 11 -14 -7 -36 15 12 90 63 -51 -45 15 -74 -23 51 -8 17 -43 -83 -82 -8 19 33 45 -12 27 38 4 8 20 -41 -38 -10 -21 -4 64 -36 -45 26 -65 -40 -11 -30 35 48 21 29 -9 11 -35 -28 11 -16 -61 59 -23 -64 89 12 41 -59 23 2 13 70 -28 49 55 12 -67 65 19 19 8 26 29 17 27 58 11 -3 -21 25 -11 46 6 31 -7 43 -28 -8 39 -58 8 55 -50 21 -3 31 -6 49 2 -35 26 17 18 18 -38 6 20 33 35 26 31 -17 41 -38 6 3 73 -27 -3 53 5 29 -14 34 -67 15 8 38 -25 19 -9 -46 -16 -1 -41 50 16 57 -17 40 66 11 43 2 -15 -18 -32 -41 -10 -26 -5 -61 1 40 -9 -20 54 3 35 5 -19 -18 51 18 -81 36 52 -9 36 42 34 -34 -23 45 53 45 -16 -82 13 -32 23 -5 36 18 -68 -45 40 95 19 -9 3 -46 -70 62 10 21 -21 29 -13 13 38 66 42 -54 -14 -27 3 11 -17 4 12 -43 -44 23 10 13 52 21 -37 -38 29 28 -30 3 10 -22 6 34 -6 61 -1 -21 41 -77 29 -43 -29 -30 -8 8 2 26 29 35 59 -28 -30 15 10 24 4 21 -58 -14 3 43 -50 5 13 37 54 34 24 -4 -86 1 -14 3 32 -59 26 -45 29 5 -25 59 98 -28 23 33 -57 -59 9 17 51 -31 17 -17 1 13 -37 -43 -40 -35 -24 26 -6 29 -30 -52 4 50 36 -5 -15 46 61 -15 36 26 -24 20 19 -1 32 28 -11 -27 -45 -30 4 -8 -3 20 2 -12 -46 -4 -63 37 -17 -62 18 -4 8 10 -6 -31 7 11 -40 6 -6 64 -18 -16 -16 -35 3 83 -16 29 14 10 -59 42 21 -27 -31 56 1 -10 -4 6 -29 76 29 -10 -4 27 -4 35 8 -5 19 15 -18 -9 21 -29 21 33 -68 33 -6 28 16 -12 13 39 24 25 -12 -45 66 -43 -41 15 -38 41 32 -52 -21 26 -7 33 16 54 -31 9 -17 -8 51 -21 -84 42 -7 -8 41 -5 -24 -13 38 20 -34 -34 29 24 69 -37 57 -17 -8 9 0 60 10 -36 -36 25 -35 -50 0 -41 32 -51 -21 -2 -6 43 -36 -11 -3 -5 68 21 -28 5 -8 -19 15 17 -40 -11 11 -6 -59 -63 30 47 47 13 -21 -13 10 38 38 -50 -35 -21 -32 -69 19 -8 -85 -41 4 54 71 -57 43 62 -2 20 8 -22 5 12 22 19 -27 51 23 16 -42 -48 39 -30 12 -48 -18 -12 -23 -30 13 -2 -6 27 -54 -7 28 -18 -4 7 -53 45 17 39 -54 90 -33 18 41 -19 35 30 8 0 14 -31 -16 0 -33 29 61 68 -28 -22 23 -47 -12 32 77 62 2 2 -43 41 -13 -76 -6 26 -6 -5 -10 -28 11 -8 51 -1 28 -64 -17 18 13 -5 28 43 -25 -32 19 -28 49 57 -37 54 5 -1 -22 25 -18 -11 13 16 -2 54 7 36 42 69 54 -1 46 45 20 -30 -59 9 -62 14 -1 25 -36 -23 -63 -7 73 -57 -34 21 -11 -24 -33 -17 28 22 6 -36 -7 -34 12 77 34 -57 8 -33 -36 -25 3 -6 -30 20 -22 22 10 -64 8 13 4 -30 -14 -37 36 -8 -17 -43 -31 -23 -27 -14 -12 5 -63 74 -21 -7 55 -24 -21 20 3 -59 4 -3 -22 35 -69 -29 -15 -50 11 8 16 -49 -55 9 11 -41 -1 -20 -27 -38 -61 45 31 -37 -4 -4 42 16 -16 -48 41 -36 0 36 0 -57 -13 18 -1 -56 -29 48 -90 9 -14 6 49 -24 -9 16 -30 -20 50 11 -8 -4 18 25 23 -58 56 -27 -37 -53 15 -19 29 -44 -30 8 -79 -44 41 21 -46 20 19 10 42 -75 25 -79 1 32 4 -46 -41 -1 3 -31 -21 -33 27 54 -30 -15 84 -43 -26 18 -40 -59 36 5 13 -25 -74 25 39 14 -72 -21 23 -10 25 -6 13 -68 -15 -18 -6 -21 -64 -24 0 -9 12 -2 -24 49 -18 32 -22 -16 -17 59 -53 -41 -21 -2 16 12 5 -23 18 7 -38 18 -50 -17 -1 40 41 53 76 21 39 13 70 -8 12 -90 -38 60 -50 6 15 -60 13 61 65 -28 -12 3 -7 -55 -16 69 101 -18 -19 -53 -11 -5 44 -52 49 38 -5 -24 47 14 -2 33 -19 39 41 -14 3 -12 40 -30 -52 -17 -22 -9 -26 8 -59 -49 -17 7 2 -1 -15 7 -38 -28 -1 40 -48 -25 5 -39 -7 -14 65 14 -55 62 -64 -71 -25 -34 -40 -36 16 62 -12 21 29 16 -37 34 -14 -57 25 58 -38 58 55 10 -32 23 11 3 -18 75 -20 58 26 -12 -16 20 85 55 28 38 12 -30 35 36 -5 47 59 -48 -29 -76 -42 -38 31 -1 -40 -12 -64 19 -21 -33 33 12 43 21 44 -26 -10 -29 -19 -44 -35 -22 30 35 -17 47 -23 5 7 1 -12 -1 -36 -24 -57 45 -17 8 -22 7 -58 -4 -29 -8 40 24 31 -31 -40 8 26 44 -7 49 -20 -24 17 23 -43 -28 -9 -65 0 3 10 25 -35 -19 49 -52 18 56 -34 -2 12 39 -20 58 17 72 -51 -4 -39 -75 -33 1 -21 -13 -56 -17 -5 -29 -39 39 44 -51 73 -22 49 43 32 -41 1 -9 21 18 17 -33 -66 -28 -27 -24 -29 42 -74 -38 21 10 26 60 17 41 44 -47 -29 -27 -46 -6 -41 38 -35 57 -26 11 -28 -64 27 33 28 4 33 26 1 40 38 -98 17 -2 6 -18 -12 48 -41 -67 2 -47 13 9 14 -23 42 -21 -17 35 13 -2 -16 -45 -6 39 38 6 16 -13 16 10 -32 45 71 13 27 -41 54 38 18 4 2 -12 -25 49 -5 -4 56 15 26 -79 -16 43 6 53 22 -17 -11 -5 28 -5 -28 -20 -7 -13 0 -40 -25 24 -15 -30 -25 20 -16 64 31 -1 -69 -8 41 5 21 59 26 38 -25 -6 69 32 -1 8 4 24 14 20 14 -4 45 -32 51 -10 24 1 44 7 -12 -30 -38 28 34 48 12 28 4 16 25 48 -10 -24 -28 -12 27 18 -15 1 -31 -14 -12 7 -28 36 -46 -15 38 -53 -18 -11 -42 4 -29 25 49 -4 32 64 -71 15 -11 6 -39 -33 51 18 -18 -54 -33 -79 14 -13 -38 1 28 -70 9 -40 -57 40 -3 -27 -58 -12 -46 -63 73 14 -72 23 -29 10 -9 -45 -58 41 -26 16 46 -26 19 18 52 11 51 -11 -19 30 -2 84 -54 38 -5 35 12 17 5 -5 32 -41 68 -10 45 -1 35 -12 -25 -29 44 -20 -48 -58 -40 38 -28 -10 -50 -13 -43 13 -68 -50 42 2 15 26 -13 -14 -35 3 -20 -26 6 -44 -2 -13 8 10 -37 -1 -3 81 -25 -28 -46 19 20 -12 -79 -9 -44 -28 1 -61 -17 15 -16 27 46 -61 -14 27 20 -20 -6 18 -6 12 0 20 11 34 13 -71 82 -18 41 35 9 -5 -8 26 7 68 16 31 43 -24 -31 21 -58 44 -5 -6 -46 26 32 -15 -16 71 24 44 0 -21 18 -9 47 -39 30 18 -12 -46 -38 -27 22 18 53 -18 4 20 -36 -13 45 12 -22 -56 17 43 22 18 3 30 -13 34 44 36 -6 -5 22 16 27 -69 -6 -3 2 -26 13 -87 -22 -24 -14 3 44 29 -5 -9 62 -48 7 11 -26 -22 76 -53 41 -10 -7 22 5 28 6 43 38 68 17 2 -29 -26 -17 51 -32 9 -10 -73 -65 -26 2 -14 -39 -21 -6 17 -3 -25 33 6 7 -12 30 -7 20 59 -28 -22 21 2 -42 -1 -61 -31 -30 -21 36 34 57 -11 -40 -13 49 -16 25 34 49 8 22 17 26 -73 -58 84 -28 15 23 -9 26 -13 3 -19 -13 38 22 14 -10 17 17 6 -21 -41 44 -31 41 -76 40 37 30 67 25 22 28 -13 -21 -42 33 24 -43 50 59 -13 -21 33 12 6 34 25 16 -6 -1 -2 -1 34 4 -32 6 -40 3 -86 33 -80 47 -32 -49 68 -27 11 -45 3 -19 -68 28 -12 18 -20 -53 35 37 56 -46 -27 4 15 -1 -11 -39 -60 39 -60 -37 12 42 46 11 23 44 -28 2 1 -59 21 23 24 15 21 23 14 37 22 31 -23 44 1 -24 49 22 5 57 50 3 6 27 -38 66 -24 -21 26 -2 -51 -45 46 -42 42 -2 -31 45 -77 32 33 -17 17 -61 7 -10 49 -21 11 34 4 -36 14 -29 13 -50 91 -36 -48 73 -23 -63 -48 -40 -33 -2 -10 3 34 -23 3 -45 48 -31 8 42 -43 -37 -73 45 -33 11 51 -19 14 33 -57 -28 -22 24 3 31 -15 65 -23 -15 -22 9 -35 -20 30 -48 20 -30 51 -43 -4 -49 -9 -43 46 -51 -34 21 34 9 -22 -13 1 -20 54 -7 -28 22 -74 79 -1 86 -45 -4 57 -30 20 -15 -11 52 -60 3 11 13 13 -32 61 -45 -31 19 51 26 26 47 -31 75 10 -11 -34 29 -17 -15 2 20 -1 -40 21 19 24 29 -1 15 6 -46 -39 -29 -50 18 -7 -11 -56 -49 70 47 -40 29 -31 -57 -28 42 54 -37 53 28 32 20 -23 25 45 -1 38 -24 -13 24 -11 18 -27 16 -2 16 44 -45 24 -18 -14 38 75 -57 -22 -18 -10 0 31 35 -28 32 26 -53 -13 51 -20 23 -27 18 -35 15 20 10 -27 -7 -25 46 -2 8 -48 -49 13 36 -3 19 0 16 20 -26 -22 -38 40 27 -14 -10 36 10 8 -21 36 -10 -41 31 8 -6 -32 29 12 -22 -112 -54 1 -17 -23 -30 36 -7 -3 -23 -24 -11 -49 34 -19 -51 -38 -10 -30 1 38 -55 29 -44 -27 13 13 -108 -43 -53 0 3 -43 7 -51 20 10 10 44 -10 7 9 -51 -30 56 -12 11 -26 38 23 54 -51 -22 15 -5 -26 39 42 -16 31 9 34 16 -51 25 7 27 -23 -10 31 7 7 -47 -13 -17 34 58 -46 35 10 -13 -16 79 -14 -20 -18 -22 -33 47 -20 35 22 -35 -4 90 -7 40 -5 -77 22 38 56 40 -31 16 15 -6 -75 26 -19 16 -12 -3 19 -64 37 15 -60 17 32 10 30 -24 -32 53 31 9 -39 32 -10 39 14 -4 51 -5 7 -31 28 11 -62 10 17 66 55 -39 0 -67 2 -27 4 8 12 -1 2 -50 -66 -35 -24 28 46 -3 -47 -18 -11 35 -11 55 -23 34 -32 36 44 42 -17 -62 24 -18 -5 9 22 49 -31 21 49 -6 -2 45 -10 -33 26 -23 -40 33 -57 5 -67 15 -13 -35 78 33 -7 -6 -40 41 27 -57 16 4 -18 -8 13 -8 25 57 -47 -45 10 -44 4 -48 19 87 -21 -20 36 28 -18 -87 13 -12 1 67 -19 -22 47 26 -77 65 -77 19 43 -22 -1 -26 -10 -37 7 0 -6 -8 26 -21 -48 30 34 4 -4 -4 -18 2 13 11 35 -2 14 -78 21 -35 2 -9 6 -20 15 0 -42 -22 49 -8 -37 38 -104 34 9 -38 31 58 20 1 49 -17 -37 -5 -52 -30 51 -54 11 -50 -31 -2 14 28 2 31 30 34 -45 30 -11 76 -55 -6 -13 13 3 -21 -11 51 -48 44 -39 -34 43 16 -19 42 -82 88 54 -12 -15 10 -52 7 15 42 32 35 22 34 -71 9 -25 -33 22 17 -22 -16 26 0 7 -51 34 58 -40 3 -19 22 32 -33 -21 -9 29 36 -22 20 -73 -15 35 37 8 -35 32 0 -21 2 26 17 15 19 -11 -39 -48 -18 -13 47 94 -106 -22 12 32 -34 56 -43 82 -32 -19 -8 -24 -57 1 38 -55 13 -10 -21 -10 31 36 -34 19 43 32 -8 28 26 0 19 7 18 -68 42 -23 5 -6 -3 -23 10 35 -21 -25 51 3 -26 36 -25 -17 24 -34 -30 9 30 -21 -37 45 -49 -10 16 -56 -49 -22 61 5 -1 14 3 39 14 1 28 27 -33 25 -48 21 -42 -72 -36 -5 -31 -25 -45 37 -110 44 -59 -26 37 51 -7 -18 37 -19 -28 16 -21 51 50 -20 -21 -4 -31 -28 -1 -46 29 53 49 -16 33 -10 -28 15 17 -23 20 40 39 66 -81 46 -54 35 8 -41 -44 -37 10 15 -52 -29 32 59 51 73 26 -78 -12 6 -21 -1 3 -9 -29 -11 -25 -75 -36 -39 -39 41 -61 -49 -25 51 29 -7 43 11 -34 19 7 -68 -33 -45 -74 -61 53 14 -15 -18 39 -26 -79 0 -29 29 60 -102 -51 2 28 -14 -18 24 20 25 -48 65 61 -35 -27 -12 9 20 -5 38 -31 -30 5 -49 11 7 42 -45 -22 -65 0 -46 5 18 12 -14 -91 -18 6 44 -19 -36 17 -78 7 13 -46 -8 -53 17 5 25 -28 33 -34 7 -36 -28 -4 37 0 -73 -7 -88 63 30 -3 35 -8 -57 -14 12 -36 22 36 -2 -15 18 -62 -33 -34 -20 44 -72 38 -64 24 -35 -14 2 12 46 20 -43 41 34 -69 31 51 56 10 -35 -8 -14 -9 23 26 -5 60 -34 -42 21 34 -41 -1 19 87 15 31 -61 -21 35 -3 -35 -16 12 -28 38 18 80 22 52 67 -76 -28 28 23 -20 -2 28 29 -38 -68 -20 27 33 2 -15 9 -10 5 -27 -44 22 59 32 -23 -28 -12 -60 -39 29 38 24 -31 -115 17 -22 -30 9 -32 31 52 0 48 -20 -2 26 -43 28 6 -14 12 12 81 27 -69 -9 -53 57 9 37 57 -10 -3 -1 -40 54 -19 19 -6 -21 53 25 39 -13 28 -67 41 -68 -4 7 -2 6 -12 2 -17 7 -1 16 -18 -17 -12 -12 -4 -19 -4 -49 21 -6 -39 34 -23 -40 27 -13 14 66 60 -49 37 52 56 13 41 -16 44 -40 15 -14 43 -54 18 22 6 -51 6 11 -41 -39 -42 22 31 -67 23 -49 47 33 43 -19 -3 -53 12 -22 -55 -54 -31 51 20 56 -22 -22 57 43 13 -27 -50 72 -18 4 -37 43 34 21 -21 -18 -23 74 50 -18 16 35 -28 -31 54 -35 24 -14 -12 -9 14 -39 53 19 -2 4 -21 -33 -46 -16 -30 43 19 -51 32 56 47 33 12 -59 20 0 -13 41 -31 49 -53 -79 27 50 6 0 -44 -1 44 -48 -36 -61 68 25 -6 10 -17 -22 -14 -53 15 -34 27 -33 -12 -33 -42 40 47 17 7 -34 -20 10 -26 30 25 43 -41 22 -39 -11 33 1 28 -40 27 35 -3 -71 40 -67 -48 28 15 -35 14 19 38 30 32 16 -15 34 22 21 61 47 -34 -2 29 13 -58 39 -91 44 -16 71 39 -27 2 11 26 -20 -11 53 48 1 15 7 -31 -57 -5 19 -8 -56 -36 -38 17 7 -25 68 0 52 -4 -30 -31 -58 -8 -17 28 15 -27 -59 -30 11 -7 -43 -8 -22 15 11 -9 77 35 -24 21 1 -39 -26 -23 3 -1 1 -29 23 41 29 46 -15 34 -31 3 -14 49 -83 5 58 -27 -25 -10 -48 11 73 -4 67 13 -6 29 -9 22 -67 -18 -44 -16 -1 -17 -27 1 37 -10 10 -64 11 18 -9 21 -12 -42 -48 -22 61 33 17 53 41 38 27 9 12 -13 -1 11 -26 -1 23 4 -15 44 27 -51 16 18 -18 30 -34 4 0 30 33 43 -36 12 -6 -3 -24 34 -106 -8 -24 26 -46 36 -5 -16 29 18 10 77 -14 33 17 -12 -25 -43 -19 -6 24 31 -53 22 59 -14 -3 -3 28 -35 -20 12 14 -10 57 17 46 -19 -16 51 36 -9 -9 36 2 4 -2 33 0 -43 36 6 -30 15 47 -21 35 44 -8 24 -31 26 11 -33 56 44 2 16 14 -7 -67 2 27 -42 27 -27 -31 53 42 -17 -46 37 64 -4 16 3 70 -39 -18 28 -1 -57 -6 -8 25 -37 39 17 21 -4 -22 5 16 30 -11 12 7 8 23 -2 -31 -24 -10 -18 -26 -44 -25 -2 -50 -24 25 3 -76 24 -20 43 -21 -6 -62 20 20 -28 -49 -82 48 -8 -39 1 -7 19 -13 -32 -26 -39 -7 -2 67 -65 -51 12 31 20 -51 -115 17 -45 -53 -63 61 -32 -26 -56 -12 -20 26 -29 38 8 -54 -41 65 21 57 -55 13 6 0 -38 -6 53 -1 11 13 11 35 39 -25 11 17 -62 14 46 49 29 -20 39 57 -39 24 7 21 -5 -53 54 -6 35 -18 9 46 -46 57 2 -24 -14 -9 -25 -63 19 1 30 24 28 40 61 -5 53 -13 6 25 15 -38 51 -30 28 21 -24 22 28 -29 -4 24 24 38 -13 -22 15 -37 -24 34 -38 -51 41 -3 47 -24 -11 -22 -36 -27 -23 -34 -8 -77 59 3 33 38 -38 -4 -8 -17 27 -18 14 -14 70 48 11 -10 -10 25 -52 22 -9 89 -61 -41 15 57 -57 20 -21 22 8 14 18 -27 -35 -4 22 26 50 -26 59 36 38 12 -43 -22 55 75 -55 14 59 51 -33 1 55 -11 -17 67 -19 42 34 7 24 62 16 3 -91 33 3 33 47 -29 20 42 -23 -41 -23 78 28 75 -14 -27 -14 -16 17 -23 42 60 -7 -33 21 -73 72 -73 7 7 -13 -20 -38 -51 -1 -9 -17 26 -63 -33 -13 11 2 19 -25 11 10 -38 -37 -43 -31 4 -28 17 -22 -23 14 -29 -13 51 -32 17 32 -35 -69 25 18 37 -40 26 72 -15 51 9 46 -10 -41 -41 56 -35 -14 -3 -41 -42 51 -8 -65 -62 17 20 36 -6 34 15 -34 -7 33 51 26 61 5 -33 -46 27 -74 16 2 -14 35 -42 -71 -16 -28 -36 37 24 -65 -22 62 -37 -44 -53 -62 -8 37 64 24 10 -17 -28 -39 -46 29 10 -21 -19 18 -7 25 27 -30 -27 -47 22 -2 -57 17 -48 -26 -40 -50 37 63 35 0 -27 9 -28 6 -44 -76 37 -21 -5 39 3 14 19 22 -19 49 58 -4 -20 -5 7 -32 -20 -63 11 -39 33 64 40 42 14 -29 -27 15 9 27 -7 -49 -48 -12 -34 -1 -35 -59 -12 -52 2 7 -53 26 36 50 -60 -12 -18 -34 26 -55 -6 46 -59 -31 15 -44 9 17 -39 -59 0 -3 -2 9 40 -62 29 13 -37 28 -39 -29 47 30 53 -32 31 67 -10 -13 45 41 -13 3 31 -22 26 11 -10 -12 21 -20 -14 -58 -34 23 16 3 60 -25 -19 -26 21 -36 26 -60 -49 18 -4 17 -5 31 21 -38 51 -9 -31 -3 -25 40 -47 -75 41 -47 85 -32 16 24 26 7 42 23 37 8 -88 -46 -33 -29 -77 26 16 -36 63 -44 16 19 22 44 42 45 5 36 18 -44 19 -20 44 -45 -47 41 -33 -26 -42 -24 -28 -77 44 -3 2 62 15 20 -26 3 7 5 -1 9 8 71 -42 18 10 15 -14 -26 28 37 30 -55 -1 -24 67 -56 3 -5 -53 7 -20 -48 49 54 -44 -25 56 -14 43 -16 18 -50 -42 5 49 -11 -39 -19 -7 -1 4 -66 9 24 21 47 -9 -11 -11 0 -62 -38 -47 -24 -12 6 -33 -5 37 -73 20 -20 38 -46 -39 53 -4 11 56 -4 -13 -26 67 -20 34 30 -26 -51 -26 43 15 -47 21 -31 -8 -87 12 -29 -42 -23 -8 -41 -61 22 30 -15 4 -4 18 35 -49 -40 30 39 -18 42 -23 88 12 -36 99 24 -14 -10 -7 53 29 -16 -30 62 18 40 -51 -31 -21 -10 -19 14 60 12 12 -12 58 50 -25 -64 21 -8 28 29 -48 39 63 5 21 47 2 -30 28 -33 2 -24 -12 -27 -21 -12 -40 -49 -7 24 -8 -3 3 -11 87 -6 30 -59 -15 -44 16 24 7 -61 -40 52 34 54 17 -13 -3 -14 -5 51 16 -23 -22 -37 -16 -19 -35 70 55 17 -8 15 26 -23 -8 -61 38 0 70 -11 1 -22 12 13 -35 -13 72 62 -43 4 12 -27 40 6 37 16 56 23 -33 13 -60 18 -53 26 11 12 -15 64 57 27 22 4 14 17 -51 28 -6 24 -38 -20 34 66 85 -58 12 34 19 -19 -18 -55 -8 25 -51 43 47 -88 23 53 -45 8 21 -1 -16 23 -19 -26 -25 -51 -27 -20 8 -37 -3 40 45 -26 8 53 20 12 48 23 -44 -24 -34 -18 -16 33 13 10 13 2 -27 5 20 -24 3 -51 41 -5 -2 18 -1 -13 24 20 1 -32 23 -22 -6 -8 -17 20 -48 12 -32 3 6 -28 -62 25 52 17 51 -35 25 -55 -59 35 24 17 12 -26 68 -16 -46 20 75 -38 12 -47 -25 48 83 -23 40 -11 -22 19 -48 -15 31 32 -2 -25 11 10 -6 15 -10 37 22 18 12 35 -24 24 -83 42 -45 6 34 41 61 7 12 33 -32 17 14 55 -49 -33 19 20 -28 19 -20 16 -50 -12 77 39 -12 -20 -17 3 87 32 10 3 1 21 -28 -54 17 23 17 -28 -34 -37 26 54 49 -22 -45 40 11 17 24 -35 -13 -4 7 -96 45 9 13 46 -12 -10 42 46 -34 -47 20 16 -69 -26 57 7 -15 61 28 21 -29 7 -87 -21 15 -36 29 28 3 -56 -46 -8 -56 -55 57 9 1 -19 -35 -21 6 -46 7 -14 -28 -10 -41 10 -60 71 2 61 -22 40 -37 22 24 -37 -23 36 67 13 -7 -23 -16 43 -20 -53 -35 -56 73 0 -31 -14 -48 -11 -63 18 49 -18 -41 33 -40 -6 13 -14 2 20 9 66 -19 19 -18 79 32 -25 35 -38 0 -24 45 38 39 -53 -47 51 16 -49 -29 -7 27 26 22 -16 -1 -5 -44 6 34 -66 -12 -77 -1 11 -8 88 56 1 -32 13 -38 -48 2 -19 -21 -43 -25 -15 15 -14 14 16 -37 17 33 15 69 27 9 -9 -38 -84 10 35 -8 17 7 16 -19 4 -25 12 1 -53 51 11 -20 63 23 64 -14 -22 46 -36 9 44 -4 30 20 -18 -28 12 18 -32 52 50 -45 -1 -36 -65 21 -30 16 -6 1 -41 -44 -29 54 34 -59 -13 6 40 -40 -17 21 1 3 44 0 48 -8 43 17 -45 60 -50 -2 7 -6 -24 -10 -21 -31 13 0 -10 -2 23 1 -19 -37 7 -39 0 -52 -24 14 23 16 11 43 -53 -17 -18 9 6 1 17 -12 -13 -18 -16 8 29 -18 -25 -44 29 1 -39 58 -42 -24 25 23 -9 -12 -8 61 14 -43 27 40 -19 37 -75 31 -43 -20 -30 40 -40 77 40 -40 0 -82 0 -46 39 20 -10 -14 -34 36 -53 7 70 20 23 -21 30 17 16 -6 -17 -49 -3 -8 11 14 -19 -35 -8 9 36 8 -2 -41 -11 34 8 23 42 -46 -10 -16 14 -26 -53 24 39 5 -12 -50 0 -9 -39 41 24 -56 28 35 -54 -60 34 3 -2 26 4 -4 11 -33 -58 -67 -27 12 0 -10 -28 -26 47 -98 28 -37 72 4 26 0 -24 -4 17 -22 5 -4 -37 -7 43 -19 -9 -75 -27 4 -26 41 5 -24 29 -11 -55 -10 -47 -52 41 -14 -28 18 -19 -14 7 -54 -4 -62 -23 4 -3 55 -25 36 3 -28 -37 -18 0 13 18 22 -9 -6 52 51 19 18 11 23 -12 -26 -29 20 2 -19 -1 -6 -1 -92 -34 6 12 2 16 -1 -16 -40 -1 -18 42 19 -11 -14 -60 14 -68 54 -10 -52 0 93 -27 -40 -44 39 31 10 25 -21 46 17 -51 -54 -14 -15 5 -48 -5 10 46 67 43 -3 -26 -8 -38 -10 -46 -28 -16 -49 -7 -31 11 15 -27 -50 40 -29 -27 -58 19 -7 66 -4 -15 -45 32 56 -27 -29 66 -22 -26 21 -4 -46 8 15 5 -30 28 -8 -46 31 57 29 27 50 11 4 -38 -4 -27 -34 -30 9 -8 4 47 -11 -12 19 96 19 -9 82 -1 14 4 36 -69 14 33 59 54 38 18 -12 21 46 -30 24 63 31 35 24 56 53 53 -6 -46 56 -9 24 17 7 15 -20 -26 -10 -34 38 -55 76 55 -5 -12 25 -35 -16 22 -21 39 -19 -17 -42 -29 -44 14 -6 -9 -35 -6 10 69 -20 43 11 13 -48 -11 -31 40 -5 28 -5 22 28 -28 10 34 72 -56 54 -52 18 17 -48 -38 -42 -2 35 8 -60 -53 44 -42 -82 13 -11 20 11 -50 10 -55 -55 44 48 -9 -67 -40 -21 26 28 -33 49 2 11 -1 9 56 -18 17 24 -9 27 -5 -23 -51 -35 27 -18 -40 -31 -22 12 -42 45 65 -38 39 20 -32 -26 -62 -51 -35 35 -26 24 5 -7 7 -34 -21 11 10 -41 44 18 54 29 25 27 -7 77 82 -28 -11 20 -42 59 21 32 -27 -22 -2 -19 -4 -19 -118 -29 19 -30 -16 -40 -59 35 -36 -59 8 13 43 -16 -39 3 2 0 45 -63 26 -39 30 37 -16 -5 17 -10 -71 -33 -14 23 16 6 -20 9 -15 -42 -31 20 -14 -26 3 -10 54 27 -61 -87 14 41 -31 16 -20 73 2 28 35 -33 29 7 41 -5 1 12 45 -3 31 -11 5 -21 -48 -37 -65 -18 -9 29 7 -69 -5 13 -40 104 -13 -7 19 -14 -54 4 -15 26 -6 -33 -46 3 -8 11 -2 38 -29 -38 28 -49 13 -29 45 49 25 -28 -39 -8 -26 -25 -39 -25 -6 -11 -18 -43 -46 50 37 11 34 -37 5 69 33 -9 -13 38 -5 -17 3 22 -62 -11 18 9 33 97 -44 -10 40 -2 -19 58 23 -12 4 -34 -7 -30 -9 34 -13 -8 44 -7 -18 -1 1 -11 -3 74 -42 70 -23 -93 19 -28 -57 39 -2 -47 22 26 -10 -46 -24 -65 -5 27 41 -85 -4 -5 -43 12 -17 9 -18 -15 10 -17 -31 -3 -63 32 9 -40 -48 -40 1 -13 -20 -22 -2 -20 45 2 27 -22 48 -30 -22 -31 -43 -35 -28 -22 2 -11 57 73 -3 18 -39 -52 -9 -39 -59 27 -16 19 53 -31 -24 -8 -9 -53 -43 26 6 -12 28 69 -21 -50 12 -36 89 19 39 -68 -44 -54 -53 -20 -32 44 -1 -47 18 55 23 1 83 -14 10 -3 92 7 10 -45 -73 -8 2 24 9 -16 -9 39 14 45 54 -1 -7 -5 -53 -38 41 -33 -11 -39 42 -3 0 -5 58 -48 42 -13 -31 -55 -18 -32 1 -62 27 13 -12 -5 -7 40 -9 3 -93 22 -45 -28 -31 -50 20 31 -49 -30 51 -44 -50 -3 10 -14 -22 29 71 41 -28 -51 -29 -24 -38 -8 -14 -20 22 -16 30 -11 -60 -30 -1 -8 -24 37 3 -54 9 -48 -62 1 -24 29 48 20 -3 -1 3 -34 -50 23 7 -40 10 16 -50 -16 23 -44 -43 35 17 26 -33 44 -36 -18 25 19 -54 -1 -79 25 46 -69 -1 59 -3 59 38 -64 -15 -14 -5 -6 18 -10 0 -45 -34 -30 -18 -9 -20 -10 17 -16 83 38 29 -27 -51 -32 -9 27 6 -50 -24 17 10 52 4 -42 54 -7 -35 -14 -14 49 -59 -33 69 0 -39 22 15 -22 -20 -10 -49 3 -35 0 -9 -10 -4 32 64 24 13 32 64 25 -40 31 -46 -48 15 -18 47 23 -13 43 -20 -3 16 27 -75 -2 22 36 10 4 -71 -24 29 4 24 28 2 -21 30 -15 -10 -10 -10 -11 -24 6 -13 -20 -58 66 16 -46 -23 -23 37 20 14 -32 -39 -3 -2 22 -56 36 25 94 -21 -23 24 -53 1 25 14 25 17 -13 31 -26 17 3 -67 4 -7 14 -18 14 19 -3 12 -46 37 -22 58 14 38 -23 16 -25 -33 -22 48 48 -13 -41 -52 84 -21 -19 -22 -37 59 -21 11 -14 -36 72 2 20 -42 65 -33 4 25 -9 -1 42 20 -2 -13 17 58 -17 -22 -6 -17 -57 -40 -74 41 -43 -3 38 -22 12 30 -29 -1 -26 21 2 11 -17 -47 7 -10 -32 -39 30 19 -5 32 56 -19 14 36 -50 -49 30 10 3 69 -77 30 22 28 -9 -59 18 -10 -8 15 45 21 2 -40 -2 12 24 -27 13 -33 -6 -12 -29 43 8 21 -80 -55 54 -73 16 10 24 -63 -54 28 -12 20 39 -54 -38 67 -13 -10 -41 -48 -99 -57 44 -3 -50 -17 -40 14 41 -12 11 -11 45 -54 -35 16 52 -7 40 15 -35 -13 59 -24 35 -38 26 53 -8 -20 25 12 -56 -51 30 -4 -25 16 16 -50 -15 21 -3 24 -46 -23 32 28 13 9 -19 -10 -20 8 -50 -11 -38 -11 50 -8 -69 37 -77 64 -20 34 36 -7 5 40 39 -55 11 3 -49 -11 -10 38 -45 -53 -53 37 25 0 9 5 -58 -26 11 60 29 28 34 -17 33 12 51 -16 28 28 42 -52 -15 -73 -49 7 -39 60 40 29 60 3 -10 44 0 -59 -10 -7 -22 -32 -2 -26 56 -30 -21 9 -38 -2 13 -29 -54 -2 42 26 -18 -40 4 -17 -25 -104 52 9 -2 25 -78 -60 -2 -8 -13 -29 16 48 5 -1 21 19 3 -5 -1 10 -51 24 0 25 -17 74 -33 -80 -43 -11 -12 66 41 -36 11 -20 -31 21 -24 49 -1 -2 25 32 -43 6 -1 17 -37 -3 -31 54 -10 -44 -23 -13 -44 14 39 40 -61 -62 -32 -18 1 -30 -53 7 45 -40 75 -13 -6 33 -2 31 -2 0 -42 -67 -22 25 -41 23 -23 -38 52 -12 42 -7 -13 42 -61 -52 -68 7 57 -42 6 55 -1 58 -24 -27 30 3 -14 4 -9 31 2 -33 -58 5 16 35 44 0 -38 14 -26 -8 0 -51 -19 9 -52 -17 51 19 14 -9 0 0 14 59 17 -61 -25 28 -52 -43 -40 25 -48 32 -21 11 -11 27 -31 34 39 8 10 -26 24 18 5 -17 -3 7 -16 32 -67 72 56 35 -11 -1 48 45 -51 12 0 29 7 -8 29 -24 -39 18 -3 24 -12 17 -8 19 -33 -17 -19 -29 2 25 -5 30 60 -2 31 -7 3 40 46 -20 40 32 4 20 -13 15 -44 -50 -11 -5 -46 85 -31 8 4 61 -59 33 3 -33 -17 -67 51 3 24 -19 -101 -58 -47 26 -16 -32 17 -25 13 21 -10 56 48 -9 -17 23 28 28 6 -37 5 -63 26 -18 -29 -3 -8 -31 38 -66 -66 -41 18 -3 30 0 -18 -4 23 36 -43 6 82 19 -11 5 -39 -37 -16 -57 21 0 1 -74 -7 -6 -15 -31 -49 -42 -42 -68 15 32 7 37 21 86 53 -19 -42 36 -24 35 14 -70 72 25 -3 8 51 56 62 -27 6 -19 -24 -54 -42 -37 -5 -41 38 -15 27 70 18 49 42 -29 27 -34 -89 44 26 -39 -59 61 11 19 30 38 -14 -26 -56 28 -10 15 -52 54 -23 24 -17 -56 30 -24 -20 -20 0 33 -29 -6 -36 -20 -13 19 -33 -38 -25 -13 -10 3 26 23 -10 20 13 7 35 -13 -10 27 -45 40 -7 56 -9 34 -95 4 14 70 -9 24 -34 12 -29 9 -28 4 12 -32 35 -55 -30 26 -19 20 27 -37 9 68 -7 71 -47 -13 -6 -5 36 1 6 22 52 0 3 -83 -22 -55 -49 -37 -17 -4 95 23 24 -47 -44 17 -6 47 39 49 -9 51 -4 15 -9 43 -20 1 8 47 36 -1 -28 -21 37 -29 -27 -29 -32 48 20 -23 -59 30 0 2 -28 2 -21 28 30 51 -43 -39 7 22 10 1 9 4 -34 -19 -50 -1 -66 -31 46 12 30 -19 -40 51 -65 63 -4 29 18 10 -37 5 -5 -14 -4 -42 -81 55 49 -33 0 8 39 -23 -32 -2 19 25 15 -32 -2 19 0 -40 -27 -17 16 38 24 7 10 25 -65 18 17 30 -81 -59 -20 24 -11 13 4 -55 30 -48 -75 2 21 -45 34 -38 -6 11 20 -5 36 -18 -6 -29 30 -7 -3 -22 -13 38 -61 60 53 35 -31 -59 34 -16 3 7 -23 16 -34 11 -28 70 5 -20 105 10 -6 -62 -68 10 30 -13 -47 72 -23 36 -35 -29 -32 6 44 59 32 27 6 -78 -25 5 -29 12 44 3 57 -12 -38 -72 16 0 -59 27 -3 -85 -49 41 83 -30 -37 63 -1 18 -38 -14 64 4 -60 6 59 18 67 -68 51 59 -21 4 -4 7 18 -72 13 -51 26 18 -10 -4 -2 -5 45 8 -6 17 0 -37 10 -38 52 -18 21 -31 -43 -28 -59 15 -42 12 46 62 10 4 13 -4 -52 -41 8 7 65 16 -7 26 -37 -3 -26 27 1 4 -77 19 -11 23 -77 -4 -22 13 69 28 -44 17 10 2 22 8 -81 6 -3 6 20 -30 38 -5 -14 -10 24 23 -15 10 -19 32 43 -41 27 43 -9 20 -11 -11 10 -22 14 -51 -2 -2 -22 -8 -13 25 -57 19 -29 -53 -9 -1 -32 -18 39 3 29 -45 23 22 -9 -29 -13 -44 40 -2 -61 -55 47 -21 -16 16 49 -9 -10 12 19 70 -16 -12 16 13 31 45 44 20 64 4 -50 -25 -26 33 43 48 -33 -17 16 38 -21 31 -14 4 -32 17 -21 4 -1 31 15 -33 -33 23 34 34 -49 12 38 12 -47 -36 41 -9 26 -16 -51 32 -12 27 -23 -37 36 45 34 -23 -14 -29 43 39 0 -14 -8 -41 7 4 -39 36 -19 -10 25 -58 26 -65 12 49 90 -43 66 25 45 -30 -42 -21 -8 -1 38 -18 -60 -3 46 22 35 -21 13 11 -58 21 7 42 -21 -12 -33 31 13 -51 29 37 -6 30 -13 12 83 35 14 2 29 -27 55 -39 -12 9 34 -26 -27 -20 -5 17 14 -10 -34 45 28 45 19 68 -8 1 29 -1 10 -73 3 34 0 -54 41 24 -43 19 3 51 -18 -26 15 77 -40 54 -21 -46 28 -31 -17 13 -47 16 -3 9 16 -38 -19 51 -55 -41 -68 28 48 -28 -13 2 55 35 -29 -37 -7 1 -45 35 41 10 -30 33 19 -43 -25 4 33 -22 45 10 -18 15 16 32 -8 -31 33 53 -22 24 -25 -32 -9 -38 -47 -7 -27 29 66 3 18 -25 -56 26 15 10 -48 2 12 46 -34 -30 73 -35 35 -47 -8 35 12 -52 10 -51 -23 48 -42 84 -23 25 -19 11 11 50 28 7 6 -6 -12 -31 -61 -35 -41 0 -16 43 -13 3 -18 -7 -17 13 26 53 64 21 26 -23 43 -25 -17 -5 8 10 32 -2 -4 23 -21 -9 -9 2 -5 -5 57 -27 -59 20 11 25 40 24 -4 -57 -47 13 -7 -17 0 -6 29 4 -72 -36 -30 -17 -21 21 -6 -12 -7 55 1 -52 54 22 1 45 -7 34 -11 -27 -37 5 -16 -46 42 -37 23 -54 23 -72 2 -6 -18 -34 36 51 41 -27 -19 34 49 22 42 -62 68 -6 17 -7 -16 62 -14 44 29 -47 -9 16 -94 40 -8 -25 42 -48 4 13 5 33 -14 -40 6 4 31 -26 -20 -12 34 23 -90 72 -4 3 -8 66 7 67 21 25 -87 6 2 -46 37 -7 9 22 38 16 6 15 -22 -37 -29 -38 -45 -42 10 18 36 -8 30 -9 24 -49 44 9 21 11 -78 29 38 10 -101 55 -6 12 10 -58 1 19 -5 -64 37 34 29 -62 5 31 -19 -74 15 -17 13 -34 17 -3 85 -30 39 57 -2 -23 24 -18 0 23 -49 -11 21 -24 -4 18 -19 -39 61 30 82 4 5 -30 9 -44 49 -19 -15 -25 -34 -12 -12 27 32 -43 -40 34 -37 24 1 50 -11 18 -20 -56 -18 -70 23 39 -16 -18 -32 29 24 -18 36 -68 -12 -23 33 -26 53 20 -16 37 -1 7 1 48 35 1 -5 57 25 14 -29 -2 23 -14 -62 28 -9 -41 7 -22 76 -10 14 -17 57 -29 -57 -72 29 -17 -20 -1 -71 -38 25 7 -51 3 17 -34 -31 -20 -40 -15 -32 60 57 0 45 35 -21 3 -13 55 -18 40 26 -30 22 -57 -1 20 73 13 76 -1 12 45 16 39 -36 43 -73 20 -69 53 -29 -30 -30 -18 -8 -46 24 25 -13 53 24 52 13 63 55 -35 31 22 70 24 -4 -34 36 -28 -48 -5 33 -8 37 7 -41 -50 -5 -31 -39 -34 14 -13 -27 12 26 -29 -54 -5 -37 37 26 -37 89 3 -20 16 -1 9 37 -23 -31 3 29 -66 -36 9 58 7 53 -13 24 3 -28 -21 -6 44 54 -20 -19 18 63 -4 -20 52 20 6 -29 -39 11 35 -1 80 11 -20 38 -25 -33 14 -53 -6 48 -13 27 6 1 -33 44 25 -16 -1 -29 -14 -43 -12 18 -48 -1 61 -55 -45 57 -1 14 17 -8 0 -71 -25 6 -19 25 -1 -53 49 -28 26 9 25 -23 -16 -48 -60 7 -32 -31 35 -41 -69 -35 26 -24 10 14 -9 33 44 37 -10 -89 -1 10 18 25 -47 -9 -12 -19 -17 2 1 71 41 -62 -37 4 40 -24 -49 -78 -37 -55 -64 11 -9 31 15 -24 -6 34 -50 3 36 17 -28 26 14 -41 -29 -50 4 12 8 -99 29 34 49 -12 9 45 -58 -55 22 37 8 -46 45 57 16 19 15 18 -53 -63 2 42 55 -85 7 31 -3 -7 23 6 16 46 35 29 25 53 -1 4 -62 63 -88 37 38 -5 -74 -21 -30 9 -5 -34 9 -13 -45 49 26 5 -8 80 33 7 32 41 11 46 0 -8 -18 1 29 23 32 7 26 5 17 1 62 -21 -16 13 -32 -5 4 1 14 -4 -13 32 -5 -66 -64 14 -2 18 -30 -3 -56 2 -39 -66 -10 -60 -2 -36 5 -24 33 1 -8 31 14 -6 11 7 -26 9 44 80 28 48 -40 -11 38 -16 28 -30 108 -15 59 -4 -3 -3 11 -7 25 -33 -15 -17 70 35 51 12 -33 35 12 -40 3 -86 -11 -11 -4 -97 -39 2 -10 23 22 3 29 -60 25 46 -17 -27 -7 54 10 39 9 -14 -10 -36 0 -4 55 -22 -77 18 -33 25 27 17 -1 26 11 24 -40 -5 -53 -54 29 28 -48 45 -64 43 42 32 -50 30 -43 -16 52 -41 -58 0 -52 -41 -70 14 3 8 19 2 -16 56 -35 -13 47 16 75 26 -40 14 -55 19 3 46 33 -13 -28 49 -12 -61 -47 -45 13 -30 21 10 -7 -30 -42 21 47 55 -29 10 11 -11 38 -78 -33 40 23 41 64 44 -16 11 -28 -36 56 14 -56 0 -20 -23 19 -42 -25 -22 -20 -57 -63 18 -17 17 41 3 16 7 -13 -18 29 36 -2 9 33 -17 -12 -8 23 4 -23 -11 -5 4 -50 0 0 -90 0 36 9 -13 -37 -26 -18 -16 -16 -9 41 -27 39 -46 70 -2 29 -50 18 -26 -9 35 -41 -114 -4 10 -2 -15 -20 -54 17 0 4 30 -75 -14 -11 19 37 33 -11 42 -30 -3 -25 -39 -6 13 -55 39 -6 -13 13 -27 42 12 24 17 33 1 8 -15 -37 -52 36 24 -5 -20 -62 6 26 -2 21 7 -21 28 -7 42 37 -17 47 7 11 45 9 1 29 24 40 16 5 24 20 -17 -74 10 13 32 7 -43 -13 -20 1 15 -46 13 -18 43 3 67 -19 13 -55 -19 33 2 15 15 48 -13 -27 38 50 -54 -42 59 6 -43 0 -5 -15 42 42 -28 -9 -4 -11 49 10 -30 9 4 13 64 23 18 9 45 59 20 -5 82 -40 49 -54 70 12 -55 73 18 -39 49 -39 -29 -57 34 44 2 -2 33 -57 -13 -1 37 -30 -19 13 17 -31 11 -49 -65 -44 0 -24 30 -29 8 -6 -31 25 39 12 -10 -10 -44 28 42 -15 -51 35 -59 -8 6 -24 -31 -21 -63 12 -34 30 39 -52 -14 -5 -15 -8 -13 -15 -21 -48 -44 -35 32 -41 47 -7 -27 0 52 38 -22 -9 7 -11 -50 -70 19 40 -11 -41 -10 25 61 -38 -10 -14 -35 -46 14 -19 -61 -20 -14 31 -45 -15 -44 -46 -22 8 -40 51 59 -29 31 -31 11 34 -26 -49 13 55 44 -10 33 43 -23 -17 -11 3 43 -43 -29 6 -35 10 -20 5 31 30 -7 -10 -41 27 21 -26 16 -1 -26 -23 -9 6 25 93 65 57 -3 61 5 -2 -25 -73 -21 -37 -16 -55 -23 15 35 30 11 -29 29 -10 -24 -38 30 -30 65 -13 12 -61 23 9 44 80 39 24 -31 -41 31 -20 35 -35 10 65 34 65 77 -21 50 5 34 -25 7 34 30 -53 29 -13 -24 -8 47 11 -40 44 -23 4 -58 -11 -14 -17 33 73 -25 21 47 -62 -25 -51 55 11 -28 50 21 24 -7 -12 31 23 5 -22 -28 45 -40 59 -10 15 -34 -12 -14 -12 10 -35 -50 -24 35 1 2 4 -20 -59 -7 51 54 54 21 56 61 -7 52 -17 13 -38 -30 29 17 -43 -29 -33 -62 -2 19 -74 56 -1 10 52 0 -19 -5 20 -15 -31 -12 -30 2 10 -15 -16 -22 2 -20 -32 -69 37 -28 19 -24 30 -22 49 -19 69 -21 1 24 27 34 -9 -60 2 -3 0 -73 32 1 1 36 58 -44 -53 46 -19 -42 59 -14 -8 5 37 21 56 -1 -5 -16 -48 27 -23 -42 -10 -21 -8 -45 -31 -13 27 -21 -47 18 21 -8 17 -13 20 65 5 -11 15 7 9 -38 20 -37 -22 -65 -4 -34 -54 38 -13 55 -75 27 12 0 -31 -48 -8 46 -19 -33 25 -15 68 -17 29 -32 -32 -26 -25 19 -16 13 20 -18 22 20 -13 40 3 67 -4 -55 44 12 -41 32 -50 -47 -49 2 30 -14 -41 38 48 -43 8 -47 -37 -60 41 24 -22 7 5 -42 44 -7 -52 50 -50 39 -18 32 -4 31 1 24 -7 29 -8 -17 25 31 14 84 66 54 -27 -5 19 12 52 2 -10 -43 -72 -61 -49 11 -69 7 -87 -13 22 34 -30 0 28 66 59 16 32 -28 28 -27 54 -12 -16 -50 -71 -45 13 -20 25 -11 -47 50 -23 -23 20 -29 27 -21 2 -47 -18 -86 37 5 25 -5 -32 -45 -17 16 -20 -5 21 8 16 -20 -22 14 -66 34 34 -51 -32 -10 -20 -3 -20 10 -26 -44 -6 44 24 59 3 13 64 68 6 31 24 53 3 -3 28 -7 65 39 23 37 8 -48 31 -16 28 -54 -2 1 -48 -33 -45 -38 -48 54 4 26 31 61 -12 13 -33 58 42 32 15 -21 1 12 10 17 -14 -3 -9 -17 -10 -23 -37 57 45 -55 -2 -55 40 42 -15 -86 11 33 -5 79 -35 36 14 -25 -32 10 -11 23 16 -68 -29 -31 33 -76 -37 -45 47 -5 -20 -18 68 -8 31 30 -37 -30 9 -17 -10 11 -11 -39 4 62 -48 12 -27 9 49 -50 -5 -48 -1 27 69 -50 -15 -10 -52 -29 -31 -7 -18 53 -43 -66 36 8 39 -43 -46 14 -13 -33 42 0 -67 2 22 8 4 -38 -55 -21 -22 -38 -34 -55 8 -50 -9 43 -62 64 -53 -17 3 36 -7 -60 9 60 -31 -42 -42 18 15 24 -6 4 24 55 -70 62 3 6 22 0 -22 18 28 -75 -53 66 24 14 -15 -29 -48 -27 17 47 -75 40 30 -28 13 20 2 -13 -10 43 52 -19 -54 50 14 -10 -61 76 39 49 -22 7 -12 66 -34 -73 51 -14 15 29 -17 36 9 6 39 -14 -12 -16 75 -83 -1 -14 23 39 -9 1 47 -58 -37 -15 -25 96 -62 -63 58 13 15 9 -7 25 42 -17 17 35 16 42 16 0 -51 -15 -38 -25 46 -33 18 35 -19 -25 27 20 7 -27 17 25 -32 10 -22 14 -52 -33 -9 30 -72 -15 -83 39 -31 17 12 -43 38 37 23 34 -14 -27 -31 -53 -4 -35 10 -29 22 -7 30 -14 -16 -1 48 -56 9 30 -3 59 30 -62 -13 -48 33 22 -21 -24 -19 -62 -27 -19 -48 79 20 14 50 -19 21 5 47 34 24 31 5 3 -19 20 -44 5 26 -4 -49 -25 -38 54 -50 -57 -5 -45 17 -66 -21 13 7 -49 46 57 -51 -19 19 -30 -17 -47 -42 19 22 36 -34 18 53 7 70 6 57 52 -2 10 18 0 84 -9 -46 37 -44 -40 18 -79 -2 -36 -41 60 -15 -15 -22 -8 72 -24 4 36 -27 3 -13 -29 61 -22 3 -20 22 73 -36 30 11 53 -31 -37 -12 11 13 -4 -53 -49 -19 -19 -15 54 12 16 58 42 45 26 39 66 -4 -1 30 7 -37 -34 28 -49 -23 27 18 43 7 47 13 -24 24 25 9 35 -41 54 -44 -2 -19 -27 -29 0 24 10 -36 6 -44 36 28 79 -28 -34 -47 9 3 4 -23 33 -5 -49 49 -70 -5 -47 22 -56 55 8 -11 -40 -15 12 -11 -24 -29 18 11 62 48 14 31 16 13 -34 28 48 -41 4 -27 3 -24 -55 18 43 8 -8 19 22 -12 7 8 16 -60 -37 35 -24 -33 -6 -45 -29 36 -19 -31 27 -48 -9 -63 -54 -16 41 -41 31 21 54 -100 4 -17 -37 18 -75 0 -61 9 22 -61 21 110 -39 38 18 -53 21 26 39 -20 -42 37 -8 -6 -52 -16 -23 2 31 8 21 41 -15 25 -5 6 -71 -10 -16 51 11 51 7 -22 -47 -8 21 -50 -29 41 3 -19 -33 30 34 53 46 41 40 0 59 4 -1 -11 4 -43 38 20 -48 7 -44 -31 -8 -3 -24 -22 -35 -23 42 -6 -14 -7 15 8 -15 -22 42 -41 59 20 3 41 13 -38 -3 -3 -17 -39 4 -9 48 -32 2 50 4 -34 -15 27 9 47 -32 30 -27 19 16 -10 74 -31 15 31 25 -34 9 -23 49 -60 42 26 -35 -18 56 22 -11 -40 40 25 2 59 64 15 -11 49 3 29 35 49 -58 -11 -20 35 33 -38 7 23 -55 -28 -49 -42 -45 -8 33 44 49 48 34 0 -23 28 -30 37 11 21 20 39 -32 -50 -15 -8 15 -9 25 -38 2 0 31 -73 40 -7 -39 46 -13 -63 9 -90 -16 27 24 -35 36 4 52 24 -34 8 16 53 52 35 -65 25 -13 5 -4 32 62 53 -6 53 101 30 22 7 -37 -10 27 -4 26 36 16 -44 27 10 -31 -21 -52 27 15 37 -39 17 -27 -27 -17 1 -50 21 -15 28 41 35 1 -27 48 17 -7 33 30 -38 20 8 11 33 12 -32 24 12 -30 12 -43 -1 11 27 -7 28 38 68 -20 -36 -29 11 -13 11 49 -32 0 37 25 44 -2 -40 -4 -30 26 42 16 -7 27 13 55 73 -32 -38 37 15 -60 39 -5 10 16 1 17 -43 57 -7 -75 53 -7 89 -64 -3 -56 -15 -11 58 60 54 14 -13 17 -55 81 32 -56 10 49 13 40 39 80 -36 15 12 32 -44 -69 18 15 -61 -31 0 7 -60 42 49 -8 -17 3 1 5 -31 23 -42 -18 -3 18 63 36 79 -15 5 0 -39 24 13 -39 -17 32 -17 2 -73 0 33 -5 65 49 49 10 23 -36 -8 2 -53 -38 4 -33 25 -80 36 -5 59 -16 4 16 41 46 -16 -16 -13 -43 -7 47 -7 21 3 1 48 -2 44 30 5 34 -31 19 -4 -13 -67 -45 36 -19 8 17 -20 -9 -39 89 -28 -47 -14 -4 61 44 18 13 70 29 20 -31 -64 50 -29 29 44 20 3 -7 -17 -29 39 -20 -38 -3 68 21 50 -68 25 23 47 -67 -58 21 22 56 18 -11 51 46 -38 1 94 -4 -40 -4 -6 -31 1 -33 25 -18 -4 -46 11 -38 -14 17 14 -11 44 -63 -66 -43 -36 -50 65 -24 2 -26 -77 10 9 26 24 -16 -78 -47 26 -17 33 9 13 47 -2 36 -6 -7 -31 -8 30 -30 10 -20 39 15 30 -22 -1 -27 -28 -13 7 -38 -49 -36 -14 6 -34 -6 56 30 -56 -25 49 69 -25 3 55 17 -24 34 47 8 -59 20 29 -17 -68 30 55 11 1 5 -87 -111 58 25 35 -46 53 12 -8 -7 42 34 -49 43 14 25 13 58 6 -14 46 -5 7 -21 9 -45 -16 -3 55 -21 -12 -45 34 -15 -13 -3 21 46 25 22 8 8 42 12 -75 -18 6 34 -23 65 12 -23 41 -72 69 14 7 -24 54 79 1 -26 16 -76 -32 49 -27 -73 15 -20 -14 -10 76 21 -13 0 5 -26 11 5 -3 47 36 98 36 49 -35 -39 -2 12 -26 23 -43 15 -11 17 -57 -53 -19 -2 -123 23 -9 21 -29 -12 -37 -42 66 -24 7 -59 -34 50 10 33 8 34 21 -49 -64 -19 34 -17 -38 40 -19 0 5 27 -1 35 -1 20 -23 -12 -15 -1 15 12 -9 -6 -73 40 34 6 28 2 -15 -36 -21 12 -34 -23 -3 26 -9 -20 11 -18 -63 -22 5 43 -38 15 5 -42 6 -52 -18 35 34 32 -40 34 35 -9 -7 -23 23 -2 -17 -11 30 19 -6 58 -8 26 -37 65 -49 -25 10 -7 -10 -15 16 52 54 -28 57 29 30 -22 -9 7 24 15 -46 10 17 -19 -34 -36 -74 -60 -21 10 -48 26 46 24 -53 21 17 18 4 8 37 -42 -9 -16 -37 -42 -31 -23 35 37 21 1 25 20 -42 15 -50 -12 -68 36 -47 -48 0 43 2 -6 60 -64 31 3 -44 -36 37 -57 21 -2 -39 59 -61 35 50 15 62 19 5 8 18 10 3 27 18 11 -23 -11 -9 -7 -75 -17 -13 15 10 28 -62 -45 -6 6 -46 -14 18 37 52 -18 -66 68 47 -23 24 36 -64 40 46 17 -44 -60 -30 4 7 47 9 -29 77 -20 -75 7 -73 9 -14 -32 68 -4 -1 -38 -8 64 -57 -20 49 29 19 11 14 28 -75 -14 34 -11 16 -19 -27 -46 -33 -8 7 74 88 30 49 20 7 15 39 -1 44 -36 -59 -12 27 1 -4 -18 18 -47 3 18 18 33 -53 -14 -6 49 7 49 10 12 -17 11 51 -78 -20 20 31 28 -25 12 28 18 -34 -22 -18 -12 -25 -80 25 8 -33 -55 -1 -16 -24 17 4 19 -48 -45 24 37 -53 23 5 22 38 14 67 -49 -39 5 52 -34 -15 6 16 -12 9 21 -21 -52 17 -3 -35 -18 7 -39 31 -29 -35 -34 -5 -44 3 -46 67 -84 -9 15 20 12 15 -11 -69 8 26 -24 3 -43 16 58 12 39 34 26 50 22 -33 -11 -38 43 -39 -22 27 13 -66 -11 -85 16 12 29 21 -3 -28 41 -10 13 -1 29 -10 -41 -36 55 8 56 60 -28 33 -80 -40 49 -19 -15 62 44 -6 -6 -16 -47 49 -40 -31 67 18 -6 -51 25 -81 -42 -62 57 8 -10 -41 50 -48 -37 38 15 9 -39 -86 22 -59 51 -12 10 2 -56 70 24 -24 -56 -21 -38 -14 -22 9 -36 -48 36 -35 -13 -68 24 -8 -23 11 27 42 -52 -23 -74 -37 -31 8 73 -3 13 5 19 61 -14 -28 -2 32 47 28 43 -30 56 12 15 -31 15 -39 -41 -27 9 -87 -2 -19 -57 6 -40 -19 -24 -30 19 63 -1 16 47 -24 -18 -21 -5 64 60 23 2 14 28 -33 22 3 72 -27 10 38 -4 -19 -25 -28 53 6 -33 1 1 27 -15 47 -14 15 -39 -52 30 -28 -34 -39 10 6 20 23 5 -59 19 26 -10 -79 -12 37 15 20 -29 -14 12 63 40 -11 -7 10 -47 50 66 -21 -33 47 -36 -12 -28 32 -15 -54 -39 -74 -24 -29 -47 14 6 4 33 31 61 52 2 16 38 -14 66 38 20 18 -53 -6 65 -35 -27 26 -49 -13 -3 11 -24 65 -37 5 88 29 14 -48 75 -8 -46 -21 20 18 -19 9 -31 18 24 45 39 -27 7 -83 -22 -48 32 -65 13 -42 5 -49 4 14 -31 45 27 -10 -23 8 -10 -13 8 -11 39 9 -6 -41 -15 17 -62 27 75 36 24 -63 -36 21 -27 -43 -26 45 11 84 -34 -49 -38 3 45 38 -13 22 -1 -45 -48 43 15 3 -15 10 -46 46 -19 38 42 -20 -12 -27 -36 1 -14 24 -38 11 37 -99 24 -24 -49 -84 -24 -57 22 -28 -42 -21 -10 -85 13 2 6 -18 -4 -12 -38 10 41 -28 -29 18 -11 22 -53 -22 -4 -19 69 30 9 21 -58 -14 -32 -33 14 9 -14 30 4 28 12 6 18 -14 -16 -48 6 66 -10 -6 66 42 -41 -36 14 -3 -49 25 -42 0 21 -35 32 48 30 -38 -12 5 47 11 -9 0 67 -42 -62 -38 -54 -23 -14 0 -2 11 -27 -16 -3 36 -15 -30 -1 4 -27 -11 -7 -53 52 -53 -41 -7 17 44 14 4 -54 -52 54 -2 10 22 -14 -73 4 42 69 31 -21 13 39 -14 -28 -49 3 -62 -26 -30 -6 -9 -18 -11 48 -13 -26 -13 30 6 -15 -39 70 11 -22 -76 -20 -56 71 -53 -24 17 -28 -11 9 60 5 32 54 -7 -60 -2 1 -27 27 6 -1 34 23 -13 15 13 42 10 52 55 20 -11 -22 -32 43 26 -8 -85 -23 30 9 90 13 -31 48 20 22 -87 5 -10 19 0 -45 -7 5 38 -49 -46 43 -10 -50 -43 -47 -9 -16 15 -33 12 -61 30 40 27 -44 -19 -43 32 36 28 -13 9 25 -9 19 5 70 -17 -14 38 -12 -14 7 18 26 -52 -25 1 -14 9 -53 -17 67 -76 24 -19 -26 -3 -42 -50 24 -35 -24 -14 12 -63 -16 -29 46 -3 25 -11 79 32 -32 69 47 1 24 42 54 7 84 19 1 42 -23 6 -3 67 56 -57 -26 -46 41 4 16 -15 -38 61 24 54 -9 33 11 -52 -47 -26 -9 77 47 52 29 -42 -19 16 -46 25 14 5 -13 20 -18 -7 -48 37 42 -78 -46 33 -12 11 -44 -11 46 -59 3 -23 -17 18 22 41 -12 21 -35 -25 7 25 62 -40 30 -15 -11 65 49 -4 2 26 -13 -12 -36 -63 -79 30 -13 49 -52 33 56 -7 -15 53 -2 25 -44 -23 -19 30 43 -13 -69 -23 84 10 -24 36 -60 -13 3 -22 -55 -29 24 10 97 -28 -49 -65 -16 34 61 8 60 -6 -32 29 -27 56 7 -28 38 24 37 -81 43 51 31 -35 -10 45 51 -35 39 -6 25 41 -40 21 38 22 -36 -15 32 18 -1 -40 -45 -36 7 44 -63 13 -13 -12 2 30 -15 50 -1 30 4 -45 26 51 -30 3 -35 64 73 -20 50 23 34 8 48 -23 66 79 -14 -25 -16 14 -9 35 -46 -26 -57 36 11 48 11 -57 36 98 7 -33 -15 40 -31 9 24 -6 -62 2 24 13 27 48 -49 -47 -40 -53 -39 19 33 -4 21 -83 -1 -28 -30 -3 106 -30 -8 -36 81 -55 -45 19 -12 -20 41 -58 -4 10 -48 -48 -53 16 71 52 25 40 -87 6 -2 -6 -26 34 31 -37 28 42 17 -23 39 -41 28 0 -31 47 52 2 24 49 -45 3 -22 42 -39 -65 48 -28 -28 -28 -9 -3 -6 12 -11 -37 -26 47 -6 -35 67 -20 45 58 38 -20 24 37 0 -1 33 -34 -14 -52 32 -48 -14 -15 -26 8 -2 28 12 -16 32 10 -37 12 -59 -31 39 -3 24 16 -20 42 -18 -26 3 43 -54 12 -1 21 31 -38 16 -9 63 23 -25 -29 38 29 -86 50 -22 20 4 12 -57 -31 -28 -41 -12 53 -32 22 -51 23 -13 -44 15 31 10 -19 35 -39 -19 4 42 -4 15 57 -2 49 10 2 -14 30 28 19 -61 -3 34 -27 19 6 62 24 -75 4 -34 14 24 43 35 15 -29 17 -56 1 -15 6 17 -18 6 -50 2 -56 -10 3 22 7 3 -5 -29 -32 40 13 -47 30 45 12 -46 15 -15 5 -56 -50 30 70 23 -28 30 -16 6 25 -30 -36 -13 -21 38 54 -61 -6 18 40 -17 -40 5 52 15 -13 -16 20 -4 -52 55 -21 7 9 -1 36 -50 -55 49 -21 -5 38 13 63 13 36 -13 51 -57 19 35 -27 -12 3 25 32 -22 -11 37 30 -37 7 15 54 -42 10 18 -11 26 -38 57 -49 -16 -15 51 42 0 -2 19 -19 -26 -6 -27 15 -6 24 -42 -22 18 29 51 15 30 -52 40 39 -8 11 8 78 10 11 -24 22 -13 13 37 -41 -69 -15 42 18 50 16 13 -3 19 27 -16 -32 -9 -94 -3 -14 82 -6 28 -12 9 -9 27 -20 70 36 -16 -38 16 3 6 13 54 46 -67 -61 8 -85 -2 8 -23 35 28 7 17 16 -5 11 29 17 -24 -23 25 6 -60 -52 -62 38 12 -61 49 75 13 47 -26 1 45 33 -41 62 21 -8 -1 -8 7 10 -24 18 64 -7 -5 21 -21 18 96 25 -34 43 -27 27 31 2 -22 34 -31 -14 -56 -57 -77 18 -33 44 -9 78 26 10 34 14 78 15 23 -56 -4 38 10 52 -40 17 -15 -51 26 46 35 -3 -22 36 37 -17 -29 61 28 56 -30 -58 23 28 -12 -52 51 48 6 18 2 11 3 -7 -10 27 -28 3 -33 26 3 0 -20 -56 13 -4 38 -13 33 34 -13 -49 86 11 -10 36 14 29 17 35 -25 20 -44 -11 -66 -61 -1 35 -6 10 40 41 -17 -21 -28 -28 -31 -45 -47 26 6 -22 -10 -16 21 47 35 -33 -23 35 -44 21 -12 29 -41 16 17 -16 -32 -34 23 21 22 0 -62 1 4 -5 16 -26 -35 -35 49 -11 -24 -1 6 -24 -25 -33 -38 82 -3 -4 -75 -15 41 7 -7 -32 -55 -15 53 -19 -55 10 -13 -31 -42 32 19 -10 39 4 -7 41 35 50 39 -34 -34 121 -56 -30 -11 10 -37 -19 6 29 47 -14 -27 -41 -43 -19 5 -64 -28 -14 7 -24 0 -23 -21 -14 -22 -8 -54 -18 3 -10 -45 24 -22 31 -38 -60 -6 -17 -17 -65 35 -24 -14 -8 -21 -60 14 65 -6 6 -53 2 40 36 -28 -8 44 -28 19 -49 0 22 49 2 -1 -18 -25 -38 -14 -49 44 -28 36 -34 -29 -1 8 2 -24 -43 31 12 -41 -28 -6 12 19 4 -44 -28 -33 8 -30 -72 -1 61 74 -32 -7 39 -8 41 39 -24 -11 22 34 45 -12 -24 23 -59 -29 -14 -51 -25 20 37 10 9 -4 -4 -34 33 -43 47 12 5 -51 -26 70 -4 55 7 -7 4 1 5 -22 36 -6 -29 32 28 -17 2 31 8 27 -8 -35 -46 -30 -12 -14 -13 -18 -4 18 -55 20 46 51 -20 13 15 -36 -20 55 4 -20 34 3 24 50 -30 -10 38 -32 37 -21 -13 -22 3 -35 46 -38 -32 34 -8 12 -70 -8 -17 43 31 -2 -3 -7 -26 8 -48 21 -31 75 36 33 47 -19 62 -11 54 -11 77 -16 27 9 0 -50 2 21 -36 39 16 -25 40 -60 21 -2 -29 -37 -15 5 -54 -28 -27 -4 -36 4 -39 0 37 61 55 -10 -46 -25 25 2 17 33 39 66 -78 6 21 17 24 -6 45 -31 -72 23 14 -29 -4 15 -18 8 30 -27 62 -29 40 14 -43 48 27 33 -5 -13 -8 8 40 54 -5 49 -45 -65 -4 59 -29 25 55 60 -26 53 21 40 15 8 44 -17 -71 -58 45 -25 70 23 -5 3 12 3 -81 -28 -51 16 38 -13 13 10 -2 -23 -24 30 -38 20 -37 16 4 -17 52 36 21 -15 -18 5 -19 -28 -44 -38 28 -50 10 -62 -12 93 7 25 -11 -42 -29 -39 4 18 -80 -42 15 62 14 -33 19 50 51 25 8 10 -19 -31 -46 -27 9 -26 10 9 -49 71 -20 -30 -19 -65 12 8 84 -9 31 -16 6 13 -32 25 -16 -9 32 -49 -23 -6 -43 -80 11 67 11 -25 27 -70 54 88 -10 -38 -24 -47 -65 -50 -12 -13 50 -35 26 87 68 15 3 60 8 39 -20 15 -6 24 7 -20 -46 11 15 40 -56 20 -55 14 30 -65 -15 17 -29 -52 11 -46 -21 82 51 -18 -39 -25 25 -51 -48 76 -5 8 -20 35 71 -15 5 41 -36 11 -16 -11 12 17 -7 -49 20 21 35 49 -4 49 13 -31 8 27 -57 -1 -15 -43 0 -2 -45 -11 -19 6 -48 26 -24 -58 -15 47 -13 62 10 33 -39 -69 28 -25 60 -48 33 -17 -9 -25 -4 -31 -18 40 73 -21 10 44 -13 -51 -28 -30 -36 -35 -18 11 69 -68 -78 -30 -23 -21 -84 22 -20 42 -33 9 36 -11 -62 -27 -45 -13 30 -33 32 -8 -1 54 37 11 -44 5 -36 29 -8 -45 -30 -63 -9 -26 -12 5 54 -35 7 -13 -16 34 51 -9 -12 32 26 11 0 -35 -34 -63 10 33 16 -36 -55 3 7 -30 5 35 -50 6 9 18 -32 -7 -17 -56 5 27 -29 8 -3 44 -5 -11 27 6 -10 30 41 -23 -40 21 -16 20 -13 -8 -48 60 63 25 -20 12 15 83 44 10 -70 -91 -26 5 29 -56 39 20 4 -6 45 24 33 -9 9 56 -5 66 16 12 20 -18 78 -4 -14 -18 12 -39 38 23 6 -7 60 -72 -3 -8 -29 -42 -19 -64 -42 28 -62 -17 30 13 16 30 2 -28 29 14 -19 -45 41 0 5 -5 -55 7 -32 -18 -6 -3 -48 -40 -3 6 19 8 55 24 -15 30 -15 -40 2 -37 18 13 7 30 -24 18 -15 23 2 3 28 9 -45 40 -21 21 -30 0 34 16 13 17 -48 15 24 50 -56 -44 -18 -6 7 78 -50 -39 -39 17 2 -17 52 15 -22 -20 64 -32 -93 11 67 -40 33 -13 -34 -14 -26 -74 57 -12 -40 -49 -56 36 -28 68 -46 49 41 20 17 -13 2 0 -55 -27 -50 -20 -29 17 -8 -5 -2 -55 28 39 -22 65 -10 32 5 49 -23 22 32 -29 8 15 -10 35 4 -40 -5 -38 3 41 -21 -35 -42 10 36 40 -23 29 -42 4 34 47 -29 19 69 17 -29 11 -25 39 16 1 27 64 31 85 43 -34 -48 -2 -52 0 -7 17 38 81 31 -45 1 -36 24 21 1 58 -59 50 32 38 -9 -23 -53 46 -88 -19 52 32 -4 18 20 -16 22 9 -35 -4 -1 -21 -17 22 78 3 61 51 2 -22 1 -1 -20 -16 38 -19 0 22 -17 -31 -83 -2 2 34 -37 -48 48 2 -9 31 -8 -23 47 59 -14 26 16 -54 -46 46 -38 41 -22 -35 -7 41 -4 -4 -14 33 8 15 42 -72 -38 -58 6 28 36 -1 50 -45 22 -17 -8 -63 -33 -1 102 34 -29 -58 47 -69 -13 35 -47 35 82 -11 0 -49 -20 36 30 74 -7 -44 37 1 -19 -2 -33 1 -14 -21 -42 42 -19 23 -39 -48 -44 -35 -26 -16 22 -24 3 5 -21 -11 -28 1 -1 -12 -4 -48 -11 -25 79 5 11 5 -38 -58 59 -23 -48 1 54 -85 7 -8 -87 -65 -14 20 36 28 -15 17 15 31 -42 86 -14 30 -21 28 28 -25 -19 15 11 -67 -40 -4 -16 22 -61 3 66 36 -13 -12 -37 -24 53 14 6 -27 -9 32 10 -46 45 45 -50 1 -9 -22 34 19 45 -18 -49 -54 27 67 -39 10 27 19 -36 60 -20 -7 19 30 6 -29 61 -13 0 -7 -10 20 61 32 -58 24 -69 7 3 -1 22 -19 -41 2 7 4 -41 -19 -45 2 38 -32 58 68 16 -40 -7 1 -31 -24 4 -26 -7 -28 29 -17 59 -74 -9 29 35 -34 23 -3 37 15 -8 51 -6 9 -4 4 29 -7 24 -34 41 -71 -36 27 -12 -8 -33 -24 18 -48 41 5 -1 -78 -70 -23 -35 -49 -8 68 5 -10 34 -71 -40 37 -71 -9 -25 -2 -10 -35 19 -20 -2 -14 18 42 25 -14 -11 11 -18 63 28 -8 40 -1 -25 7 -31 3 -36 -41 19 -15 67 -30 51 -42 -7 -44 -1 49 -43 25 -45 -8 13 -28 27 40 34 -53 -17 -24 74 -28 26 11 8 74 -27 -50 4 10 -60 -2 -16 -1 -5 0 -17 36 36 -42 7 -21 -32 -33 -15 -40 -33 -20 28 56 36 -27 1 -33 6 63 9 -4 31 -28 8 31 -3 9 -6 12 8 7 -38 -7 -59 38 20 16 -21 16 -3 23 -35 -62 -24 -27 23 -12 -13 8 33 14 -61 17 12 -61 -8 -28 27 63 7 22 -4 -43 -40 -19 2 13 -20 56 4 17 -52 9 4 23 26 -8 41 22 -21 -44 -34 43 -2 -8 60 30 -27 -16 22 -53 17 9 49 35 -14 21 -2 25 -66 44 -27 53 54 57 25 -12 -20 26 -45 0 -71 3 -21 -12 -27 60 -59 7 20 35 -7 -6 15 7 39 50 31 -28 39 23 39 -8 44 5 30 -6 -43 2 31 3 6 18 7 3 -21 53 -37 34 41 -59 13 27 -20 47 -34 -38 -29 54 -45 -3 7 51 -49 23 -40 21 -35 27 -53 45 -31 6 -38 4 -3 -25 -45 37 22 56 -29 -72 0 -3 39 20 -2 8 -38 -15 11 3 -13 -45 -8 -10 7 -36 37 35 -44 49 61 -9 61 2 -42 -21 75 -15 35 36 -3 -8 31 4 61 -28 -22 -16 -13 -48 -43 -40 27 11 83 -5 18 26 107 74 33 2 80 -3 14 6 51 -36 -23 25 28 54 -25 4 0 -64 -74 -31 46 -25 -61 39 -4 -42 -15 -49 -30 -33 -38 33 -25 4 -16 22 18 1 6 15 33 35 -42 -9 -36 -49 67 26 17 41 59 33 45 39 48 -37 37 26 -24 9 -36 -12 -81 -21 -68 6 54 -31 11 64 12 6 -60 -7 39 34 -63 32 -29 -27 36 -66 28 -28 -42 0 -25 25 -9 38 20 2 25 -7 23 11 32 0 -28 -16 -35 6 28 -22 40 39 13 -21 21 -30 -29 -10 69 -15 43 32 4 -63 -9 -8 -11 -51 29 19 -31 34 8 8 -15 -43 -50 -4 19 -75 -34 11 19 -29 -37 -21 -32 -10 -74 13 -43 -6 -9 -40 -33 -28 52 -36 -1 25 -69 -29 53 50 -26 9 -13 27 -23 -59 -37 -6 -12 -38 15 23 -2 -47 5 -76 18 33 16 1 43 -1 -52 10 22 -41 29 14 43 -4 21 14 8 1 -17 37 -3 -9 -34 32 15 -19 6 -21 21 31 -42 -7 6 -10 -10 -18 14 -18 -18 -21 51 -57 -73 -13 -39 -6 14 -3 21 9 4 -42 -51 60 38 47 5 -18 29 4 21 -7 9 -32 48 -21 -4 21 9 -26 -1 38 52 -1 -29 -79 -34 32 -6 28 -5 47 -3 23 27 24 27 33 57 36 16 -22 -1 28 -4 6 -9 21 18 11 35 -17 -34 -53 34 -11 67 37 -66 -13 27 -12 -7 -37 -28 -42 44 -22 19 -63 9 5 -14 -58 -21 -16 44 -52 25 1 11 8 50 -3 -55 -28 -41 -33 15 74 67 32 -56 -48 -25 39 27 -30 -17 14 -72 -4 -34 19 11 65 -46 -21 -97 46 20 17 13 24 -41 51 -12 14 -14 54 32 19 19 2 -64 -25 25 -51 -34 -32 -20 8 -33 11 -44 46 9 20 28 42 19 -9 -54 51 -1 3 -15 -24 1 43 23 17 9 18 3 -3 -58 -14 0 -60 -30 -44 40 36 -5 -18 9 -5 3 17 33 -25 49 25 -8 6 -49 31 -16 8 -71 -11 -13 -5 -17 -66 22 -12 -8 40 -60 -65 6 -6 27 -73 -66 -11 5 -28 -10 11 -33 18 -41 -5 49 9 18 -21 -25 -8 -7 31 -18 45 -22 -41 43 -13 -20 -5 -78 63 8 1 -33 -14 65 -5 -7 42 4 -66 68 -39 7 14 -93 -19 20 31 -10 -14 75 -28 43 37 -15 -19 39 60 -21 42 -80 -8 30 -37 57 -18 -40 -25 56 74 -11 -59 18 7 -49 7 -21 21 1 18 -7 -65 39 25 -21 55 -19 13 -28 -27 30 -18 -18 1 -28 -12 2 1 -42 -39 -23 28 -25 -14 40 -11 -23 -5 -36 -3 42 34 -55 -20 -17 42 7 69 -23 -11 15 -34 -26 -25 20 -13 -9 -38 42 -20 0 7 37 -50 16 -54 -13 -15 26 -54 -24 -7 42 -3 -30 -39 -13 -31 31 -68 -52 -24 -26 -54 -56 -14 7 50 -38 45 29 -28 -58 -30 17 -6 -25 10 -32 -25 -51 90 10 68 35 -9 -29 -45 -10 41 -30 87 23 -29 7 32 35 13 -27 16 32 59 47 -20 0 29 -22 -25 5 32 28 12 48 42 27 60 -82 1 -24 18 -7 -30 64 11 -2 47 70 -32 11 -2 -20 90 12 15 13 69 2 36 -40 -11 -57 -1 -17 -3 9 20 -23 -14 -69 14 -30 -31 -33 -9 -48 13 -10 -1 39 -32 24 24 -41 2 -36 12 14 -24 -40 -41 72 32 -28 -44 -20 1 -17 -8 34 -7 47 -10 57 25 -8 -38 53 -5 -57 58 35 -47 -14 8 10 -2 30 5 -17 6 -16 -62 33 23 48 31 -98 -36 20 18 -27 -61 -10 10 38 23 82 18 25 -28 38 5 -27 -8 9 8 -29 -45 -14 -5 47 1 -12 1 -50 -49 -2 -9 -19 22 -25 36 13 23 -19 30 -25 -29 53 40 33 58 -7 49 -25 13 -14 22 46 -37 32 41 15 11 -15 -19 -10 6 -31 48 49 5 2 -51 -56 -26 11 29 0 29 45 -22 7 -52 -32 0 24 54 56 71 78 -19 -10 1 -11 37 -12 54 -24 8 -9 51 -6 -9 42 27 35 24 -43 59 20 -14 -45 -52 1 -1 15 2 25 -13 25 -13 -36 22 12 -45 11 -15 2 -42 3 34 20 10 -49 2 16 60 -6 -24 -29 -6 -54 -29 17 30 -23 18 -2 35 -46 30 -25 -13 8 -6 -4 -25 -8 41 -39 -39 17 -26 -45 -24 -3 9 10 34 -30 40 22 0 -38 55 28 21 -58 51 6 -4 3 58 68 18 54 -8 8 -60 -24 33 29 -11 71 -4 39 -14 -61 35 17 -64 60 -51 -68 -20 9 21 -69 -34 7 32 9 -11 -26 8 64 8 26 -74 18 -72 34 -32 -11 -1 -24 -13 -29 47 -46 -19 54 -2 9 24 38 23 9 48 11 -5 64 7 2 -61 -58 35 39 34 -43 -38 36 37 8 3 18 26 -16 -34 -66 27 -36 -29 -30 -34 30 9 36 18 -20 9 -40 -39 50,1 0 0 0 0 0 1 1 0 0 0 0 1 0 1 1 1 0 0 0 0 1 0 1 1 0 0 1 1 0 0 1 0 0 0 1 0 1 1 1 1 0 0 0 1 0 0 1 0 0 0 0 1 0 1 0 0 0 1 0 0 0 0 0 0 0 0 1 0 0 1 0 0 1 1 1 1 0 1 1 1 0 1 1 0 0 0 0 1 1 1 0 0 1 0 0 0 1 1 1 1 0 1 1 0 1 0 1 0 0 0 0 1 1 0 0 0 0 1 1 1 0 0 0 0 1 0 1 1 0 1 1 0 0 1 1 0 1 0 0 0 1 1 1 1 0 1 1 0 0 0 1 0 1 1 0 1 0 0 1 1 0 1 1 1 1 1 1 1 1 1 1 0 1 0 0 1 1 1 0 0 0 1 0 0 1 1 1 0 0 1 1 0 1 0 1 0 1 0 1 1 0 1 1 1 1 0 1 1 0 1 1 0 0 1 1 1 1 0 1 0 0 0 0 1 1 0 1 0 0 0 1 1 1 0 0 1 0 1 1 1 1 1 1 1 0 0 1 1 1 1 1 0 0 0 0 0 1 0 0 1 0 0 1 0 0 0 0 0 0 1 1 0 0 1 0 1 0 0 0 1 1 1 1 0 1 1 0 1 0 0 0 1 1 1 0 1 0 0 0 0 1 1 0 1 1 1 1 1 0 0 1 0 0 0 0 1 0 0 0 1 1 0 0 0 1 0 1 1 1 0 1 1 1 0 1 0 1 1 0 1 0 1 0 0 0 0 1 1 1 0 1 1 1 1 0 1 0 0 0 0 0 1 0 1 1 1 0 0 0 0 0 1 1 1 1 1 1 0 0 1 1 0 0 1 0 0 1 1 0 1 1 1 0 1 1 1 0 1 0 1 1 0 0 1 1 1 0 0 1 0 0 1 1 1 1 1 0 1 1 0 0 1 1 0 0 0 1 1 1 0 0 1 0 1 0 1 1 0 0 1 0 0 1 1 1 0 0 0 0 0 0 1 1 1 0 1 0 1 0 1 1 0 1 0 0 1 0 1 1 0 1 0 0 1 1 0 1 1 1 0 0 0 1 0 1 0 1 0 1 1 1 0 0 1 0 1 0 1 0 1 0 0 0 0 0 0 0 1 1 0 1 0 1 1 0 1 0 1 1 0 0 1 0 1 0 1 1 0 1 1 1 0 0 1 1 1 1 1 0 0 1 0 1 0 1 0 0 1 0 1 1 0 1 0 1 1 1 1 1 1 1 0 1 1 1 1 1 1 1 0 1 0 1 0 0 0 1 1 1 0 0 1 0 1 0 0 0 0 1 1 0 1 0 1 0 1 0 1 0 1 0 0 1 0 1 1 0 0 0 1 1 0 0 0 0 0 0 0 1 1 1 1 1 0 1 0 0 1 0 1 0 1 1 0 1 1 0 1 0 0 1 0 1 1 1 0 0 0 0 1 0 1 0 1 0 0 0 0 0 0 0 0 1 1 1 1 0 1 0 1 1 1 1 0 0 0 0 1 0 1 1 1 0 1 1 0 1 1 1 0 0 1 0 1 0 0 0 1 1 0 1 0 0 0 0 1 1 1 1 0 1 1 1 0 1 0 0 0 0 0 0 0 1 1 1 0 0 1 1 1 0 0 0 0 1 0 1 1 0 1 1 1 0 0 0 0 1 0 1 0 0 1 0 1 0 0 1 0 0 0 0 1 0 1 0 1 0 1 0 0 1 1 0 0 0 0 0 1 0 0 1 1 1 1 0 0 0 0 0 0 0 0 0 1 0 0 0 0 0 1 1 1 0 1 0 1 0 1 0 0 0 1 0 1 1 1 0 0 0 0 0 1 0 0 1 1 0 1 0 1 1 1 1 0 0 1 0 1 0 0 0 1 0 0 0 1 1 1 1 1 0 1 0 0 0 0 0 1 0 0 1 0 0 0 0 1 0 0 0 0 1 1 1 0 1 1 1 1 1 0 1 0 0 0 1 0 0 0 0 0 1 1 1 1 1 1 0 1 1 1 0 1 1 0 0 1 0 1 0 0 1 1 0 1 0 0 0 1 0 1 1 1 1 0 0 0 0 1 0 0 0 1 1 1 1 1 1 0 0 1 0 0 0 1 1 0 1 0 0 1 1 0 0 0 1 0 0 0 0 0 0 0 0 0 1 1 1 1 1 1 1 0 0 1 0 0 0 1 1 0 1 0 0 1 1 1 0 0 0 1 0 0 0 1 1 0 0 0 1 0 1 0 1 1 0 0 1 1 0 0 1 0 0 1 1 1 0 1 0 0 1 1 1 0 0 0 0 1 1 0 0 0 0 1 0 0 1 1 0 1 1 1 1 0 0 1 0 0 0 0 1 1 0 0 0 0 0 1 0 1 0 0 0 0 1 1 1 1 0 1 0 1 0 1 0 0 1 0 0 0 0 1 1 1 1 1 1 0 0 0 0 0 1 1 0 0 0 1 0 1 1 0 1 0 0 0 1 0 0 0 1 0 0 0 1 1 1 1 0 1 1 0 1 1 0 0 0 0 0 1 0 0 0 0 1 0 1 0 0 0 1 0 0 1 0 1 0 1 1 1 0 1 0 0 1 0 1 1 0 1 1 0 0 1 1 0 1 0 0 0 0 1 0 0 1 1 1 0 0 0 0 0 1 1 0 0 1 1 0 0 1 1 1 0 1 1 0 0 1 1 0 0 1 0 1 0 1 0 1 0 0 0 1 1 1 0 1 1 0 0 1 0 0 0 0 0 0 1 0 0 0 1 1 0 1 0 1 1 0 1 0 1 1 1 1 0 0 1 0 0 0 0 0 1 0 0 0 0 0 0 1 1 1 0 1 1 1 0 1 1 1 0 0 0 1 1 0 1 0 1 1 1 1 0 0 1 0 1 0 1 0 0 0 1 0 0 0 1 0 0 0 1 0 1 0 1 1 1 0 0 0 0 1 0 1 1 1 0 1 1 1 0 0 0 0 0 1 1 1 0 0 1 0 0 0 1 1 1 1 0 0 1 1 1 1 0 1 0 0 0 1 0 0 0 1 0 1 0 0 0 1 1 0 1 1 0 0 1 1 0 0 0 1 0 0 1 1 0 1 0 0 0 1 1 1 1 1 0 1 0 1 1 1 1 1 0 0 1 1 1 0 0 0 0 0 0 0 0 0 0 1 1 0 0 1 0 0 1 0 0 1 1 1 1 1 0 0 0 1 0 0 1 1 0 1 0 0 1 1 1 1 1 1 0 1 1 0 0 1 0 1 1 1 1 1 1 1 0 1 1 0 0 1 1 1 1 1 0 0 1 1 1 0 1 0 1 1 0 1 1 0 0 1 1 0 1 1 1 1 0 0 1 1 0 0 1 1 0 0 1 1 1 0 0 1 0 1 1 1 1 1 1 0 0 1 1 0 0 0 1 0 1 1 0 1 0 0 0 1 0 1 0 0 0 0 1 0 0 0 1 0 1 0 0 0 0 1 1 1 0 0 0 0 1 0 0 0 0 1 1 1 1 1 1 1 1 1 1 0 1 0 1 1 0 1 0 0 1 1 1 1 0 1 0 1 1 0 0 0 0 0 1 1 0 1 0 1 1 1 0 1 1 1 0 1 1 1 1 1 0 1 0 0 0 1 0 0 1 0 0 0 0 0 0 0 0 0 0 1 0 1 0 1 0 0 0 0 0 0 1 0 1 0 1 1 1 0 0 1 0 0 0 1 1 1 0 0 0 0 1 0 1 0 1 0 1 0 0 0 0 1 1 1 0 1 0 0 1 0 1 0 0 0 1 1 1 0 0 0 0 1 0 1 0 0 0 0 0 0 1 0 1 1 1 0 1 1 1 0 0 1 1 1 1 0 1 0 0 0 0 0 0 0 1 1 0 1 1 0 1 0 1 0 1 0 0 0 0 1 1 0 1 1 0 1 1 1 1 1 1 1 1 0 0 1 1 0 0 1 1 0 0 1 1 1 0 1 0 1 1 0 1 0 0 1 1 0 1 1 0 0 1 0 0 1 0 1 1 1 0 0 1 0 0 0 1 0 1 0 1 0 1 1 0 1 0 1 1 1 0 1 1 1 0 1 0 0 0 0 1 0 1 1 1 1 1 0 1 0 0 0 0 1 1 0 1 1 1 0 0 1 0 0 0 0 0 1 0 0 1 0 0 0 0 1 0 1 0 1 0 1 1 0 0 0 1 0 0 0 0 0 1 1 1 0 0 1 0 0 0 1 0 1 0 0 0 1 1 0 1 1 1 0 0 1 1 1 1 0 0 0 0 0 1 1 1 1 0 0 0 0 1 1 1 0 0 1 1 1 0 0 1 1 1 1 1 1 0 0 0 1 1 1 0 1 0 0 1 0 1 0 1 1 0 1 0 0 0 1 1 1 0 0 1 0 1 1 0 0 0 1 0 0 1 1 0 0 1 0 0 0 0 1 0 1 1 1 1 0 1 0 0 1 0 0 0 0 0 0 0 0 1 0 0 1 1 0 0 0 1 1 0 1 0 1 1 1 0 0 1 1 1 1 1 1 1 0 1 1 1 1 1 0 0 1 0 0 0 1 0 1 1 1 1 1 1 1 1 1 1 1 1 0 1 0 1 1 0 0 1 1 0 0 0 1 0 1 0 0 1 1 1 0 1 0 0 1 0 1 1 0 0 0 1 0 0 1 1 1 0 0 0 1 0 1 0 0 0 1 1 1 0 1 0 0 0 0 0 1 1 0 1 0 0 0 1 1 1 1 1 0 1 1 0 0 0 1 1 1 0 0 1 0 0 1 0 0 1 1 0 0 1 1 1 1 0 1 0 0 0 1 1 0 1 0 0 1 1 0 0 1 1 0 1 0 1 0 0 1 0 0 1 0 1 1 1 1 0 1 0 1 1 0 1 0 0 1 0 0 0 1 1 1 1 0 1 0 1 0 0 1 1 0 0 0 1 1 0 1 0 0 0 0 0 1 0 1 1 0 1 0 0 0 0 0 0 1 1 0 0 1 1 0 0 0 0 1 1 0 1 1 0 1 1 1 0 0 1 1 1 1 0 0 0 0 1 0 0 0 0 1 1 0 1 1 0 0 0 0 0 1 0 0 1 1 0 0 0 1 0 0 1 1 1 0 0 1 1 0 1 0 0 0 1 0 1 1 0 0 1 1 1 1 1 0 1 1 0 1 1 1 1 1 1 1 0 0 1 1 1 0 0 0 1 1 0 1 1 1 1 1 1 1 1 0 1 1 1 0 0 0 1 0 1 0 0 0 0 0 1 0 1 1 1 1 0 1 1 0 1 1 0 0 0 0 1 0 1 1 0 0 0 0 1 1 0 1 0 0 1 0 1 1 1 1 1 1 1 0 0 1 0 1 1 0 0 1 0 0 0 0 1 0 0 0 1 0 0 1 1 0 0 0 1 1 0 1 1 1 0 0 0 0 1 1 1 1 1 0 0 1 1 1 0 1 1 0 1 1 1 1 1 1 0 1 0 1 1 0 0 1 0 1 1 0 1 1 0 0 0 1 1 0 1 1 0 1 0 1 0 1 1 0 0 1 1 1 1 0 1 1 0 1 1 0 0 0 1 0 1 0 0 1 0 0 0 0 1 1 1 0 1 1 1 1 0 0 0 0 1 1 0 0 1 0 1 0 1 1 0 1 0 0 1 0 1 0 0 0 0 0 1 1 1 0 0 0 0 1 1 0 1 0 0 1 1 1 1 0 1 0 0 1 0 0 1 1 1 0 0 0 0 0 1 0 1 0 0 0 1 0 1 1 0 1 1 0 1 1 0 0 1 1 0 0 0 1 1 1 1 1 1 1 1 1 0 1 1 1 0 0 0 1 1 0 0 1 0 0 1 1 1 0 1 0 1 1 0 0 0 0 1 1 0 0 0 0 0 1 1 0 1 0 1 1 0 1 0 0 0 1 0 1 0 0 0 0 0 1 1 1 0 0 1 0 1 0 1 1 1 1 0 1 1 1 0 1 1 0 0 1 1 0 0 1 0 0 0 0 1 0 0 1 1 0 0 0 0 0 0 0 0 1 1 1 0 0 1 0 1 1 0 1 0 0 0 1 0 1 0 1 0 0 0 0 0 1 1 1 0 0 0 0 0 0 0 1 1 0 1 0 0 0 1 0 0 0 1 1 1 0 1 1 0 0 0 0 1 1 0 0 1 1 0 0 0 1 1 1 0 0 1 0 0 1 1 0 1 1 1 1 0 1 1 1 0 0 0 1 1 1 0 0 1 0 1 0 1 0 0 0 0 0 1 1 0 0 0 0 0 1 1 0 0 1 0 1 0 0 0 1 0 0 0 0 1 1 0 0 0 1 1 1 0 0 1 1 0 0 1 1 1 0 1 1 1 0 1 1 0 1 1 0 0 1 1 1 0 1 0 0 1 1 1 1 0 0 0 1 0 1 1 0 0 1 1 1 0 1 1 0 0 1 0 0 1 0 0 0 1 0 0 1 1 1 1 1 1 0 0 1 0 0 0 1 0 0 0 0 1 1 0 1 0 1 1 1 0 0 1 0 1 0 0 0 1 0 0 1 1 0 0 1 1 1 0 0 0 0 0 0 1 0 1 1 0 0 0 1 1 0 0 1 0 1 1 0 0 1 0 0 1 1 0 1 1 1 0 0 1 0 1 0 1 1 1 0 1 1 0 0 1 1 0 0 0 0 0 1 0 0 0 0 1 0 1 1 0 1 0 1 0 0 1 0 1 0 1 0 1 1 0 0 1 1 0 0 0 0 0 0 0 1 0 1 0 0 0 1 1 1 1 1 1 1 1 1 0 1 0 1 0 1 1 0 0 0 1 0 0 0 0 0 1 0 0 1 0 0 0 1 1 0 0 0 1 1 0 0 1 0 1 1 0 0 0 0 1 1 0 1 1 1 1 1 0 1 0 0 0 0 0 1 0 0 0 0 0 1 1 1 0 0 1 1 1 1 0 1 1 0 1 0 1 0 1 1 0 1 1 1 1 1 1 1 1 1 0 0 0 1 1 1 1 0 0 1 0 1 0 0 1 0 1 1 1 1 0 1 1 1 1 1 1 0 0 0 1 1 1 0 1 0 1 1 1 0 1 0 0 0 0 0 1 1 0 0 0 0 1 1 0 0 0 0 1 0 1 0 1 0 0 0 0 0 0 1 1 1 0 0 0 1 0 1 1 1 0 0 0 1 1 1 0 0 0 1 1 1 0 0 0 0 1 1 0 0 0 1 1 1 0 1 1 1 0 0 1 1 1 1 1 0 1 1 0 0 1 0 0 0 1 0 1 1 0 0 0 1 0 1 1 0 1 1 1 1 0 0 0 1 0 1 1 1 0 0 1 1 1 1 1 1 1 1 1 0 1 0 0 1 0 1 0 1 1 0 0 0 0 1 0 0 0 0 1 1 1 0 0 0 0 1 1 1 1 0 0 0 1 1 0 0 1 0 1 0 1 1 1 0 1 1 0 0 0 0 1 0 1 1 1 1 1 0 0 1 1 0 0 1 1 1 1 0 0 0 0 0 0 0 1 0 1 1 1 0 1 1 1 0 1 1 0 0 0 1 1 0 0 1 0 1 1 1 1 1 0 1 1 1 1 0 0 1 1 0 1 1 1 0 1 0 0 0 1 1 1 0 1 0 1 0 0 1 1 1 0 1 1 0 0 1 1 1 0 0 1 0 1 1 0 1 1 1 1 0 1 0 1 1 1 1 0 1 0 1 1 1 1 1 0 1 0 1 1 1 1 1 0 1 1 0 1 0 1 0 1 0 1 1 1 0 0 1 1 0 1 1 1 0 0 0 0 1 1 0 0 0 1 1 0 0 0 0 1 1 0 0 0 1 0 0 1 0 0 1 0 1 1 0 1 0 1 0 0 0 1 0 1 1 0 0 1 0 1 0 0 1 0 0 0 1 1 0 0 1 1 1 1 1 1 0 1 1 1 0 1 0 0 1 0 0 1 0 1 1 1 0 1 0 1 1 1 0 0 1 1 1 0 0 0 1 0 1 0 1 1 0 1 1 1 0 0 1 0 0 1 0 1 1 0 1 1 1 0 0 1 0 0 0 0 1 1 1 0 0 0 0 1 0 1 0 1 0 0 0 1 0 1 0 1 0 0 0 0 0 1 0 1 1 0 1 0 0 1 1 0 0 1 1 0 1 1 0 0 0 1 0 0 1 1 0 1 0 1 1 0 1 1 0 1 0 1 0 1 0 0 1 1 1 0 1 0 0 0 1 0 1 1 1 0 1 1 1 1 1 1 1 0 0 0 1 1 0 1 0 0 0 1 0 0 1 1 1 0 0 1 0 0 1 1 1 0 1 0 1 1 1 0 1 1 0 0 1 0 0 0 1 1 1 0 0 0 0 0 1 0 0 0 0 0 0 0 0 0 1 1 1 0 1 0 1 0 1 0 1 1 0 1 0 1 0 0 0 0 1 0 1 1 1 1 0 0 1 0 0 0 0 1 1 0 0 1 1 1 0 0 0 1 0 0 0 0 0 0 0 1 1 1 0 0 1 0 1 1 0 0 0 0 0 0 1 1 0 1 0 1 0 1 1 0 0 1 1 1 1 1 1 0 0 1 0 0 1 1 1 1 0 0 0 0 1 1 0 1 0 1 1 0 0 1 0 0 0 1 1 0 1 1 1 1 0 0 0 1 1 0 1 0 1 0 0 0 1 1 0 1 0 0 1 1 1 1 0 0 0 1 1 0 1 0 1 0 0 0 1 0 0 1 1 1 1 0 0 1 0 0 0 0 0 0 1 0 0 0 0 1 0 1 0 1 1 0 0 0 1 1 0 1 0 1 1 0 1 1 1 0 1 1 1 1 1 1 0 0 1 1 1 0 0 0 0 1 0 1 1 1 0 0 0 1 1 0 0 1 1 1 1 1 1 1 0 1 1 0 0 1 0 0 0 0 1 0 1 1 0 1 1 1 0 1 0 0 0 1 0 1 1 1 1 1 1 0 1 0 0 0 1 0 0 0 1 1 1 0 1 0 0 1 1 0 1 1 1 0 0 1 0 0 1 0 1 0 1 1 1 1 1 1 0 0 1 1 0 1 1 0 0 1 0 0 0 0 1 0 0 0 0 0 0 0 1 1 1 0 1 0 1 1 1 1 1 0 0 1 1 1 0 1 1 0 0 1 0 0 0 0 0 0 1 1 1 1 0 0 1 1 1 1 0 1 0 1 0 0 0 0 0 0 0 1 1 0 0 0 1 0 0 0 1 1 1 1 1 0 0 1 1 1 0 1 1 0 0 0 1 1 1 1 0 1 1 1 1 0 0 0 0 0 0 0 1 1 1 1 1 0 1 1 1 1 0 0 1 1 1 0 0 0 0 0 1 0 0 0 1 1 1 1 1 1 1 0 1 0 1 0 0 1 0 1 1 0 0 1 1 1 0 0 1 1 0 1 1 1 0 1 1 0 1 1 0 0 1 0 0 1 0 1 1 1 0 0 0 1 0 1 0 0 1 0 1 0 1 0 1 1 0 0 0 0 1 1 1 1 0 0 1 1 0 0 1 1 0 0 1 0 1 0 0 0 1 1 1 1 1 1 1 0 1 1 1 0 0 1 0 1 1 0 1 0 1 1 1 0 0 0 1 1 0 0 0 0 1 1 1 1 1 1 1 0 0 1 1 1 0 1 1 1 1 1 0 0 1 1 1 1 1 0 1 0 0 1 0 1 0 1 1 0 0 1 0 1 0 1 0 1 1 1 1 1 0 1 1 1 1 0 1 1 1 0 1 0 0 0 0 0 0 1 1 1 1 0 1 0 1 0 0 1 0 1 1 0 1 1 0 1 0 1 1 0 1 1 1 0 1 1 1 1 1 0 1 1 1 1 1 0 1 1 0 0 1 0 0 1 0 0 1 0 1 1 0 1 0 0 0 1 0 0 1 0 1 1 0 0 1 0 0 0 0 0 1 0 1 1 0 0 1 1 0 0 0 0 1 1 1 0 0 0 1 1 1 1 0 0 0 1 1 1 1 0 1 1 1 0 0 1 1 0 1 1 1 1 0 0 0 1 0 0 1 1 0 0 1 1 1 1 0 0 1 1 0 1 1 0 0 0 0 1 1 0 0 0 0 1 0 0 1 0 1 0 1 1 0 0 1 0 1 0 0 0 1 1 1 0 1 1 1 1 1 0 1 1 1 1 1 0 0 1 1 1 0 1 1 0 0 1 0 1 1 0 1 0 0 0 1 1 1 1 1 1 1 0 0 0 1 0 1 0 0 1 0 0 0 0 1 1 0 0 0 1 0 1 0 1 1 1 0 0 0 1 0 1 1 0 1 1 1 1 1 0 0 0 0 1 0 0 1 0 1 0 1 1 0 0 1 0 1 1 1 0 1 1 0 1 0 0 1 1 0 0 0 0 0 0 0 1 0 1 0 1 0 0 1 1 1 0 1 1 1 0 0 1 1 1 0 1 1 1 0 0 0 1 0 1 1 0 1 0 1 0 1 0 0 0 1 1 1 0 1 0 0 1 1 0 1 1 0 1 0 0 0 0 0 0 0 0 1 0 0 1 0 1 0 1 0 0 1 0 0 0 0 0 0 1 1 0 0 0 1 0 0 0 1 1 0 0 0 0 1 1 0 1 0 1 0 0 1 0 1 0 0 0 0 0 1 1 1 0 0 1 0 0 1 1 0 1 1 1 1 1 1 0 0 1 0 1 0 0 1 0 1 1 0 0 1 1 1 0 0 1 0 0 0 1 0 0 1 0 1 0 0 1 1 1 1 1 1 1 0 0 0 1 0 0 1 1 1 0 0 1 1 1 1 0 0 0 0 0 1 1 1 0 0 0 0 0 0 1 0 1 1 0 0 1 1 0 0 0 0 1 0 0 0 1 1 0 1 0 1 0 0 1 1 0 0 1 1 0 1 0 1 0 1 1 0 1 0 0 0 1 0 1 0 1 0 1 1 1 1 1 1 0 0 1 0 0 0 0 1 0 0 0 0 1 0 0 1 1 1 0 0 1 1 0 0 1 1 1 1 1 1 1 1 0 1 1 0 0 0 1 1 1 0 1 0 0 1 0 1 0 1 1 1 1 0 1 1 1 1 1 0 1 1 0 1 0 1 1 0 1 1 1 0 1 1 0 1 1 0 1 0 1 1 0 0 0 1 1 1 0 1 0 0 0 0 1 0 1 0 0 0 1 0 0 0 1 0 0 1 1 1 0 1 0 1 0 1 1 1 1 0 0 0 1 0 1 1 1 0 0 1 1 0 0 1 0 0 1 1 1 1 1 0 1 1 0 0 0 1 0 0 0 1 0 0 0 1 1 0 1 1 0 0 0 0 0 0 0 1 1 0 1 0 0 0 0 0 1 1 1 1 1 0 1 0 1 1 0 0 0 0 1 1 1 1 0 1 1 0 0 0 0 1 0 1 0 1 1 0 0 1 1 0 1 0 0 1 0 0 1 1 1 0 1 1 0 0 1 1 1 0 0 0 1 0 1 1 1 0 0 0 1 0 1 0 0 1 0 0 0 1 0 1 0 0 1 1 1 0 1 1 0 0 0 0 0 0 1 0 0 1 0 1 0 1 0 0 1 0 0 1 1 0 0 1 0 1 0 0 0 1 0 0 1 0 1 1 0 0 1 1 0 1 1 1 1 0 0 1 1 1 1 0 1 0 0 1 0 0 1 1 1 0 1 1 1 1 0 0 1 0 1 1 0 0 0 0 1 0 0 1 0 1 0 1 1 0 0 0 1 1 0 1 0 0 1 1 0 1 0 0 0 0 0 1 1 0 0 0 0 1 0 0 1 1 1 1 1 0 0 0 1 1 0 0 0 1 1 0 0 1 1 0 0 1 0 0 0 1 0 1 1 1 1 0 1 0 1 0 1 1 1 0 1 1 1 0 0 0 0 0 1 1 0 1 1 0 1 1 0 0 1 0 1 1 0 0 0 0 0 0 1 0 0 1 0 0 0 0 1 0 1 1 1 0 0 1 0 0 0 0 1 1 1 1 1 0 0 1 0 0 1 1 0 1 1 0 1 1 1 1 1 1 0 1 1 0 1 0 0 1 0 1 1 0 0 0 1 0 0 0 1 0 1 0 1 0 0 0 1 1 1 0 1 1 1 0 1 0 0 1 1 1 0 0 0 0 1 0 0 0 0 0 1 1 0 1 0 1 0 0 1 0 1 1 1 0 1 1 1 1 0 1 0 0 0 0 1 0 0 0 0 1 0 1 0 1 0 0 0 0 1 0 0 0 1 0 0 1 0 0 0 1 1 0 1 0 1 1 1 0 0 1 1 0 1 1 1 0 0 1 1 1 1 0 1 1 1 1 1 0 0 1 1 1 1 0 1 1 1 0 0 0 0 0 0 1 0 0 0 1 0 0 0 1 0 1 0 1 1 0 1 1 1 1 1 1 1 1 1 0 0 1 0 0 1 1 1 1 0 1 0 1 0 1 0 1 1 1 1 1 0 1 0 1 1 1 1 0 1 0 1 1 0 0 1 1 0 0 1 0 0 1 1 1 1 0 0 1 1 1 0 1 0 0 0 0 1 1 0 0 0 1 0 1 0 1 0 1 1 1 1 0 0 0 1 1 1 0 1 1 1 0 1 1 0 1 1 1 1 0 0 0 1 0 0 1 0 0 0 1 0 0 1 0 0 0 1 1 0 1 1 1 0 0 1 0 1 1 1 1 0 0 0 1 0 1 1 1 0 1 0 0 1 1 0 0 0 0 1 0 1 1 0 1 0 0 0 0 1 1 1 0 1 0 0 1 1 0 1 1 0 1 0 1 1 0 1 0 1 0 0 0 1 1 0 0 0 0 1 0 0 1 0 0 0 0 1 0 1 1 1 0 1 0 0 1 1 0 0 1 1 0 0 1 1 0 1 1 0 0 1 0 1 1 0 1 1 0 1 1 0 0 0 1 1 0 1 1 1 1 1 1 1 0 0 0 0 0 1 0 1 0 1 1 1 0 0 0 0 0 1 0 0 1 0 1 1 0 0 1 0 1 1 1 0 1 1 1 0 0 1 0 1 0 0 1 0 0 0 0 0 0 0 1 0 1 0 1 0 1 1 0 0 0 1 0 0 0 0 0 0 0 1 1 1 0 0 0 1 0 0 1 1 0 0 1 1 1 0 0 0 1 0 0 0 0 1 1 0 0 0 0 0 0 0 0 0 0 0 0 1 0 1 1 1 0 0 0 0 1 1 1 1 1 0 1 1 0 1 0 0 1 1 0 1 1 1 0 0 0 0 0 0 0 0 0 1 1 1 1 0 1 0 0 1 0 0 0 1 1 0 1 0 0 0 1 0 0 1 0 0 0 1 0 1 1 1 0 0 1 1 0 1 0 0 1 0 1 0 1 0 0 1 0 1 1 0 0 0 1 1 0 1 1 1 0 0 0 1 1 0 1 1 0 0 0 1 0 0 1 0 0 0 1 1 1 1 0 0 0 0 1 1 0 0 1 0 0 1 1 1 1 0 0 0 1 1 0 0 0 1 0 1 1 0 1 1 0 1 0 1 1 1 0 1 0 1 1 0 0 1 1 1 0 1 1 0 0 0 0 1 1 0 0 0 1 0 1 1 1 1 1 1 1 0 1 1 0 0 0 1 0 1 1 1 0 1 1 1 0 0 0 1 0 0 1 1 0 1 1 1 0 1 0 1 1 0 1 0 0 0 0 1 0 1 1 1 1 0 0 0 0 0 1 0 1 0 0 0 1 1 0 0 1 1 1 0 1 0 0 0 1 0 1 0 1 1 1 0 0 1 0 0 0 1 0 0 0 0 1 1 1 1 0 1 0 1 0 1 1 1 0 0 0 1 0 1 1 0 1,-94 8 51 10 8 29 -14 -11 -18 25 27 6 -33 43 5 -27 -18 12 66 30 13 -53 30 -44 -16 20 48 21 -31 -11 62 -54 -9 -3 45 -45 4 -27 10 8 -42 19 27 102 -16 17 6 -15 53 -63 24 -3 -12 101 20 72 -5 20 -27 2 37 4 -6 14 57 28 59 -21 29 45 -33 68 -5 17 29 -16 3 -5 -18 15 -28 3 -2 17 9 45 13 9 -71 -39 9 20 43 23 -20 30 45 43 -84 -1 -15 134 -112 17 10 -40 35 -37 -12 30 69 -15 -47 -33 -3 79 4 44 21 -15 18 8 21 10 81 -26 -10 -40 23 14 -47 -58 2 47 -29 -3 76 -23 17 27 44 -40 -35 -36 7 -3 7 -30 20 112 14 -4 -53 -88 -73 0 -57 16 19 -33 -8 5 3 20 -14 -23 -48 -19 -23 -30 -41 -17 47 -56 52 79 -5 -31 -15 13 33 -18 -25 -22 66 -27 -38 -35 15 47 -15 -3 -51 -21 26 -17 22 -17 12 -10 -59 28 -40 -45 -39 -39 10 -41 3 -6 -14 32 36 13 -10 2 -79 -16 -1 33 3 56 13 -21 -69 -30 -22 -3 2 -25 61 -1 -63 -27 39 -16 -49 -33 -77 -36 -15 -64 10 -14 -33 5 31 -1 -54 -9 -15 29 76 13 -4 5 12 -6 -13 9 -90 24 43 -20 28 49 65 17 5 36 -63 -42 0 25 -16 20 4 62 37 -1 -27 -46 -27 -59 2 -19 -42 67 -25 42 34 44 -104 -9 12 50 -76 68 73 45 20 10 -15 89 45 -32 18 -55 -47 -1 28 -11 -17 64 -19 16 -46 4 67 30 -13 15 48 22 5 -30 25 28 -18 -8 68 -34 -7 -12 60 -110 39 12 -59 10 -24 47 -39 80 14 -5 36 -7 -24 12 19 14 -13 -12 -81 36 -86 75 32 -10 8 53 -66 31 -30 -104 -5 49 37 8 36 27 -5 -10 -2 -7 7 -1 17 70 -51 -81 57 3 -3 23 63 -1 4 52 -42 15 -64 -18 -35 -2 -1 -18 -50 54 -39 -33 65 41 -7 -30 -50 18 -15 46 25 -5 -4 -5 -73 28 -41 36 -51 6 126 42 -10 -69 23 5 107 12 1 -52 93 -35 -98 3 -42 27 -6 -66 49 -2 -30 77 10 -60 -23 0 21 13 20 68 46 7 -63 -4 3 18 -53 43 -28 71 -26 -67 43 -48 85 21 45 36 -61 -7 40 42 84 30 -44 -50 79 -39 -42 -59 11 -36 34 -25 12 -121 15 -39 18 -12 -41 -8 -6 121 -33 -9 -4 -7 -22 31 -19 36 117 64 64 38 73 3 -20 6 85 -86 78 -7 -62 26 14 67 -3 -94 -30 5 -25 21 -65 52 -70 -84 -17 -18 -53 -35 15 -36 -76 21 26 25 -58 30 -9 -9 16 35 39 -86 -4 -22 -88 8 32 -73 98 -28 -18 -41 2 -17 -122 1 -86 -90 5 -19 -37 3 4 -31 -102 -65 -15 -47 42 17 53 71 34 -49 -7 -22 47 133 -67 55 -32 45 24 81 41 -23 -62 75 -48 65 -30 23 -38 30 -51 -8 -20 29 6 8 17 -4 1 61 41 -30 -52 -31 6 10 37 72 38 14 -30 -10 -47 -10 -21 -14 -15 -76 19 61 -2 62 -38 11 -16 22 27 7 -53 -22 11 105 -4 48 -2 -12 -28 -109 37 33 42 20 -53 66 -66 11 -37 32 17 73 30 39 -28 -10 20 -26 16 -3 28 25 -100 17 -40 17 10 -18 -7 30 0 -4 -29 59 21 -56 13 -18 -23 2 42 -27 -66 -105 23 87 -11 24 -47 44 2 37 -25 -84 69 -15 4 31 -13 27 -24 -51 -79 -16 37 -12 -37 -23 15 -30 32 3 -30 89 122 51 40 -48 0 48 -36 28 -114 -18 -54 -3 52 30 17 -23 -5 -75 5 -12 -42 -81 35 144 19 -7 38 -24 14 -12 52 61 -16 66 -28 11 -1 -27 20 62 25 56 -85 -29 9 12 -73 47 -52 7 27 -38 -28 27 -20 -40 -4 -7 -82 36 101 12 -70 -95 -26 154 42 110 38 37 4 42 -31 -18 -30 64 54 99 4 11 -61 29 -37 56 6 11 -45 72 -65 38 -3 64 -17 -8 -25 -44 -65 11 43 52 42 24 -11 31 38 -9 -23 13 10 -3 6 -18 -28 -39 33 31 -1 77 -21 9 76 45 -36 6 7 56 5 -16 0 -46 -57 25 -31 42 17 -18 -9 21 -45 0 -36 -45 -37 50 16 20 -9 34 -2 22 -79 30 6 2 18 -49 -16 -48 3 -49 -34 34 13 7 20 -23 57 22 25 -51 43 -71 47 -42 -116 -54 -94 9 -10 -52 -39 61 -7 -39 18 28 -74 15 -70 35 52 -34 -12 13 -12 3 45 6 9 1 37 -31 9 -93 18 2 35 -47 -73 15 36 107 -21 -76 -10 -4 -14 -21 19 41 -15 18 -8 25 -99 -26 -3 -15 148 55 -86 -21 12 42 -9 -34 28 38 27 -15 78 1 21 16 7 -19 -54 -82 -67 6 -80 -38 15 77 31 19 26 1 -11 -68 7 -22 63 24 -14 15 -98 40 89 31 -73 60 -19 52 -23 -80 15 57 11 -28 54 -30 55 9 17 65 38 -29 -16 77 36 -6 -4 35 -52 -21 -16 24 -39 12 -17 -18 -31 2 26 -17 13 98 -28 -92 -21 18 42 36 0 -1 154 2 19 28 -16 -25 21 -33 28 38 -59 9 3 13 14 -61 -46 99 101 73 23 16 -15 11 -47 135 -36 17 45 -20 9 -77 9 10 -80 13 43 44 -55 30 43 -11 28 18 5 38 -6 -65 -11 0 -57 -11 89 49 37 99 35 -70 -37 58 43 -29 -58 9 -32 -7 -14 36 33 46 39 -71 -5 18 35 -43 46 66 47 -65 14 -57 9 84 -9 -19 11 -39 23 53 -20 -12 156 11 66 18 57 15 3 -1 70 -42 25 15 76 44 14 75 -18 78 -69 2 12 -5 -103 93 -40 27 -2 -23 18 -69 -19 34 -18 -1 4 14 7 -50 10 41 27 41 72 38 -52 24 44 -18 -23 -73 -2 70 0 -94 -10 1 -103 46 0 -54 66 20 4 4 -34 -32 12 13 -96 37 -11 -9 -81 -2 32 -19 96 -30 61 -4 0 30 -9 -33 39 -36 15 -15 -20 19 0 -6 20 4 13 -34 12 89 49 71 23 21 13 35 -20 14 13 0 15 -120 -38 12 34 30 -39 -22 -45 30 58 -6 -31 48 20 106 6 7 -51 65 69 72 51 50 28 14 -9 -18 -55 -28 -39 -7 -25 38 -30 20 33 11 16 -44 -37 11 -24 39 -11 -40 -31 -48 56 -18 -25 49 -35 29 -50 40 48 9 5 -2 42 27 -43 -23 64 30 -5 -6 -23 49 -20 1 -25 28 16 37 25 -14 45 -27 -22 19 39 -39 -59 3 119 49 49 2 30 -15 21 -38 136 -2 -8 33 -44 34 -33 -30 -38 -9 9 18 -76 24 10 52 3 -19 -30 3 81 25 6 96 41 -54 -34 6 -11 80 70 -117 -63 38 -32 -21 2 25 2 -6 76 6 20 -24 52 49 -44 -9 37 -24 27 -10 98 8 -65 -25 -78 -28 69 -39 16 -97 28 -6 18 -36 -21 -10 -29 -51 -4 125 14 86 0 -22 35 -6 9 53 -3 5 -93 7 -10 -48 -55 41 25 3 8 -9 -31 -36 -58 -13 -36 75 65 46 17 -14 2 -28 -29 -38 17 24 -51 -18 -86 -48 -39 -31 77 -62 4 35 28 21 30 -14 10 -17 6 -6 -43 -45 8 23 -40 53 34 25 1 -23 -8 -17 -11 38 -6 -1 -79 14 -12 -5 77 -13 113 -60 -46 -28 25 -31 -46 -14 -60 0 10 9 17 -3 12 -48 43 5 4 1 -12 39 -29 9 -11 -5 17 -35 51 -55 4 -54 7 -9 -69 -8 8 -11 -62 27 20 -3 -4 16 -18 -56 33 32 149 31 12 38 11 8 22 48 39 29 -17 14 1 43 -19 28 -52 28 33 -14 15 -29 -39 -7 37 3 20 -12 -4 21 0 11 99 7 -20 -41 -6 -23 -16 -17 -33 14 53 53 -12 53 -26 -23 -25 -53 75 36 -45 -20 -76 -33 45 -1 14 -1 12 25 -10 41 27 51 17 -36 55 -37 37 -45 -42 -2 49 36 -3 -14 -7 -48 -21 -53 -13 -51 15 -70 86 17 4 17 62 64 -56 15 61 64 7 -8 43 28 133 39 11 -124 35 -47 32 -46 -9 52 52 10 47 47 22 31 15 73 -22 -22 -15 11 17 -29 22 15 44 1 -37 -27 31 69 -21 52 5 76 -20 -31 0 23 -10 0 68 36 1 -17 -17 6 42 -107 22 -30 -10 44 14 76 33 82 -59 -20 -8 30 -41 108 15 31 29 -13 -2 -7 5 22 13 20 -25 17 -61 -50 -61 27 -4 -32 -66 14 28 -21 -76 -53 -30 13 -28 2 42 35 4 37 18 -21 26 -40 -28 0 -51 41 -61 8 -27 49 -23 27 15 40 17 -52 -35 8 -4 -16 79 -72 -59 -27 3 8 -36 -104 -13 50 44 -46 19 72 -29 76 20 37 41 -46 -3 -35 42 -41 41 -48 -36 33 -18 31 38 2 30 31 -2 34 67 72 6 67 105 -56 43 15 -13 -58 -20 94 -76 53 89 1 -46 34 2 17 -53 40 -67 -37 -12 -44 26 25 -14 -9 59 2 9 35 74 13 23 -3 -31 81 -71 0 -10 -39 -5 -59 -87 -11 -11 6 40 78 55 -57 1 33 44 -19 -21 15 -4 -48 -12 39 86 14 49 -28 -8 14 -2 15 -50 -6 42 -8 20 17 104 -31 44 -5 -6 5 68 66 -41 17 37 14 42 107 -107 -51 -5 40 0 38 27 46 17 31 -25 -27 30 85 44 -30 -39 61 -15 -29 21 62 3 -32 49 -56 -72 10 -17 42 52 19 -53 17 -12 -12 3 16 22 19 -43 23 14 36 41 46 -36 -44 40 70 -52 -132 -121 -14 11 -128 -56 -17 -29 -4 -1 -69 25 -9 37 -24 -64 29 -55 5 15 -52 62 1 -4 9 9 -42 -10 -86 -4 -7 13 45 -55 -47 51 -26 28 -43 -1 0 -21 6 5 20 -35 36 43 15 -63 11 -12 -6 -84 -66 2 3 -36 1 55 -43 45 59 6 96 23 17 63 10 13 65 -4 -78 -98 25 -17 28 -73 -15 24 -48 41 -40 -33 -70 78 55 20 16 -33 -41 -13 33 4 1 -7 -12 -56 -10 -40 -5 6 -12 23 6 11 -45 19 -70 -53 7 12 -41 -27 -52 -124 -46 -53 -56 -68 2 -62 -5 -14 -86 36 60 -9 -11 26 26 -14 -51 31 -6 -11 -16 28 -80 -21 20 -4 9 -1 21 -26 27 1 12 42 34 2 83 24 -64 18 -51 59 14 3 -50 -2 -43 34 7 24 -82 -26 31 47 28 71 -48 -38 24 51 5 -73 69 0 83 110 22 34 -38 -39 -78 17 81 4 11 58 71 47 -76 9 -34 16 -2 -13 -17 1 -21 38 47 3 14 -31 84 6 -19 -29 -76 5 2 46 19 4 -48 -51 -5 -26 53 9 -7 -9 48 42 -14 -26 24 19 67 -15 63 2 15 5 53 4 18 19 6 -13 -28 80 15 82 33 -31 51 -40 69 -41 -45 11 48 15 50 25 -28 -120 38 -72 19 -61 81 38 -19 -17 -2 27 66 -34 44 48 30 -4 63 27 57 29 -38 28 -50 -33 42 -40 114 14 45 39 109 19 -38 -35 -43 10 -11 -89 48 10 34 38 -50 -77 90 -17 -8 69 0 11 -48 21 33 26 -5 7 29 -4 3 -3 27 -7 32 -4 36 58 -23 -5 23 -88 -114 -2 62 24 31 15 -16 -23 70 -61 -39 -11 49 10 -47 29 68 -46 -32 -39 12 44 10 -12 26 -6 67 41 -1 -18 52 -23 -15 15 20 -72 -4 -55 -24 -25 49 4 -30 102 51 -14 -58 -39 24 12 -179 2 -23 -17 -3 -47 5 0 97 -53 -27 42 -3 -113 8 1 6 -19 -23 -70 28 14 -13 -153 -32 68 50 -30 30 42 20 27 38 50 42 -70 47 -35 -15 0 -31 24 -27 -37 80 -44 1 33 -8 61 26 -72 7 -25 -69 60 3 34 68 -81 -13 62 -8 2 16 2 -10 -33 -64 -129 -29 -21 -11 -10 -8 -11 -6 77 -53 8 22 0 -11 17 43 25 46 -54 -42 -31 79 -47 32 14 -26 -69 68 15 50 -18 -42 82 20 27 -47 12 14 0 6 4 -24 14 -13 -27 33 54 -15 -68 -112 14 -25 -103 12 -29 -55 -69 -5 5 -19 31 2 -33 -20 -86 -41 34 -12 13 20 -14 22 -154 -24 44 24 37 -2 -30 111 -43 -8 48 -34 27 -70 72 -26 8 19 23 -92 -23 -35 -68 77 -21 -13 105 -31 -21 3 -21 7 -6 -14 -15 24 30 -11 35 -40 23 31 -40 -38 -39 11 -118 25 -49 -102 46 -3 49 97 4 -50 31 50 -48 21 -30 40 -27 -34 47 -95 15 -2 7 12 -18 38 12 56 16 14 -70 -31 -47 45 90 70 42 -31 -44 0 -54 59 8 -51 -42 -42 12 64 -19 4 8 16 -15 42 -52 -138 -4 34 57 27 12 30 -9 82 -18 -2 27 3 -39 34 -39 28 33 -7 -2 -15 -3 -1 17 37 -22 -16 17 -6 28 -47 -122 0 -62 -12 -76 13 -55 -17 -7 -3 -138 11 -17 33 -13 -76 -91 -6 -6 -96 49 28 6 -5 -31 8 3 80 -26 2 61 11 -23 28 9 -53 14 97 24 72 -6 -51 -15 71 -22 7 -28 11 22 -3 -48 4 10 -62 -9 21 7 -11 70 41 0 -16 -3 42 61 43 5 91 -40 16 0 -21 -37 -35 81 -78 21 17 77 2 9 0 -38 6 -15 -21 62 -56 29 61 112 44 -63 25 81 -33 -18 -11 50 42 56 18 71 1 -16 -18 9 -100 -4 72 -16 8 -26 -37 26 -75 -17 38 24 -66 104 -39 24 -15 19 15 23 31 42 -88 -40 -13 -10 50 46 2 30 26 -36 -66 0 53 -40 80 25 10 4 33 8 68 1 14 -5 17 2 20 46 23 32 63 -17 40 22 39 -14 -40 28 3 13 -18 -41 12 52 62 6 43 80 -14 -11 39 -14 -17 -17 31 72 -71 -55 -39 44 24 11 -51 -42 16 3 54 8 58 5 71 -24 68 -20 59 64 62 2 -46 30 45 -6 33 71 2 -40 10 8 -65 14 30 47 24 -22 -19 7 55 80 38 -38 -47 -11 -8 -16 -15 -124 17 64 -15 -66 -48 -27 27 -40 2 15 11 -21 -35 -46 2 -36 -25 3 -28 -75 38 68 -23 5 -43 76 -51 32 55 7 -53 -59 -37 47 53 4 -70 13 -22 -22 82 29 10 9 -21 -3 -23 32 -47 51 -14 28 -8 -79 -19 28 33 -42 100 -4 -83 -5 -16 -39 24 -90 1 -16 -133 -23 53 98 18 19 20 7 8 -72 -16 -25 -19 4 12 -23 -17 60 71 -9 56 -24 -24 8 28 -1 -16 22 28 -76 -6 44 -52 -25 -15 35 33 61 -18 13 5 -86 61 -63 -69 29 45 -8 -24 -80 19 45 -16 5 -57 -55 41 13 1 1 49 -17 25 20 -47 1 -48 34 20 -33 23 9 17 -83 -55 -38 4 -66 -36 48 3 -49 -19 -46 -27 20 33 50 7 20 -21 0 61 -12 33 -13 -85 2 -16 26 -53 19 11 -16 -10 1 7 -45 25 -43 -5 34 41 8 -62 41 98 20 22 125 28 -8 0 24 -40 65 137 2 -29 -42 -50 11 20 22 -62 -35 -46 37 -13 72 -41 36 -15 -54 72 44 67 -37 -15 -10 39 43 67 -17 47 1 -29 17 29 5 -60 -54 40 24 29 -3 -6 80 48 -20 52 -22 -5 63 87 41 91 -13 -60 61 62 -50 35 -113 12 9 -36 45 23 -16 6 61 10 -34 54 -9 19 38 0 -23 25 76 2 17 -87 -5 -6 24 13 7 33 10 47 -39 -53 -38 -6 77 -10 -50 1 3 -15 25 20 0 -24 1 32 23 -9 -87 -21 65 34 5 -51 36 -7 56 5 0 96 4 -11 -23 23 26 -17 -23 -67 -19 -13 -47 -18 36 69 -65 28 -66 17 -12 39 -58 -3 7 29 -50 -16 33 17 1 38 -36 -56 82 27 -28 -45 -29 -41 75 9 38 94 -34 52 -40 44 -2 15 36 48 -5 0 29 -20 -5 -6 45 38 -1 -74 -12 -14 -64 -31 11 110 41 -36 -75 -34 31 18 42 -8 -9 -32 55 -38 37 19 -46 -34 -38 69 32 -22 9 -12 5 -54 -15 -100 10 -4 -46 -75 -28 -106 -77 101 37 -4 -9 -6 -25 23 27 30 -26 31 73 4 -17 110 45 -79 30 45 -61 23 31 -28 -10 14 -9 31 16 -27 15 -66 -40 -12 21 12 -115 -19 2 -5 -38 -3 -84 -52 -49 9 32 7 36 -13 60 -1 -7 -36 -36 105 69 -12 29 -71 36 34 16 91 -96 -4 -71 62 11 74 9 36 12 -40 -68 1 42 94 -72 -15 -6 4 -81 45 -49 50 -106 20 -52 84 -36 -69 24 32 88 71 -30 75 -26 -21 -1 -49 7 56 -36 -28 -34 71 74 23 6 1 9 6 6 65 26 85 12 53 -129 43 9 19 -59 -14 -12 -18 -105 -3 44 -58 -60 -22 -3 3 -31 56 55 -14 13 -25 -6 -12 -21 -7 16 -28 4 -6 23 39 48 -10 1 18 -75 -30 -66 26 -12 20 28 -4 -29 8 -11 -14 -70 16 -7 -2 53 1 -34 -82 25 -82 -27 50 25 -73 -39 -59 54 -16 -25 46 -3 3 12 -36 18 -21 -41 17 -13 29 -43 -43 -25 -30 31 -35 57 -59 8 -24 -52 40 -24 11 -20 -40 15 -15 4 39 23 -72 -39 45 -22 45 69 -13 2 28 -40 -38 -49 0 7 3 -22 16 -2 -13 3 1 18 10 97 3 -11 108 25 33 10 -45 47 -43 54 53 -37 -7 18 -7 73 -84 -12 19 -107 25 33 -42 133 -18 -46 23 -34 25 8 -6 26 3 -65 80 -24 -33 6 18 -11 9 1 118 32 -22 48 -17 -5 5 -45 -16 10 -6 -1 26 -15 -11 -21 34 -25 29 -31 -32 1 -28 -26 -4 38 -8 -66 26 -31 -22 -8 46 -25 -12 -27 -49 -37 0 69 -92 -66 -100 33 21 18 -21 24 -86 70 -23 22 74 -38 -14 -60 -2 22 -94 -7 33 -45 -6 -2 -52 20 -14 10 -3 62 39 -37 62 28 16 84 -20 9 -43 -17 67 -18 21 -21 -21 -17 2 -5 72 8 30 -27 23 5 40 -74 45 81 -15 14 -29 4 45 -7 -11 20 3 52 18 -13 -7 35 -2 -36 19 -32 -10 -12 59 20 49 -49 52 84 -25 10 -18 10 0 5 -2 71 -67 -28 17 -1 -5 -18 40 -67 -57 55 -12 9 -30 39 -46 -29 4 7 -30 43 5 15 -69 -1 -38 17 -68 -77 -41 -17 43 13 32 30 -7 38 8 -95 38 -11 20 -85 31 42 -70 -68 -42 -34 -12 -2 31 49 -19 39 -18 32 -38 39 33 -8 -1 5 -6 -35 -4 29 -86 -4 -15 8 -14 28 -42 23 -5 50 21 100 31 48 5 35 90 77 55 28 28 49 10 -22 -1 59 -9 -39 -102 2 -45 22 31 -23 -13 -61 30 27 3 2 16 43 -15 41 1 -54 42 -24 100 13 -59 57 47 44 38 34 -30 16 3 11 -67 -41 -7 13 10 15 45 109 26 37 9 -27 -25 -6 26 -32 103 58 -20 -38 7 -39 27 89 74 -11 -24 18 26 -79 31 -73 -42 1 37 14 -49 -9 21 -32 -47 -66 -12 -48 -31 -11 -21 -40 10 3 -43 -42 -25 -98 15 -41 24 30 -2 48 30 -23 35 -59 13 16 18 36 21 34 46 -38 -7 55 -11 -13 -54 -23 26 19 23 -48 15 44 -55 21 -4 4 -1 5 -29 -10 30 1 8 5 -14 20 -38 -55 60 37 20 -50 -28 12 -41 58 -62 8 -14 62 15 136 -3 44 -65 6 -38 24 38 -53 5 18 15 52 -41 33 -28 4 52 40 85 -50 5 -37 -24 -10 45 7 76 -13 -25 -36 100 -13 -11 -64 -2 54 -28 -15 -3 81 -2 -45 -22 -12 -2 2 -2 39 -93 -32 -77 -25 55 -82 70 23 -47 -72 -67 4 -3 11 85 -42 -19 38 44 -41 7 -81 31 -19 2 3 6 -29 16 -9 -6 -46 5 14 -13 53 12 94 10 -21 -3 -40 -32 -49 57 -66 10 -7 35 -112 99 -90 -6 -15 16 -31 -42 102 -32 -39 -33 6 -11 39 -4 63 -11 -34 -47 32 3 11 11 -35 -5 0 -30 7 -24 32 80 -33 80 22 -64 25 -64 32 -31 -29 -71 -48 -29 -35 7 3 -16 -63 1 -21 -65 26 14 9 21 -1 39 10 6 49 87 8 24 61 10 -5 -65 -1 -52 22 -64 21 -66 -38 3 -18 -2 -3 -22 -37 -52 -16 24 -57 6 53 51 35 11 92 33 17 2 58 -12 23 14 -56 65 -30 1 -6 -67 -94 30 -27 11 43 43 5 -7 35 36 30 -18 15 -17 0 55 64 -26 21 77 49 -10 -31 -38 -66 -24 121 5 -30 1 -2 42 -91 -51 35 21 -19 -43 -23 -28 -13 11 17 20 -14 -6 6 33 35 -39 10 -28 56 -55 -111 -87 -20 3 55 -14 13 -132 -2 75 -8 -32 -29 -91 -4 58 8 57 25 -86 91 -11 3 1 -3 -24 -56 -20 -29 -12 109 -9 -39 -39 -27 -1 -24 18 46 34 28 41 -28 -43 56 86 49 34 -38 69 -11 -48 14 30 -9 -13 106 -57 -53 10 14 -14 43 45 -2 1 -30 -10 12 29 1 23 -34 69 -88 23 63 -47 1 -16 64 -52 47 -39 -19 17 43 18 24 -59 -68 -54 -141 9 -39 17 13 104 -12 -33 -95 15 53 -15 45 18 29 5 -30 1 -23 18 -60 -86 -45 -16 51 33 -43 -41 36 111 -81 38 -2 -61 23 -11 14 -57 -73 -8 28 54 -3 6 3 -1 51 111 10 -27 24 19 5 -54 -25 20 29 -13 7 -27 -38 78 -71 -70 -6 -71 -13 -13 53 -36 -13 -15 -55 -26 20 -84 10 79 -62 20 10 -13 -21 15 108 33 -7 -44 24 -46 8 41 -78 -56 -20 -30 34 30 3 12 -45 -24 14 -28 4 -31 104 -16 30 27 29 93 29 -49 37 -21 -72 -21 51 17 21 -64 -53 90 -71 20 8 -10 16 5 -28 6 -65 17 15 35 88 -59 -17 -9 10 -15 -26 -20 4 16 3 41 -77 -4 -107 -12 15 -36 -27 9 3 -98 52 18 -9 34 31 26 -13 -40 -5 -16 -33 -14 17 0 -8 23 -9 19 -74 -18 -6 4 -39 -20 11 62 54 2 15 -58 -2 13 12 100 35 -37 -88 -15 -14 66 31 -67 30 1 -41 61 23 -42 -64 -56 7 30 5 30 -36 0 23 -62 11 -80 -33 -15 53 39 -11 -15 30 -70 -11 21 -11 121 -11 52 -47 81 128 -21 -13 54 55 -60 -39 -59 29 -8 -29 -24 -57 137 54 -23 40 58 20 44 -26 -17 22 7 47 4 -11 49 20 -41 -20 -38 37 -40 -22 48 55 -100 25 -16 29 29 56 -70 -93 -38 13 -3 -16 -32 2 -1 -19 -6 -68 -75 37 -13 47 -5 3 -16 10 -55 -27 14 54 10 -15 40 -22 -53 67 5 -6 109 69 -20 -35 -78 22 -2 -3 -68 31 34 -4 -5 -18 -29 76 34 -27 -9 92 22 27 -20 -1 -20 -17 10 -14 34 -71 39 17 12 2 28 -15 97 -41 -16 13 4 -16 -50 5 -42 -1 -25 -3 73 12 33 -18 28 91 -85 35 -13 47 -86 -53 28 112 -5 73 -40 -47 -64 71 -39 11 79 -39 135 26 -20 -23 26 32 -27 4 59 4 33 -43 -3 -34 10 30 21 46 -4 -85 16 15 -23 8 -102 40 -12 -117 -37 -27 72 -16 -29 -10 -28 -11 -29 -24 35 -14 -44 16 -96 28 17 -12 -12 38 25 11 13 -83 -45 14 6 24 -2 -26 -7 -7 -82 19 0 -19 -8 1 29 -33 19 35 -19 -5 -33 16 23 -64 49 -22 15 12 78 79 5 0 17 129 6 -19 -14 -5 -28 63 36 -7 -12 -21 -25 -4 -2 10 35 55 70 23 -31 -15 -12 -52 81 34 11 83 -45 42 -40 0 19 16 33 18 -50 -56 -9 9 59 -27 -13 -28 -18 -13 4 -13 -103 -110 0 -22 -1 -2 30 -53 -6 -62 -19 13 -110 57 -18 -35 23 58 -18 -5 -59 50 40 6 0 -19 29 -32 -43 107 -6 26 3 72 6 -14 -76 -26 52 -44 -32 -35 35 50 56 -9 -27 69 -78 1 -71 32 32 -2 8 -29 -31 17 -6 47 27 -2 -35 -22 1 42 12 10 -1 41 1 6 -39 -19 23 -7 0 -46 -63 102 93 25 22 -3 -11 18 -20 -42 -51 22 -30 16 11 26 27 -51 -127 32 -3 -9 -21 32 -2 -7 35 -32 -33 -129 33 -78 5 6 13 -24 40 -92 39 -17 3 -69 -3 -79 -7 -11 -89 18 0 4 46 46 112 34 -77 18 10 25 17 3 22 -21 -11 -18 -49 47 21 -2 -50 93 -19 12 0 -14 -93 -46 -64 -39 -29 -17 -14 37 67 -21 20 12 8 48 98 -63 -27 -9 -10 6 8 -50 -104 -13 -11 -96 45 -79 -38 -61 -19 -29 73 -20 6 -19 -89 35 -43 -29 15 -6 12 -6 53 -81 -29 46 -20 -27 20 -61 1 -68 -2 36 -30 69 -17 -45 -98 -6 15 16 14 12 32 22 48 -45 20 14 64 -4 -38 11 65 -22 -31 58 -109 -18 6 12 1 -4 -3 14 -20 -20 -115 -1 93 38 139 -1 -11 -132 -39 -24 33 5 -23 35 23 6 -35 -27 108 -31 -35 3 -73 11 4 -34 -32 19 50 23 -70 -13 97 21 -81 24 18 112 -41 -43 1 9 -15 68 -7 -4 -10 60 29 103 -53 -53 65 -47 22 18 39 -4 75 -59 -78 -28 -42 0 48 -7 4 15 -30 53 17 18 -2 4 -21 -31 -94 4 -56 -53 51 29 -27 22 -70 -33 -56 -50 40 -48 23 58 -40 -76 11 3 4 43 -41 31 -1 -6 -25 -66 56 4 -62 35 -29 10 1 -33 34 46 31 -32 -23 32 23 24 -40 59 38 -71 24 -63 -34 9 -46 -21 9 -10 -64 45 -8 44 25 -79 -6 0 29 6 -23 5 1 37 15 55 26 21 -19 9 -36 -25 1 63 -13 26 43 -22 0 35 -5 -41 56 19 -16 28 -31 -15 -26 39 35 9 74 -50 49 -55 27 -10 94 -17 -18 21 -15 -51 0 -139 54 23 11 -66 -51 -14 61 -132 53 87 15 26 4 -17 -17 -49 8 7 5 -12 -28 60 24 -90 35 -52 -8 -3 20 -12 13 -30 -22 9 -14 30 -36 90 2 -12 -27 -3 60 -39 -1 16 -63 -3 64 -36 -12 12 -16 28 72 113 26 11 -37 -45 -22 -27 89 20 -6 0 17 -56 -23 -37 -34 -75 12 0 5 -60 -46 -34 2 30 -15 -5 31 119 56 -45 -45 48 19 45 -3 78 6 53 31 -34 -26 -68 26 -73 12 -15 1 6 29 -6 25 55 -42 -92 77 0 8 58 84 6 1 91 -96 -40 58 -54 37 11 7 -12 41 -42 -63 -1 125 42 -12 1 -31 -31 27 0 -70 -2 32 21 30 -3 31 -46 -45 -43 25 32 -4 2 39 2 55 -57 -3 -30 -17 -28 109 68 -39 41 80 -47 -21 47 -33 -7 40 -1 -33 -36 -106 -13 -14 18 -50 -27 17 6 20 18 15 -11 23 27 65 33 -16 -39 45 42 54 -48 60 -36 6 -28 70 66 -18 -22 -61 49 50 -16 -27 -75 45 -52 -54 -6 19 8 -53 68 24 19 -22 -23 18 -30 42 7 -22 12 -46 84 11 61 -38 29 10 13 -18 -37 -48 1 37 -48 10 -23 51 73 19 28 -7 -15 -1 -77 42 36 -7 37 37 41 -42 51 -39 -18 25 -11 -1 -18 11 -22 73 -18 -45 17 11 56 -10 38 -20 -43 -55 -17 52 -18 -41 0 49 -15 -9 20 27 -21 -63 -12 68 20 -38 -34 -45 -70 36 -30 -134 -62 -15 -48 28 97 -30 2 -41 5 75 -29 57 -34 0 34 83 13 12 16 -29 -11 6 -9 6 81 -49 64 -30 78 -47 -27 -60 -8 -4 -20 -22 -105 -70 -2 -29 -40 -95 -52 42 44 -47 22 64 -30 -71 -57 -7 19 -33 89 -38 2 42 -22 -10 -42 19 2 40 74 -46 47 13 -32 -15 -45 27 4 44 -60 -10 33 0 -57 -95 11 -5 -107 115 21 -19 -15 0 -21 92 22 25 -58 -122 30 -25 86 84 18 30 -98 -38 44 23 71 16 61 -3 -2 -17 -14 -125 -45 -43 -16 12 26 -45 -106 9 -54 25 -65 -36 -143 41 -13 -52 21 28 -5 -122 -92 9 87 35 -31 37 -1 -73 -4 66 38 -48 -4 21 -4 -15 26 -1 -85 -12 23 -3 -35 -59 56 87 -24 6 -12 -3 -62 -15 27 43 12 -10 20 -11 -19 6 -26 14 9 -1 -10 -47 26 -1 140 6 -90 35 -38 -29 114 19 19 38 70 52 -20 -19 -3 7 -73 -10 28 -5 -9 30 7 8 54 -93 9 -93 -55 19 -58 -20 -88 49 -9 60 -48 -99 36 33 46 50 -28 -7 -22 -32 -8 13 24 23 0 -37 -26 -18 -31 -2 24 -24 52 10 -95 16 28 -24 -20 -9 45 -21 20 48 -12 13 59 0 -79 55 -47 -35 -29 -104 12 -59 26 -11 114 25 0 -16 -16 1 -62 -41 -42 -51 -13 1 -60 14 57 -22 38 22 -118 63 -57 47 -37 0 -44 39 44 109 70 6 -46 43 44 11 17 -13 -23 43 -9 -13 22 -39 7 -19 31 -14 -17 8 22 -9 -54 11 -31 14 37 -20 -13 14 17 25 -4 133 45 -9 43 2 25 74 58 -5 19 -8 21 16 5 24 -16 17 17 -7 88 49 -90 -10 26 -8 21 -44 34 -9 52 40 -69 36 -14 -42 22 -37 42 15 -30 7 -39 67 -2 -3 9 -42 37 118 -18 1 0 41 59 19 18 -30 44 -5 -42 77 -44 -75 -32 -6 20 -3 5 -28 8 -53 10 -54 -6 27 -101 60 -22 -23 9 -8 4 -5 -11 -14 -18 4 8 -26 29 54 14 5 35 37 -16 -24 -27 -4 -1 -47 -15 -14 -13 29 36 81 -20 -118 -18 -38 42 36 -18 -32 49 24 -102 15 12 11 -9 7 -39 27 -36 12 -26 16 -11 -2 -10 34 7 -11 3 -91 -12 -73 89 52 -14 30 -45 -7 -20 14 80 -9 -32 -3 -85 21 -39 -4 9 34 -108 -4 20 -33 -21 63 13 0 -33 96 10 -10 14 36 17 6 -42 -50 18 111 -23 36 31 -33 -42 4 70 -14 28 63 -41 -35 -23 10 18 13 -14 17 -44 6 19 70 -4 39 -6 -36 39 5 -36 20 -48 29 -27 -50 0 14 -5 14 -36 -26 49 40 -16 -51 -66 45 -13 -18 23 -18 52 -5 -45 6 85 15 77 -27 3 34 20 -49 3 -14 20 -41 -8 -2 -66 77 80 54 11 83 -5 -5 -52 -20 -20 -27 -18 19 16 -20 -16 27 14 -22 -74 -12 -25 -134 -24 47 34 27 -51 -38 81 18 32 12 25 10 -74 14 17 -6 -104 7 18 18 41 -44 23 -14 71 -21 -9 13 -23 -60 -53 33 69 -28 17 -94 -24 -28 33 49 17 -47 15 -25 0 0 7 3 63 11 21 11 -7 41 -39 -29 13 128 -41 -12 -4 -18 -43 8 -27 14 -20 73 -14 -1 -8 43 100 53 -24 40 -48 6 -16 -58,-164 83 198 111 127 132 -133 -191 159 149 156 92 -97 139 -129 -74 -53 90 25 39 73 -66 -27 -30 11 26 46 -29 -23 48 82 9 25 53 25 -38 -4 14 -11 -35 -6 56 59 0 3 58 97 -30 14 70 46 24 -25 12 -38 -46 6 13 -14 44 13 3 6 39 84 19 1 4 -19 34 7 -4 6 -46 -43 -68 -44 66 -75 -93 3 24 -10 -61 37 -29 63 5 -61 -43 -51 16 42 -51 56 25 41 -80 -90 -82 -50 26 -18 -25 56 -61 31 -66 48 55 19 57 -39 -28 38 -6 15 79 -35 -59 -58 64 14 55 32 -2 29 -2 -49 12 -1 -26 39 6 21 -5 9 -15 -3 -11 85 -71 -1 18 -13 11 -29 -54 110 14 -14 -97 64 -75 -127 58 -55 31 24 -3 -12 36 -10 -30 -53 -35 -33 -12 -45 -31 -16 11 34 -29 47 3 -32 18 -156 70 -4 55 -2 32 70 -62 16 -99 86 137 -77 -110 56 -48 53 -133 16 -64 83 -49 6 0 -52 -34 -16 -60 81 -48 -82 124 -172 -184 171 60 -163 -164 -76 -157 72 -130 104 62 80 179 -130 -142 105 -103 66 163 40 -96 -8 -10 63 45 -43 62 -15 -12 -32 -19 -50 9 16 55 -2 -41 -59 1 -20 -67 86 17 77 71 36 -34 47 68 37 4 -4 -21 15 32 8 3 -3 5 -52 -43 3 3 -43 -18 -13 34 1 53 1 -51 -48 -40 39 -43 -32 5 -12 -31 33 -37 -40 5 -53 2 -27 -27 65 24 1 -22 -21 -13 -66 7 -19 5 4 53 14 6 40 34 63 29 -28 13 -50 -29 -1 -30 19 84 63 -50 46 -63 -112 -141 87 -48 -130 -47 35 -27 107 -66 -64 21 -35 32 -43 8 63 26 54 -26 -22 -51 56 -101 -54 -121 -94 65 -19 79 66 55 27 -15 -37 23 -47 -134 -6 6 48 39 9 -16 -30 -44 -3 -42 -35 -19 7 41 -60 -34 16 22 1 60 12 -66 -59 27 -61 -39 23 20 -41 -36 -55 152 -35 33 -111 -111 95 13 -155 -129 -34 139 38 -71 90 104 -76 -83 -80 -77 -129 135 -116 -88 92 131 -197 -134 143 67 93 -63 -71 -98 62 86 -37 63 -70 7 -36 -45 43 64 -62 16 68 -35 21 -82 33 -10 2 46 42 49 -43 -34 -70 51 -64 29 -1 30 -42 -11 -15 -43 45 71 -68 44 -7 -36 115 -94 45 67 -161 -112 78 -153 -34 -36 132 73 83 -61 56 -43 72 -76 33 -109 -43 -42 42 64 -38 45 -3 71 -69 86 -34 100 20 23 30 66 47 83 15 -30 75 7 7 -38 -43 97 -96 -22 -71 -100 87 163 -138 130 -142 76 -44 -121 101 -65 -126 -77 125 122 -106 -102 -100 -39 -120 119 109 -120 168 -135 130 -121 118 154 -61 47 -63 -82 74 -2 55 9 -6 -43 12 -13 15 16 5 -17 12 -19 -20 0 31 -28 34 6 24 -18 5 -24 13 -41 -23 -18 -3 -20 -18 -22 -43 23 28 -5 -28 -2 -38 6 -22 36 -27 17 -3 7 2 54 18 37 14 -18 23 -41 -23 0 -9 36 27 -52 44 -5 13 54 68 49 82 -77 -48 -38 -24 -20 27 -21 31 86 -32 -27 -16 99 -84 -68 -7 -90 -116 56 -96 56 77 -75 75 -54 -60 -19 74 56 54 38 -94 84 -72 60 -74 135 84 58 142 146 117 124 80 -57 -71 -25 -31 26 -81 12 -46 -34 -62 -22 62 -16 18 21 -40 38 -46 -17 -32 22 -54 -54 36 -44 9 -92 -8 26 -71 -22 -38 33 72 79 23 73 132 -139 46 -10 80 53 -11 -43 -24 -33 17 -61 -42 -56 76 -92 100 59 61 82 79 98 75 -109 -102 -164 136 91 -94 -120 45 54 54 97 52 -70 46 -12 -34 26 -16 -45 -42 11 -7 15 15 -30 11 1 -2 -16 -19 -2 -10 34 42 -52 80 81 100 87 -94 45 -72 83 -111 43 21 8 72 -19 -9 21 49 48 4 18 32 36 -64 -69 -67 -32 -18 37 51 81 60 99 117 98 50 113 -101 84 102 79 118 125 -77 -103 -83 85 -27 35 -68 69 21 -13 21 99 -11 47 -72 -2 -17 69 9 -7 46 13 -76 13 27 -31 1 28 -46 36 -8 -29 0 -42 41 45 -49 42 -18 11 -32 -7 -1 35 8 36 -43 -11 -42 -37 -19 41 -14 -1 51 19 34 -8 -37 22 71 -43 114 7 19 108 -169 69 103 20 97 -68 -91 -88 58 -88 -57 3 -73 -47 89 -90 52 10 31 -43 87 58 42 59 35 -63 -86 -116 -126 -150 -134 97 -104 -149 -94 53 -30 -49 43 24 5 -11 14 39 63 -55 -42 77 -77 109 87 30 -115 100 -82 -14 -71 -47 59 81 19 68 -42 1 53 52 -1 -58 -26 -4 -11 -73 74 44 -21 -14 49 23 51 -26 24 -23 -8 1 1 -4 31 -20 30 -37 -12 6 13 15 80 17 -19 32 5 -40 26 -11 -15 -46 5 -1 14 33 -50 -11 39 4 -66 -59 55 -28 64 79 -62 -115 -23 4 66 -2 -60 -45 21 -29 3 16 45 3 14 -20 53 9 35 -41 -43 73 -37 -92 -74 77 69 -119 48 106 -60 -98 -18 28 -31 20 26 -29 -47 -75 28 58 38 56 -42 3 85 37 88 44 -67 55 62 -62 -67 87 -51 -36 -53 -41 105 91 -101 17 34 65 66 -24 -7 35 36 59 13 38 -3 -3 -42 2 81 -3 15 -24 -25 -55 -63 60 -52 91 -50 32 -45 51 51 -37 6 42 26 -12 -20 53 9 -1 45 -26 69 -30 -8 43 -3 15 35 -8 33 64 -51 84 -96 -85 99 -126 110 90 68 -143 126 146 169 -117 106 118 165 -117 -34 23 -59 134 -113 -23 24 -49 -62 37 60 73 40 111 -87 143 87 168 73 -86 91 -127 61 144 142 -101 82 108 -66 169 -59 93 -36 -67 -55 -81 -100 47 77 -114 86 -30 -38 51 -37 -71 33 31 -86 -48 31 -46 65 -39 5 -22 -67 49 52 -30 -50 -48 42 107 102 99 71 -88 -61 45 32 -77 -113 80 73 -11 -54 -90 42 -31 -52 21 29 -4 -7 55 14 5 33 -59 21 -54 44 -38 9 75 52 -42 -22 -17 31 -55 -43 24 70 -37 7 46 37 74 -22 -36 -40 -4 47 43 -73 -114 56 -63 -1 -34 -84 87 -110 84 -102 -150 -156 -106 170 168 -82 133 140 133 120 149 -79 71 79 88 107 -3 89 -121 -134 -135 138 -47 -41 -116 79 -66 -51 -33 3 -4 -15 -53 -46 -11 -82 80 -31 9 27 0 49 107 -64 9 -37 30 -63 18 105 128 -98 121 51 65 -74 62 43 114 -114 46 -50 64 9 -114 -29 -1 67 93 65 -133 161 -118 -56 -29 64 -84 -99 -115 2 43 5 49 22 -38 -22 -52 68 78 -10 -11 59 -6 -32 15 -16 -51 85 27 10 -84 -56 -110 66 -66 90 147 126 -105 101 119 173 -144 136 -120 98 135 40 -75 -39 -8 -98 -111 -1 61 -28 -36 73 68 48 -5 2 15 -72 -69 54 -64 74 107 78 -121 -50 -48 -111 -89 68 -25 25 -59 -83 -70 -50 -96 67 38 -44 -48 -33 45 50 26 96 60 44 20 66 -29 50 -49 -63 32 23 13 63 19 -55 77 10 -36 -26 -31 28 -33 92 70 -17 -67 7 50 -34 -5 47 -53 55 56 -40 -32 -67 3 -108 -62 -6 -26 -114 65 44 -56 -9 -64 -39 -51 -44 -22 -58 -34 39 -33 -16 43 108 -35 -40 -38 -43 -37 43 96 -131 -123 -87 113 -104 68 -104 -81 90 38 -24 74 98 -41 -32 51 -103 -56 -39 -16 27 30 -39 -76 17 35 -15 -70 79 72 -5 -14 -89 55 41 -21 35 -30 -44 -42 -74 -65 -19 65 69 -78 -82 40 3 7 -32 51 -3 -20 -1 -44 14 -10 -10 -40 8 -49 12 20 22 24 0 41 9 112 -75 12 -16 33 -17 18 29 1 -34 -54 7 72 27 63 -16 61 7 49 24 -88 -5 -2 -83 -56 -95 -43 -72 -80 -107 16 -62 37 -123 -53 45 -41 85 88 -41 -73 -78 -53 58 -93 -6 -120 -45 -23 95 -1 31 15 -69 -123 56 -74 41 -31 -121 -90 -8 -57 -46 -45 52 2 -16 -86 -174 -108 41 -62 102 156 195 -152 75 132 -137 82 59 38 -1 55 -18 -17 31 55 45 -69 50 -15 89 -61 55 23 41 78 103 76 -50 106 -73 58 -35 -86 -80 79 63 -39 100 56 38 -5 -34 -60 -31 36 45 36 -56 8 0 48 -7 18 -12 22 50 -35 7 -22 -29 -32 -36 -10 38 50 -63 30 -74 52 39 6 -59 -43 -6 16 61 3 28 -45 22 -36 7 52 9 5 78 21 6 25 -34 -20 -18 -18 -46 -30 -30 40 -6 -9 35 14 -17 -13 14 18 34 31 15 25 42 48 -60 -38 38 -58 23 60 -54 48 -3 -20 -72 -25 20 23 62 -26 -16 65 -32 -36 0 -36 -50 -9 -30 -16 -12 -20 -33 27 30 -60 -29 -18 33 -84 -41 -34 9 9 -67 -48 -6 -38 -33 -36 -29 75 -52 37 45 -8 -42 41 -43 -53 10 -16 -28 19 -48 46 49 -25 -10 -21 65 47 -46 -5 -67 27 44 61 -8 -10 -49 -33 -25 13 32 -35 -18 -41 -21 -12 -14 -61 -14 -59 3 -41 -9 71 37 12 17 21 -77 0 -46 -18 -30 40 -12 -4 37 45 27 -69 -109 33 -49 -26 13 28 64 -71 19 -9 21 34 68 -79 29 22 -21 28 99 44 46 -13 72 -44 46 -79 19 -46 4 61 21 99 -29 33 47 37 -39 103 -13 -26 -89 95 26 -50 22 119 70 -68 96 -62 64 122 100 -110 -78 112 -143 -66 -127 116 143 -85 -139 -161 -100 150 152 17 114 115 -107 -56 -54 -101 181 133 102 79 -117 -97 -56 23 22 -73 -60 -70 -23 46 31 -11 -104 13 -83 -44 67 29 57 -52 -49 -86 21 -77 55 49 -6 85 -25 66 -53 -78 108 -29 70 7 31 -13 -73 -55 45 84 -45 53 -60 -1 23 37 -23 -82 14 23 -18 -22 40 31 26 20 36 36 63 -54 62 -15 -29 45 -60 57 -35 40 -28 -67 65 33 78 58 69 110 160 80 -55 58 151 -66 -67 67 44 32 -23 -44 8 -11 -21 -3 -15 33 19 76 -40 -34 2 -40 -63 -85 -48 21 -11 10 -3 -81 -41 16 42 -36 18 4 5 13 58 -4 -52 -46 -72 -80 -102 -70 9 -50 -51 -44 21 56 -24 50 -105 -34 39 43 -34 -49 -11 23 26 -11 -10 -3 47 22 -32 3 2 49 -12 -9 40 -25 34 -32 -32 3 29 8 -15 45 6 -74 -37 -110 3 19 92 -78 115 -54 61 98 97 -55 -91 -126 76 -79 -50 48 58 82 46 -66 -71 64 -27 -14 79 60 -68 25 14 -33 -26 -7 -40 -60 47 70 -16 -38 -25 -33 31 21 -24 46 26 -97 68 87 -84 -98 53 46 -19 5 3 -67 31 -19 7 -5 15 21 22 30 2 10 26 -24 2 17 24 -89 -58 5 -28 24 -57 139 108 -87 80 57 -111 82 -139 -95 -82 -120 93 -132 64 -142 -129 143 -133 155 75 -26 35 15 108 -51 -76 -30 6 66 -82 107 43 51 60 -62 -56 20 25 -29 -19 -92 62 -37 37 60 -2 64 16 13 42 31 -46 100 -49 57 77 23 2 -29 22 -62 -27 55 35 -19 -49 6 25 52 61 -10 -36 -15 3 -1 -41 -25 -28 7 0 45 -59 -22 -28 -31 12 20 27 -3 -16 26 11 24 -32 -3 -3 -23 -14 -4 8 4 2 -11 26 -46 54 41 -83 -6 42 58 56 -43 20 37 17 -9 6 3 1 -57 -15 -9 -81 8 -14 35 -11 26 -10 -46 43 -18 -29 -33 -26 -58 -7 5 -39 -94 1 -72 -110 -62 -61 -61 -49 -30 35 65 -106 -38 -30 11 45 38 -16 -13 27 -98 -11 -29 -40 -19 -107 -54 55 4 -44 -82 -48 35 35 25 -72 52 -57 87 41 7 52 31 40 10 -60 -75 -27 -24 51 -60 -6 35 -58 -65 41 50 43 -11 -59 67 -27 -80 94 21 -2 9 -11 -9 12 -11 20 18 -20 17 4 -15 7 -8 -15 -5 -16 41 13 2 26 -82 -40 -20 17 -45 65 45 75 56 -5 83 59 5 -18 35 113 -119 -76 27 2 111 -128 -60 -4 -27 -115 -89 60 49 58 42 -91 -77 -43 -48 -138 73 71 -104 -76 -45 53 -43 0 35 -48 44 -10 -45 -114 -63 41 -20 59 -35 -114 83 61 1 35 -21 -41 34 -37 -29 10 30 58 -35 17 -6 -6 -56 7 14 31 -4 25 21 -60 18 41 -65 14 -21 -23 61 -9 -15 -31 1 -22 38 22 10 -9 80 -19 4 -16 -68 20 74 -5 18 38 -44 9 8 6 -26 -35 -85 27 125 150 129 -126 -57 83 47 -84 99 -62 14 -72 -68 0 -20 18 17 -37 14 -32 47 59 17 21 1 50 -18 -1 9 30 3 -16 -10 -51 8 9 -52 23 -8 -46 37 -30 44 -17 19 25 -40 38 72 -98 -18 -35 50 49 48 49 28 -45 23 -52 44 63 23 -68 22 -22 -45 56 -24 -9 15 -3 -12 25 12 -14 -27 9 57 -6 -2 -97 -45 -46 -73 -8 -43 -5 -5 80 -19 -16 -59 51 46 42 32 13 31 62 -9 -19 2 -98 -42 -141 61 -41 46 -35 -33 -53 33 61 12 -20 -44 69 35 39 35 39 -40 7 99 -78 18 -45 -79 107 -111 76 97 71 -99 80 -51 96 47 14 19 68 -76 -77 -72 -10 52 -52 21 -82 28 -69 -54 24 -105 94 -126 -131 -128 58 -120 -141 97 55 -89 -31 38 43 -124 69 109 83 43 -5 69 77 -78 -94 85 132 140 105 109 60 123 94 -48 -44 -64 63 -49 -72 46 -20 -68 2 49 118 -12 46 -104 89 -93 41 -47 62 83 49 98 -40 -49 5 -33 25 16 10 62 48 -15 66 8 -6 7 -21 2 -24 7 -24 32 7 -2 -27 -30 2 13 -18 -76 13 63 -4 -37 -8 -52 -11 19 -11 -36 46 23 -11 -19 -54 -18 5 44 -28 23 15 -31 -33 0 -15 -8 -18 -64 -25 37 35 -41 -30 -9 14 -16 14 -57 56 37 -39 2 -20 8 -32 26 30 30 44 49 -8 -2 3 52 46 18 2 -47 -25 30 14 8 6 -35 5 -24 25 -54 4 66 51 17 -92 -118 123 70 106 -109 -115 -87 82 115 -93 -143 114 144 -79 -147 -68 42 -18 -36 -40 22 33 -75 104 -76 -74 112 104 -70 -63 -69 -26 -74 9 2 -87 -18 -40 -30 51 36 58 -52 46 -29 0 -27 -13 -38 -67 -14 19 -41 -34 66 63 3 19 42 -60 28 50 7 -14 -57 23 22 -10 -31 2 -30 8 1 79 -43 23 -26 -4 -38 -15 1 0 80 -4 5 34 -33 3 -44 -52 -45 53 47 -62 55 -35 40 50 62 -68 120 58 -84 -1 92 88 -3 -24 -28 -7 -14 30 32 55 -4 -10 0 -23 -1 40 22 14 -54 -4 -1 -30 -64 60 -51 -87 70 73 -49 54 81 1 -30 62 -56 -37 1 71 63 -114 110 -29 58 -99 -30 -32 9 -7 -35 -5 54 39 -76 82 29 44 -5 69 -88 48 115 111 40 -91 83 -121 -68 59 -10 30 -49 -17 40 -35 40 -13 19 -21 -5 -68 -30 61 -38 -80 -16 -39 16 37 55 25 -23 101 -83 22 -55 56 62 87 -148 -77 -48 -62 -40 -74 -70 -60 -23 30 -116 10 23 5 -87 -48 99 64 48 14 30 76 27 31 9 -67 44 46 -23 27 54 20 -50 -21 -15 20 -12 -40 3 38 -16 -20 -15 -35 -42 -5 27 119 62 -34 -29 83 -63 -27 -111 -84 -26 58 -46 24 -3 41 32 41 -45 48 -9 41 46 3 -89 -33 -27 75 82 -103 -41 -63 -81 43 -87 -113 86 -18 10 -7 78 -108 -44 -6 -35 -32 -39 -29 -43 -34 -45 -53 -10 64 81 64 -13 69 -22 -109 -24 26 -36 77 -67 96 76 -85 84 -61 -103 -63 -65 82 -63 -103 -90 -74 -53 -85 43 32 73 -75 -51 5 33 -57 47 22 -52 -74 27 -76 144 128 38 71 105 -42 -103 87 123 54 45 -7 -41 80 84 52 21 -5 -13 -1 -40 -62 44 13 65 78 103 90 16 -28 -31 71 58 96 -135 97 -98 -39 -71 52 60 63 -107 -54 2 74 10 19 -21 -5 -13 -16 38 -17 15 -28 -28 53 -15 -13 -26 -29 -52 29 -70 -39 33 50 20 -60 -21 8 -51 -41 82 -112 -21 51 56 14 -11 23 23 -78 8 -106 -75 20 0 62 -71 15 -86 -109 95 -104 -114 -99 -97 125 112 96 -48 10 -40 -1 -52 4 20 -34 -21 -17 -48 -22 -54 -119 -51 -26 11 -59 17 13 -13 -26 -35 36 -14 -49 -31 -41 45 -11 -15 -7 2 -13 -46 42 -53 -49 12 67 15 23 -61 -30 -63 64 85 38 59 -6 -10 32 52 -35 2 -32 36 -17 -35 -16 -10 -11 -15 -7 -12 1 7 -1 -43 13 -29 -5 41 -29 -17 55 -6 15 30 -24 -54 -48 -61 -64 39 30 25 -14 73 53 22 28 1 -48 -62 29 81 4 3 2 30 -50 -10 77 79 15 -31 -23 -22 83 -26 67 -55 -39 -39 -24 -83 57 -73 -21 -19 -30 2 -9 -50 -57 49 -54 -51 47 -26 -58 15 1 32 -7 -37 -16 76 -41 73 -79 30 161 -78 -68 -99 46 -34 15 43 40 -34 -16 9 50 47 -35 -6 -24 -50 46 -3 -50 -8 -75 22 -25 -22 -35 15 8 -20 -10 -67 48 -100 -52 -75 15 -55 62 -12 59 -69 -16 2 -49 -78 67 -30 -78 5 -38 94 -113 14 -55 90 -82 -66 -141 112 92 -109 -88 76 -88 -79 -63 59 70 76 96 -87 -80 96 80 63 -62 -93 101 64 62 81 -102 -86 105 108 11 -86 40 70 -36 27 66 -89 46 -82 -67 51 3 14 -66 26 30 22 -71 18 -68 -42 1 1 -65 35 -74 5 56 -72 68 48 19 -9 -32 16 29 -52 -40 -74 -75 3 0 76 -36 -51 -71 38 -23 39 49 -48 19 86 -56 66 -43 -32 -73 66 -43 21 -20 -12 5 25 37 55 -4 11 10 28 -18 -14 49 -39 24 -26 -23 -18 23 -39 12 11 32 -11 23 -19 -34 7 -16 -27 24 -39 -84 -57 67 169 -79 31 87 85 139 -81 -89 -121 38 85 28 56 -63 91 -10 14 -31 -25 26 -9 -19 -18 -37 17 47 1 27 17 -9 42 -6 27 -23 -7 1 -32 49 82 -54 -15 5 4 -12 -58 81 -40 -26 62 5 42 -16 5 42 14 -13 22 -44 61 -74 -30 22 -97 -112 71 -106 122 -18 35 -55 114 34 -67 -23 -51 -7 0 40 55 4 -96 3 -62 -83 -56 20 -7 -42 -2 -25 6 -20 -55 8 17 -11 -15 -40 36 -33 13 25 -3 0 -20 38 -33 -24 -35 46 65 -38 24 45 -5 -58 -17 14 12 53 -45 -7 -50 33 -28 -61 92 48 -86 125 70 27 -5 -55 -33 110 68 56 -17 60 -59 46 33 80 51 -24 -22 2 -17 -49 -59 -35 -8 13 -26 41 -30 4 -21 26 -41 -10 62 -75 54 -39 48 28 -15 5 -9 55 -42 -61 -49 -56 50 19 -46 39 -10 37 65 -37 -52 92 6 -29 2 -37 43 26 30 -33 49 29 8 91 -1 75 45 -20 -29 -65 67 -17 -5 65 -119 -75 64 60 119 63 61 27 -49 -101 42 -59 61 -5 33 -42 -19 35 7 21 -17 -27 10 -36 10 64 39 -4 49 50 -9 -11 -35 36 22 55 24 3 -42 -50 2 -12 87 49 -42 29 20 -51 29 69 -27 32 -60 -49 -14 -93 -37 8 70 103 94 -34 -54 72 -104 40 -71 66 46 82 -3 -36 86 -33 60 31 -4 -46 -48 -58 25 -3 64 12 3 60 13 17 -16 10 18 13 -30 4 51 -93 21 -18 -76 26 -24 21 8 80 35 -11 56 14 -11 71 0 5 0 -41 29 -55 35 -31 -70 33 20 15 -52 15 29 -37 77 -23 -16 51 17 -23 -33 15 -102 -32 -86 -53 -41 -49 87 56 -21 -37 -34 62 -48 89 -9 -52 87 -48 -91 -90 56 94 97 -74 -77 63 18 -95 -62 -73 -71 -89 -89 -44 79 -82 -91 88 19 -12 5 13 33 9 -27 15 -60 0 13 -33 -69 -46 -48 -46 36 112 55 -108 -42 -87 -1 -49 -55 -11 -44 -36 7 48 34 54 -28 5 41 -21 -50 -58 20 -21 -50 19 8 -71 -11 8 -23 -39 15 56 27 -75 72 52 52 34 41 -13 -89 -29 -6 -21 -25 8 44 30 -5 10 33 -9 57 30 9 -23 0 12 -19 6 -31 -49 29 34 25 -29 20 26 11 -14 -1 -20 1 45 -15 -23 -24 -99 -50 16 33 -38 16 2 11 -56 -62 48 29 -61 65 87 11 59 145 77 -97 -51 -104 -140 183 87 -39 -110 -81 -110 42 -61 78 -56 11 91 103 21 57 33 21 -17 -41 13 -11 -63 23 -11 24 -17 -46 -88 6 -45 -36 -42 62 -77 -10 -120 0 -65 32 25 17 74 -68 -24 12 -58 47 -41 -48 1 -32 20 -13 48 41 10 33 -11 35 6 25 -24 -4 45 -47 -24 17 -12 34 49 5 26 -10 32 24 63 29 18 -41 78 47 13 -30 -38 -50 29 11 28 -41 -24 -2 43 -30 57 53 -26 -7 -60 -74 -26 5 -42 -115 -75 55 -13 -79 -95 65 -102 -126 -127 127 -142 -86 157 -131 -149 192 112 -91 122 92 -85 92 -88 -59 -52 92 147 124 -82 -3 -55 38 42 -63 69 -39 82 30 -13 -11 -37 -17 69 49 18 -14 -80 -58 -55 111 81 -114 -102 75 49 -24 -64 66 22 -57 14 -26 24 87 67 -11 -60 -68 -94 -105 -10 -35 -32 -45 -5 -5 -19 2 -40 36 -33 13 31 -26 27 -46 -54 -12 48 17 17 -9 -29 43 7 -6 72 -10 -36 -29 -65 -23 14 -25 3 62 -21 -23 17 19 -2 -47 -77 -87 -83 30 74 -52 -116 -57 -19 -45 88 -60 87 -12 42 92 -37 61 -74 -75 -7 111 -44 81 -50 78 -90 48 -51 -75 -63 -31 -115 63 -93 -17 41 -66 87 -89 -38 -81 152 -67 142 114 64 74 85 125 -112 -129 -62 0 121 -107 63 -52 77 45 -68 101 -67 -102 20 -96 -74 31 -144 93 -94 -72 55 -51 5 -29 65 0 -69 -19 -33 -19 18 -67 -7 -67 -74 -73 12 -76 -22 36 78 -56 33 19 -29 -7 41 -126 81 -68 -141 84 -67 106 106 123 -96 75 78 -79 99 -49 -166 69 66 -24 30 30 53 84 11 -98 40 -89 -68 47 61 -52 -87 60 40 95 95 -141 -114 -165 121 86 111 -136 -102 -61 -125 134 114 138 -107 -129 -101 -112 63 14 6 -16 21 44 -39 -36 -30 -28 -62 -66 -82 -43 84 64 -62 73 106 -128 -146 116 172 -112 -73 -137 -95 65 116 -98 -109 55 -102 -49 108 83 74 32 -50 5 49 29 20 11 4 -29 12 -47 69 -51 30 20 -49 22 -19 0 -20 -14 23 42 26 -43 -88 -35 38 -5 -59 -69 -91 -80 48 -81 -13 -146 -71 -21 57 149 -28 -37 -81 67 -19 -19 -1 31 13 49 -26 -64 33 -8 70 20 -62 -96 -73 -35 -48 -37 -72 -62 88 56 61 -51 46 17 17 54 -64 44 66 51 -9 -24 -2 45 45 82 -14 23 -58 52 -54 -34 -47 44 54 57 -15 60 -34 -14 30 -71 -72 -56 -60 -94 96 -37 119 76 -64 103 187 -69 95 -33 105 -95 -109 104 45 -55 118 -130 -95 -125 62 -80 -19 43 -62 94 4 -30 -22 55 37 41 49 79 37 5 -7 17 -65 60 -74 61 27 -51 -2 -37 87 -2 -75 -66 16 46 17 -27 -16 47 -3 -38 6 28 39 50 -3 -27 -23 19 16 -12 27 -52 67 -22 6 -1 17 -110 -65 -24 144 -83 87 136 -165 -157 97 -101 -160 191 -162 105 67 26 69 105 36 24 10 -22 -5 124 -133 112 -78 72 -56 91 63 -39 16 55 14 4 19 52 -38 -84 19 95 30 -65 70 31 78 -26 -165 102 44 84 57 -61 -34 42 -76 72 -45 -9 78 -25 8 -15 19 61 65 78 -16 -68 -95 -7 47 9 -41 21 64 -55 -16 15 -58 -158 14 -49 -44 -70 47 66 -54 25 -11 38 -10 -44 42 -100 -28 12 33 4 -20 -76 53 40 -58 30 66 39 -10 45 74 -74 0 -30 42 47 -39 4 4 -60 -77 -96 16 50 8 28 -35 39 1 -64 -42 -8 33 84 -12 -55 1 -52 27 27 3 10 31 -86 -8 -111 89 94 69 111 143 150 -109 90 -88 -161 36 70 -47 -84 63 84 45 22 -86 62 41 91 15 -56 -2 -7 10 -64 57 31 -3 -21 26 48 -50 -51 31 -16 7 -37 70 14 43 -31 -18 0 6 1 -19 10 -13 -7 -78 1 28 -24 -21 1 0 29 8 21 -11 21 5 -25 38 -86 54 120 95 85 -63 108 118 -98 -115 2 34 24 -34 -27 2 92 -20 -6 -64 -55 31 14 -75 -25 71 -22 -65 55 60 27 -25 -83 -74 21 -73 55 43 -48 117 -53 59 -81 -72 -105 -94 64 -67 -115 -105 12 -27 83 -56 -8 56 31 5 -34 -30 25 -46 -78 -47 57 -52 -51 32 -53 -108 65 -59 94 -81 -92 68 88 69 -45 -59 -73 41 -39 36 30 10 15 -32 -36 17 23 -6 89 -68 57 7 49 -24 74 67 -33 -8 -21 30 -84 30 -8 27 -31 -17 -9 -9 -31 73 4 -46 17 20 13 -28 27 19 -4 -54 25 48 -5 42 2 -51 -34 -26 3 -22 28 22 -37 10 5 61 16 40 26 45 -60 -12 13 44 -32 -24 13 -23 -59 -40 41 72 12 15 58 50 -23 47 64 -108 122 95 91 60 112 -59 -97 -100 -69 -68 55 -83 58 -24 -71 45 23 3 17 -27 -20 -3 -49 72 -53 -40 39 112 112 33 58 50 -42 86 -67 -38 77 31 -78 -29 43 -9 60 -36 36 17 34 -28 -31 -7 37 -13 55 101 105 -71 -50 -141 111 -41 125 -127 123 -107 -38 -118 42 64 54 -93 99 -104 102 83 -109 106 93 50 42 98 -33 12 16 -91 -35 -45 59 -34 -34 83 64 59 83 15 -11 -69 60 28 -36 26 -29 38 -10 4 21 -6 16 53 4 9 -17 38 -44 58 -9 48 54 84 -73 49 83 44 116 -88 -96 41 66 -95 -143 121 -50 27 -54 39 -18 22 -20 -40 -33 -33 45 80 16 81 -18 -17 64 -62 -10 -29 66 -85 -84 0 -46 82 99 53 66 -109 -27 81 25 79 13 -82 32 9 -33 20 16 13 -8 -38 40 17 -2 -18 -35 39 1 21 42 -4 -53 9 15 -8 36 -7 42 72 23 40 45 35 19 32 -59 76 28 -5 2 -66 -7 11 44 70 65 -72 -92 84 52 52 -55 -30 46 42 -72 30 62 63 -75 75 90 38 -46 43 -63 -121 -110 -42 70 -141 72 -72 14 -67 -66 -50 55 -59 -69 -101 45 50 14 61 44 -35 -17 52 58 10 59 25 -58 38 -5 -2 -14 14 -53 26 70 81 40 40 47 -17 60 69 -35 26 5 14 60 -7 6 -24 -3 31 -2 9 -43 30 25 5 56 -48 -32 -18 0 -2 12 24 25 32 100 30 -10 33 -40 -16 31 -2 -6 -63 6 -12 -40 2 -3 -5 61 -56 10 -16 -25 51 -26 -52 -44 -21 19 14 -36 22 -27 -18 39 10 24 -53 38 36 32 14 24 -55 43 -72 -11 5 34 27 65 37 -33 -71 -53 -48 68 65 36 -71 84 54 59 -5 53 -19 -63 52 -30 54 -43 63 87 -69 53 -48 -46 -23 -26 -42 -60 -38 -86 66 -49 35 12 28 30 -10 -34 -7 11 -27 -39 54 -13 48 -62 88 76 84 30 -76 56 46 54 -49 70 35 -30 -48 10 75 -54 -86 75 -134 44 -110 -18 -45 80 105 -18 -42 -8 -14 -29 -62 4 7 -27 7 1 -39 39 -68 8 -8 4 -13 69 61 -10 -9 -62 -7 -51 -64 -76 -8 41 -28 -37 12 73 14 -34 12 34 50 -8 -30 54 6 -20 14 -20 45 -24 -20 34 9 -24 -43 -7 -26 -68 -103 -37 10 -29 -33 -19 -16 30 -44 -84 -30 -19 1 11 83 -41 61 -111 85 -95 -61 -86 -29 -74 63 -37 39 -47 -38 -2 44 86 -15 23 -94 -15 34 37 21 -2 -6 79 -27 29 7 4 -39 -22 -22 22 -10 -50 -17 -34 2 -28 7 61 25 23 34 0 -3 4 22 -38 30 -33 84 -40 121 -69 -46 -4 -83 99 67 45 -98 -83 53 54 -40 -45 -4 41 -12 5 20 -41 -42 21 -16 5 -33 47 12 -8 11 -21 59 7 80 -22 18 15 0 36 34 36 11 -70 4 -14 31 37 -1 78 -41 8 -22 -12 32 -87 33 30 77 -57 46 -47 -43 -75 91 -134 113 131 -112 -70 134 185 178 141 -99 124 -132 -54 30 -101 55 5 32 -37 -24 -19 -71 102 5 87 21 -13 -82 44 -38 -67 30 69 28 -50 -44 96 26 38 -35 -41 52 -19 19 -73 38 62 69 19 23 44 58 -75 8 18 11 -6 -18 82 -29 -28 -22 42 -96 41 37 -39 -32 67 9 -78 -38 56 -7 -99 -77 19 -97 -84 18 31 -19 26 12 28 41 1 -63 83 -64 -14 7 -12 40 -49 -3 26 -74 -73 -20 -68 -65 -21 -48 44 -32 33 9 43 13 8 -9 15 9 -33 -38 -23 -15 -6 -13 18 -52 2 45 -45 11 9 0 -23 10 -7 -3 2 -8 -14 25 0 6 -43 59 18 -25 66 -4 29 2 -24 31 0 57 14 8 -42 91 -49 47 -44 84 -76 7 -24 -96 69 56 38 -60 10 49 76 19 43 43 40 -24 -66 -51 105 59 55 -65 52 27 -84 -44 99 61 -45 -82 -46 59 58 116 -150 126 132 147 161 -125 -155 97 108 119 85 92 62 32 12 66 72 31 29 -11 65 6 -29 -35 65 14 27 64 -16 -11 -58 -64 -17 60 -49 -46 -51 -70 34 69 -54 -9 38 -89 -26 -22 46 -4 51 25 -31 20 41 59 11 -28 -28 -30 -47 5 9 51 23 -19 33 -8 14 -2 -48 61 7 23 18 31 -2 -8 -4 -19 68 45 -5 -69 69 -53 -47 -41 35 28 -38 -47 32 -30 -17 89 -56 67 -88 30 12 16 50 12 8 -11 -25 50 14 -54 -12 -35 13 17 -50 -39 15 6 -18 6 -16 33 -85 -4 39 54 23 -102 30 19 -60 28 0 88 -80 -81 -172 -81 143 100 155 117 -104 -119 130 53 -102 82 112 -148 -99 -87 -78 46 89 108 -74 -9 30 22 -49 -30 -1 -41 -95 49 -77 -69 60 -97 69 -102 -72 -84 75 -104 105 -109 -126 136 160 -132 -101 -108 130 -64 -50 109 92 55 56 -93 -26 105 65 89 -23 36 -37 -33 -69 -13 -48 -90 -79 46 -147 -89 50 89 89 -125 97 -113 -130 -39 97 -48 -32 -51 63 0 39 8 26 16 -4 -45 18 -7 58 -24 -13 -40 -18 -45 -32 33 -24 -13 40 66 11 -44 45 -28 -54 7 -76 51 40 -15 52 113 -13 -5 -42 83 59 42 7 -75 17 -33 -48 -50 20 44 -37 68 -44 -1 -3 12 -14 10 -10 -44 -50 7 -5 -24 23 54 32 37 74 67 68 41 10 -83 -17 -53 12 -9 9 -57 -29 -18 -35 -32 -6 -37 39 -76 31 8 -8 41 -81
6144,8,55 2 -38 -39 44 23 64 4 -34 -16 -10 11 2 -12 -14 10 47 -14 -19 -38 28 -22 -56 9 -6 -27 23 19 13 -29 -11 66 -23 73 -29 -3 52 40 -52 -53 -4 19 -79 -39 17 -11 52 47 36 -37 3 31 -9 89 44 48 -39 72 -8 10 22 -7 23 52 53 -24 8 37 7 41 -27 10 -42 -78 1 18 52 -37 33 18 -47 15 -11 -26 -28 13 -38 -22 -44 -43 43 34 -63 52 -40 31 8 61 60 30 53 -5 -24 -44 8 29 7 30 -43 28 32 -32 -22 -52 30 7 4 -61 -10 -65 0 22 -59 36 73 9 -16 -21 43 -15 12 -41 36 -27 1 19 -7 11 -41 -7 48 58 56 4 52 27 -78 -22 38 43 -1 -17 -7 14 52 -79 -42 16 -40 -36 -31 46 44 -19 49 26 -29 47 -2 1 21 -58 -42 52 -37 31 2 -37 58 9 65 -9 -9 19 -21 49 -25 4 2 -4 -11 -54 34 -5 11 -13 36 -40 29 56 -19 69 18 -40 -27 -29 45 -8 -4 34 -11 -39 -52 -4 -43 -15 -79 -24 58 -32 -1 -55 2 -14 -9 86 45 -42 1 17 9 -63 -26 8 -21 17 19 -17 -32 92 -34 45 17 -3 -38 -42 -22 -12 40 17 37 -5 -6 21 63 59 -30 -41 -75 -45 -4 -14 -82 -36 -25 52 -9 -33 15 -44 -2 -31 -13 -38 6 -23 -4 9 -15 -19 -59 37 -42 72 35 21 -36 61 -21 33 41 38 48 -48 24 -32 61 27 -60 5 -22 10 -4 -61 31 -10 -63 -38 63 -7 16 -5 25 -10 -50 8 -85 -58 -23 44 -14 -46 95 -50 56 -33 -52 -4 50 26 -15 16 12 -35 -20 -74 -37 -6 44 -24 6 -37 2 -28 -10 23 11 -52 2 51 -18 -64 12 -11 71 51 -9 -10 71 -27 -36 32 -8 29 -30 -7 -6 -23 -6 -11 17 -18 12 -2 45 14 50 49 -10 -38 47 32 67 -30 -9 40 -15 28 -85 -42 -64 -30 -12 -20 4 1 16 -4 -18 20 58 -36 3 0 44 57 74 48 -57 25 -29 13 -3 14 -15 -58 -38 5 -73 34 -7 26 7 2 6 -28 -33 -33 -2 14 66 -21 17 -5 -6 55 72 -45 -56 66 -44 42 13 12 17 2 -46 -41 24 71 -101 37 12 15 3 26 -13 2 48 -17 30 -55 0 -19 6 9 4 47 23 -40 5 11 -11 -7 44 -9 14 60 26 14 -3 10 13 0 -28 -16 28 2 26 -13 -38 67 3 7 23 -23 -9 -47 39 7 48 53 -67 -19 21 67 -12 25 -3 77 22 1 -24 8 19 12 -45 1 14 69 -52 31 89 37 30 -19 26 -44 -27 -8 46 39 42 39 -56 23 44 -15 15 -55 13 -21 -5 32 -61 31 33 -52 16 65 -11 -7 -51 -19 -26 28 -30 -42 50 5 12 -19 -32 1 -14 -53 35 -12 2 35 -8 25 19 46 -2 -25 62 -63 2 21 -12 -48 -76 7 -30 -68 47 -20 15 20 39 38 -21 -49 4 48 49 4 -1 8 -5 -19 -51 43 -14 24 -57 55 42 37 -39 -20 -9 24 15 33 -36 -19 -46 -33 -22 -56 -33 19 -15 48 -40 24 -1 3 -24 2 5 25 -28 -44 -4 -15 22 50 15 12 -69 -12 -49 49 -64 -83 20 -31 20 14 13 -2 37 0 -5 77 -32 -8 -64 -42 -35 -3 -55 76 30 -32 -34 -42 33 30 -19 8 -18 36 14 27 -10 -21 -73 -3 -27 -65 -30 44 23 -57 0 8 65 0 24 -37 -46 13 -18 -54 -31 -8 -24 45 46 -67 33 20 -6 -49 -49 -9 -35 15 -44 -4 16 38 -12 51 -55 16 -2 46 36 8 14 -8 39 18 6 -66 49 -24 3 -19 48 46 2 -22 -17 18 25 30 -30 20 -32 93 -35 -3 -48 12 4 -32 36 -47 38 18 1 -37 -25 -2 -1 48 -4 -81 -12 -31 -46 26 -24 -20 39 -23 -18 1 18 8 40 57 -40 112 -4 46 -11 21 -3 23 -18 14 41 -27 -33 -11 -20 -56 -22 48 -33 -45 -54 22 -2 -20 48 37 9 -54 -10 47 -45 15 -74 18 -31 -33 32 -70 -39 -85 0 -53 57 -36 -37 -6 -9 33 -32 -85 -24 81 -46 -29 7 54 -33 44 -20 -47 -2 49 12 25 -61 -60 64 55 -54 33 49 -18 31 -29 -5 -14 9 25 -83 41 -41 38 7 -18 -40 14 2 -47 52 0 46 31 16 11 -54 18 -49 68 -18 53 -42 48 -7 40 -9 10 7 -2 7 -34 -7 -16 -25 -3 -48 47 54 -44 36 53 -19 -10 30 32 26 -58 29 3 -17 -32 -74 -31 -24 28 -9 -45 -41 47 5 59 0 -20 15 20 -28 -80 -31 -8 -3 13 -47 33 -11 -10 26 -16 35 32 -10 -11 25 2 -17 49 -31 -27 38 -23 3 29 -9 60 23 20 -8 -38 -48 40 -3 5 0 -84 -16 -16 25 23 -3 -64 -83 28 -15 -32 29 -7 5 7 -12 31 -76 20 -31 4 30 -49 58 -32 27 -43 38 -6 31 2 -43 -7 4 -14 44 5 23 -40 -26 -8 50 1 55 2 -1 8 0 -23 -14 -17 52 36 -19 -28 -24 59 36 -52 34 -11 40 -16 69 -21 12 4 -18 -6 -46 20 62 18 48 -19 -29 -30 -18 7 54 -51 -36 -27 -10 56 -55 -11 29 9 -75 57 -32 9 11 -12 14 20 -44 -36 -19 2 10 -18 3 -11 -27 27 30 -33 14 36 12 24 9 -40 -24 27 -11 -12 19 19 30 59 6 -8 39 87 47 -3 -52 10 -57 -16 9 -24 -71 14 24 30 -24 5 38 29 31 -48 -6 37 35 28 11 -33 -2 31 9 60 -59 2 -8 39 13 -3 53 -53 -53 -19 -15 22 42 25 -27 -76 14 46 -28 26 17 2 -17 -25 -25 -58 14 -4 -58 19 58 -19 -9 34 17 -20 28 27 -52 -48 17 -12 1 -14 -11 -16 -74 29 -7 -26 85 1 45 -7 23 -22 -14 -6 -14 -45 -1 -46 -37 28 24 33 -14 -27 -14 61 39 66 -10 22 -56 -20 -25 46 -19 11 -18 33 -25 70 69 2 10 54 12 -60 24 2 -37 -12 8 28 -56 1 -36 -18 -51 64 -44 -49 59 13 -74 -76 -38 48 21 15 -13 50 -40 -1 -35 -4 39 25 45 15 62 -16 -3 47 0 -16 41 -14 -15 -58 53 5 25 -47 20 23 50 -41 -16 -17 12 48 0 -1 21 -3 11 27 12 49 47 0 35 26 17 39 9 -48 4 51 44 64 -10 32 28 -44 -7 -3 -22 -2 -2 -21 -59 40 -10 -36 80 61 9 -24 -1 -25 -51 -35 -39 36 -9 25 33 36 -11 32 -73 -46 -24 33 21 9 36 -1 9 -5 14 43 -40 -37 -10 -23 -6 -32 5 1 15 31 -5 30 -18 5 39 -12 6 -44 8 39 -29 -49 -5 49 -27 -6 20 42 -33 -11 -7 -32 -39 25 17 23 -43 3 -3 47 -19 -19 8 -13 -61 17 -23 27 -33 -63 44 37 -8 -46 29 26 14 37 32 -21 43 32 3 -67 -37 26 -8 25 26 5 -48 46 13 16 85 -6 -19 -54 -4 -45 -53 -74 -11 -24 1 -2 24 -18 -28 -81 12 -7 15 -2 -65 6 47 -1 -20 -9 -24 23 -19 4 24 -35 -44 -2 -15 1 -2 65 75 -28 9 -48 -12 21 -7 -59 25 -44 45 60 39 -25 20 -51 -29 29 12 28 -22 33 -56 -2 -42 -14 -2 -7 17 -65 -30 17 41 3 -44 -7 -42 -25 54 33 39 61 -28 -12 31 -37 -33 3 14 68 13 16 -26 3 -14 40 1 7 20 6 1 40 21 -81 15 11 25 62 -15 -10 40 -5 20 -10 62 42 38 9 -59 8 -1 5 37 44 -25 47 -23 -5 28 -37 -11 -18 -15 -33 -29 12 8 -25 -19 -25 28 -39 1 1 79 19 -77 3 7 28 2 -23 22 42 -9 44 -22 13 10 -25 14 21 23 -1 -2 -44 -21 40 -6 19 -1 29 37 61 -11 -6 38 40 50 7 -27 45 -24 -12 47 100 20 -2 -23 15 40 48 -44 -66 -43 -21 41 0 34 -20 -101 43 6 -36 61 53 -7 -8 29 0 12 -17 -31 44 -32 30 22 -27 43 -14 -45 -18 -36 20 38 41 -22 -13 10 -21 -58 -22 -14 -15 7 5 -55 15 -13 -10 -22 3 -44 -13 -37 14 -58 24 -26 -4 49 -12 12 38 -3 -61 -11 43 -40 -35 -68 20 21 -39 -1 8 8 -20 29 1 41 -7 10 -12 -23 61 -8 -13 -12 44 -1 84 -18 32 -51 -10 -49 -45 -41 -51 -8 41 -18 8 53 -36 34 -23 76 -25 44 0 -4 42 -15 1 9 -11 -31 -49 17 37 -28 -26 38 13 5 -32 -54 22 -51 13 -8 10 20 13 36 -32 -38 3 22 -50 -31 15 54 -2 5 3 21 -25 -18 -34 -38 -52 10 33 -42 -29 46 9 -32 47 -49 -23 -46 -34 -15 -11 27 -1 32 10 -61 -31 -30 -47 -51 -25 48 44 54 -28 -87 -24 -50 47 43 -15 42 27 -31 -40 -35 -30 33 47 -6 36 41 -20 12 40 6 8 15 55 30 28 -29 37 49 -48 -14 62 25 17 -5 44 5 -20 -31 -35 45 41 -34 -29 -49 3 -6 10 45 16 -36 -40 50 -36 19 49 -105 -12 -21 91 20 4 8 53 -13 0 5 13 -33 -21 56 6 41 15 9 33 42 -27 -14 25 1 13 -41 -69 -22 -30 25 7 37 17 -29 -6 -12 -13 19 -31 -4 32 20 7 -23 -22 69 -59 6 -35 -7 4 -80 58 23 -48 6 -19 33 18 6 65 62 -23 -63 -14 -21 16 -22 25 26 -7 24 21 -31 -61 2 11 26 -55 -35 11 9 -39 -51 -22 -48 -22 74 25 102 22 41 13 -53 32 18 -49 18 23 63 11 -23 -21 -14 75 -3 30 32 -6 -19 -54 57 47 38 17 18 20 -36 22 -22 -25 -28 61 15 -21 -14 -59 -18 -50 -19 7 47 -7 -31 48 57 -26 -4 -9 47 27 50 41 35 12 -16 -29 25 6 -9 -18 -76 11 2 30 -74 31 35 -1 0 39 54 -60 -45 -34 -30 22 -15 -41 -17 -42 -55 27 21 -8 37 46 -7 -63 -33 -25 -2 3 -58 -39 36 -37 13 6 -55 -15 5 -15 -7 -39 32 60 -17 5 -5 -40 -21 -37 -32 57 -14 38 -62 -1 -30 3 -3 -31 -17 -32 23 14 -16 23 -11 -26 4 11 -7 -48 -38 45 4 32 23 16 29 -29 9 -3 -44 -32 34 -23 5 -13 20 4 27 -14 -67 -84 -50 -44 35 15 -31 19 -3 -43 43 34 -40 39 9 45 4 -29 37 63 8 -32 -38 -33 -15 33 -42 -61 4 69 4 49 43 -15 -22 39 -20 -8 -31 25 39 -23 11 55 37 23 -29 39 -53 -8 -22 -39 -57 -61 -10 29 40 59 36 72 -61 25 -37 54 17 -25 -20 -56 50 -63 -20 74 47 35 -74 -41 48 -5 -34 13 28 37 20 -6 17 -8 -11 10 42 -23 32 -33 26 39 -45 20 -24 43 -24 28 -6 51 -43 8 -30 28 17 -20 44 -6 -23 1 -49 -15 29 25 -13 48 36 15 -16 20 -16 -10 28 -32 -28 -22 45 18 32 -45 -23 1 -25 -32 42 14 -58 48 -12 26 -13 -49 -80 32 7 25 5 1 -17 32 -2 -57 11 -66 -18 2 -16 -32 12 27 4 -30 -44 56 -57 80 2 -11 -36 77 62 -57 -46 46 34 45 11 5 -4 -25 18 -71 24 1 8 10 -10 -77 -19 29 -22 -15 30 -26 27 -14 3 40 -50 -7 33 -34 66 -4 -46 -3 -46 -26 -34 44 31 28 25 -6 1 22 27 -16 58 9 -32 -23 -24 9 10 2 38 -67 13 -52 33 -28 -4 43 25 61 -35 53 16 -12 -33 -42 68 -17 26 -11 18 -15 -10 -10 -31 0 50 -56 -2 -17 -75 -36 -14 57 37 -19 -48 -45 21 -49 22 1 13 7 28 -46 -17 -62 57 77 -28 20 -37 -9 14 30 -63 -3 1 -2 31 14 14 -23 36 -59 -21 36 -35 -25 6 63 -55 -26 -23 43 -37 -60 -22 -3 -3 -57 29 25 27 -5 34 -15 16 7 3 28 11 -2 -28 -72 83 -1 26 0 -15 66 -30 69 -51 -48 0 -16 45 34 78 55 58 5 16 18 43 -75 59 -41 41 -32 -43 19 8 -19 -26 -35 -22 26 -53 36 11 -18 35 21 40 10 -60 9 -63 -49 -41 38 11 40 -21 -63 29 17 -34 -32 -30 17 19 55 -29 -13 16 -13 -13 -43 46 48 29 66 22 -18 26 -18 14 25 25 -6 37 -22 54 18 88 28 -56 -19 28 32 2 26 44 -71 -33 48 48 59 33 18 -39 -8 64 7 -13 -5 32 -4 -63 -55 60 -45 31 -43 52 -42 25 -2 4 -18 -15 59 -40 -41 48 -9 45 -19 9 -46 13 57 27 -42 26 -33 -19 -6 -51 -2 -27 -29 38 17 -15 -35 34 -8 47 -55 32 31 20 39 -14 9 -21 42 6 56 0 -22 -6 20 52 -45 28 47 -36 58 -22 47 -31 -2 5 -69 -10 -58 -24 -19 10 14 18 6 -6 -18 -1 -45 2 -3 13 -51 -43 -40 10 -48 67 -38 -40 -10 8 -42 30 48 20 34 70 46 -23 -27 -50 16 -22 40 33 -31 -31 49 -23 -30 -15 -1 -35 23 47 -58 58 37 -31 16 9 -34 -44 2 17 31 21 30 -16 19 -24 -4 -39 29 -53 -47 -19 37 -22 59 41 77 27 -6 1 -57 68 -16 -7 -13 -74 -17 7 -7 30 -39 22 38 26 -30 -41 2 30 6 -38 53 -15 11 -41 38 -55 9 22 14 25 -41 -34 -17 -42 9 -28 -9 44 2 64 -13 6 17 -26 -10 0 0 39 47 -27 8 -21 16 -11 19 -10 -11 23 44 1 -11 18 -37 -51 18 12 -57 67 -27 1 -26 12 8 0 11 -10 -29 83 8 -20 -30 19 -9 -32 -4 -50 51 87 -43 15 24 -5 -29 18 47 -1 25 48 -37 35 46 32 -4 -89 -34 -12 15 0 21 -15 11 -5 -16 -75 -17 -84 -9 52 26 -4 45 -46 12 -21 -12 46 39 13 34 89 41 39 16 -80 4 -55 -48 -11 16 27 7 2 -24 13 0 0 2 21 -40 4 -8 36 -48 46 41 -27 -38 0 17 38 5 -17 -54 -34 -23 15 -11 28 -6 32 20 25 57 -21 -19 -66 -63 49 -11 51 -29 7 7 -62 1 5 28 24 27 -55 34 -33 39 -6 -72 -25 -57 38 -11 -82 31 -36 -15 39 -41 -18 -52 -18 49 -35 -4 -5 34 39 -25 -32 18 -59 -71 -32 -47 -21 4 30 19 27 -13 -38 -25 16 29 -29 -6 -4 5 48 -57 0 -20 19 -2 -2 24 7 53 -8 52 10 -12 26 16 -35 39 -44 61 23 -41 45 -25 -15 -32 -18 -60 -50 -5 -20 -42 -93 -12 -40 42 23 -43 69 -34 -31 50 70 15 10 -63 5 -42 -25 -1 -12 -32 -14 -43 -75 -13 18 22 -35 17 -16 10 -43 -15 7 -89 -16 -5 -43 46 -40 28 65 -40 -7 -70 79 -30 -26 -41 16 -45 -13 21 -18 -58 -64 -31 -66 12 -69 4 12 26 -3 40 -3 21 -30 -24 -11 -16 -33 -31 -44 28 5 -12 -11 23 -37 -11 -7 -73 -12 21 34 -21 -11 18 -37 89 20 4 -10 48 2 -5 69 9 -52 21 11 3 -51 20 24 -27 26 51 27 -9 80 50 -42 -7 -18 -8 30 -8 -13 -1 -19 -4 -37 -20 -3 34 -21 6 -23 0 -14 -27 37 -9 1 37 -58 29 47 49 -35 -23 -97 -67 43 48 2 12 -27 8 55 22 20 -18 33 14 66 62 3 42 0 -25 27 -33 -41 -36 -21 -71 39 35 -7 -15 -28 38 45 -40 -81 45 11 42 -31 -29 86 -4 -50 -12 -11 28 -21 40 -12 23 -15 -8 -25 26 -18 -14 55 22 35 -62 27 -7 -66 13 65 -34 -32 -15 10 -18 -11 -12 -16 20 31 32 19 -28 57 27 10 13 25 11 -47 -37 48 31 18 2 -15 11 36 -29 -55 -24 4 27 -40 8 9 22 69 4 24 -19 -52 -7 -48 50 9 28 -35 30 -14 -8 -58 12 -6 51 27 11 21 81 9 17 32 28 86 3 -17 -29 22 -18 6 60 -41 24 9 6 -76 25 -27 -63 -55 -40 12 -76 -3 3 55 -34 17 -27 24 42 0 21 13 -43 27 24 44 -32 -15 -40 -43 26 3 82 10 46 22 -14 -21 -14 86 27 14 9 -25 -3 -28 68 -16 4 -20 35 26 -22 58 25 24 -18 -38 25 -30 6 -42 -52 17 -38 31 9 -40 -25 -12 -26 34 -85 -16 8 -25 24 -21 20 33 7 -3 6 -1 -29 21 -44 11 -25 -67 26 41 9 -40 -15 42 29 -20 24 -9 22 -39 76 10 31 35 -36 41 91 34 -27 20 14 -12 49 30 -47 -7 34 -3 48 32 -17 48 18 42 45 -11 22 8 -12 -7 -33 -12 35 -10 -6 5 35 -18 -17 -5 -8 41 27 9 -31 -33 -56 52 18 17 -5 -24 -25 -29 -13 -12 5 61 15 52 20 64 45 22 -6 -15 -16 -27 -8 -26 -33 -55 68 -23 -37 27 -79 -3 60 13 19 -23 -33 27 -34 21 41 33 -32 -59 -36 -25 -46 -9 28 8 4 -8 31 -9 27 31 47 66 2 -24 -39 25 35 -65 -15 54 12 17 37 11 -11 -11 20 32 24 57 50 24 -7 -3 -57 31 -29 36 -14 4 40 -58 0 26 12 59 39 6 -29 24 34 -83 -11 0 -20 17 30 -56 -22 47 -12 -85 -40 -18 -20 -65 34 -37 -67 0 5 -79 10 -52 7 -17 -23 -12 9 34 8 -14 -34 -21 -23 14 43 43 6 25 -43 61 -19 -13 29 29 -2 29 23 14 33 49 22 -43 -25 -54 45 29 -48 -2 -9 -35 34 -18 20 -8 43 -32 -15 -9 -27 -5 -9 60 -25 -12 18 4 -3 -24 -15 13 -10 -29 2 -5 0 -38 9 -60 12 42 -1 -20 31 -43 -34 -39 -10 -56 64 37 -4 11 -52 -16 10 -38 -19 -40 -15 -9 30 1 18 -26 -59 50 15 -42 54 -32 22 59 -36 17 -58 -53 -3 12 -11 8 -44 -19 -23 -64 16 15 -51 -46 -2 -37 50 -32 -20 28 17 -83 -17 -23 59 29 -7 50 50 -28 -39 22 -35 21 40 -44 67 0 -44 -20 18 -21 29 52 12 20 -5 28 -69 -3 -7 -66 33 64 7 15 5 -45 -25 -9 44 -48 6 -43 60 13 -61 -13 41 -11 7 39 15 -79 -9 -14 12 4 18 -21 -46 -64 4 -29 -26 35 69 -13 -31 2 -5 -3 14 -42 -46 -21 -36 2 -25 9 -31 -5 -12 -45 -28 49 -45 -62 -51 -2 36 21 -9 -19 -22 83 34 70 -63 -23 14 -34 -27 21 54 13 -37 52 -67 21 24 -72 15 77 3 42 -7 51 -34 -17 -1 -4 -32 34 -1 55 -39 37 -20 57 -34 -34 -47 -41 -1 6 71 26 -5 51 -64 58 -33 -16 50 -16 40 19 17 -48 13 8 6 74 -32 -6 -19 -15 25 -31 8 -58 -27 -79 -3 -8 1 -62 42 70 -29 49 86 18 22 23 -63 43 -43 -22 -33 32 4 12 46 24 -21 13 -42 6 15 -29 -15 23 36 -66 35 -18 -21 32 38 4 -15 -26 -10 4 -16 -38 -15 57 6 26 68 30 -12 35 -33 -17 41 -7 -19 -23 -52 -28 -54 -15 15 -41 16 -21 20 -60 -49 19 -7 -34 14 25 -3 11 -9 39 -37 -20 -25 -21 -29 -46 80 -11 -3 -57 9 -41 -6 -14 35 37 -23 14 -54 34 -52 43 -39 -20 -37 24 -25 20 5 -18 20 42 16 56 28 3 -6 -35 -5 -8 55 -29 35 33 26 -14 5 45 32 -15 -11 60 23 8 -33 57 -30 56 5 -38 -37 -46 37 -10 -4 -13 -3 -16 36 -28 -15 -17 -3 -9 -10 40 9 30 -33 23 -59 -29 -14 -31 8 -11 -40 8 -19 -36 -36 -42 -18 53 39 24 -46 28 4 -54 20 -23 -5 26 6 -19 0 57 47 -6 1 -24 75 -49 -56 -6 -28 15 34 -19 -26 18 -10 43 35 -43 -33 -37 12 -32 55 78 -54 -21 26 -17 -13 -9 -22 1 41 -13 -46 -7 4 -38 62 26 71 63 -18 24 10 -4 51 -1 -2 3 24 1 29 24 32 51 -19 -17 7 23 -3 32 30 42 -44 1 50 -12 -12 49 -47 -36 4 -45 10 16 -33 26 25 -28 29 1 -2 -12 -11 -13 46 -13 22 38 22 26 43 -26 45 8 -58 4 3 42 -48 39 18 25 39 63 53 -14 80 27 12 0 11 33 -29 6 -14 -2 -2 -11 -11 26 39 70 -20 -43 -49 25 18 46 30 11 44 12 50 62 -5 31 14 29 47 -1 34 -46 22 22 -7 58 -35 48 -17 -6 -20 -54 -38 18 28 25 30 -15 -29 2 56 -26 19 -22 18 33 -45 -35 -28 17 -9 10 -48 -22 53 -42 69 -41 -30 29 13 -7 5 -19 -14 58 16 -42 8 4 22 36 -47 4 30 54 11 9 27 -30 -53 -5 -41 -36 29 23 -19 24 27 7 13 37 -18 8 -4 21 -34 -21 -67 18 -4 34 -8 0 -50 16 84 -32 12 37 -2 37 14 -77 27 -1 -8 -5 10 -10 -53 -48 35 7 30 17 10 21 -16 -32 -56 -48 43 -5 53 -78 60 -32 4 -4 -48 16 -69 -18 47 18 61 3 38 -13 -31 50 -9 31 21 -48 47 7 -36 -29 34 -2 -2 22 -35 26 -28 47 64 40 -8 5 -31 37 -38 35 -42 -49 -17 37 38 50 7 -37 -9 13 -54 14 -14 5 -9 61 12 -35 12 -26 -5 -7 2 -33 -44 20 24 19 -6 -24 4 -5 19 22 5 -20 -30 14 -22 22 55 -21 55 -50 -55 -6 -18 -36 4 14 16 -62 52 -5 35 21 -42 6 46 -31 61 -33 -51 17 11 87 -17 -64 18 18 53 31 -35 -71 -83 49 -28 1 -35 -49 46 -39 -47 5 -7 14 -22 -55 -3 -41 -1 77 -11 0 -33 -38 8 -36 -1 24 -6 46 -58 -74 -53 -50 -8 -3 90 -7 18 -3 20 -20 24 16 -38 -5 39 -21 -18 -2 -73 -37 -42 31 7 39 14 -23 37 25 14 22 -59 22 4 62 25 -23 -10 -32 -11 -26 -35 15 57 19 36 6 -19 -12 2 -24 -19 -26 -47 -3 -9 33 12 30 -41 37 16 8 59 7 -22 -39 -21 30 24 67 -40 58 -17 -19 -15 22 25 -16 61 34 -19 24 29 32 -24 41 -41 65 21 -53 13 -49 -44 -5 -49 -22 -39 54 -13 -40 16 -25 -33 -21 36 -6 82 -71 58 14 -38 19 2 -29 -59 -11 12 30 -5 5 17 6 35 -51 -1 2 67 -25 2 -43 6 27 19 -24 54 -20 44 -1 62 34 -30 -40 68 24 -57 7 19 -48 -34 2 -8 -46 -19 -53 9 -14 34 -4 1 -3 -21 -33 38 -44 -31 -35 -22 37 -21 -1 39 -55 -6 18 13 14 -3 60 -8 30 -16 40 15 -30 -10 42 19 -53 -40 11 -15 7 -54 -39 36 -43 43 -51 49 -2 -41 38 -37 12 -13 55 9 -42 4 -29 13 44 -22 -27 8 24 50 26 55 -54 -28 21 -6 11 -28 28 -28 17 7 -17 28 32 76 -6 41 -9 12 47 31 30 24 -45 2 9 -26 37 44 2 67 12 10 -2 -34 -34 -12 -39 25 -12 31 -22 13 -17 -27 51 35 23 -59 -6 29 -17 16 -39 -1 39 -89 59 60 -19 26 18 -48 53 -70 8 -28 -15 -49 26 0 18 -25 3 3 79 25 -44 47 50 15 68 -50 40 -17 23 32 25 -34 19 2 -18 28 -37 -8 -18 22 38 -42 31 3 -2 -15 18 30 -10 -53 -24 -36 4 6 -11 43 31 -43 -2 1 10 -40 5 3 -40 -31 -3 -37 -37 -32 -40 92 24 -44 -32 40 32 -6 -15 41 -46 -3 34 8 -1 74 36 -29 -21 48 18 -6 49 -11 35 -11 0 -33 37 39 20 -30 -4 23 -27 39 -18 5 42 -27 33 -28 48 -37 -12 23 -27 42 9 -26 1 -55 -34 7 12 80 35 4 30 -3 -8 -59 -36 8 3 -8 -18 28 -39 53 -25 32 46 -49 -31 10 -28 24 -30 -18 36 -4 -10 -51 -53 -30 13 67 11 -34 -36 -13 -5 -12 36 -72 -64 35 -3 -69 16 30 17 -5 71 16 -23 -3 81 42 -7 40 49 38 5 45 22 89 -36 11 -4 34 7 -26 -46 -63 34 -4 34 45 -6 -55 49 -34 -19 39 29 -22 46 21 -9 1 44 -33 48 45 2 -63 -67 23 11 -6 -15 32 -14 0 15 -38 3 17 28 11 31 25 35 6 -88 -15 -22 10 13 -6 -17 35 5 -83 68 -26 33 -12 24 -24 26 -4 9 -14 22 1 -9 7 -21 -2 -27 30 -14 -59 15 -63 73 39 -6 -20 11 -7 8 -52 -27 30 4 35 -21 -43 13 -34 -1 -16 33 0 -53 35 38 6 66 -21 62 -9 -22 17 -27 56 -43 75 -11 64 14 71 -19 -56 -44 23 26 9 61 54 15 7 21 22 -45 -11 -21 19 16 61 -56 -15 27 -3 0 52 37 41 28 38 4 -15 -27 -29 40 -47 7 -7 42 -29 34 -25 7 27 -20 -38 9 -15 -21 -32 -29 0 -32 59 -29 9 39 52 13 -14 18 25 -59 0 -19 13 -61 -16 -13 -30 43 -32 -42 -1 -5 16 15 53 -34 4 -16 28 -34 -42 -24 -13 56 40 26 -15 -33 -38 17 -27 -45 4 -11 59 9 -63 -3 -11 30 6 -23 -21 74 -45 -8 48 26 -27 55 -11 -51 5 4 37 -10 13 17 -13 -16 30 44 -60 -4 -21 -32 14 48 7 -9 32 70 -29 -12 26 52 75 26 14 -30 -24 -15 -43 -1 26 9 17 59 40 -14 7 61 35 24 -14 -12 -10 5 20 -8 -51 4 -3 -2 0 32 -9 -3 -4 19 -18 -14 -46 5 -10 -47 -4 -44 -1 50 -11 24 20 3 5 37 25 -19 -61 -10 51 -46 -53 -33 44 8 3 25 57 -25 13 -8 0 -24 -23 -8 23 47 21 36 -17 18 11 -22 -34 14 -78 30 49 -12 35 -19 -22 -30 13 12 70 21 19 -52 52 -51 11 25 36 17 11 -62 -50 -41 25 24 20 -62 35 10 -45 -12 23 -17 16 7 19 -40 -47 -41 -11 -23 6 16 60 -68 16 -18 82 19 10 54 -2 21 32 15 -37 -11 -76 10 -56 -27 20 -31 -61 -16 -2 53 64 -59 4 -56 10 -28 -34 -40 -51 17 30 2 36 -9 7 -20 -12 54 -16 49 -68 2 -35 -40 30 36 -45 34 -7 21 -19 -9 48 19 20 -29 -68 20 -5 -32 -36 -17 -1 33 -46 -17 52 2 -14 7 25 10 14 68 18 17 -60 -37 56 58 -42 19 -30 21 27 60 2 -74 7 19 -10 62 70 -37 -4 -54 -92 -23 24 -6 -23 2 9 -7 26 36 0 20 -55 33 -10 -73 -74 -41 4 38 -23 -31 -28 -25 -18 36 -19 -27 -19 23 31 40 -38 42 -75 -29 -9 10 19 -31 -13 50 -23 12 -34 -13 10 -33 59 10 -28 38 -73 -25 -18 76 -20 -14 17 43 28 -34 19 26 88 -26 -55 58 -30 23 36 21 41 13 9 -33 -22 7 23 46 -10 -50 90 8 -63 -14 -12 49 -34 -20 -73 -21 4 22 -33 -37 -64 -40 16 53 52 -26 34 33 11 -22 7 45 -5 -46 -15 44 93 -13 44 37 31 -20 13 -7 -8 -1 19 17 14 10 44 -27 -74 -28 -18 -34 58 -48 -19 25 -49 5 16 -24 -57 -64 14 1 55 -13 76 -57 -36 25 -45 -17 -31 18 49 5 45 -6 -21 18 -27 7 -30 2 8 18 16 -17 -53 21 44 -22 5 30 27 -32 -4 58 21 -34 20 63 0 8 -37 -20 -42 -11 74 17 -44 54 1 -27 19 0 -13 4 48 -7 58 19 -42 -1 74 2 -9 44 -20 -28 29 17 -49 -12 29 -60 24 -26 -52 -19 10 -57 6 13 -27 21 -62 -82 -40 3 -38 17 -3 -57 82 -47 44 40 105 -56 -50 -5 -48 -1 -23 -18 35 17 33 2 -3 -87 4 35 52 26 11 0 -2 13 3 -42 1 -6 6 -32 2 -4 1 -30 -7 -14 33 -19 12 -15 48 -10 -12 0 25 8 -39 -23 24 -23 -2 -1 21 -39 17 49 1 4 46 -62 8 12 -18 18 64 -2 11 46 5 -40 4 6 37 11 45 -8 -6 -26 -48 -111 -55 -11 -13 38 13 -38 34 -8 -23 67 -28 20 -31 -30 5 15 1 -26 -31 26 -33 -5 -14 22 58 -59 -20 27 36 6 -33 -31 -16 -14 -21 3 -21 -85 -40 11 -17 27 -25 -101 32 4 -25 -27 -42 -44 -56 -65 -6 -47 7 -22 8 24 -22 38 -7 -32 5 5 31 -77 -69 48 -15 37 -17 -4 28 29 -32 0 -4 10 15 31 -37 32 -34 -26 16 -60 20 -17 16 10 72 -23 8 -11 21 -51 4 68 -38 -46 -18 -55 103 60 -17 18 -12 23 34 8 -50 38 -43 -12 -46 15 -68 -21 -4 -73 -11 -3 -8 -29 2 -33 -13 36 -64 75 21 -11 -10 25 -37 13 12 -66 -11 -37 23 15 -57 10 58 -32 4 -22 -47 37 -14 -15 -39 -35 -17 -33 102 -5 -24 -55 -28 26 -71 33 -13 -44 -27 -98 39 -21 -23 -29 73 -49 11 65 -17 -8 -28 -81 33 -16 69 7 -82 -38 -20 43 -9 45 -4 -37 -31 -11 22 -1 -3 -6 -51 -21 -18 37 54 29 9 2 23 23 49 30 36 6 5 -35 62 18 -28 28 1 -11 -3 21 -2 7 16 -29 -24 -52 -19 13 -9 -15 -35 -5 -79 -37 -29 -37 -5 17 -8 21 -19 -50 -15 17 -80 28 -50 22 42 21 11 -27 26 -32 37 -5 15 -22 -19 63 -21 -28 78 30 -34 -7 -59 -78 -27 -18 -28 41 53 18 -15 -7 30 29 2 -93 8 -22 19 0 25 -9 64 24 32 -41 -17 56 -14 29 -61 -21 5 -67 22 -16 10 -8 4 -54 57 -7 44 10 50 27 25 47 -12 -55 -3 -25 -8 -28 69 48 3 -63 40 -25 38 43 23 7 -8 -36 8 -23 62 12 35 50 33 -53 33 -50 0 -53 -51 40 1 12 -54 -29 38 14 -6 19 -18 -48 -29 -2 -44 12 -13 -46 -33 25 60 -8 -28 34 -14 -20 10 31 -62 42 45 -50 11 14 -26 57 54 42 -2 41 9 -17 20 -27 -16 -12 -14 -21 42 42 -90 3 -107 40 -31 -40 22 -33 41 -52 -20 44 62 -21 -58 -48 -39 -29 22 30 51 -14 34 -10 -10 -70 -5 57 -17 -16 19 11 -49 5 -3 16 -32 -27 -4 29 24 -3 23 15 17 -28 3 46 6 4 -61 8 -10 29 -31 -28 55 21 18 -30 -8 59 -12 6 -41 28 -45 20 15 22 53 -18 0 8 50 -43 -45 -22 -32 23 18 -102 27 2 56 -12 -46 32 8 23 -1 -13 13 -9 -42 33 44 15 -21 -4 24 14 23 -5 30 -13 39 38 19 -23 17 -8 3 -17 -12 -21 5 -40 3 -35 -3 -79 -53 -32 2 15 13 -42 7 31 -10 5 -11 -12 8 -11 -8 -59 -56 -15 10 -25 -43 45 4 -47 -13 -8 -34 -47 42 -47 52 31 6 29 2 27 -16 22 0 1 -16 -8 16 11 -20 -21 7 44 -66 -22 -39 2 1 30 50 59 -5 6 -44 -26 -8 -40 4 42 19 -37 46 -73 -12 21 7 -1 39 -8 26 -39 37 -52 10 -64 8 15 -9 -56 5 5 14 -13 -82 4 9 46 38 -27 14 -14 2 -21 5 45 0 -61 -17 11 -14 -40 7 -13 11 -32 -50 -55 -4 -4 37 -26 24 28 -22 -20 10 -6 -51 19 -16 60 -3 -14 15 30 -41 35 13 8 -72 1 -59 -31 6 38 -13 12 8 36 -5 29 26 46 0 79 44 -63 -35 -51 -12 12 -26 -18 33 5 74 49 -66 -33 38 30 -4 16 -19 -45 38 -47 -27 -27 40 -13 -17 7 83 66 -36 9 14 -9 -49 -7 71 74 2 17 42 27 59 7 -15 33 -9 -47 19 -28 40 -6 -49 37 -35 -33 -67 -7 12 -10 -14 22 -3 -81 41 1 42 63 -44 -9 -27 14 45 53 -31 44 34 -11 -24 -50 57 -7 -50 -11 -21 22 -1 -38 16 -4 -53 -35 -42 -42 27 4 50 -60 23 -27 8 -29 25 16 9 -5 -47 -64 24 19 26 30 24 -38 17 16 61 73 31 -27 -4 -13 25 -47 -4 -8 0 -56 -10 76 36 -13 37 -9 74 12 2 -2 2 5 22 22 25 -4 5 16 -21 8 38 -21 16 24 -26 -12 -76 40 -13 -25 -3 22 -80 24 5 28 -76 -71 37 -72 28 63 -26 -15 46 9 -34 -23 -30 25 -3 39 51 -12 26 -30 -54 -9 14 -44 -18 2 -3 -32 7 53 23 6 17 -44 -21 -33 30 57 17 11 33 13 30 25 -23 14 13 7 -14 56 34 -21 -42 -86 42 -45 -44 -72 -38 -47 39 -10 -27 67 9 -20 0 27 -7 -41 4 -18 9 -43 -5 -24 47 68 6 -13 10 38 -6 -4 -19 24 -36 70 -12 -10 -11 31 40 -9 -8 12 -48 16 19 -13 -44 -44 13 8 0 -2 -12 21 19 13 38 -7 -5 5 -22 25 16 -89 -25 -56 7 18 -27 -4 -37 27 -48 32 -41 27 -5 -1 12 5 -6 27 11 4 -1 -9 19 64 -9 -35 30 -33 -45 -82 50 -9 -106 -42 -32 -60 13 -7 -31 50 -10 20 29 13 55 9 -18 76 46 8 25 -6 -41 25 54 47 -33 -47 1 1 -18 35 27 -22 -1 -34 74 40 -44 -22 -45 21 26 72 -18 -24 -3 13 20 -60 43 18 -6 -23 19 -33 -52 20 -60 -5 14 25 1 54 -57 -35 -25 9 -7 -9 -42 -9 -22 -49 22 56 80 -30 -22 -25 20 2 61 8 -54 -43 -74 9 -9 19 -7 66 12 23 -71 1 51 -36 44 -2 -43 -67 25 -6 -15 -16 16 37 44 -8 9 -1 38 12 15 68 3 24 13 -7 20 12 -24 -31 6 44 -5 -28 13 9 -44 -9 66 58 26 -61 40 -28 -32 -44 -62 -24 -13 27 15 -23 21 37 -5 -10 53 5 -60 5 33 21 -36 115 60 11 -57 22 -38 -42 20 -22 102 20 -5 -39 -39 -17 -41 16 -33 -63 -19 -38 -30 39 -63 3 27 -24 -8 31 54 3 34 1 31 36 4 -18 -52 -17 -25 -42 -59 32 50 18 -19 -14 -35 24 12 -44 -20 -3 49 -21 -58 -39 -38 41 40 12 -26 27 -2 22 -19 33 21 28 -17 -1 48 7 -37 24 19 26 -27 77 -32 -61 55 45 -1 -63 -15 -31 30 24 -70 -52 -51 -83 42 7 12 -23 40 -5 50 -15 -11 14 -50 -38 -48 30 -31 20 -27 4 4 -5 -35 -46 2 66 33 55 26 -35 -20 -20 -24 21 45 -23 -28 27 -7 17 -61 3 46 -35 37 32 22 -43 -10 -57 11 31 41 54 43 15 5 11 -56 -19 1 10 10 8 -8 52 -23 43 -8 -18 -15 -21 -4 -12 -7 43 -17 -16 -4 -5 -31 -46 -5 -6 -28 -40 -10 45 7 23 -27 32 -3 -16 -57 -54 6 4 30 -39 14 103 -3 -12 -34 -24 15 -38 -51 -42 7 9 -8 -23 7 42 8 31 17 28 30 -48 -34 5 -14 41 15 -41 -19 -21 13 36 8 -5 44 58 -5 32 -16 -30 25 25 -31 -9 18 30 -4 -17 -40 -23 -15 -51 -11 2 -9 -59 -12 -13 -12 10 88 -37 9 14 -46 25 41 28 -50 43 64 85 -39 9 -10 51 9 -6 13 -49 49 -32 40 81 19 -46 39 -11 -7 2 -14 10 43 -5 -31 56 50 -45 38 -18 -1 -53 54 0 -34 71 1 -31 -1 49 18 52 -2 10 -43 -13 9 26 18 32 -11 11 -24 -2 -17 38 82 -36 29 -37 -30 -46 4 39 4 66 4 -19 -8 93 11 -31 1 22 -60 25 1 -8 -14 -89 58 -3 -8 -74 10 -16 -1 0 18 -9 16 26 53 -8 -55 32 26 50 42 58 -10 -21 24 -44 -14 -29 -18 -3 36 57 -38 -49 33 2 -1 29 -54 -4 66 -38 -9 -8 -59 -24 -9 13 -39 -40 66 18 -67 -10 26 20 27 -22 -43 72 -3 -8 14 26 11 -12 29 50 -35 32 31 -23 29 1 15 -4 29 -10 -30 -46 39 44 -15 26 -1 -2 50 -21 -13 7 -3 -2 7 -17 -9 4 -2 32 15 -9 51 74 -29 -28 55 19 -18 29 -40 -71 63 51 9 -26 30 -31 8 -34 -50 -6 -51 -47 -1 -42 23 -47 2 -29 79 -27 -19 -31 -11 12 -2 55 22 -29 -3 -8 35 -44 5 31 26 -6 -30 -20 -1 -3 -2 34 -30 17 58 40 -24 58 -34 -15 -30 32 -36 -63 7 5 9 13 24 -13 -24 -11 -46 54 -1 66 6 7 -53 -12 29 -2 35 -59 -6 37 14 -6 48 -59 73 2 2 52 -6 8 24 -9 44 -25 13 18 -34 -16 87 3 1 46 4 42 30 18 2 19 -54 23 13 41 -12 54 -14 -1 -34 12 42 35 -71 24 29 57 53 -46 33 -38 38 -21 -12 59 9 4 -17 -23 35 25 43 -45 -66 35 -30 -30 -2 -51 73 28 65 21 27 -33 34 83 1 17 -42 76 -7 1 -4 -38 -40 41 43 -19 -42 40 -37 -60 0 -25 30 -44 57 34 -13 -28 -4 -24 -5 38 17 -6 -62 -39 -32 -45 -15 -40 -5 -9 -42 90 -10 -6 -26 35 -24 -6 10 19 29 -53 -12 -12 61 13 19 -53 -45 46 -38 13 -24 -39 39 51 53 9 -47 -13 -6 -6 -19 -6 34 -7 -55 -96 -50 -49 -36 21 2 -21 4 -20 -22 29 36 -15 -21 25 -18 -51 -13 30 21 41 -28 27 -2 -16 22 62 -21 4 -37 -88 8 -31 27 3 -42 68 -15 56 43 -35 65 42 1 -8 30 62 -4 -70 -67 73 -58 -56 -5 -84 -32 28 -22 -51 15 4 -29 31 77 -11 14 54 36 73 4 26 35 -4 33 -18 8 -65 3 37 -12 -46 25 -36 -35 63 50 9 -43 82 12 -14 -16 19 34 35 -61 -62 -1 76 -25 -23 -24 -47 17 40 2 43 61 30 -13 64 -33 -82 21 15 31 49 60 -38 -43 -32 17 -21 8 -51 0 -15 -93 10 3 -54 -6 -20 28 5 -20 -7 2 -15 -31 -36 59 39 41 -40 -31 54 -6 55 10 -5 -16 55 39 -17 13 46 10 -54 27 15 2 15 -39 -50 -24 14 -16 -10 16 8 60 -7 33 -25 -18 4 17 6 29 0 31 -27 29 45 -30 20 63 44 -3 42 17 -19 -56 36 -19 -9 9 -33 -31 12 7 -74 7 36 -12 -91 -4 -25 -15 -32 31 -31 6 7 -15 66 -13 37 37 -31 37 -25 -25 -22 -9 0 8 -67 -15 73 30 -3 8 -35 -34 47 -19 -20 -1 -38 42 2 42 25 -36 -14 -47 10 24 -32 63 -47 2 18 15 26 2 -33 40 4 43 87 -24 2 53 10 -16 -42 -34 65 -4 -42 -29 -19 -35 -13 32 -22 80 -32 -21 -27 -15 -40 22 56 1 49 -31 1 43 -60 42 -28 52 2 34 -16 24 6 5 8 -12 52 7 -40 19 42 -27 23 5 21 -23 27 -19 47 66 -49 -47 -38 22 34 -21 63 46 27 44 50 -17 16 32 9 57 -28 -4 -85 -20 -60 34 -56 11 -6 35 17 -71 -40 31 -29 -58 -7 -18 47 67 20 16 -17 40 44 12 65 -16 -36 57 50 -5 14 19 53 -52 -24 25 -12 10 -4 58 -58 -19 -15 -49 -41 14 -54 8 44 32 26 -8 16 13 25 -18 33 40 12 32 -12 79 -52 -16 -30 23 65 -15 78 46 83 27 -4 21 58 31 -28 -7 -44 30 13 54 2 8 49 -2 -24 -4 -19 -9 -39 34 30 16 -14 -31 -1 74 -33 28 -49 -6 -37 -53 -26 8 -20 18 44 -76 -33 22 -19 -46 -28 -20 7 -27 59 56 3 14 58 -31 42 -13 -9 -35 35 -87 -23 61 -53 45 -16 -32 -44 12 36 -13 6 -35 -8 52 -9 -4 -39 19 73 9 11 25 -2 -27 -44 22 30 53 -25 41 -65 -21 -7 -58 26 2 -25 15 10 7 -14 28 -25 28 63 -33 37 5 11 -1 -71 -25 -22 -30 1 31 35 18 -15 -43 33 21 46 -30 13 -40 -19 -22 14 9 38 -20 -28 -54 -36 -9 10 25 -14 -17 -5 76 56 1 16 -43 30 19 19 -6 -31 -76 27 -38 -58 -59 -13 85 38 -13 46 32 -16 -5 -47 -1 35 9 78 1 11 31 -45 10 24 -17 5 -17 28 -49 33 -19 -37 -20 25 56 56 7 -4 -53 -44 96 -64 -10 59 2 18 -3 -18 13 14 51 8 7 60 -60 -65 -12 -62 -7 30 -4 -80 -40 -10 41 -32 5 20 82 40 13 48 50 8 0 -72 10 19 7 -25 29 27 -10 15 3 -74 15 -17 16 -33 -21 -73 11 8 11 -87 16 21 -55 -1 24 16 1 59 -26 -6 37 -1 48 -9 13 -12 -1 -40 -20 23 -1 20 -67 -17 19 -2 -8 -19 -10 -18 -16 -11 -53 13 39 -74 45 9 11 -10 -48 56 7 -17 -63 -83 12 9 51 -69 -12 -22 28 27 -19 -11 28 -36 46 -24 9 47 2 -1 -31 -36 -33 21 9 -54 3 27 -26 -17 51 -7 -40 3 54 -25 12 40 47 50 -27 40 -40 -40 -42 40 -7 21 61 -32 -1 -27 -16 -47 26 76 7 74 28 90 5 -15 6 56 -34 -14 -19 -12 -9 34 17 15 -1 -26 38 -6 -4 1 -28 16 2 70 12 12 29 -69 -42 -4 -50 -49 -1 39 -3 -8 12 5 19 7 -45 3 11 81 0 -13 -13 -25 -9 -38 9 -28 5 56 -20 34 -15 41 -41 -20 23 22 -29 -18 -9 -14 -24 26 -40 -43 -27 -14 34 66 3 -8 -61 1 21 77 -38 37 42 29 -5 -49 27 41 47 5 -59 -20 -74 -17 8 8 9 -59 -30 -17 -69 -28 14 3 11 -29 54 -65 -28 -2 -9 -30 -13 -39 39 40 -7 -21 2 -66 -57 -19 -24 18 27 32 14 42 22 -15 -53 18 15 -40 29 -18 6 29 23 53 5 -48 -33 8 -23 39 -46 -31 -22 24 5 -6 70 -42 0 0 30 -8 1 65 16 46 71 -2 53 0 32 62 34 31 18 -17 19 -33 -45 -6 31 22 5 -37 -52 -10 -33 -37 -45 -10 28 -44 -21 -6 88 -75 1 7 44 -11 -70 27 1 15 -2 42 -36 -34 35 84 16 52 28 21 22 -46 24 2 -58 54 -29 19 45 -12 19 -27 17 36 -47 30 23 -5 12 -14 -18 -4 3 -53 51 -76 -26 -24 63 40 -32 -13 -18 23 -29 -12 -20 -7 53 1 -8 -16 81 44 53 -66 2 33 3 -18 -52 28 -14 -14 17 -21 27 41 4 4 -38 34 -27 -14 3 50 -40 -2 4 3 9 38 -34 14 -50 -42 -43 1 -29 -41 12 36 -35 41 -12 -51 -20 -34 82 39 57 59 25 28 15 -9 1 -6 0 44 -12 -3 32 -16 27 -65 34 22 25 28 19 -35 -35 -40 36 -41 10 -35 -6 0 36 -35 29 5 -18 -25 -14 -27 36 -47 14 -63 29 13 14 -15 -37 -49 13 29 34 10 32 -1 -3 1 61 4 -23 -51 -31 -13 42 119 -5 -25 -29 -23 48 18 6 -23 -7 -40 -12 70 53 4 -11 10 19 -65 7 -8 8 -48 38 10 -43 -36 -47 9 6 47 35 32 -51 -34 -58 39 -30 54 46 46 -35 -12 -35 10 30 11 -32 -19 -3 -25 -45 6 58 34 76 1 -26 -4 -69 -34 -25 45 -20 -54 -54 -28 -14 -6 48 -44 -23 59 -22 -50 17 29 -22 -7 16 -21 26 42 -51 47 -26 -17 18 62 0 -44 -11 -21 32 93 11 -19 -23 -48 27 -20 23 -20 -28 -4 -34 -4 -25 -41 -14 8 33 76 -14 29 -5 -18 33 40 8 1 -85 -32 -42 -55 2 6 28 -55 5 59 15 -69 29 -7 10 2 35 74 -31 20 22 21 34 3 -13 11 -23 48 -35 -15 64 -63 -24 10 3 -19 21 1 55 -27 -60 -23 -31 9 -16 -37 37 35 -16 19 12 -10 -15 14 17 15 54 -18 33 62 -29 -29 -42 41 -33 -20 -11 -33 65 -72 63 29 32 -26 38 -68 -50 42 -25 -26 18 -9 -3 22 57 -8 -8 -36 -48 -45 1 -33 -55 69 13 4 -46 -7 26 -64 -10 38 31 1 17 26 -49 29 18 -31 5 41 -55 -48 -19 39 66 22 29 -60 -24 3 -74 -34 19 13 -10 24 -11 7 -16 3 7 -27 -3 16 30 19 23 -12 -94 -4 61 18 -18 75 -35 -21 -108 -51 6 -12 40 41 2 2 -6 -18 -33 72 -1 -55 40 -22 -21 -12 -5 75 71 -1 6 -24 -101 22 41 25 36 -3 13 61 7 25 15 54 71 85 -32 37 19 52 33 21 -27 11 4 -7 -3 -29 -14 58 51 -32 -42 12 -29 7 10 -20 7 30 37 18 39 8 42 30 -21 -64 -35 -58 -35 16 44 38 31 -13 25 15 -5 17 -8 8 -11 -32 5 45 -44 -53 -2 65 8 19 -45 14 5 38 16 -23 35 -15 44 62 36 -16 11 -37 14 44 31 28 57 -22 44 -4 60 -40 48 54 -60 -28 -25 21 -4 -17 43 6 -63 41 48 -32 39 -31 -1 12 6 -36 63 10 -21 -31 -6 18 5 -24 1 35 26 48 36 -14 15 -11 50 -20 -36 -21 32 -54 -3 62 10 7 -4 4 -20 2 22 -38 -2 1 13 -42 -2 49 6 42 23 32 22 -12 36 13 -51 24 47 17 -8 -47 -28 22 29 6 -4 60 -11 -51 41 -86 -61 -49 -52 -64 37 25 35 -26 -45 -20 -35 -45 33 -32 -7 -33 -58 38 33 7 33 -3 -65 30 78 16 16 25 62 -22 6 -2 -53 -17 -17 0 -69 52 73 -57 -63 48 0 -55 26 -16 61 -47 -23 -22 7 -7 -35 -39 15 10 -57 -7 -64 37 -16 -29 -25 -2 73 -21 -21 39 -27 -46 -29 -7 44 31 45 -3 -26 -74 -23 -2 15 3 -75 -3 -60 -5 -32 44 -5 -38 -62 -48 42 -9 -90 54 27 38 50 0 -24 18 -28 22 -22 27 -5 -14 -4 -12 -22 24 29 -26 46 14 -47 55 -17 -38 -13 1 -26 8 7 19 8 -46 37 36 -13 67 51 0 -42 23 -1 -1 -54 -8 -23 -45 2 -63 12 76 -4 -33 -26 4 -39 61 8 -5 -17 -11 20 -10 -55 18 -3 -28 -34 -14 29 -15 50 -3 -56 43 -31 -2 -40 -47 -24 -22 44 8 -10 3 11 -40 -21 -22 32 -39 -35 9 0 -16 39 -10 -11 -40 -44 -55 17 16 26 67 33 57 52 -14 -16 -35 -38 -62 1 53 -36 33 -44 87 4 -12 20 -6 -10 -17 2 -33 81 13 28 1 -29 -17 -17 -9 -34 -34 -23 -55 6 36 18 20 30 30 14 -31 -5 -54 -44 44 -10 7 28 0 44 73 11 55 -42 -76 26 -12 -53 79 -96 -39 20 2 -81 62 40 -7 -34 -53 10 -14 -19 21 39 -16 57 36 5 -77 -2 11 43 -54 16 -59 -60 -61 25 -49 -19 14 -17 48 55 45 -12 -12 -35 -16 48 -38 36 9 8 -15 -21 34 36 -37 90 53 33 36 24 -40 -1 15 4 8 0 -12 -17 -55 -27 -40 -43 -13 16 -28 -24 75 35 7 57 0 -13 35 23 -6 40 68 -70 -5 119 -28 3 -44 22 -1 28 -1 41 36 3 -28 11 16 79 11 41 35 -28 -4 66 -3 18 24 50 11 14 -13 -52 -19 70 -32 30 26 11 25 -13 23 19 -41 11 16 15 -41 13 -38 -42 13 66 21 -31 -36 16 28 13 -5 -21 -18 1 27 -32 47 28 32 -34 8 -23 -43 46 -44 38 43 -43 32 31 -26 -19 10 1 -38 27 -6 9 3 -23 9 -3 -3 25 7 16 23 -36 -4 68 -73 28 -38 3 23 -13 57 42 13 8 62 22 30 46 0 -29 -78 -45 -36 3 49 3 -20 16 -23 2 35 27 23 -36 -7 -60 49 -81 21 20 8 28 -59 60 -43 -10 28 29 27 10 4 -78 28 -16 12 11 -1 -4 -30 -48 66 -39 -48 38 102 -49 39 -60 -45 -52 41 62 -24 -15 24 15 -3 27 -26 37 26 -65 -5 -48 -52 5 7 8 -43 -17 -2 -7 14 -11 9 17 11 -25 51 30 33 -36 -10 -60 -7 -59 -71 -64 -12 57 77 -3 -39 -7 -54 -1 34 -60 18 -27 43 9 -18 21 10 13 -50 15 -99 -74 -67 -28 -38 -29 3 -4 19 -6 -31 -3 60 -2 -4 -24 7 14 -12 -22 25 37 61 31 -15 -56 -17 63 -1 -57 16 71 19 -43 -50 24 -22 -76 24 -21 30 2 20 85 6 0 -50 0 6 35 11 -6 -7 -9 65 61 27 10 68 -51 65 20 24 -60 -18 2 -31 -26 -2 46 65 59 27 20 -24 18 70 -35 -26 47 -47 -13 -3 -28 -31 -8 -36 27 3 35 6 40 -35 15 12 48 76 41 -25 -31 -49 8 30 7 -2 1 -27 -30 28 -56 -28 -4 15 -25 -2 -48 -61 22 7 -30 -26 -10 40 19 37 39 -40 -49 -40 -26 -26 -38 -4 36 80 6 -23 28 11 -19 32 -23 72 -4 19 28 -6 31 14 32 -15 20 27 43 43 -17 -13 28 32 -78 -42 35 -13 26 14 -6 31 -1 -67 0 63 19 -80 -34 16 -25 2 -25 -41 -48 -26 43 25 -65 -2 1 -44 -35 -78 52 -69 65 91 87 -11 -34 23 -17 1 71 -13 -20 -23 -34 -12 -15 -10 -50 34 14 42 -51 -12 -67 -32 35 15 -63 -30 53 -28 67 -7 -9 45 -52 -60 -23 33 27 -16 -39 -69 -9 3 -28 -24 58 36 45 -19 -34 -40 -2 42 54 4 -29 21 -17 -43 16 -3 -13 18 -32 -93 -20 6 40 16 -13 -50 -33 44 -1 36 -68 30 23 -31 22 46 41 -45 57 -54 -7 -11 31 -41 34 1 -39 -24 60 -60 13 -19 -13 19 -4 -32 -29 -12 -19 18 -4 8 5 -18 -16 12 -27 11 -13 9 3 18 53 21 -9 30 -13 -60 -29 -2 53 -74 -1 -44 -10 0 14 -44 -29 45 -24 -50 26 -33 -4 48 11 -43 1 38 14 -37 -47 -64 21 21 26 4 -40 10 21 -4 -67 17 -44 -30 31 9 26 -39 18 18 -39 35 27 37 18 62 -21 42 -10 27 12 28 -3 38 -9 -44 17 59 -31 -43 19 -8 9 32 -49 33 8 -14 -63 -2 19 -36 8 -25 -25 -16 14 41 5 -41 59 -57 49 2 9 -33 9 1 -1 8 47 59 86 -51 -9 48 74 -21 31 -42 74 24 -56 14 11 23 -8 13 -13 32 3 33 -20 43 32 -30 12 4 38 51 -73 73 21 45 -40 33 -4 -9 -20 22 18 27 48 -25 -8 -69 8 1 42 -27 27 21 -60 16 9 -10 -76 10 38 -44 7 5 59 24 16 -25 11 -9 37 -15 11 -31 -16 18 -31 -46 -27 -46 32 -19 -64 4 23 -46 52 38 19 14 -6 -27 9 -6 11 -7 10 -47 -19 11 -77 -33 1 56 39 45 60 -33 -93 -31 10 -12 -59 46 -27 -2 16 -10 12 15 -5 2 -18 27 56 71 -22 -21 44 34 45 54 4 -46 -22 1 -82 14 11 21 -2 -46 27 19 20 -3 -71 -19 13 -41 -120 -12 -52 -16 20 -17 18 58 56 -43 14 -20 -19 50 60 29 13 -31 -26 22 -68 13 1 -92 -38 -10 0 29 23 -40 6 -3 25 -53 81 -3 -49 0 -51 -23 16 52 -48 -4 14 -1 4 49 21 14 17 -11 14 52 -82 -13 -15 -27 2 16 9 -3 14 -36 -41 -25 -32 20 29 49 22 -63 -50 -5 -64 -65 13 26 6 51 12 8 -28 21 -8 35 -36 53 -18 22 -46 29 10 -19 -59 -11 -31 -63 18 -5 17 -19 -9 -15 -3 4 17 -24 -11 11 5 -7 -22 21 -44 20 -3 -34 20 -10 16 -53 -40 9 -12 52 -34 -19 -41 -17 51 -34 2 4 21 -37 -10 -60 1 -10 17 -15 -28 49 -8 -41 8 -69 -47 -33 -30 16 15 19 -25 27 45 -39 -38 4 -83 -64 -20 -8 24 -57 -35 25 16 6 -3 -27 -35 -32 85 7 -15 -19 -67 -36 -32 -75 -56 4 28 -2 -5 -41 -58 -21 14 18 -41 -38 11 -51 -26 40 -58 14 53 70 42 46 59 -74 56 -9 39 52 12 30 -49 20 -68 -25 -41 -18 -41 14 -42 26 106 3 10 -15 42 50 -54 14 9 54 13 9 25 32 -56 -20 24 4 -17 -14 50 13 44 0 -26 -2 7 -2 0 -32 17 21 -5 -5 9 28 -6 -57 22 -2 -12 -29 10 -5 -27 -67 1 34 18 -2 -2 33 -28 31 4 47 50 3 -6 -46 -19 -3 -99 13 74 -22 -44 -13 88 -35 -54 15 11 15 -12 12 62 -27 10 -33 -74 1 -27 -14 -54 61 -8 -21 23 -69 -31 -46 3 13 18 14 -23 -13 -8 -19 -2 -61 -45 -36 39 -65 -70 -61 31 27 16 32 -92 -5 -17 57 21 -18 -14 -25 -39 -9 -33 4 -13 40 -43 3 -16 -4 -3 -5 5 -2 -2 -6 -26 40 29 11 18 40 37 29 -16 -36 -18 1 35 -100 -60 38 45 8 33 4 70 25 58 -4 9 10 -22 7 25 -6 31 13 49 -49 17 14 -17 -13 16 -53 -57 -54 7 -36 -5 9 23 6 -21 38 -40 20 -15 38 -27 24 -36 -9 51 -45 -27 24 48 24 -11 2 -9 7 48 34 39 -7 -17 5 -31 4 22 -24 -13 -46 -32 -66 1 8 -11 -42 7 37 26 -4 21 -44 -69 -11 -61 26 -54 6 3 34 50 -2 39 31 1 27 -28 -15 16 33 -32 50 -18 11 -60 19 23 -7 24 -20 -38 57 15 18 9 69 0 27 8 -9 -45 -55 -30 -40 -51 -14 4 -10 1 60 -48 21 -20 49 -31 -1 -7 -19 6 -31 61 -11 -22 -2 65 -16 -10 -45 9 25 -17 7 -17 37 -60 -18 -11 56 -38 -43 -41 64 15 -73 6 12 -34 -21 18 15 -54 -14 29 -7 -39 12 -25 -19 -85 -15 47 7 -33 9 18 20 -25 1 63 -3 -5 -33 -42 40 -12 -56 -84 14 -68 -65 15 -13 75 27 62 42 24 -71 -45 -8 -5 17 7 39 -14 -39 -46 -51 19 -13 40 -41 -5 -7 -2 1 62 12 -2 -31 9 -31 -5 -11 -23 -16 -1 4 6 22 49 -24 25 52 28 -20 -6 -33 6 16 67 28 16 21 -49 10 -4 -40 -38 14 3 28 4 -12 23 -65 45 -19 6 9 11 -7 17 19 20 28 -74 -53 -34 -15 71 45 52 -49 -25 28 36 -19 -12 -18 39 -59 25 42 -27 30 -27 -35 58 55 -34 -41 5 -7 20 -74 40 -23 5 -41 96 3 -39 32 -24 -13 -18 37 43 -13 -27 -51 -21 63 19 12 44 -19 40 -41 56 -9 -17 -4 -31 -46 -14 60 38 53 12 -54 -14 33 25 1 -19 -22 -12 62 -40 -13 -54 45 -54 32 35 -43 19 -47 11 -25 -8 29 -4 59 -22 1 -56 16 21 13 12 26 -53 50 36 -69 39 -32 23 -46 58 21 5 20 -50 -28 -25 50 -11 -18 -22 -12 -55 -48 51 29 7 19 -29 -81 8 5 43 26 -40 6 12 -23 29 -33 23 26 -30 12 -49 -12 22 37 13 -44 -17 -17 -9 -16 -23 19 27 0 25 -6 15 -62 34 -18 -4 -51 -75 21 35 -38 1 77 10 26 -21 -74 -11 -63 66 -37 60 -16 -33 23 -44 83 -34 38 32 -57 -5 -13 -21 1 -41 23 -5 20 -30 41 19 52 18 -8 -53 24 8 9 -10 5 -32 -17 37 36 9 37 -20 -9 -53 -56 -60 -42 -2 3 9 -20 -47 -15 -23 29 -9 -21 11 20 -2 -7 6 -23 -24 3 -18 9 -41 3 -23 56 37 43 -19 -33 -17 74 29 29 -17 -49 -30 5 58 10 43 -11 10 -5 -30 32 63 -18 -7 67 4 8 -36 54 30 11 32 32 54 11 13 -15 -14 26 21 18 -32 17 7 -10 -21 6 -26 52 23 -17 -62 -41 -60 -4 12 3 -12 3 23 -73 -34 -14 19 -5 39 10 4 -21 7 31 20 10 31 -31 -22 4 -3 11 0 -35 21 3 17 5 9 -56 7 -22 25 -43 -34 27 -6 39 51 -7 37 35 -33 -24 10 -7 18 -32 -64 24 12 67 33 -16 -1 50 -14 41 -18 -22 -41 54 4 21 17 -11 -49 -35 34 31 40 -68 -64 24 12 -25 44 -19 14 -65 -29 8 28 39 -11 -40 -77 21 0 -24 -13 17 -29 4 33 4 19 13 30 29 48 32 -38 -30 18 61 29 -8 32 35 43 5 -33 48 50 -22 41 -45 21 1 17 -11 -16 -34 17 -24 2 63 -54 64 -41 50 38 37 -52 -11 18 30 -12 -4 -24 -45 29 39 19 -34 9 42 -58 34 24 11 -41 -10 -36 -23 41 -1 -24 53 -22 -18 -10 -79 -4 -17 6 -26 -6 -32 -52 55 -23 -29 -2 54 5 -17 12 -11 29 4 -63 -22 -40 65 -40 38 -37 -42 53 41 29 -13 -9 -7 -30 -1 25 28 34 -10 21 -15 -68 -10 -46 -45 -42 27 -21 -28 64 45 -18 52 -42 18 61 22 37 12 -14 49 12 -43 31 1 -7 -4 22 28 36 73 17 18 -36 -8 0 36 4 -23 -18 18 -13 16 36 1 13 -60 -28 9 19 59 80 70 19 -38 29 42 -16 26 17 59 -3 67 -16 1 -41 -6 -12 14 -17 -52 12 -53 -35 29 -32 36 28 -26 -27 12 16 -1 -35 47 23 -41 -29 1 -2 -34 -34 77 30 17 -51 -1 -2 -38 -71 17 -52 -13 40 -6 35 -33 -39 -39 -44 -13 31 -14 -32 26 -21 43 4 9 7 9 -52 -58 20 19 -35 54 3 14 33 -14 2 -22 -31 -2 -14 -10 6 -19 -14 25 9 38 33 34 -32 64 -38 4 -26 17 -61 45 -36 45 -18 30 25 0 53 -44 -8 22 -7 76 33 10 52 -52 29 19 -48 19 -3 21 -25 21 26 -4 -7 -51 22 15 -20 49 20 42 -3 39 28 -27 15 -49 37 21 -44 -1 1 2 1 41 -22 21 6 -48 -24 -20 -19 49 12 0 26 1 -65 -19 -4 -12 13 -39 15 -5 -56 11 -31 47 68 44 -32 46 19 69 37 22 27 -7 34 -47 95 51 9 -24 16 -28 19 55 8 41 38 -2 -15 2 32 -55 -34 5 18 -2 -32 4 -85 -41 -34 5 -53 -22 -13 13 -13 -66 38 7 -50 6 -50 -29 33 -16 56 -23 0 -15 -42 -2 -52 28 -3 -9 28 10 23 -5 11 -35 -43 -36 -23 67 -56 -38 27 -81 64 -43 57 -28 26 -66 32 56 -5 -42 -40 16 -39 -8 -11 48 11 0 5 33 84 28 11 -76 23 5 -50 30 4 -11 24 27 -4 3 9 -7 40 -34 -5 22 -15 25 36 -61 -2 -4 44 36 -15 -45 -12 44 43 -18 27 -33 41 69 -14 -39 -65 53 38 -3 -6 -35 46 62 -92 4 -26 12 50 58 38 -40 -21 50 -33 -39 29 -10 -13 -17 -13 11 -16 -46 -32 13 -49 72 -1 48 -17 32 2 22 42 6 30 1 -21 -54 -50 -23 25 -71 -1 -2 12 -5 -72 -54 6 29 -9 -23 -8 -44 -10 19 -76 -27 -16 34 -17 34 -41 11 12 59 -5 -42 -7 -30 53 -13 22 -4 24 14 2 -19 28 26 -5 6 14 -57 5 47 38 0 -33 -9 33 -10 36 -13 -29 18 79 9 -26 -2 38 -57 82 19 1 17 22 -16 71 1 -32 28 23 -29 56 51 -43 43 87 5 12 46 26 -10 -41 -7 60 7 -22 -26 -6 25 -82 38 -57 43 53 -43 -16 -40 30 60 -47 41 30 -1 28 18 -26 -13 -93 8 97 -44 -3 -26 45 -26 -27 -10 90 -2 3 -11 -54 -50 23 38 -9 -53 -58 -36 -13 62 19 80 -26 61 -39 19 -25 5 -40 31 15 -14 7 -1 28 -49 43 1 -2 -33 -10 12 17 60 -9 26 -40 -29 -19 -63 -7 -3 11 17 -7 68 4 26 8 51 -46 15 17 42 -53 -11 -11 -50 31 60 -45 -15 30 34 51 28 54 1 -51 12 30 -10 32 -11 16 39 7 50 14 -47 -74 38 -19 -21 -24 29 -8 40 9 -14 50 -48 -33 -5 51 31 -23 -7 -30 60 28 -57 -2 -32 -18 12 -25 -33 5 -4 12 56 -30 -1 -5 -10 23 16 54 -63 64 -27 12 -16 -26 -46 -45 -8 -58 47 26 -21 -45 92 -17 35 22 -23 10 -42 -1 33 -33 55 26 -31 35 -42 59 -44 5 6 -13 0 -18 28 -14 -21 -27 -43 24 22 9 -33 69 35 2 2 -54 24 40 -47 3 24 23 11 -19 37 -46 -71 -55 -5 -33 -4 -53 0 36 42 -40 -2 -30 -1 -18 12 27 -24 37 50 -62 8 25 4 65 -17 -61 -48 17 -22 -45 -101 8 -27 -4 49 -17 -1 31 -1 70 7 14 -17 -39 40 -20 -2 -24 -53 -36 37 54 64 25 15 -39 25 -15 -14 -10 -16 -78 42 1 56 -8 16 32 -62 -1 9 26 -26 13 33 -15 30 -32 64 6 7 35 -14 14 38 -15 -52 -32 -16 -9 -55 0 -12 -25 -4 11 23 -54 32 33 -69 6 -63 26 45 38 -10 16 -69 13 -16 2 11 3 -54 40 8 14 32 -37 -53 -13 -1 -28 -7 -33 -33 28 29 -11 17 -42 22 18 4 56 78 -24 13 -30 69 -4 -24 -87 -45 -11 -72 -40 -40 -19 -8 -40 -29 -3 -29 63 9 25 12 23 4 -46 4 15 27 0 22 1 25 -34 -25 27 36 28 -50 -37 -30 -54 -31 29 27 18 19 22 17 -19 -8 38 -5 52 -13 60 56 14 -18 -77 -45 15 26 17 7 3 -5 -12 -14 -6 -35 -21 -24 86 14 -46 5 -24 28 -35 -24 -18 -43 -20 21 -22 -6 -33 61 15 -4 11 56 -17 -35 3 1 51 -31 -32 -45 64 -15 11 21 11 31 20 -58 -26 -9 46 45 -21 -12 79 -49 -37 -2 -10 -18 7 -48 19 59 -29 -24 12 -13 -14 5 -31 10 -46 44 -9 -33 10 -40 14 24 -30 20 50 22 -28 1 -26 82 57 -20 27 1 -11 6 44 51 54 32 15 -34 -16 51 -18 66 -24 1 34 -25 46 20 -6 1 2 -38 -9 -30 36 -57 -3 17 10 29 23 -39 5 16 -33 67 -21 33 25 -40 49 -17 -9 -17 21 30 53 13 -43 16 -9 -61 -5 52 27 -1 -1 -30 -34 -7 24 19 -9 -11 14 -41 56 14 26 56 -36 -5 40 61 0 -48 18 -57 4 -51 -8 60 -11 55 37 11 63 0 -18 -22 -5 -21 -10 -53 66 -26 -22 49 -46 0 -55 -26 20 7 11 -7 85 14 -12 -19 -29 -11 56 13 19 -45 41 -29 -15 -45 41 28 33 -1 -36 -30 -53 39 -1 -42 -34 11 35 -9 10 37 57 -39 -1 -37 23 -24 17 -38 -33 -68 41 40 43 70 -25 -5 43 -15 37 -29 64 -18 -63 -17 -34 -36 41 32 4 -19 19 -17 -38 5 20 9 -32 6 -4 0 16 -59 -47 -62 -12 -34 -57 -14 23 -22 -20 -54 1 28 35 -43 62 51 3 -5 9 67 2 -2 46 21 -8 -63 9 2 16 -17 -67 -6 -7 26 79 27 1 36 -66 -72 -33 24 0 -15 0 12 -45 -63 -31 6 62 -53 32 35 20 -34 53 -73 12 6 -4 11 30 55 -12 41 -18 44 -32 -63 3 6 -52 46 -2 -2 71 -59 64 -5 20 65 -6 11 10 -43 -55 31 4 -8 -19 62 7 25 -44 -13 -12 -5 -20 -12 -24 -30 -1 31 17 19 -30 -68 -2 47 18 -37 -27 -26 37 2 11 -20 29 -18 3 -8 27 25 -39 8 -2 -40 2 72 29 37 6 -40 38 -6 27 38 -20 -52 22 -17 24 59 -21 -6 8 -20 49 -4 -15 -38 -36 40 73 19 -10 9 -60 41 -16 16 46 17 13 47 34 -38 63 53 -32 82 22 -6 14 -2 13 11 -31 -18 -43 16 -5 84 -22 -41 14 -31 19 17 -17 -3 9 -11 42 28 10 -38 -8 40 1 18 -21 -56 22 -4 25 -14 2 -60 -23 -29 31 -18 -23 -15 -8 -11 9 -40 -60 71 7 -30 -34 27 -15 -38 -4 -10 67 22 -38 33 -22 22 7 45 16 -33 -42 -34 -82 -26 -36 -26 -19 61 -27 -3 -23 3 6 16 -16 -12 26 39 42 -41 -32 -19 29 33 36 -49 50 20 -32 2 9 -20 -13 48 2 -33 69 -33 74 3 9 -12 22 1 55 -1 19 26 43 -41 52 -6 -24 16 26 -4 8 -1 -21 -59 15 -50 29 -21 21 1 30 -81 82 -21 -78 -37 -28 -15 26 23 30 46 1 7 20 2 13 9 -30 35 17 19 60 38 76 -85 -40 -7 -23 30 -5 7 29 29 42 1 0 26 26 -22 45 4 -3 -11 -47 -10 -18 -41 -5 -35 47 -1 22 -26 -61 20 -28 -18 -6 19 -21 -11 -1 29 -36 22 36 27 -19 29 20 -72 -4 -57 -10 -16 35 7 -36 30 3 -1 26 -36 0 5 -21 -8 37 -11 63 18 -72 24 52 63 -59 -3 -3 27 -8 1 13 -26 -64 -2 -33 21 35 58 -36 2 -18 -77 28 -6 26 24 -3 25 2 -13 74 -49 50 -9 18 25 20 -16 -7 -48 0 88 -43 -69 -20 -4 -10 -15 -7 -30 44 -19 -54 -35 38 18 -2 33 37 30 49 52 2 26 21 -88 -22 -5 -3 -34 48 -13 14 -38 23 41 46 -34 43 10 9 -32 40 -6 39 15 -21 9 -12 52 -23 -20 -4 30 45 53 -15 53 23 -43 0 -19 30 31 51 30 3 95 19 -21 -7 67 35 -31 -15 17 -7 16 37 48 13 29 -3 33 49 -2 17 -20 -8 -63 -23 47 5 48 9 -50 32 -30 -49 82 2 -3 -26 6 -21 19 23 -23 40 9 -70 -22 20 -70 42 -1 26 5 -62 -68 21 -33 21 69 45 1 20 -50 19 -28 21 5 -33 52 -12 -9 -18 -33 -55 -3 -42 79 -37 63 -30 61 -24 -25 53 34 -19 -4 -29 32 -13 -48 -18 19 -39 16 31 26 -13 63 -16 24 -97 -17 -16 49 69 -9 26 20 20 -6 -27 72 -42 -25 31 22 -38 -43 -20 -5 -15 -31 -49 14 -17 -50 -40 25 54 59 33 52 24 59 8 40 -2 -33 -56 -53 17 4 -12 -50 15 -26 -78 19 -24 66 0 -6 62 -49 -28 -33 -69 -36 -12 6 -79 6 -65 10 8 -28 -33 21 27 -51 36 -60 18 11 25 54 73 12 -2 -22 23 26 -8 50 -8 -15 -16 12 -31 -33 -12 15 36 27 -26 -1 -55 -29 36 -24 -33 -23 30 42 24 -10 32 9 -37 -7 -52 44 -11 -23 -48 -41 23 31 58 22 -30 29 23 21 -17 4 14 69 -19 -22 16 -36 -27 -35 5 -27 43 -57 26 -33 54 -41 -11 -11 -19 44 -23 35 5 58 43 -47 -11 -61 3 40 1 5 20 20 26 62 -84 5 30 -30 47 -4 10 -9 17 -47 -9 -53 -2 -13 -41 7 15 7 -17 -51 30 -29 40 -67 57 27 37 26 -17 45 29 48 9 -24 7 -13 -1 -40 -5 4 30 69 -50 -36 -20 -62 -27 -13 -93 58 -32 -3 17 3 46 36 33 -15 3 -18 -31 -57 25 -18 -1 -23 -41 10 -29 -38 54 34 22 15 36 -5 -18 11 -23 -23 -12 -19 25 -51 6 22 -69 51 -11 62 -16 26 87 2 -5 -1 -51 -90 40 -14 -3 58 40 -68 -44 -13 -64 -11 1 30 6 35 91 -33 -41 -41 -64 -11 -51 -51 19 15 63 61 8 -36 35 4 16 -1 20 43 -43 -31 23 20 -19 -54 -2 6 -17 -62 -36 70 -31 38 52 20 4 15 -62 -35 -26 12 -57 -65 -31 9 8 44 -6 31 62 -41 14 10 -22 -1 66 63 -43 -4 22 -6 -28 -64 29 25 52 -20 -14 -13 40 -7 11 -8 33 -14 23 -38 -45 27 -55 -11 34 7 -1 -6 18 45 35 39 29 -51 -26 -101 -51 27 37 -32 -39 -28 -28 -57 -23 0 -30 35 -1 -13 23 38 -29 -56 43 14 -21 22 13 -16 -46 -5 19 18 -58 -19 -76 25 -23 4 -59 5 -15 20 14 -24 -16 1 2 -60 37 -3 15 -8 10 25 31 -4 19 0 1 -23 27 -27 -35 25 51 -2 52 -52 -21 -36 -13 -2 -30 -2 -32 7 -56 5 -16 17 -30 17 -56 35 15 3 48 48 -6 -1 -17 26 -17 13 25 44 -45 5 38 -51 56 -18 -21 27 10 -41 47 43 -48 -42 -68 -20 2 40 67 14 68 -37 -13 -21 -27 19 -33 -40 26 44 69 6 -17 63 -54 16 45 -11 18 39 20 -25 6 -19 19 32 -47 9 20 -18 -34 -14 29 -21 25 41 3 7 60 -66 -41 13 -32 -33 -3 -14 -18 10 8 -20 -58 17 -8 -50 18 61 -48 3 -42 64 23 75 -24 -3 -34 30 0 30 46 -64 4 3 40 -27 -12 16 43 -2 -6 35 28 10 60 -15 -29 21 11 6 -55 -14 -68 62 -54 20 -14 -9 -19 20 -10 3 -27 -18 -23 67 79 -22 -3 36 -3 46 -10 -23 -40 -21 -6 16 3 -49 7 -29 -22 -11 -36 72 -27 39 19 -37 -41 -30 19 19 -33 -35 -54 -12 -11 9 25 35 -38 0 -32 57 17 73 -43 -54 -52 22 38 -4 4 96 -41 15 16 -9 33 4 -4 -17 4 16 23 8 3 -31 56 -3 13 71 34 -91 32 5 47 34 48 -26 21 32 -37 -39 -29 -2 11 29 -2 -60 -13 30 41 -12 -15 46 18 10 -38 59 -36 48 -65 24 -72 -45 -6 -42 2 29 -17 -49 -3 5 23 1 34 -41 7 66 5 -42 -21 -15 -23 -48 24 42 -36 35 3 -10 44 63 -20 41 80 -65 58 -42 13 -23 6 38 43 -14 -41 -80 -80 -74 -50 24 18 14 6 -57 -49 -29 -15 -12 37 -22 15 -39 38 -49 -63 -31 -14 -42 5 12 -43 53 -39 -17 31 -15 -47 32 -10 -17 63 35 18 -6 16 22 48 7 -41 10 -2 15 -4 14 9 42 15 -25 -3 -36 -49 24 -42 1 -11 -46 -36 39 -26 8 24 19 -36 13 18 106 -37 12 -43 -4 8 35 21 8 19 49 -4 -20 35 13 -44 34 40 1 0 -17 34 31 -90 -48 -11 26 13 -64 30 -19 32 26 18 -61 -41 -22 11 45 1 -7 -6 50 -56 27 60 71 -28 -41 30 -8 -10 -15 24 58 40 -48 5 -2 14 18 -19 -33 11 38 74 37 -19 51 -10 -3 -56 22 -6 19 -9 12 11 -47 -11 3 -16 -16 11 -48 -41 38 -16 -23 15 0 2 29 -8 -2 19 -34 0 -50 -34 10 -9 74 -28 -64 3 72 35 -9 -50 -70 88 43 18 -27 27 -7 23 0 -49 32 24 10 -21 24 29 9 36 39 9 -58 -10 62 -59 17 -6 45 39 46 24 -24 10 31 20 -30 -13 -6 -1 11 -10 -25 1 13 8 -21 -36 7 -31 45 -26 -14 0 5 -23 31 -11 -36 -2 -43 32 11 -63 -15 20 12 28 -32 41 24 -30 -14 28 -11 -8 20 13 23 6 21 22 56 38 -64 -43 -57 28 1 8 -26 66 -59 -40 -18 16 4 -50 13 36 44 -32 -53 57 -10 54 25 -10 49 4 59 -10 -48 -1 -52 32 6 -47 55 56 44 -24 2 101 25 30 -4 37 6 40 -8 9 -38 -18 -18 -23 -40 -8 53 36 -8 -56 45 45 28 41 -7 -33 -31 -22 21 -28 16 -23 -59 16 -18 30 43 -39 -10 -7 36 -29 33 -32 51 42 -30 13 -15 -9 -16 22 4 -53 -52 -5 19 -17 0 -2 -42 -1 2 47 0 11 -65 20 2 -5 18 -9 89 -56 -44 27 -2 -18 -5 20 45 -22 27 -29 34 50 15 -46 29 -29 11 -5 19 20 -14 19 -4 22 -10 7 -20 50 -36 -23 53 -32 2 -37 16 28 3 46 -2 -6 9 8 34 14 31 -40 30 -37 46 30 -33 -36 38 -97 2 58 32 -35 16 -27 -3 18 -12 53 -12 37 -18 -34 24 -13 33 -27 19 5 7 -27 -65 -3 46 7 -4 17 -67 -73 -7 10 26 13 18 -35 44 -27 -29 -1 35 -14 26 11 2 49 -18 -4 17 -56 44 -46 -12 18 -25 15 -23 38 38 24 -9 -11 -19 -12 24 -58 6 -38 24 38 25 -25 -8 -20 -17 19 55 42 -58 -15 32 26 -20 16 -23 -8 6 30 4 21 -53 5 20 31 34 -68 -21 -3 53 -11 29 35 56 14 -5 -3 -10 -46 66 -59 8 -1 -18 34 14 6 -18 -13 -39 5 -55 21 -44 18 -9 -67 73 11 2 -57 3 -61 -16 -74 13 35 10 33 -25 -34 -23 19 -49 -14 35 -11 29 -53 18 44 3 83 7 -20 -40 22 -9 18 54 -64 30 40 -28 -13 1 -33 -46 11 -25 23 -39 -15 -38 17 -61 54 0 -22 13 27 -12 61 -28 -24 55 16 14 16 10 48 -67 -21 -10 38 -1 48 29 37 -14 26 -40 27 -8 9 25 -27 -14 2 -43 -27 65 -26 4 -29 -27 -31 -66 20 30 -28 21 -13 42 -1 -50 -6 20 36 10 6 28 -25 -17 -22 2 40 -11 3 -11 41 -18 57 31 48 63 -20 19 -98 52 39 -13 19 -25 20 -33 21 -31 21 -21 -18 39 57 -45 22 -24 -19 25 -27 -38 -19 -9 21 4 5 56 1 -17 -62 0 -9 -15 25 -3 -32 1 25 27 -35 -38 -11 56 65 54 2 -52 -76 27 66 5 32 -3 25 -4 2 -62 40 -7 29 36 26 -9 -32 -30 47 -37 53 8 -21 -7 19 53 29 -58 -3 -13 43 35 -25 62 -55 27 35 -47 -37 -43 -34 -5 -50 -28 -21 -11 -23 5 10 -58 -28 18 52 -20 -46 49 -23 -53 -15 56 73 -6 25 -17 -53 -33 18 -8 -13 -50 -62 2 -40 25 -60 8 19 -47 54 -16 2 -76 38 36 -13 -5 45 19 -87 22 28 5 -29 -31 -27 0 29 10 -41 -10 48 15 21 -68 -29 -17 -24 -24 -49 3 19 51 -31 9 6 29 -52 -56 -1 1 2 17 47 -65 -13 12 -25 -18 14 -72 52 -85 13 17 75 -4 34 22 -29 -63 5 -48 45 -24 25 -36 32 -42 -8 21 16 -44 -13 50 5 0 1 -70 -40 25 -31 18 -1 -29 -25 2 41 -62 60 -31 5 -19 -15 17 -2 16 43 -44 52 32 -10 -33 -8 -21 -28 -38 26 1 26 -7 -40 45 46 -64 31 -36 1 119 -4 -41 -36 61 19 -40 -29 20 46 6 55 -3 22 -32 25 29 -54 -9 -25 18 -52 5 10 -3 -7 -58 -26 -30 -32 5 -2 25 -52 33 -36 -8 24 58 62 -20 -8 35 29 10 -68 -51 54 34 -1 5 4 20 12 25 -8 -30 -33 13 24 -7 4 22 -4 27 29 3 50 26 9 -43 51 45 -14 -49 -34 -4 -19 -34 16 -37 -55 -10 25 63 79 -30 -9 -33 30 59 36 -9 -1 18 -89 14 -37 -44 73 44 -31 -15 17 39 -45 -55 19 4 -21 -29 -35 -26 -9 -44 0 1 16 41 41 -10 32 10 -2 70 -37 -15 -39 -14 -20 -66 -38 7 6 -21 8 -28 31 -22 42 13 -54 -27 51 -42 -25 -15 26 -94 -12 -12 28 -55 -6 66 15 21 -43 19 16 -21 -52 -6 61 -23 -14 -41 -24 -20 -8 -78 51 5 67 -47 14 3 6 -6 -20 53 32 -39 -6 4 30 22 17 18 -1 -63 9 56 -29 14 -1 -27 -9 -37 -49 -34 2 -1 14 14 27 15 -28 -16 0 -9 -1 23 -7 -33 -41 -46 -28 9 56 33 46 -27 -7 -19 28 27 -50 -5 81 16 40 40 -6 18 -4 34 -14 -34 19 -7 -46 1 -44 -20 97 -12 0 -43 -21 2 -8 -9 -38 -18 -60 -23 37 5 0 -55 52 58 11 -38 -55 -55 9 7 -4 -65 2 30 -44 35 14 -40 -3 66 20 27 33 -38 34 -9 40 13 31 -2 -10 67 45 -1 -58 60 41 -20 -1 22 29 3 16 28 -26 20 -19 -10 29 -4 29 -4 -7 31 -21 -17 55 -20 -10 -8 34 20 60 69 80 -42 59 41 -44 -15 74 9 -20 -22 -42 -50 -30 -29 77 -70 30 11 66 46 -2 88 5 -5 -12 -39 26 24 -31 79 3 -51 -23 9 50 -74 -14 37 32 -5 -25 -7 -22 6 23 22 -8 3 -55 10 -2 13 14 12 63 36 75 7 27 -9 80 -69 -27 -74 9 45 -19 17 -52 64 11 10 26 -8 26 -14 -6 11 -2 -44 0 -20 23 42 16 3 -10 -39 44 7 38 -62 -52 2 -30 -15 10 35 11 -19 19 47 19 22 21 -26 16 91 -116 7 -34 13 40 3 71 6 15 2 23 -5 -31 35 29 -3 -10 -17 0 -5 65 25 -2 -1 14 -35 4 -18 29 -33 43 22 67 -30 -28 42 9 7 55 44 -90 25 -5 -34 8 17 -10 -34 -19 -36 1 -8 39 -5 36 5 -35 -16 -35 10 -10 46 -29 -12 -25 32 -3 16 -19 -16 0 -1 36 6 -25 28 -82 -23 -54 27 15 -17 13 -16 30 0 49 -5 3 46 -2 60 -8 -53 -8 -61 -34 -42 -3 -36 -26 35 16 20 -38 25 40 31 39 59 -17 47 -14 41 -63 -32 41 24 -13 40 -65 50 -18 31 -27 -23 -27 -11 58 14 20 -7 -45 -61 -45 3 -14 31 37 44 -14 18 35 28 37 8 -23 10 19 9 22 79 15 16 27 41 -13 -50 -41 -49 28 19 -22 -15 61 -4 -5 -91 3 -80 62 6 30 -13 -28 -45 12 13 7 1 -65 -62 -60 -36 16 -36 11 -18 62 -17 20 -3 -32 19 -33 -26 -54 3 21 8 -64 100 -5 -93 26 -11 -7 43 -75 -49 -46 11 -16 -21 14 -27 31 53 -10 34 -17 31 11 -16 -27 -49 -70 13 3 28 3 24 -47 16 -3 -29 71 47 -17 70 39 -40 7 -25 49 26 33 53 -2 21 -22 -23 -21 -37 10 -1 4 59 -6 42 -7 61 34 -30 -10 36 60 27 61 15 46 35 -11 50 8 -11 -8 20 46 -24 25 42 5 -35 -10 22 12 -11 20 -68 1 -22 60 -14 19 -25 2 9 47 13 -22 -36 22 -21 41 51 -79 5 -75 -33 34 -3 8 -61 8 22 -10 9 7 -79 -8 63 -35 23 -87 -18 -6 -19 -51 3 -8 -29 -22 -2 -29 8 23 -24 -16 -17 48 -9 13 12 -37 26 0 -12 71 36 -22 33 -36 -7 36 -18 12 43 -32 0 -21 28 37 -83 -23 32 -55 -1 11 15 -36 49 -25 -17 -15 45 -22 -2 -7 23 -2 32 5 -13 18 -63 25 11 9 40 -20 -28 -5 -36 -35 48 -4 43 -20 1 -47 58 27 -32 -36 -15 -64 -22 -19 -5 22 41 -41 47 8 -51 -43 5 28 19 -24 3 4 24 32 28 6 54 19 30 74 -18 55 -30 -21 38 -29 -2 4 30 27 37 10 19 -43 -5 -21 -16 9 20 -18 -43 -12 16 62 -15 16 16 4 19 -27 13 -40 11 31 -76 42 -43 -14 52 -20 30 -51 24 27 32 58 -87 -5 7 -10 -48 9 -24 -3 -32 -18 -15 -46 7 32 -20 13 13 -43 -30 35 -8 -12 6 85 66 -32 -25 -5 51 -31 6 23 29 -27 73 -72 4 39 39 60 61 -8 23 -11 -31 -2 28 38 -36 -24 40 -11 16 -62 8 -12 -19 -45 -42 36 48 -39 50 -13 17 -4 -7 12 -29 -75 -14 1 14 -11 -28 24 -24 30 -4 11 -9 86 43 -20 37 9 -16 -54 -28 30 -46 -2 -58 -66 12 46 -16 -3 54 47 36 -20 53 9 34 11 -38 39 7 -6 12 13 35 59 -30 -87 -11 -6 29 42 1 -13 29 10 -41 -14 -6 -2 -31 -69 53 -14 -8 5 -119 63 -25 4 31 33 -22 -23 7 4 -22 -64 -13 11 -28 56 60 47 -13 29 32 -26 -59 -12 29 61 55 11 53 8 21 4 17 -7 -7 -43 53 -2 21 31 3 -10 12 34 27 -27 17 -8 -48 -43 -21 -11 8 -32 49 -32 72 34 29 3 -21 -7 -39 19 -19 -24 10 -12 22 -33 -27 21 10 -39 -45 -1 -65 16 4 42 -5 -1 23 -14 13 30 9 48 24 74 59 14 70 -3 26 76 -47 -8 -5 5 46 -7 40 10 -34 25 -35 35 68 -37 9 -48 26 -25 11 1 -14 -72 -28 28 37 36 38 -39 -51 6 54 -21 31 -21 54 21 23 -34 13 -44 -57 -36 -14 8 41 59 32 -39 -33 3 -35 -10 50 1 30 -45 54 -4 -35 -15 -3 -52 66 1 7 44 -17 28 45 -7 -71 -32 17 -13 -34 1 -5 37 -22 -13 21 -6 -24 -41 14 -23 -8 21 -19 26 -84 30 -29 -19 -28 33 -1 19 67 -25 4 -51 0 70 4 -36 32 44 53 29 -63 7 -22 63 61 -22 9 -38 35 -8 -9 -8 -19 -14 12 6 -5 -54 14 -5 9 60 51 32 -50 7 -66 0 1 -86 69 -21 -12 -45 21 -2 -32 21 9 71 21 16 -4 4 -47 -15 -13 -50 36 38 4 -53 -53 -46 18 9 -48 -15 -26 88 24 0 -58 39 4 23 14 11 34 35 64 25 29 19 -21 16 16 -46 42 -42 -61 -14 10 53 2 31 -39 -32 14 -26 -9 18 -8 -43 7 23 37 65 22 -53 5 -68 40 20 5 26 -7 36 31 -30 19 9 -1 -23 -16 -14 24 -2 12 -36 30 63 -52 50 43 -35 61 33 24 -10 2 -59 -12 7 9 -46 -19 54 -10 -52 31 -42 -39 -1 -12 7 39 -34 38 -38 -4 42 16 37 -25 -27 -18 -70 12 -13 7 -8 -17 36 31 -11 -17 52 -19 53 13 3 41 -46 -14 92 -3 -17 63 -3 -23 -40 -1 -86 -4 -36 40 63 4 8 -7 -6 -12 41 2 45 -9 -26 -16 -17 -60 -2 71 37 -35 -7 -60 -5 -25 8 -70 6 -6 -52 -84 45 -40 42 12 -26 -30 -45 -21 53 -3 14 28 -66 11 15 61 37 2 27 9 -17 -10 6 0 -22 -6 -35 -27 -10 -60 -11 29 27 19 35 29 54 38 6 -68 -5 54 -15 -41 -37 -7 11 -28 17 -23 18 19 -1 0 -8 5 -10 -2 13 33 -63 5 0 -21 34 0 0 -10 20 -23 -55 -30 -34 -71 40 13 25 30 20 19 -23 48 40 -58 20 22 24 35 -16 2 7 -55 -40 68 0 3 17 -32 23 4 -9 1 12 -43 -1 -17 -66 68 -27 31 -41 -22 70 64 37 -20 60 47 34 36 32 17 -37 4 -26 17 -5 -31 -65 52 16 37 52 11 37 -30 44 32 7 4 -57 -40 -50 -23 1 -49 -37 28 -13 -22 -35 1 1 0 24 16 47 102 22 -65 77 10 -46 -82 33 -22 -12 -38 -39 13 -4 0 24 -33 18 -14 -69 10 -2 23 -2 -31 -50 29 25 43 -35 29 -71 50 30 -20 -17 -40 -59 4 27 33 -25 32 -64 -28 2 5 -32 84 31 21 -8 -83 -5 -7 16 47 -4 76 -19 54 0 42 15 -18 -42 -70 8 -24 -65 -13 -75 30 27 -9 6 11 -40 50 -22 -27 2 -32 18 -3 -71 39 5 56 26 18 12 -65 -2 -52 38 -22 -16 -37 -7 -45 -3 51 -5 -96 24 -41 7 -18 -27 9 7 47 -5 -27 5 77 -3 8 85 -28 -22 -45 -42 -33 -56 3 42 50 -57 56 -12 27 19 57 16 -36 -13 -40 31 21 -28 20 -2 -1 -18 11 -6 16 -5 -50 43 -41 42 -32 -37 -22 38 -13 -27 26 37 3 25 0 14 -7 22 30 35 77 -31 3 72 17 -23 15 15 -12 10 50 56 -45 -10 -2 -49 53 3 5 -17 -12 84 -35 -21 3 -30 -44 8 26 -32 -4 -11 26 16 12 -2 -52 16 44 -48 -35 -21 -23 -21 -44 -17 6 62 -29 16 -39 -22 34 17 -37 21 44 -28 50 12 -9 55 -15 48 -10 48 -13 68 -26 32 -68 -39 -24 37 -55 25 47 17 49 27 32 -28 9 -34 22 -13 7 2 -36 10 -21 15 15 23 -21 30 -7 49 -15 -22 -29 0 -58 9 -17 -13 -8 69 -65 -28 -15 -21 8 21 10 17 -33 -64 -4 73 -22 -29 -12 -33 -25 37 -70 57 44 16 -20 -62 -40 -1 46 5 30 -72 27 -20 1 -10 25 9 24 -36 9 71 -7 42 -8 34 42 -31 7 -7 90 29 -33 -8 -12 -24 -98 -55 46 -21 17 8 -42 -11 -29 30 -26 -64 -27 -19 22 81 47 -42 -13 -7 13 -52 -1 14 10 -29 -6 60 24 14 -30 7 -8 -17 -52 -31 18 -34 9 19 -41 53 52 36 -1 43 37 20 -77 33 -49 49 -64 -29 -66 16 3 3 -42 35 -36 -45 -16 -34 -75 -69 10 -25 -15 29 -10 -69 26 24 18 0 16 36 -7 -2 34 46 -26 -16 21 0 -10 69 32 -10 11 59 42 8 -9 -2 -21 81 -40 0 28 52 -5 -46 22 -20 22 5 4 -11 -30 26 1 0 27 67 28 34 36 -20 100 -58 31 14 -9 16 -80 5 42 61 46 4 51 35 -82 -46 6 10 -35 -42 15 -38 33 -14 -15 17 10 10 26 0 -17 39 -24 14 15 -17 25 -18 -46 -5 16 -63 -28 -23 74 17 26 51 27 32 -51 -30 -31 34 -22 -38 45 -6 -2 -18 24 37 -40 -4 35 -1 -18 -38 -34 21 52 -21 -41 38 17 2 -63 40 1 -29 -33 79 51 -34 -14 26 58 6 -40 -33 -63 -9 27 22 -18 -5 40 -15 -3 -32 68 -14 -4 -43 -64 -9 50 57 -27 -36 53 7 24 25 -5 -43 19 32 -12 72 27 3 13 52 -6 64 38 49 7 -22 -26 6 13 -34 60 32 2 -27 7 66 -32 -8 10 5 37 -13 14 -7 -36 2 74 18 51 17 -40 -32 -46 -39 51 17 -6 -36 16 -29 -43 37 -20 37 10 42 -58 -29 -30 -8 -3 -41 53 12 0 13 -34 -83 -47 -44 77 84 73 52 41 -24 10 42 24 5 11 -50 -54 30 -13 33 -1 41 -9 -69 24 -15 -3 44 -24 -25 8 -11 -41 -12 -31 -27 -3 -44 -13 1 -48 -1 63 -19 12 -14 30 2 12 -12 -13 -25 -24 -37 40 5 79 24 26 -55 -37 28 19 -21 -52 -33 -29 -45 -45 -4 54 -37 20 22 -14 -25 23 24 -25 53 1 15 19 -22 1 16 -1 -24 -89 -5 18 6 -77 -1 54 -21 -14 7 -25 -7 32 -44 -24 27 -48 -32 -40 -4 -73 -35 -23 31 50 62 61 -5 21 -30 45 -30 29 19 -34 29 25 9 17 -17 39 -67 -55 -45 12 7 42 11 -9 -5 -5 29 32 -46 -6 -33 19 47 -31 6 -81 -19 -26 -13 26 -2 40 40 29 -47 33 -14 -15 35 41 31 -16 -37 -74 -18 41 -8 87 26 20 9 37 23 27 -43 -17 18 23 5 81 -21 36 48 4 54 43 -4 7 -61 14 -24 78 -28 -4 -33 -6 11 -14 -13 13 -14 51 -45 62 -2 19 1 1 -43 -6 44 -21 -2 15 -18 -7 8 -49 -21 -48 0 37 64 -36 -6 55 6 29 -6 -4 22 -13 -28 -32 41 12 17 45 10 0 -30 49 51 -37 -27 63 -25 52 -30 -44 -20 8 4 -27 -62 32 27 60 -54 79 -5 7 -8 62 -12 -37 18 27 -25 38 -57 -36 -37 -41 7 -35 5 -22 -51 39 -30 19 34 -27 -39 -27 -9 9 -15 2 -48 -57 27 16 56 5 59 -57 -35 6 6 -9 22 -70 22 -32 42 49 20 -18 3 36 -47 -16 -31 94 -75 21 11 20 12 -47 91 -19 53 -46 4 -25 -6 4 -46 -71 5 -13 26 45 -31 -20 -28 44 1 -52 43 32 -86 -17 -34 -18 -91 21 -21 -45 -33 -15 34 -5 20 -6 -15 -39 24 -27 -33 -52 41 -14 40 -34 -14 32 19 -13 -62 20 28 9 41 5 61 24 19 13 -21 -81 82 -3 -5 -10 17 6 -14 66 -25 7 19 13 48 -52 -1 86 36 -5 55 -8 33 75 -41 -9 62 -51 4 -32 46 -14 58 85 -18 8 14 -10 -84 19 43 1 37 -34 17 34 19 14 -34 -50 -87 4 43 3 -46 -5 -21 -34 -39 -6 27 66 -22 10 23 -2 -5 -13 9 -21 -68 -10 5 27 -6 -56 39 33 -79 -17 22 -54 -17 -30 15 -20 29 -48 12 28 35 -7 -32 -26 -33 -40 -7 -29 -26 1 27 32 33 -8 12 -50 30 -83 -39 45 69 -4 -14 -16 18 -12 15 -26 -21 36 27 -76 48 1 -29 17 -25 -2 31 13 -47 -8 -45 73 25 32 34 -24 10 -78 -1 -6 36 -4 -27 34 46 -15 -65 -44 -21 39 37 17 -21 17 -26 -32 -17 -19 -56 -3 12 4 33 7 20 -22 2 -22 54 7 75 14 -60 38 45 5 -4 75 -35 42 23 -50 37 -13 0 4 26 44 -22 -48 -49 23 17 27 -13 -38 64 11 30 -18 -38 -34 23 1 5 5 5 58 -35 15 -22 97 -55 75 -76 -37 1 24 19 -11 19 -40 -10 28 23 -54 -18 9 62 34 18 58 56 -19 -4 -1 11 28 21 34 -39 -62 11 91 -33 -18 6 -41 -12 16 -29 14 -41 15 -48 27 -5 -20 -22 -36 -52 48 5 7 -39 -8 -41 21 -18 49 27 -5 35 7 -39 -51 -57 -36 -48 -38 3 31 1 49 -3 37 -30 -9 29 1 50 9 -21 29 11 19 -47 -29 19 -22 14 -8 58 -40 -16 31 48 8 2 -23 30 -5 -42 -46 5 22 -15 48 3 -3 26 77 -22 21 0 -37 20 -33 26 -49 27 78 -40 7 -66 98 -16 -6 -20 -21 -33 39 -14 35 -15 26 40 -12 4 36 57 -2 87 9 47 -38 -20 -50 20 18 52 -41 20 19 57 62 71 -41 44 68 8 75 -2 -56 -30 -30 14 -7 -61 -31 -24 -48 -30 -30 63 3 -20 -41 -57 -54 -26 28 -60 -6 21 -18 -7 -9 -3 -42 52 10 2 21 2 -11 0 69 66 2 -15 -12 51 27 8 -17 -47 -3 48 -6 9 -19 61 38 -21 -1 12 0 -19 -13 -11 -24 66 17 16 -62 69 38 -21 -46 -66 -6 57 -21 63 74 0 -38 -40 -17 12 0 -12 34 -50 29 -40 -14 -12 19 -52 43 -56 -21 37 -6 29 42 18 21 20 17 -5 0 -32 14 56 53 19 40 -65 27 25 -84 2 47 -33 10 -13 -48 -41 -36 44 39 16 -4 18 17 44 -22 -13 -65 14 40 35 58 31 -56 -11 19 10 -25 -3 59 10 -49 -35 -22 7 5 26 28 8 29 18 -47 19 38 -44 -1 5 6 20 -15 36 5 -42 8 -15 -31 -3 -37 -6 -30 -62 -13 -11 3 15 55 25 -3 35 44 27 52 -27 57 -4 56 7 -49 -56 -11 43 62 6 -20 102 -14 35 -30 46 -6 -53 97 48 -16 -19 -40 -1 -17 -32 7 63 6 22 4 68 -18 -6 -23 79 -11 14 10 9 11 -21 65 3 -37 71 19 -13 5 -33 1 49 8 -21 40 21 26 16 -32 22 13 13 -4 24 57 -54 -11 -48 -11 44 -29 -56 -18 -53 -11 -25 2 -53 -81 -54 -89 -21 11 -26 47 -81 -6 -33 -53 -9 20 12 22 -6 18 2 -24 49 -37 -53 -17 -96 -46 -20 6 -25 83 -38 -6 63 70 1 -30 56 -33 -34 -21 -29 46 8 19 5 37 -40 10 -51 -1 32 32 11 -29 2 -32 58 16 6 8 -49 12 55 -36 -58 19 45 16 48 -8 8 23 19 -22 70 -18 7 -26 9 22 27 23 -9 47 -21 -17 32 -52 -58 14 -57 -51 -42 52 30 57 -33 -16 9 35 40 23 -17 64 -4 42 -1 -45 47 -39 29 -22 38 -42 -41 16 -6 -4 -48 -34 45 -9 -9 35 -2 -75 16 0 7 -41 9 -9 18 -43 20 -14 32 -38 -30 39 47 -35 -44 -65 3 -19 3 21 6 49 -4 33 7 74 21 54 14 -27 -63 17 17 5 27 -42 87 25 14 -28 32 -20 15 8 57 0 -26 24 12 46 -17 78 -4 -14 65 -37 -3 -76 -15 -37 41 52 47 65 51 23 -42 -80 -33 19 36 -56 -41 38 13 26 -20 -33 -10 -51 8 47 -4 -31 -11 -24 -76 5 13 -12 -41 29 60 2 23 51 -41 72 -55 27 42 -8 -40 -20 31 -10 75 -20 69 -57 -57 5 -9 28 49 16 25 27 -64 6 -23 -81 47 -44 -5 -10 -45 -29 -2 50 -8 48 -6 64 19 -7 -105 -49 -38 20 -8 -50 29 17 41 -26 16 1 -33 30 -15 8 55 -12 -44 -4 2 32 51 -2 -33 -39 16 33 19 -33 -42 8 -14 -38 55 -63 -56 -16 14 -26 -17 -23 -29 -101 11 84 25 51 14 -19 47 18 -6 -16 12 -13 50 -34 -18 81 33 80 -28 24 -14 -10 38 -41 5 44 -37 15 -14 -26 35 -14 49 4 -2 30 4 22 27 -29 22 -20 -24 -36 14 32 -57 32 45 -18 13 17 39 23 -8 -19 64 40 11 -37 -14 -12 -12 -25 -13 30 -70 8 13 -10 -46 -7 6 -15 24 1 36 57 -61 41 17 -88 34 4 46 -31 -21 48 -66 -13 -10 -5 -24 30 16 -1 -37 -27 -11 -15 -51 -52 -25 23 -13 62 -40 13 -3 -39 50 -2 -11 7 20 0 34 -34 65 -2 59 -18 -21 -69 68 -83 -41 27 -47 3 54 -29 -3 -28 21 8 27 39 59 -45 -5 -75 3 -27 -34 -4 11 -49 -13 14 13 86 54 9 -15 18 42 -20 99 -37 -30 -96 -55 -34 -51 15 33 -4 40 -22 5 -23 -29 -41 52 -4 70 -23 -78 -7 -41 13 -40 -8 -70,0 1 0 1 1 0 1 1 1 0 1 0 0 1 1 0 0 0 0 0 0 0 0 0 1 0 1 1 0 1 1 0 0 0 1 0 1 1 1 1 0 0 0 0 1 0 1 1 0 1 0 1 1 1 0 0 0 1 0 1 0 0 1 0 0 0 0 0 1 1 0 1 1 1 0 0 0 1 1 1 1 1 1 0 1 0 1 0 0 1 0 1 1 1 1 0 0 0 0 1 1 1 1 1 0 1 1 1 0 1 1 1 1 1 1 0 0 1 0 0 1 0 1 1 0 0 1 0 1 0 1 1 0 0 1 0 1 1 1 0 0 1 1 0 0 0 1 0 0 1 1 1 1 0 1 0 0 0 0 0 1 0 0 1 1 1 0 0 0 0 0 0 1 0 0 0 1 1 1 0 0 0 0 0 1 0 0 1 1 1 1 0 1 0 1 1 0 0 1 0 0 0 1 0 1 0 1 1 1 0 0 0 1 0 1 0 0 1 0 0 1 0 0 1 1 0 0 1 1 1 0 1 1 0 0 0 1 0 0 0 1 0 0 1 1 0 1 0 1 1 1 1 1 0 1 1 1 0 0 0 0 0 1 1 1 0 1 0 0 0 1 1 1 0 1 0 1 0 1 1 1 1 1 1 1 1 1 1 1 1 0 0 0 0 1 1 0 0 0 0 0 1 0 1 0 0 0 0 1 1 1 1 1 0 1 1 1 0 1 1 1 0 1 1 1 0 1 1 0 1 1 0 0 0 0 1 1 1 1 0 1 1 0 0 0 0 0 0 1 0 1 1 0 1 1 0 0 1 1 0 0 0 0 0 1 0 1 0 1 0 1 0 1 1 1 0 1 0 0 1 0 0 0 0 1 1 1 0 0 1 1 1 1 0 0 0 1 0 0 0 0 1 1 0 1 0 0 1 1 0 1 1 0 0 1 1 0 0 1 0 0 0 0 0 0 0 1 1 1 1 1 0 0 1 0 0 1 0 0 1 1 1 0 0 0 1 0 1 1 1 0 0 1 0 1 0 1 0 0 0 0 1 1 1 1 1 1 1 1 1 0 1 0 1 1 1 0 0 0 0 0 0 1 0 1 0 0 1 0 0 0 0 0 1 1 0 0 0 0 1 1 0 0 1 0 0 1 1 0 1 1 1 0 0 1 0 1 1 1 1 1 0 1 0 1 1 0 0 1 1 0 0 0 1 1 0 0 1 1 0 1 0 0 0 1 1 1 1 0 1 1 0 1 1 1 1 1 0 1 1 1 0 0 1 0 0 0 1 1 0 1 0 0 0 0 0 1 1 1 1 0 0 1 0 0 1 1 0 1 0 0 1 0 0 0 0 0 0 0 0 1 1 1 0 0 1 0 1 0 0 0 1 0 0 0 0 1 1 1 1 0 1 0 1 1 1 0 0 1 0 0 0 0 1 0 1 0 1 1 1 0 1 1 1 0 1 1 0 0 1 1 1 0 1 0 1 1 1 1 1 0 1 1 1 1 0 0 1 1 1 1 1 0 0 1 0 1 1 1 0 1 0 1 1 0 1 1 1 0 1 1 0 0 1 1 0 1 0 1 0 1 1 0 0 1 0 1 0 1 0 1 1 1 0 0 1 0 0 0 1 1 0 1 1 0 0 1 0 1 1 0 1 0 0 0 1 0 1 1 1 1 0 1 0 1 0 0 0 0 0 0 0 0 1 0 0 1 0 1 0 1 0 0 1 0 1 0 0 1 1 0 0 0 1 1 1 0 1 1 0 0 0 1 0 1 0 0 0 0 1 1 1 1 1 0 0 1 1 1 0 0 0 0 1 0 0 0 0 1 1 0 0 1 1 0 0 1 1 1 0 0 0 0 1 0 1 0 1 0 0 0 1 1 1 0 1 0 1 0 1 0 1 1 1 1 1 0 0 1 0 1 1 1 0 0 1 1 1 0 0 1 1 1 1 0 0 1 0 1 1 1 1 1 1 0 0 1 0 1 0 0 1 1 1 0 0 1 0 1 0 0 1 1 1 0 1 1 0 0 0 0 0 1 1 0 0 1 0 0 0 0 0 0 0 1 1 1 0 0 1 0 0 0 0 0 1 1 1 0 1 0 0 0 1 0 1 1 0 1 0 0 1 1 0 1 0 1 1 1 1 1 1 0 0 0 0 0 1 1 1 0 1 1 0 0 0 1 0 1 0 1 1 0 0 1 1 1 1 0 0 1 1 1 0 1 0 1 1 1 0 0 0 1 1 1 1 1 1 1 1 0 0 0 0 1 0 1 0 0 1 1 0 1 1 0 0 0 1 0 0 0 1 0 0 0 1 0 1 0 1 1 1 1 0 0 1 0 1 1 1 1 1 0 1 1 0 0 0 1 0 1 1 1 1 1 1 1 0 1 1 0 1 0 0 1 1 1 0 0 0 0 0 1 0 0 1 0 0 1 1 1 1 1 1 1 1 1 1 1 0 0 0 0 0 1 0 0 0 1 0 0 0 1 0 0 0 0 1 0 0 1 0 1 0 1 1 0 0 0 1 0 0 0 0 1 1 0 1 0 1 1 1 0 0 0 0 1 0 0 1 0 0 0 0 0 0 0 0 1 0 1 0 1 1 0 1 0 0 0 0 0 0 1 0 1 0 1 1 0 1 0 1 1 1 1 1 1 0 0 1 1 1 1 1 1 0 0 1 0 1 0 0 1 0 1 1 1 1 1 1 1 1 0 0 0 1 0 0 0 0 0 0 1 1 0 0 1 0 1 1 0 1 1 0 0 0 1 1 1 1 1 1 0 1 0 1 0 1 1 1 0 0 0 0 0 1 0 1 1 0 0 1 1 1 0 1 1 1 1 1 1 1 1 1 0 1 1 1 1 1 1 1 1 1 1 1 1 1 1 1 1 0 0 0 0 0 1 0 0 0 0 0 0 0 1 0 1 1 0 1 1 1 0 1 1 0 1 0 0 0 0 0 1 0 0 0 1 0 1 1 1 1 1 0 0 1 0 1 0 0 0 1 0 1 1 1 1 1 0 0 0 0 0 0 0 0 1 1 0 1 1 1 0 0 0 0 0 0 1 1 0 1 1 1 0 0 1 1 1 0 0 1 0 0 0 0 0 0 1 1 0 0 0 1 0 1 1 1 1 1 1 1 0 0 1 0 1 1 1 0 0 1 1 0 0 1 0 0 0 1 0 1 0 1 0 0 0 1 1 0 0 1 0 0 1 0 1 0 0 0 1 1 1 1 0 1 1 0 1 1 0 1 1 1 1 0 0 0 1 1 1 1 1 0 0 0 0 1 0 0 0 1 1 1 0 1 0 1 1 0 0 0 0 0 1 1 0 1 1 0 0 1 1 1 0 1 0 0 1 0 0 0 1 1 1 1 0 0 1 0 0 1 0 0 0 1 1 1 1 0 0 0 0 1 0 0 0 1 0 1 1 0 1 0 1 1 0 0 0 0 1 0 0 0 1 1 0 1 0 1 0 0 1 0 0 0 0 1 1 1 1 0 1 1 0 1 1 1 1 0 1 0 1 0 0 0 0 1 0 1 1 1 0 1 1 1 1 0 0 1 1 0 1 1 1 1 1 1 0 1 0 1 0 0 1 1 0 0 1 0 1 1 0 1 0 0 0 0 1 0 1 1 0 0 1 0 1 1 0 1 0 1 0 0 1 0 1 1 1 0 1 1 0 1 1 0 1 0 1 1 0 0 1 1 1 0 0 1 0 0 0 0 0 1 1 1 0 0 1 1 0 1 1 0 1 1 0 0 1 0 1 0 0 0 0 0 1 1 0 1 0 0 0 0 1 1 0 0 0 0 1 1 0 0 0 1 1 0 0 1 1 1 1 1 1 1 0 0 0 1 0 0 1 0 1 1 1 1 0 0 1 0 1 1 0 0 0 1 0 1 1 1 0 1 1 1 0 1 0 1 0 1 1 0 1 0 1 1 0 0 0 1 0 1 0 1 0 1 1 1 1 0 1 1 0 0 0 0 0 1 0 1 0 0 1 1 0 1 1 0 0 0 0 1 0 0 1 1 1 1 1 0 0 1 1 0 0 1 0 0 0 0 0 1 1 0 0 1 0 0 1 0 0 1 1 0 0 0 0 1 1 1 1 1 0 1 1 0 0 0 1 0 1 1 0 0 1 0 0 1 1 1 0 1 0 0 1 1 1 1 0 0 1 1 1 1 1 0 1 0 0 0 1 1 0 0 0 1 0 1 0 0 0 1 1 1 1 1 0 1 1 0 1 0 0 0 0 1 0 0 1 0 0 0 0 0 1 0 0 1 1 1 1 0 0 0 0 0 0 0 1 0 0 1 0 0 1 1 1 0 1 0 0 0 1 1 0 1 1 1 0 0 0 0 1 0 1 0 1 0 1 1 1 1 1 1 1 0 1 0 0 0 1 1 0 0 0 0 1 0 0 1 0 0 0 0 1 0 1 1 0 0 0 0 1 0 1 1 0 1 0 1 0 0 1 1 0 1 1 1 0 0 1 0 0 1 0 0 0 1 1 0 1 1 1 1 0 1 0 1 0 1 0 0 1 0 0 0 1 0 1 0 0 1 1 1 0 0 0 0 0 0 1 1 1 1 0 0 1 1 1 1 0 1 1 0 0 1 1 0 1 1 1 0 1 1 0 0 0 0 1 1 0 1 1 1 1 0 0 0 1 1 1 0 1 0 0 1 1 0 1 1 1 1 0 0 1 1 1 1 0 1 1 1 1 1 1 0 0 0 0 0 0 1 1 1 1 0 1 0 0 0 1 1 1 1 1 0 1 0 1 1 0 0 0 1 1 0 0 1 1 0 0 1 1 0 0 0 0 0 1 0 0 1 1 0 1 0 0 0 0 1 1 1 0 1 0 1 1 1 0 0 1 1 1 0 1 1 0 1 0 1 1 1 0 1 1 0 0 1 0 1 0 0 1 0 0 0 1 0 1 0 0 1 1 0 1 0 1 1 1 1 1 0 1 0 0 0 0 1 0 1 0 0 0 1 0 1 0 1 0 0 1 0 0 0 0 0 1 0 0 1 0 0 1 1 0 0 0 0 1 1 1 0 1 0 0 1 1 1 1 0 0 0 0 1 0 1 1 0 1 0 0 1 0 1 1 0 1 0 1 0 0 1 0 1 1 1 1 1 0 0 0 0 0 1 1 1 1 0 1 1 1 1 0 0 1 1 1 0 0 0 0 1 0 0 1 0 1 1 0 0 1 1 1 0 1 1 1 1 0 1 1 0 1 0 1 0 0 1 0 0 1 0 1 1 1 0 1 0 0 0 0 1 0 0 1 0 1 0 1 0 0 1 0 1 1 1 1 0 1 0 1 0 0 1 0 1 1 1 0 0 1 0 0 0 0 1 1 0 0 0 0 0 0 1 0 1 0 0 1 0 1 1 0 0 1 0 1 0 0 0 0 0 1 1 0 1 0 0 1 1 0 0 0 0 1 0 0 0 0 0 1 1 0 1 0 0 0 0 0 0 1 1 1 0 1 1 1 0 1 0 0 1 0 1 1 0 0 1 0 1 1 0 0 1 0 1 1 1 0 1 0 1 1 0 1 1 0 0 1 1 0 1 1 1 1 0 0 0 0 0 1 1 1 1 0 0 0 1 1 1 0 1 0 1 1 1 1 1 1 0 1 1 0 0 1 1 0 0 1 1 1 0 1 1 1 0 0 0 0 0 1 0 1 0 1 0 0 0 1 1 1 1 0 0 1 1 0 0 1 0 1 0 1 1 1 0 1 0 1 0 1 0 1 1 0 1 0 0 1 0 0 0 1 0 1 1 1 1 0 1 1 0 0 0 0 0 1 0 1 1 1 1 0 0 0 0 1 1 1 0 1 0 0 0 1 0 0 1 0 1 0 0 1 0 0 1 1 0 0 1 1 0 0 1 1 1 1 1 0 1 1 0 0 1 1 0 0 1 0 1 0 0 1 0 0 0 1 1 0 1 0 1 0 1 1 0 1 0 0 0 0 1 0 0 1 0 0 1 1 1 1 0 1 0 0 0 0 0 1 0 1 0 0 1 1 0 0 1 1 0 1 1 0 0 0 0 1 0 0 1 1 1 1 0 0 1 0 0 1 0 1 0 0 0 0 0 1 1 1 0 0 1 0 0 1 0 0 0 1 0 0 0 1 1 0 1 1 1 0 1 0 1 1 0 0 1 1 0 1 1 0 1 0 0 1 0 1 0 1 1 0 0 0 0 0 0 1 0 0 1 0 0 0 1 0 1 0 1 1 0 1 0 0 0 1 1 1 1 1 0 1 1 0 1 0 0 1 1 0 0 0 0 1 0 1 0 0 0 0 1 0 1 0 1 1 1 0 1 0 0 1 0 1 1 1 0 0 0 0 1 1 0 0 1 1 1 1 1 1 1 0 1 0 0 0 1 0 1 1 0 1 0 0 0 1 1 1 1 0 1 0 1 0 1 0 0 1 1 1 0 1 1 0 0 0 1 0 1 0 1 1 1 0 0 0 0 0 1 1 0 0 0 1 0 1 0 0 0 0 0 1 0 1 0 0 0 1 0 0 1 1 0 1 0 1 0 1 0 0 1 1 0 0 1 0 0 0 1 1 1 0 1 0 0 0 1 1 0 0 0 0 0 1 0 1 0 0 0 0 0 0 1 0 1 1 1 0 1 0 1 1 0 1 0 0 1 1 0 1 0 1 0 1 0 1 0 0 1 1 1 1 0 1 1 0 0 1 0 1 0 1 0 1 0 1 1 0 0 0 0 1 0 1 1 1 0 1 0 1 1 0 0 1 1 0 1 1 0 1 0 0 0 1 0 1 1 1 0 1 1 1 1 0 1 0 0 0 1 0 1 0 0 0 1 0 0 0 0 0 1 1 1 1 1 0 0 1 1 1 1 1 1 0 0 1 1 0 0 1 0 0 0 1 1 0 0 1 0 0 1 1 0 0 0 1 0 0 0 1 1 1 1 0 0 0 0 1 0 1 0 1 0 1 0 0 1 1 0 0 1 1 1 1 0 1 1 1 1 1 0 0 0 0 0 0 0 0 1 1 0 0 0 1 1 0 0 1 0 0 1 1 0 0 1 1 1 0 0 0 0 1 1 1 0 1 1 0 0 0 1 0 0 1 1 0 1 0 0 0 0 0 1 1 1 1 1 1 1 1 1 0 1 1 1 0 0 1 1 0 1 1 1 1 1 0 0 1 1 0 1 0 0 1 1 0 0 1 0 1 0 0 0 0 1 0 0 0 0 1 1 1 0 1 0 1 0 0 1 0 1 1 1 0 1 1 0 1 1 0 0 0 0 0 0 1 0 0 1 1 1 1 0 0 1 1 0 0 0 1 0 0 1 1 1 1 0 1 0 1 0 0 1 0 1 1 1 1 0 1 1 0 0 1 1 1 1 1 1 1 1 1 1 1 0 0 1 1 0 1 0 1 1 1 1 1 0 0 1 1 0 0 0 0 1 0 1 0 0 1 0 0 1 0 0 1 1 0 0 0 0 1 1 1 0 0 0 0 1 0 0 1 0 1 0 0 1 0 0 0 0 1 0 1 0 1 0 0 1 1 0 1 0 1 0 0 0 1 1 0 0 0 1 0 0 1 1 1 1 0 0 1 0 1 1 1 1 1 0 0 1 0 0 0 0 0 0 0 0 1 1 1 0 0 1 0 1 1 0 1 0 1 1 1 0 0 0 1 1 1 1 1 0 1 1 0 0 1 0 0 1 1 0 0 0 1 0 0 1 1 1 0 0 0 0 0 0 0 1 1 1 1 0 0 0 0 1 1 0 0 0 1 1 0 0 0 1 0 0 0 0 1 1 0 0 0 1 0 1 1 1 1 0 0 0 1 0 1 0 0 0 0 1 0 1 0 0 0 1 1 0 1 0 1 0 0 0 0 0 1 1 1 1 0 0 0 0 0 1 0 0 1 0 1 0 0 0 1 1 1 0 0 1 1 1 1 0 0 0 1 1 1 0 0 1 0 0 1 0 1 1 0 1 1 1 0 0 1 1 1 0 0 1 1 1 1 1 0 0 1 1 0 1 1 1 1 1 1 1 1 0 0 1 0 0 0 1 0 0 0 0 0 1 1 0 0 0 1 1 1 0 1 0 1 1 1 0 1 0 1 0 1 1 0 1 1 0 1 1 1 0 0 1 0 0 0 1 1 0 1 1 1 0 0 0 0 0 1 0 0 0 0 0 0 0 1 1 0 0 1 0 1 1 0 1 0 1 0 0 0 1 0 0 1 1 0 1 0 0 1 0 1 1 1 0 1 1 0 1 0 1 0 0 0 0 0 1 1 1 0 1 0 1 1 0 1 0 1 1 1 1 1 0 0 0 0 0 1 1 1 1 1 0 0 1 1 0 1 1 0 1 1 1 1 0 1 0 1 0 0 0 0 1 0 1 1 1 1 1 0 1 1 1 1 1 1 1 1 1 1 1 0 1 0 1 0 1 1 0 1 1 1 0 0 0 0 0 0 0 0 1 0 1 1 0 0 0 1 1 0 1 1 1 1 1 1 0 0 1 1 1 0 1 1 0 1 1 0 1 1 0 0 0 0 0 1 1 0 0 0 1 0 0 1 0 1 1 1 0 1 1 0 0 1 1 1 1 1 1 0 1 0 0 1 0 0 0 0 0 0 0 0 0 1 0 0 0 1 0 1 1 1 1 0 1 1 0 1 1 1 0 1 0 0 0 1 0 1 1 1 0 0 0 0 1 0 1 0 1 1 0 0 1 0 0 0 0 0 0 1 0 0 0 1 1 1 1 1 0 1 1 0 1 0 1 1 0 1 1 1 0 1 0 1 0 1 0 1 1 1 1 1 1 0 1 0 1 1 0 0 0 1 0 1 1 0 1 0 1 0 1 0 1 1 0 0 0 0 1 1 0 0 1 1 1 1 1 0 0 0 0 0 1 0 1 0 0 1 1 0 1 0 0 0 0 0 0 1 1 0 1 0 0 0 0 1 0 0 0 1 0 0 0 1 0 0 1 0 0 0 1 0 1 0 1 1 1 0 0 0 1 1 1 0 1 1 1 0 0 0 0 0 0 1 1 0 0 1 1 1 0 1 0 1 0 0 1 0 0 0 0 0 1 1 0 1 1 1 0 1 0 0 1 0 1 1 0 0 0 1 0 1 0 0 1 1 1 0 1 0 1 1 1 0 0 1 0 1 0 1 1 0 1 1 0 1 1 1 1 0 1 1 0 1 1 0 1 0 1 1 0 0 1 1 1 1 1 0 1 1 0 1 1 1 0 0 1 1 0 0 0 0 0 1 0 0 0 1 1 1 0 1 0 1 1 1 0 0 0 1 0 0 1 1 1 1 0 1 1 0 1 1 0 1 1 0 0 0 0 0 1 1 1 0 1 0 1 1 0 0 0 0 0 0 1 0 0 1 0 1 1 1 1 1 1 1 1 1 0 1 1 0 1 1 1 0 1 0 0 0 1 0 1 0 1 1 0 1 1 1 1 1 0 1 0 0 0 1 1 1 0 1 0 0 1 0 1 1 0 0 1 1 1 1 0 1 1 0 1 0 0 1 0 1 0 0 0 0 0 1 0 1 0 0 0 1 0 0 0 0 0 0 1 0 0 0 0 1 1 1 0 1 1 0 0 1 1 1 1 0 0 1 1 1 1 0 1 1 1 0 1 1 0 0 0 0 1 1 1 0 1 1 0 1 0 1 1 1 1 0 0 1 0 0 1 1 0 1 0 0 0 0 1 0 0 1 0 1 1 1 1 1 1 1 1 1 0 1 1 0 0 0 1 0 0 0 1 1 1 1 1 0 0 1 0 1 1 1 1 1 1 1 1 0 0 1 0 1 1 0 0 1 1 1 1 1 0 0 0 1 1 0 1 1 1 1 0 1 0 1 1 1 0 0 1 0 1 1 0 1 0 1 1 0 0 0 0 1 0 0 1 1 0 1 0 0 0 0 1 1 0 1 0 0 0 0 0 1 1 0 0 0 1 1 0 0 1 0 0 1 0 1 1 0 0 1 1 1 1 0 0 1 1 1 1 1 1 1 1 1 0 1 1 0 0 1 0 1 1 0 1 1 0 0 0 1 0 0 1 0 0 1 1 1 0 0 1 1 0 1 0 1 0 1 0 0 0 1 0 0 1 0 0 0 1 1 1 1 1 1 1 1 0 1 1 1 0 0 1 0 1 0 0 1 1 0 1 1 1 0 1 0 0 0 1 0 1 1 0 0 0 0 0 0 1 0 1 0 0 0 1 0 1 0 1 1 0 1 0 0 1 0 1 0 1 1 1 1 1 1 0 1 0 0 1 0 0 1 1 0 1 1 1 1 0 1 0 0 0 1 0 0 0 1 0 1 1 0 1 1 0 1 0 0 1 0 0 0 0 1 0 0 1 1 1 1 0 0 0 0 1 0 0 0 0 0 1 0 0 1 1 0 1 0 1 1 1 1 0 1 0 0 1 0 1 1 0 0 1 0 0 1 1 1 0 1 0 1 1 1 0 0 0 0 0 1 0 1 1 0 1 0 0 0 1 0 0 1 1 0 0 0 0 1 0 1 0 0 1 1 1 0 0 0 0 0 0 0 1 1 1 1 0 0 1 1 0 0 1 0 0 1 0 1 0 1 0 1 0 0 0 1 1 0 1 0 0 1 0 1 1 0 0 1 0 0 0 0 0 1 0 1 1 0 0 1 1 1 0 1 1 1 1 1 1 1 1 0 1 0 1 1 1 0 0 1 1 0 0 0 1 0 1 1 1 1 0 1 1 1 0 0 1 0 1 1 0 0 0 1 0 0 1 1 0 1 0 0 0 0 0 1 0 0 0 1 1 1 0 1 0 0 0 0 1 1 1 1 0 0 1 1 0 1 1 0 1 1 1 0 1 1 1 0 0 0 1 0 1 1 0 1 0 1 0 1 0 0 1 1 1 0 0 0 1 1 0 0 0 1 1 0 0 1 0 0 0 1 0 1 0 1 1 0 0 1 1 1 0 1 0 0 1 1 0 1 0 0 0 0 0 0 0 1 0 1 1 1 1 1 0 0 1 0 0 0 0 0 1 0 0 1 1 0 1 1 0 1 1 0 1 0 0 0 0 0 0 0 0 1 0 1 0 0 1 0 0 1 1 1 0 0 0 0 1 1 0 0 0 1 0 1 0 0 1 1 0 1 1 1 0 1 1 0 1 1 1 1 1 1 0 0 1 1 1 0 0 0 0 0 0 1 1 1 1 1 0 1 1 0 1 0 1 0 1 0 0 1 1 0 0 0 0 0 0 1 1 1 0 0 0 1 0 1 0 0 1 0 0 0 0 1 1 1 0 0 0 0 0 0 1 0 1 1 0 0 0 0 1 0 0 0 0 0 0 0 1 1 0 0 0 1 0 1 0 1 0 0 0 0 0 1 0 0 1 1 1 0 1 1 1 1 1 0 0 0 0 1 0 0 1 0 0 0 0 0 1 1 0 1 1 0 1 0 1 0 0 0 1 0 0 1 0 1 0 0 1 1 0 1 1 0 1 1 0 1 0 1 1 0 1 0 0 0 0 0 0 1 0 0 0 0 0 1 0 1 1 1 0 0 1 0 0 1 0 0 0 0 1 0 1 1 0 1 0 0 1 1 1 1 1 1 1 1 1 0 0 0 1 0 1 0 1 1 1 0 0 0 1 0 1 1 1 0 1 0 0 0 0 1 1 0 1 0 1 0 1 1 0 0 0 1 1 1 0 0 0 1 0 1 1 1 0 1 1 0 1 0 1 1 0 0 1 1 0 0 0 1 0 1 1 1 1 0 0 1 0 0 1 0 0 0 0 1 0 0 1 1 1 1 1 0 0 1 0 1 1 0 1 1 0 0 0 1 1 1 0 0 0 1 1 0 1 1 0 1 0 1 0 0 1 1 1 0 0 0 1 1 1 0 1 0 1 1 1 1 0 1 0 0 1 1 0 0 0 0 1 1 1 0 1 1 0 1 1 1 1 0 0 0 1 0 1 0 0 0 0 1 1 0 1 0 1 0 0 1 1 0 0 0 1 0 1 0 1 0 0 0 0 1 0 0 0 1 1 1 1 1 0 0 0 1 1 1 1 1 0 0 0 0 1 1 1 0 0 0 0 0 1 0 0 1 0 0 1 0 1 0 1 1 1 1 0 1 1 0 1 0 1 1 1 0 0 0 1 1 0 0 1 0 0 0 0 1 0 0 1 1 1 0 1 1 1 1 1 0 1 0 0 0 1 0 1 0 0 1 1 1 1 1 0 0 0 0 0 1 1 1 1 0 1 1 1 1 1 0 1 0 0 1 1 0 0 1 0 1 1 0 0 1 1 0 0 0 1 0 0 0 1 0 1 0 1 1 0 0 0 1 0 1 1 0 0 1 0 0 1 1 0 0 1 1 0 0 1 1 1 1 0 1 1 0 1 1 0 1 1 0 0 0 0 1 1 1 1 0 1 1 0 0 0 0 0 1 0 1 0 1 0 0 0 0 1 0 1 1 1 0 0 0 1 1 1 1 0 1 1 0 1 0 1 0 0 0 1 1 0 1 1 1 1 1 0 1 1 1 1 0 0 0 1 0 0 0 0 1 0 0 0 0 0 0 1 1 1 0 0 1 0 0 0 0 0 1 1 1 1 0 0 1 0 0 1 1 0 1 1 0 0 1 1 0 1 0 0 1 1 1 0 0 0 0 0 1 0 1 1 0 1 0 1 0 0 0 0 0 1 1 0 1 1 0 1 1 0 0 0 0 0 0 1 0 1 1 0 1 0 0 1 1 0 0 1 0 1 1 0 1 0 0 1 1 0 1 1 1 1 1 1 0 0 0 1 1 1 0 1 0 1 0 1 1 1 0 0 0 0 1 1 0 0 0 0 0 0 0 1 0 1 1 1 0 1 1 1 1 1 0 0 1 0 1 0 0 0 0 1 1 1 0 0 0 0 0 1 1 1 0 1 1 1 0 0 0 0 1 0 0 1 0 0 1 1 1 0 0 1 1 1 1 0 1 0 1 1 1 1 0 0 0 0 1 1 0 1 0 1 1 0 0 1 1 0 1 0 1 0 1 0 0 1 0 1 1 1 0 0 1 1 1 0 1 1 1 0 0 0 0 1 1 0 1 1 0 1 0 0 1 0 0 1 0 1 1 1 0 0 0 0 0 1 0 0 0 1 0 1 1 1 0 1 0 1 0 0 1 0 0 1 0 1 0 0 1 0 0 1 1 1 1 1 0 0 1 1 0 0 0 0 0 1 0 0 0 1 1 0 0 0 1 0 1 1 0 0 0 1 1 0 1 1 0 0 0 0 0 1 0 0 1 1 1 1 1 1 1 1 0 0 0 1 1 0 0 0 0 1 1 1 0 0 1 1 0 1 0 0 0 0 0 0 0 0 0 1 1 0 0 1 0 0 0 1 1 0 0 1 0 1 1 1 1 1 0 1 0 0 0 1 1 1 1 0 0 1 0 0 1 0 1 1 0 0 0 0 0 0 0 0 1 0 0 1 1 1 0 1 0 0 1 1 1 1 1 1 1 1 0 1 1 0 1 1 0 1 0 0 0 0 1 0 0 0 1 0 1 1 0 0 0 0 1 1 1 1 1 0 1 0 0 1 1 0 0 0 0 0 1 0 1 0 1 1 0 0 1 0 0 1 1 0 1 0 1 1 1 0 0 1 1 0 1 1 0 0 1 0 0 1 0 0 1 1 0 1 0 0 1 0 1 1 1 0 1 0 1 1 1 0 1 1 0 1 1 1 0 0 0 0 0 0 0 0 0 0 1 0 0 0 0 0 0 1 1 0 1 1 1 0 1 1 0 0 1 0 1 1 1 1 1 0 0 0 0 0 0 0 1 0 1 1 1 0,-18 -9 24 1 3 25 -26 -21 23 -32 -5 16 33 -29 -50 -1 29 25 12 73 -6 -43 16 -25 -43 -48 -4 -16 19 -34 -46 20 31 49 -11 8 -3 -125 -58 4 -13 22 4 7 -32 16 -5 -74 -5 -4 -2 -5 -27 -15 12 -22 62 -42 6 -49 -5 26 -40 27 42 -7 76 56 -3 -2 16 -74 15 -81 28 -17 61 -70 -31 -21 33 -20 -1 8 -62 12 -30 52 -34 8 24 -123 -5 -31 -5 60 44 -80 9 -30 -18 5 7 -15 30 -31 20 -84 -23 -86 -19 5 -43 -59 -42 -11 98 -59 18 -25 -40 -17 40 29 7 -6 -20 4 4 4 -3 -55 -7 73 -11 -17 -3 16 -21 23 -17 -18 -55 -9 52 30 -31 -15 -3 -26 -10 -10 14 27 2 7 74 -18 19 -6 13 24 12 15 6 -37 -20 -3 -37 106 78 5 -10 6 87 21 42 -16 -7 40 44 5 22 129 -60 -20 -1 4 7 -39 2 31 -58 25 -38 -23 49 45 -75 78 44 8 32 49 26 8 -18 -9 -40 -14 -11 4 -2 56 -39 54 78 -65 -2 11 -27 14 45 30 -47 66 8 -44 -36 8 47 -33 -13 46 31 -23 -14 20 30 -28 0 64 51 -39 -22 1 -1 77 28 -13 -39 0 -2 67 -74 -7 37 59 -19 14 -31 9 21 14 -121 34 -41 9 55 35 43 -53 -32 14 -13 92 14 36 -83 -17 43 -34 19 -42 -14 -56 14 -42 -42 -20 -10 35 -8 -23 -31 -65 19 -3 34 -43 15 28 -11 -26 19 -13 8 -21 -47 -29 8 30 5 67 -47 -11 -75 12 -2 28 -71 47 -47 62 -14 35 -11 43 22 3 -16 9 -13 -3 42 -38 -40 -95 -43 29 -41 -6 47 45 1 1 -21 54 -43 5 14 -10 5 -20 -142 61 8 -1 -35 10 21 1 44 30 -43 -3 17 -4 -13 34 6 56 21 -35 -21 6 -29 16 8 -54 11 -23 -51 26 -112 -93 -13 34 43 -42 13 9 6 8 -25 98 -29 13 42 -4 11 0 -6 24 -20 36 18 -15 -54 0 7 -15 -16 78 -52 -25 10 24 -17 -49 19 73 -16 -2 9 21 -44 11 15 -94 -4 -16 32 -11 -3 37 26 5 18 -17 -67 -72 68 37 18 -18 97 -20 -44 -30 40 32 -48 14 -11 2 -17 85 15 20 -11 -25 42 13 -51 -51 -66 -54 -27 -87 21 15 88 28 -28 -41 20 5 -16 -29 85 7 -35 38 72 25 -35 -40 42 -53 41 16 -17 -17 -30 5 57 15 -2 -68 -23 58 4 -21 59 58 -23 -8 47 -21 -15 13 -4 13 24 6 -11 -16 -3 -11 -31 -18 -3 3 23 43 55 24 -35 -54 44 4 -7 -66 -39 -28 104 -61 -3 -29 -53 -29 72 52 -43 0 -14 20 -18 20 -37 -34 -27 -4 -41 -37 -23 29 -28 -34 -31 -20 29 -52 19 20 27 -47 -21 9 -77 44 16 1 53 -5 -67 -15 -24 -54 14 -28 -119 23 31 -13 -7 40 -64 -11 -29 -9 21 55 -32 -65 11 -1 9 45 -30 -130 6 10 5 -14 46 15 69 64 -17 33 92 -11 16 5 -82 -9 14 -2 -27 -29 -1 -38 20 -1 69 92 -21 49 -14 43 27 16 19 6 -5 -7 -38 -20 32 16 -10 -23 24 42 -16 30 3 -13 -2 -86 -28 -28 -11 -39 -124 -30 -41 -6 12 -2 -42 -5 -14 54 37 -58 -49 32 0 -75 51 64 28 12 -1 -36 -54 35 -45 84 -14 -35 74 -16 -36 46 -1 16 -12 33 2 -39 -4 80 28 86 -37 19 -33 -40 -16 21 33 8 -43 -59 -84 -14 2 4 2 93 68 -52 9 -32 10 -52 -56 107 -44 -14 25 8 -16 15 -16 6 82 -59 -2 44 8 -62 2 -14 0 -51 19 11 16 50 -51 29 4 4 71 -38 25 2 32 -4 90 4 -77 29 13 66 -14 57 63 -24 -7 -74 12 -10 -6 32 -7 59 35 -43 -28 9 -10 9 -56 25 39 7 -16 5 -18 29 29 -3 -16 -29 -17 -1 -68 6 -3 8 14 -21 -18 22 12 50 13 2 54 1 57 24 -11 10 107 41 -12 -22 -1 107 -17 -18 -4 3 16 11 53 13 27 -72 -31 -54 -15 -15 84 -105 -41 -75 1 10 57 -76 79 -43 21 47 -9 -13 11 -12 56 15 -25 14 -35 -62 -34 -54 -22 38 -47 -64 57 -22 -22 25 16 -2 -1 1 27 33 -71 16 -29 -21 3 10 37 50 -25 9 -64 55 67 -27 9 9 41 -7 -5 -10 -12 67 75 -35 -27 -31 30 -13 -5 -17 80 12 36 -14 1 18 54 43 -16 43 5 -13 -55 3 -4 52 -15 -78 -47 13 47 -43 -6 -4 25 -1 10 -29 -7 -46 46 -29 -28 9 25 -8 29 -25 -21 21 -7 -8 31 -29 -12 40 -3 17 -24 3 6 -1 -17 -43 0 42 6 32 65 -41 -49 -21 -2 -65 -13 57 74 57 1 32 -10 33 -112 -26 47 76 -14 -17 -38 -16 40 30 -45 -61 -72 33 -60 -2 -57 6 -95 96 17 64 -18 1 -1 -1 -39 -62 -20 -18 58 1 118 149 -14 24 -50 14 13 -10 -26 30 -12 -30 -9 -43 -35 15 32 27 63 -53 17 -13 1 -23 71 -6 39 -23 -35 -74 -30 -18 27 -65 44 0 -3 -16 -30 10 24 -88 -67 90 27 -17 -40 40 -66 -24 -7 -28 -42 -50 32 35 0 -21 17 -33 26 22 -73 -19 -6 -27 3 63 -7 1 33 64 40 -74 35 13 -18 -27 -33 -17 -62 -9 -37 -28 -28 27 -17 29 2 -22 40 -2 -24 -1 3 27 -78 85 -13 87 9 22 -7 37 25 9 22 9 -37 57 31 13 -50 -100 7 101 20 -2 57 -14 -10 20 -31 -45 17 -66 42 -5 -7 -39 12 -17 3 48 -25 -23 42 -22 96 28 15 45 -17 28 42 30 8 14 -25 23 -68 -82 52 -68 58 14 -11 11 15 20 -35 20 32 5 -83 10 12 -99 -16 0 -18 -14 -22 -27 -54 -1 10 -1 18 -46 -48 -28 -40 44 -12 5 87 3 -21 51 4 -62 23 7 32 -35 -15 -36 -34 -33 19 64 24 -26 -41 45 69 34 8 36 -6 -58 54 51 16 13 -14 11 47 -45 -70 93 5 -9 14 -96 -24 -26 39 2 10 -67 9 37 -16 2 34 -65 -44 56 20 3 22 -15 84 -27 -19 34 29 -33 -13 -31 0 11 5 1 -25 -71 -37 5 -29 28 6 -30 19 -60 -9 -5 68 -33 -9 -37 -8 -36 -54 -35 33 -32 10 70 32 -30 -23 -1 12 67 39 122 -4 26 -2 3 -73 7 -34 -39 42 -15 -50 -64 65 -29 -88 35 -96 26 88 26 -8 16 -60 -2 -6 61 0 6 -25 -19 -46 21 -61 -12 68 -81 36 -18 -24 87 11 2 31 -65 15 18 -32 -15 14 22 35 29 23 24 11 45 -13 -92 -23 -18 -38 -35 69 57 42 8 -25 5 -32 12 7 -98 -45 -2 57 21 -27 15 -9 103 -16 -6 -1 9 51 24 4 57 -45 -6 17 -17 27 -39 1 -77 -24 21 -59 -42 -24 14 30 -43 9 10 -3 -90 5 -39 26 -90 -7 48 53 -97 69 60 -7 -29 48 -88 29 32 117 62 30 -26 -15 89 -32 19 -8 5 3 63 10 52 -36 -17 -26 -37 -76 12 41 -7 -50 0 -14 9 55 0 -14 -4 9 20 12 -37 -12 -14 -63 -3 -2 15 -13 44 38 -26 46 75 34 -30 -84 46 33 -43 8 -34 -30 3 59 18 5 13 -3 -3 25 -86 -20 9 -23 -103 39 -45 25 -57 58 2 -42 -3 26 39 -34 -21 -36 -22 4 -5 23 48 -8 -8 -16 94 116 -42 -25 -57 -24 57 -23 25 91 -6 -9 -17 8 44 43 -31 -86 36 -10 56 -4 13 42 1 6 6 -44 19 2 11 -15 -30 34 -20 31 31 3 43 -30 0 34 2 29 -12 -34 5 -62 16 -92 -40 22 -43 -18 -70 -11 1 -44 -7 0 23 31 46 31 -86 45 -17 2 -113 4 15 -4 -31 -17 -32 9 -52 -36 17 -24 -45 -39 -14 -50 16 48 -5 3 -35 12 -40 17 -48 -22 23 -53 6 -50 3 -8 -86 -1 28 33 -14 -67 8 -5 -34 40 58 2 27 -26 23 67 24 32 -25 -6 52 -5 1 -20 -14 -42 8 -59 18 -4 -48 -38 28 -62 19 -32 -4 -40 48 3 -1 -13 10 24 -77 6 -19 -47 -10 0 -49 -3 39 8 60 -12 -13 32 -40 -31 53 2 -53 41 -9 -63 11 1 20 9 26 10 -21 -21 -10 61 -85 14 37 74 -19 -30 -2 36 -10 17 -10 -64 -1 82 34 17 -15 -28 -18 25 -52 10 -28 -10 20 -7 -14 -5 -1 -34 -22 26 -30 -41 12 -61 -72 -18 -42 -11 -30 -28 100 -24 4 4 21 2 -42 -27 -39 -20 16 -41 -2 27 -35 69 -125 58 -41 18 -13 1 -22 -10 14 32 43 11 46 -2 11 -25 -17 -24 -31 17 12 -32 -6 -28 7 6 32 -25 14 4 84 31 -38 -7 -3 32 1 -42 -95 -1 11 -43 26 8 13 54 1 6 76 -4 30 -70 -32 -9 4 17 3 -19 23 27 -44 97 -41 19 55 15 -13 16 55 113 -32 2 66 8 33 12 -34 -115 132 33 16 -4 18 -68 -26 30 0 85 -4 -13 27 4 -6 29 -8 -8 38 41 -10 -8 11 47 44 -24 -36 4 6 -5 -30 -92 8 32 6 18 35 17 10 13 -19 -51 44 10 52 5 61 -85 -17 -33 10 3 -48 4 -22 16 -20 13 -22 -35 5 -57 15 -5 -21 26 77 -14 -10 2 16 -20 -13 11 -3 -43 32 10 -11 53 84 0 36 8 -33 -47 -22 -128 -2 12 30 -24 71 8 18 2 63 32 -56 -1 -12 -33 -87 18 30 16 42 50 20 -41 -22 25 -63 -62 -35 66 73 23 3 10 62 -64 55 -22 -62 -9 -1 -75 -60 -7 17 -85 75 -17 47 80 -21 -28 -59 47 11 -53 5 -45 -29 34 -33 30 89 27 74 26 28 -2 22 -16 -14 12 52 -45 42 -26 -33 17 2 39 -11 -9 5 21 -39 -25 -8 -112 -10 15 36 -24 65 28 14 48 -12 38 2 -6 -34 4 10 -51 10 51 -79 15 -22 -14 -71 15 82 -21 45 -15 96 -20 13 -43 47 87 25 0 -80 45 33 44 32 4 32 -1 -34 -63 10 86 48 -48 -2 -99 -64 71 12 -70 23 4 11 -20 22 -97 -58 -31 39 -119 -46 13 63 -7 37 -52 -4 6 2 -6 15 -77 45 47 -3 0 -3 30 66 -7 10 8 -14 2 2 -79 -1 -43 5 12 2 -7 15 -35 -63 29 -40 -97 -10 -17 -55 -32 38 14 72 46 32 5 8 -51 5 5 24 19 64 9 93 -13 26 13 -7 30 -17 26 -1 -51 -50 -16 -7 26 -122 -31 2 44 2 -22 9 31 -46 -64 15 21 13 24 24 -36 14 23 -17 -23 -2 -19 40 47 -7 64 -31 -18 -41 8 -73 46 -36 -31 -7 67 24 -20 -23 24 37 -32 -56 28 13 7 -33 -60 -25 -16 -24 -43 15 25 3 38 -81 -14 77 -4 13 71 -15 -8 10 -18 45 -16 -28 -26 81 -1 0 -4 -82 -9 -68 -20 16 12 14 -3 9 -9 -41 42 -31 -6 40 3 18 2 -33 22 20 16 10 -5 8 29 51 17 20 -12 37 44 -4 6 56 -8 -5 14 59 4 -29 -10 -56 -10 19 -3 80 -4 -130 -71 -70 -31 21 -10 22 10 1 -4 12 22 53 -44 -11 51 -61 -12 -17 -25 10 52 11 -37 26 67 -66 103 -8 -24 -13 -17 -36 -6 73 88 30 11 -12 -32 -3 -93 33 -16 -11 2 -26 34 34 -18 -61 -16 54 49 -24 29 -17 -18 81 9 -3 -21 -42 -34 27 -21 -58 51 14 -4 -43 2 -82 1 -27 -12 10 -39 4 -15 12 15 9 9 16 -73 25 -34 -41 -49 33 6 -4 66 49 -6 -35 9 34 0 -11 4 49 -63 -12 47 -67 8 -64 7 -18 -77 -14 -33 8 -31 24 4 0 25 17 -83 -29 27 -14 12 73 -26 -22 8 -4 6 95 57 28 55 -28 -17 -37 24 -32 30 -36 -25 -1 -62 -31 10 76 27 -1 3 12 45 -53 40 42 -13 -5 -37 -22 33 0 -3 8 44 -10 57 111 -44 -4 60 -1 95 -2 30 16 28 -1 11 24 -1 60 32 -30 -76 -33 -26 62 -38 -5 14 13 -61 58 21 -2 6 -33 -19 14 -2 -37 -25 -7 11 78 -5 -23 18 -11 -23 -38 61 -18 68 -100 -5 40 0 1 42 39 7 27 58 -26 -27 19 -43 8 -19 54 37 21 45 13 16 -31 48 23 108 19 -23 10 5 -101 -4 2 -47 -55 19 6 -82 76 -41 -5 -36 -24 -32 -16 -25 76 -20 -11 -74 -43 27 -60 15 22 26 31 2 28 10 38 -79 -12 -28 11 95 -23 2 -57 3 -38 -42 68 -7 -5 6 -1 -11 47 -33 9 -54 -35 -74 60 -20 18 42 50 -20 61 -20 -37 21 16 -13 -25 -30 -3 9 35 -40 19 -8 -79 -87 20 26 22 -27 15 52 38 37 13 -65 15 -11 -69 -74 -39 -31 38 22 15 -33 45 -79 -12 -63 45 28 50 -36 5 32 -39 18 -18 41 44 -23 63 11 -19 -23 37 8 -30 -15 2 22 -8 18 22 26 -57 9 15 57 30 23 16 -43 28 -15 -21 18 41 -34 -14 -19 -10 -43 -20 -22 -44 -24 6 65 17 75 -2 -56 -12 -105 38 7 1 12 -28 3 35 -12 84 48 -6 -43 -57 21 -9 -22 -33 -3 27 29 36 -33 -1 -69 -20 -26 -24 9 38 44 1 -111 -25 -32 -40 41 16 11 35 22 -5 22 -38 35 -53 4 10 -19 -16 -25 39 -20 -21 6 27 15 -9 33 -35 -47 -2 -16 -36 -14 -35 -10 -18 2 -32 31 4 -111 13 15 18 -13 -39 38 8 -51 -25 3 21 91 17 -62 85 -18 -32 -2 6 14 -66 40 7 14 20 -77 109 -9 56 -35 -76 45 -16 28 -29 -34 32 5 24 40 -24 101 75 -31 -4 41 26 -7 -23 4 -8 -75 4 59 91 -81 -48 -9 -51 30 -16 -30 -58 41 -36 37 30 -48 19 14 32 0 53 -11 4 -6 -27 34 59 18 -8 33 -36 13 -86 -10 7 -1 -71 -13 -15 -70 34 -8 -86 -41 38 13 15 62 -30 -2 45 49 14 1 -7 12 -12 -108 2 12 -31 41 48 -1 -52 54 -56 -59 0 -27 -45 -31 20 -23 -24 -24 -32 55 -34 136 14 -57 -10 8 49 -71 -15 -43 59 -13 -31 -28 47 18 -16 -58 -39 14 7 8 2 10 38 51 -4 -10 -37 10 -14 56 1 -6 100 -35 10 77 11 -8 47 -21 27 -20 36 27 47 -58 7 -39 6 -29 33 -16 62 -17 17 -55 31 76 22 -27 30 85 -34 37 104 69 -25 3 -61 -8 -38 81 -13 41 -101 -37 38 45 -3 18 -91 1 5 -30 47 91 54 1 68 -5 13 17 -8 -77 -13 60 -43 6 -3 11 6 9 7 43 -50 29 17 -78 34 -36 11 -43 -27 0 -9 0 -14 -31 -81 -128 86 -21 15 -2 -6 -20 25 -42 0 -48 13 -68 5 -36 -1 -4 31 55 74 -18 30 14 -1 -92 63 -55 47 1 -45 31 37 -3 -8 48 -24 -48 2 -3 10 11 -15 -45 -17 19 21 -37 27 -27 -56 -32 15 86 20 25 0 25 17 4 12 51 42 28 -89 27 -15 24 -24 -9 -17 -46 3 -28 -30 63 -17 -37 -39 -46 18 -67 -26 21 -21 -25 0 45 103 -71 51 9 6 44 18 -20 0 -35 14 65 3 -52 33 6 40 -26 19 -7 36 16 -22 2 -20 -14 57 45 -4 -54 25 -11 31 -2 0 -17 -16 -27 -39 -89 36 -36 -47 -54 -48 -37 61 -71 -15 -30 -13 -20 30 59 20 32 12 -19 23 34 -14 -47 25 -8 32 -14 26 40 39 -74 26 1 -21 -82 -72 -4 -48 21 0 16 59 -35 60 -30 19 -27 29 -43 -24 25 18 -44 13 -14 31 -16 -24 41 1 9 4 -32 42 -13 4 -42 -7 -44 3 -30 -29 -35 -27 34 -11 9 -93 35 47 -42 4 15 -37 1 -7 11 -7 40 14 -3 -53 2 36 -42 31 -31 -9 32 12 1 36 -9 3 -11 14 93 -27 -10 9 60 -23 -28 13 -80 -5 24 12 -18 44 69 21 49 3 18 -13 -10 -78 10 -68 -57 13 -18 0 -37 12 8 16 -30 17 -13 -11 -4 6 -30 26 52 -8 14 -4 24 -8 -46 -47 -2 -3 -26 31 -17 12 19 64 -5 158 22 -43 40 -99 28 -1 -43 21 -3 -7 56 46 -14 -46 -20 19 -66 25 -14 -11 -2 -30 3 -13 2 3 13 32 -16 70 71 -47 8 -5 31 35 23 19 -3 58 31 6 0 -38 -10 14 32 29 -14 16 67 -59 25 14 52 -50 6 76 19 34 -54 22 -10 58 56 -6 42 -31 62 -31 7 62 -57 80 24 -32 21 -10 45 6 -14 38 3 35 -15 -14 -27 -14 -3 16 -30 7 -7 34 -3 -8 -8 1 -42 71 20 -40 11 59 26 -34 -65 11 20 14 -41 19 -4 -69 7 -50 0 -20 -14 -47 3 43 4 6 38 89 -3 81 33 -42 5 -19 14 -59 13 -9 5 14 -41 33 -47 -10 19 48 13 7 10 -64 -17 5 -91 36 50 -64 38 17 -27 40 15 -24 -13 25 37 69 10 4 74 -54 -50 -11 13 32 -23 8 -26 30 10 -33 -41 17 9 14 16 39 0 -44 14 19 0 -7 -30 -3 67 59 44 -29 31 82 -3 -2 25 -77 24 13 14 -32 99 -12 -38 -63 -13 17 77 -4 -9 28 -44 22 3 60 -14 -67 17 -76 52 69 33 -23 2 43 -37 -21 -44 87 15 34 91 79 6 38 37 -17 -16 30 -39 20 39 -99 20 13 8 4 -54 22 60 16 -7 8 -25 -6 54 -37 -59 -46 7 39 16 7 -26 33 4 -10 -7 -33 21 38 -14 28 -12 -13 9 -9 -40 -30 25 77 30 39 -49 -31 19 13 -81 -29 37 -73 15 35 28 -78 44 20 0 -69 -39 8 -91 -47 -11 37 16 8 38 21 -16 47 -3 20 8 2 38 -34 -27 13 -12 24 -7 -69 -35 23 -12 -14 7 0 -68 54 -1 -32 -36 54 1 -101 -3 -36 -16 16 -25 -34 18 29 74 -76 17 43 87 -12 -31 75 -32 -9 -57 -6 2 16 -8 28 -28 79 67 48 34 -4 5 -6 1 -8 82 4 -21 -3 1 -17 -18 -2 -7 -22 5 13 -1 -58 63 26 -60 -14 10 -30 -29 41 -36 27 -36 3 -10 -12 -17 -27 46 -32 -26 -10 88 28 20 -42 20 -21 -12 8 15 -67 110 -14 -82 0 -17 -32 -4 -24 -27 -33 -115 58 47 0 7 10 50 -11 14 8 -21 16 19 -25 9 43 -36 13 44 -20 -33 -28 -94 30 -18 20 -23 23 52 26 26 -16 18 -26 -41 -21 -8 -7 65 -18 -8 34 -63 -41 -34 -28 -22 -29 -15 -30 65 -45 -17 -13 -11 -13 -59 32 15 -22 -15 -26 50 64 44 58 42 20 25 -43 78 -4 -29 -49 -3 -3 20 -63 13 -61 -49 -22 -10 -16 -24 -33 -74 -64 -6 -79 37 12 -20 30 2 -54 10 -27 -11 35 -55 26 28 29 -88 -39 59 20 30 -36 -7 -15 -27 6 15 -34 -11 10 -45 -93 -15 20 -23 -43 -2 -32 27 -27 16 11 -32 8 -6 61 30 9 -43 83 -1 54 -63 124 45 -7 27 13 -9 45 -64 27 82 -27 -1 -3 -59 16 -22 -38 18 49 -54 -29 37 27 -16 57 -6 4 -9 20 0 -4 28 -26 67 -40 12 -43 3 27 69 -47 27 10 4 -4 48 7 -22 14 -13 5 -21 16 -53 -39 49 36 -29 47 42 10 33 13 -7 33 -36 -30 -15 72 -26 -2 -20 -4 -55 -36 15 -23 -60 -7 -22 -100 61 -64 39 41 10 14 -27 30 -27 27 31 13 41 -20 27 -57 -6 -8 32 22 -55 -15 11 -5 2 7 -31 -12 -2 -22 -24 -54 4 -21 -25 57 94 -24 14 8 9 -5 31 51 -37 -59 43 45 34 19 -32 -17 53 11 43 39 22 -36 38 16 34 -14 -18 7 -10 60 -14 82 9 78 22 46 71 -39 31 28 44 9 -19 -27 22 -44 -31 -34 56 7 10 -47 -41 -19 45 9 -15 -63 51 13 5 76 19 33 -42 -16 53 9 -79 -3 -49 38 -25 19 0 10 11 -109 63 53 -7 28 43 28 -23 35 5 12 -20 -12 34 12 29 -3 -31 -58 -54 36 41 -29 0 20 -99 33 8 -9 11 -14 28 -8 6 3 -6 -24 -15 43 -22 -1 -10 -21 -98 9 15 -17 -36 54 23 -80 -21 -8 58 -28 -39 -25 -53 0 31 -63 16 -43 -15 -29 65 -5 3 20 -4 -7 12 -45 -110 27 -6 -43 -2 29 31 -52 -72 77 13 -22 -11 107 -96 90 -8 -10 16 -27 10 1 -31 38 -27 1 4 18 16 35 58 36 4 -42 8 16 -11 30 -57 -13 7 8 8 18 -87 15 35 -11 38 60 67 -53 -50 3 -24 -28 87 -11 9 -32 -3 20 -10 53 2 -33 37 -12 -24 61 -3 -33 -11 0 21 -49 -2 9 -7 -7 -13 -85 30 -21 -58 0 34 -49 37 -25 5 -17 28 -52 -23 -9 -100 84 -19 -14 -20 -2 -27 130 -40 44 31 63 -34 -19 -66 -7 19 31 3 -33 -34 -5 -13 33 22 -69 16 -20 -11 45 -44 9 12 23 58 39 -3 -6 11 -46 -4 2 26 -48 -81 -33 8 87 18 54 -13 25 36 44 40 21 20 -26 22 -1 0 -12 -27 18 -37 2 -26 35 83 22 -21 -12 -25 16 59 80 -35 -72 -22 44 -7 -4 21 -38 40 7 -6 -4 5 18 22 -11 2 11 31 -22 -14 -9 -22 15 10 5 -59 -30 21 -25 -8 7 36 2 3 -20 -1 27 -16 53 41 -20 -6 3 37 -4 -15 -31 1 -92 -24 2 -55 -77 23 10 -23 -38 41 -9 37 13 33 13 39 7 -39 -3 25 -32 12 8 -5 -11 -34 8 -34 19 -10 17 -29 9 60 70 4 81 -8 -84 49 -27 -1 -23 -17 -14 -9 -4 -5 25 -5 -69 -7 11 -40 -46 7 5 -101 12 -14 -38 -42 46 17 4 -48 -9 -21 1 0 13 -2 -86 60 4 -28 79 -39 36 -40 -9 -44 12 -1 -47 41 24 65 -45 37 69 -44 26 8 22 -6 41 -58 4 11 -20 10 -34 -97 26 -46 -21 22 17 -23 69 -14 -18 -20 82 -48 -26 -32 -75 80 21 -5 14 -36 -31 -4 34 -43 -4 -26 12 19 -63 49 26 -13 9 -39 -33 11 38 -23 8 -8 21 -15 17 22 -70 9 64 -21 28 -19 22 0 1 -6 59 -11 65 -78 29 -23 33 3 -4 25 53 66 -21 40 14 26 -56 -26 -52 38 11 -9 -52 -10 -2 -2 1 20 -7 -46 -75 51 -65 31 40 24 -54 73 7 -31 7 69 -7 51 6 3 5 77 11 -55 8 1 22 14 42 -30 2 -6 -23 10 29 15 30 29 9 91 -35 10 -32 -3 36 58 -1 -27 -41 -24 -46 -11 -39 -19 -47 -5 17 -58 110 -8 -82 62 10 -36 -36 66 43 40 1 -40 11 -88 37 -1 -18 -23 76 -5 48 -17 6 -45 -1 26 2 10 -2 -25 35 36 -44 27 12 66 41 10 -2 0 -116 -40 -45 -29 21 -8 7 -9 18 10 14 68 56 35 2 41 2 -14 9 32 28 57 -43 -6 25 -90 18 0 -2 19 -14 7 7 -8 32 -10 -16 23 36 9 -36 18 12 -17 47 -59 22 -24 18 55 -4 5 15 21 52 -62 -22 -4 -18 3 -17 26 10 60 26 -45 -71 52 26 51 -17 -33 10 -35 43 8 4 9 -69 21 55 8 3 -10 -14 41 -38 -18 -40 -74 12 -8 -62 -110 10 -36 16 31 -32 -18 98 -26 24 -31 15 -25 84 -7 -25 -10 -23 -23 -49 18 25 11 7 -15 -31 19 47 -25 -8 7 -8 8 37 -47 39 -9 6 43 21 9 -71 30 30 0 -18 -34 -18 23 -7 14 2 36 -67 -4 -2 -5 35 7 84 -24 -23 14 -20 -49 -72 -8 -30 -36 -72 -66 91 -30 -12 -9 -29 32 62 11 -59 -14 38 16 3 4 111 52 -41 -20 -29 -14 53 1 -11 -6 23 -15 63 -33 75 4 31 66 55 -17 -8 58 18 11 23 -62 -4 0 24 -46 30 -8 -32 -49 -30 29 -23 -2 -34 58 -10 -14 -29 30 41 -6 -4 15 -43 30 43 5 -21 -16 -11 -48 -28 3 -24 -7 -82 74 21 2 -19 9 -21 37 54 -31 10 13 35 -42 61 101 18 -12 -8 3 73 -69 -48 68 54 2 -3 19 74 15 -17 96 -13 -21 -29 -60 36 27 14 39 50 32 23 -26 -1 -18 35 -55 2 9 10 0 12 26 -3 -19 33 16 -66 52 16 -30 -11 -2 -26 -23 -49 -94 31 17 24 10 -2 6 27 -25 46 63 26 -31 22 -31 -15 52 -88 28 103 -1 1 -57 42 11 -37 29 -1 3 44 126 21 4 11 14 3 -11 -22 -52 -19 19 -30 -42 18 47 8 76 -30 -37 41 -117 -74 10 98 119 -13 -39 -58 11 62 4 23 64 19 48 -30 -10 21 4 57 -34 -69 4 19 -16 -25 -21 -13 46 69 7 1 78 9 63 -29 6 -8 -15 -50 30 46 57 24 -75 -38 -46 34 18 -3 48 126 114 16 -44 -22 -16 18 -1 -13 38 5 95 -16 71 6 -25 -17 -21 -13 66 20 27 -11 -10 29 2 64 -10 -87 -80 10 6 38 -24 -17 31 68 -11 -15 -11 27 46 22 -12 49 47 -38 0 3 55 -37 -91 -78 -13 -45 29 -2 -7 48 4 45 -6 15 31 -21 11 10 36 -15 -26 13 -27 -24 34 -50 25 -97 10 -6 8 -2 2 14 32 8 -50 -5 31 12 -41 35 -80 7 1 -4 -87 -1 -63 105 -50 -25 36 -29 -6 48 -14 6 29 11 -35 -1 -12 79 -2 34 -19 59 -2 23 1 17 -15 -52 32 15 7 4 6 26 -27 7 30 -54 -24 39 -62 7 34 17 -59 -64 -4 1 -1 -20 -31 -36 89 40 9 -24 22 18 12 -38 -38 -21 41 35 38 -30 23 -24 -64 -20 18 12 56 9 31 5 -84 36 34 -2 14 -56 -10 5 -42 17 48 -8 -32 -20 7 47 79 38 -85 46 8 -36 -29 76 23 -29 14 -2 -15 -67 -46 84 -6 -30 -36 -17 40 32 -62 29 11 -39 25 -28 44 56 75 25 -47 0 30 -6 63 34 -60 0 83 27 -16 71 -44 -4 13 12 0 -18 8 -23 12 -48 -48 105 20 -2 -51 -28 4 68 7 8 -70 -10 8 -32 20 50 -47 59 -87 34 12 49 -24 59 -2 5 54 -66 12 -52 51 -31 -18 -25 -12 -44 63 50 -53 1 68 -6 -6 25 31 -21 43 -102 2 -22 27 -31 5 39 -6 -20 -15 -29 28 12 -8 -33 18 -26 38 3 18 22 -3 -105 13 -54 9 -30 15 2 9 -45 31 25 -2 4 2 -21 8 -80 -18 10 21 56 -78 -18 40 10 -29 27 -73 4 -79 60 92 -58 -11 -20 -13 -65 9 8 31 -10 53 -53 0 -37 80 0 -3 52 -1 22 95 -5 -25 16 70 21 44 -36 37 -19 -53 5 14 27 -26 -40 43 -55 18 8 -11 -22 15 19 -20 2 -7 66 -9 -2 16 6 -22 58 -65 -31 24 -59 -14 -17 36 -4 -23 -24 -28 -74 17 -18 40 -18 -18 -70 -15 -5 -12 -28 -40 -7 -17 -37 -34 51 70 44 7 9 15 -40 51 34 44 -35 -10 4 -3 -16 4 -6 19 46 12 -33 15 13 -91 41 -25 -39 20 -38 3 6 -23 26 53 -10 53 7 -6 -25 81 -17 34 -76 -12 18 68 25 4 5 -27 18 -11 31 -39 32 13 -27 -10 -20 41 -32 1 118 45 -4 12 -26 -45 41 18 15 8 -24 -44 22 8 24 -11 38 13 -1 -21 -20 7 -42 33 -2 -51 -7 -22 -15 -29 19 19 15 18 40 -24 28 36 -1 6 -33 70 -17 -21 -20 132 58 -22 5 -62 -6 -84 -3 -46 -46 27 -21 -11 -22 17 -2 -6 39 -31 10 7 -37 -9 -33 -32 118 5 -18 -45 -6 -29 -22 -28 -106 54 34 64 45 -39 109 -43 -4 22 30 40 -11 -48 -21 45 10 -39 68 -4 20 45 61 -18 5 -46 5 3 -24 -43 21 53 -19 4 57 6 -76 -24 46 -14 -53 47 -117 8 149 -30 26 -24 47 51 -23 10 -3 14 12 3 -49 -32 27 8 -20 8 32 31 23 -15 20 -24 -12 -53 55 50 -27 -11 -9 -3 0 93 92 17 -18 15 -104 -4 28 -36 45 23 3 -41 41 -13 12 0 -7 -25 30 -39 10 34 -18 -56 -19 -72 -8 -95 -37 22 -9 12 16 -13 -16 18 -21 -3 -8 -11 -79 21 -53 -11 -53 21 37 24 17 -25 23 60 30 94 22 -67 28 7 -15 27 9 10 -18 1 -47 -12 -61 -86 7 49 16 -5 8 -19 -27 51 62 33 36 -6 2 74 16 14 1 62 -67 1 36 -16 4 0 -35 -16 20 55 -37 26 3 10 -73 32 24 -14 23 -26 14 5 -4 -11 16 -2 30 7 -6 -20 2 5 28 -25 34 48 16 4 -75 9 3 31 -42 17 12 33 -29 -91 13 -23 14 -31 56 -12 -42 5 -4 18 -19 0 -17 -4 13 -5 0 6 63 -31 19 34 73 3 1 11 -42 -3 29 -57 7 -4 20 -3 57 67 7 6 30 -39 -53 27 9 31 5 23 14 28 -11 5 57 -3 -6 50 -24 -1 -69 35 -1 -13 -27 -13 -15 -43 -3 26 -23 17 25 2 8 -19 13 19 24 -6 -1 -89 -39 -3 18 -11 -27 -20 41 25 8 -5 -43 -6 3 24 -20 -47 -14 8 52 -36 -2 -38 16 16 19 51 -70 -59 -16 -14 -93 -10 26 57 -17 20 -41 42 133 -50 11 19 -38 -13 -40 -32 -3 -28 14 14 -20 3 20 10 36 59 -16 -57 1 11 4 -50 -33 18 12 57 43 -14 34 17 -33 -36 4 46 -43 4 -25 89 -20 3 60 4 -1 -40 6 7 9 -8 -77 -8 -101 0 12 20 -17 37 29 12 -42 -10 -51 -35 20 -18 -52 38 91 -33 34 -101 -41 -34 7 27 51 52 5 30 22 7 41 93 2 -20 12 11 5 80 61 -48 -35 48 10 -14 -23 1 -72 19 -12 -27 15 9 -9 22 -10 80 -7 -2 -10 -19 2 70 37 -75 4 -22 -87 21 57 48 -11 -65 -47 -41 -1 -54 37 -54 -39 21 -20 -34 107 6 -9 0 13 -49 47 27 -13 -46 18 43 101 -9 18 11 16 -31 33 13 21 -2 -16 -95 -37 19 -70 -32 99 -104 -13 -8 16 29 -12 28 5 29 -9 26 -66 104 -32 68 55 -34 16 -15 -72 -30 -2 -37 9 46 -101 29 -8 -27 16 -12 -33 -17 -22 46 -13 25 -27 -1 -9 42 59 -27 7 14 54 -20 6 15 -26 10 -52 -43 -34 -54 34 -9 77 -10 -53 18 62 -37 -8 0 -24 -21 -37 0 -7 83 38 99 43 12 -7 -11 -14 -24 -54 9 50,56 -16 107 -45 -24 51 -27 -77 -75 55 -68 165 120 -118 -148 81 68 20 43 75 85 123 53 64 -45 48 -18 -21 1 -3 26 25 31 31 -5 32 -79 -29 34 -66 17 12 4 12 19 14 -45 0 8 -29 9 2 -17 -10 77 27 8 -38 7 -9 66 31 -47 4 23 9 -30 58 -51 -5 -14 27 -67 -3 -6 38 -41 -60 -7 -1 -35 -5 -31 58 -19 82 -70 30 45 -18 -19 -25 -7 -74 -96 70 14 80 123 -36 -90 -127 -135 -38 81 -99 -109 -165 144 -91 -105 -124 -87 -105 -111 97 96 -176 181 85 -116 80 -100 -100 98 64 -92 119 -83 82 -135 -79 73 73 -58 88 -57 -27 -18 46 56 -33 -83 55 36 106 -75 85 52 -66 -123 -16 -47 -18 -12 26 39 40 76 103 -32 46 60 -16 -65 -21 42 23 61 7 54 33 -46 74 107 -5 -49 -28 -22 -3 9 17 16 53 -52 52 38 -13 -26 5 -14 44 37 71 -101 -104 43 29 -31 2 30 63 -63 49 -33 44 -3 -36 -28 27 51 37 -45 42 -71 100 31 33 3 133 -78 -7 80 -105 -90 83 48 -39 -55 -122 134 -100 -93 93 172 78 -101 77 107 47 -67 44 42 -94 -61 85 -21 8 -51 -36 -41 -65 -31 40 -32 -69 -43 -12 54 75 66 102 -76 -64 -94 145 -109 120 57 125 -188 -64 -102 55 -107 108 -43 72 -94 -136 -89 -162 -153 -66 -18 55 -120 -48 -100 -69 20 -18 8 47 -40 4 -13 20 86 77 7 -68 12 -47 23 64 6 41 -26 18 -17 -31 -60 -11 1 -25 6 20 -23 -52 16 4 -59 -72 -18 34 -32 -60 -17 -12 -1 48 25 19 63 3 -19 45 -32 -24 7 -29 -31 -3 43 18 31 -23 -32 3 -42 -19 3 19 27 -1 7 -12 -18 10 27 13 58 -12 17 12 -44 51 -5 8 -24 97 -83 -31 -68 69 -115 68 18 -89 77 98 59 49 -103 -33 -47 45 93 -51 -30 -31 -14 36 38 21 -77 51 20 24 52 -54 -12 26 -29 83 53 -92 12 89 -56 -21 85 67 28 -69 6 57 -58 69 13 30 49 28 20 45 6 -31 -51 27 -1 71 9 -11 5 14 -67 51 54 -19 -32 -28 9 29 -17 9 38 -68 -30 10 -27 61 -78 66 -30 64 -91 68 63 95 72 -111 -85 -62 8 45 -58 -90 24 -45 82 -84 99 -55 -51 -79 60 139 74 100 77 146 -76 88 -124 63 60 -104 58 56 86 102 58 11 -14 9 -1 33 30 32 -11 -30 82 -17 -17 54 -21 -35 -16 3 -24 -19 81 -11 -26 33 -41 -5 -17 -51 -37 52 -26 30 -70 -57 82 49 -76 -68 54 90 138 -80 -1 87 76 -78 -41 52 -61 33 24 48 -37 -86 -85 -89 104 -150 -119 92 -77 -81 -26 -77 -116 85 -95 -112 -130 127 92 -111 77 76 12 -81 -52 31 -67 31 -11 46 5 95 20 2 -71 -16 65 83 -85 34 70 -75 -93 103 -153 157 91 -88 123 173 122 97 98 172 76 98 -57 -129 -153 91 93 -90 112 -44 49 80 35 -81 81 80 12 48 -24 -8 -35 -21 42 18 116 -77 -102 -34 20 100 -109 46 24 31 28 -62 13 -34 74 -14 -53 -40 38 -25 -26 -15 14 -44 -16 -13 28 -72 -11 -2 83 -50 51 29 14 -17 24 -11 16 -49 -43 0 -44 -23 -20 31 -18 -44 -59 1 37 7 -39 10 -66 3 -6 23 7 -16 -3 -4 10 6 19 -50 34 -94 -9 -1 53 38 -15 45 -78 107 -90 152 -117 -67 110 158 -94 80 -124 120 -73 135 -54 -69 -100 67 88 8 37 41 43 -31 -50 37 -3 -36 23 56 -37 41 -13 -10 -27 14 25 37 41 43 30 -3 -1 21 -25 13 -33 -12 6 44 51 74 17 41 -3 38 -3 -8 33 9 32 37 -66 58 7 23 93 -59 7 -102 61 92 -104 -77 145 39 61 -67 -56 -98 80 -87 48 39 -1 96 -65 86 -17 48 53 70 72 -49 -63 -18 49 -37 53 21 -56 8 -48 94 17 52 41 -9 74 22 3 -12 -14 -24 43 9 0 21 30 -2 13 -12 -47 109 62 39 59 -112 114 -97 95 -109 178 129 118 -91 -169 -201 190 -93 -49 -191 149 -128 84 -69 -88 -87 -76 -96 95 83 -86 123 -84 -104 -87 116 71 -109 0 5 -21 34 -64 -103 -24 -98 72 84 -76 90 -86 -34 -84 -40 -39 -77 18 61 -62 29 -46 44 48 -2 -29 -18 19 37 -25 24 1 26 28 -70 -72 -44 51 -6 -29 74 5 36 58 78 -111 -126 45 56 -80 59 67 32 154 41 58 72 2 7 -23 30 3 5 83 25 44 39 113 18 -60 -1 10 15 28 26 69 -19 41 -26 13 -18 3 18 25 -20 -46 62 -80 66 -39 -39 -49 -72 -20 -4 43 25 2 -1 43 -15 -29 -16 22 24 -24 1 -10 5 -19 69 -6 53 -19 -15 31 38 13 -41 -45 -23 -23 39 -65 -68 -39 23 2 18 8 -30 -25 -8 2 49 -28 -4 -64 -6 -40 -21 0 12 -34 22 62 39 -54 -24 26 69 -7 -3 -26 2 -20 28 28 62 143 -115 65 63 79 -63 127 68 85 -62 83 -48 62 6 -19 2 11 24 -19 25 32 -44 -10 6 1 -20 -2 -11 7 -25 26 27 21 -11 -5 7 -6 9 41 9 -34 13 -5 -3 45 -35 -11 33 -73 -29 -1 46 18 2 55 16 -40 10 -14 -16 50 12 -7 10 -3 14 -26 -40 10 -28 -21 -63 -19 5 26 34 7 28 -52 23 30 57 3 100 13 44 -16 -21 50 18 14 -30 22 18 -9 31 -41 18 15 -17 61 19 36 -13 -27 93 19 69 -28 -49 43 -36 -2 -1 -3 36 3 43 85 12 -25 48 43 -91 57 66 10 29 24 -3 45 3 -42 -4 -19 3 7 -51 51 -52 15 -10 87 41 25 49 -24 42 -43 58 -48 -37 7 -29 18 -13 -26 -29 -49 -2 7 21 19 -54 -20 12 -7 -118 -126 127 133 -104 -86 -138 137 68 -29 80 -87 -103 -33 -53 -80 -65 -56 15 42 5 31 9 67 39 4 35 67 4 -30 -55 -36 60 -28 28 -66 -66 -15 -63 -90 51 15 32 -45 -9 -30 -66 -84 -19 78 -35 35 -113 108 -104 -86 -79 118 93 45 69 93 -50 60 -44 -42 -3 70 -43 -3 -46 2 -15 -12 -25 -45 -26 10 -6 -53 -43 26 -33 -24 -20 -26 -4 -74 -20 -1 35 -15 -52 -53 22 -44 -32 -31 -37 47 36 76 76 -42 74 88 44 66 87 94 71 -75 33 -69 13 -17 12 -17 9 -4 -27 23 -10 8 32 22 -2 18 100 -52 66 16 65 -84 53 -49 -51 -52 -63 -54 109 15 47 8 -24 72 30 86 -62 41 -51 -93 -96 -84 -39 -1 65 37 45 -14 -5 1 17 11 37 25 -13 19 -68 31 35 -17 9 43 26 15 -15 20 -68 13 -34 -16 3 -24 -33 -19 59 26 -7 34 9 35 57 0 -46 -61 -28 33 27 1 -97 56 -53 -21 -22 -60 -7 -20 -16 27 51 -66 45 -10 2 -14 89 -12 0 -69 -38 -35 -39 96 29 66 -32 72 -40 29 -35 56 22 1 -18 5 19 55 -21 65 97 -20 -4 -66 100 69 51 1 -21 -12 -79 19 -97 -20 18 -62 -52 18 -37 11 -69 -55 69 1 53 -30 -45 -12 -24 -46 26 46 29 -27 -19 23 -47 3 -61 44 -68 46 -51 105 -100 -66 43 82 51 58 46 -116 -95 83 48 -60 95 26 12 -56 -6 -1 -2 -8 21 -11 51 52 48 -3 -42 -41 -3 40 6 -69 16 52 -16 42 -74 56 -34 -83 -51 -69 52 61 -1 67 1 51 35 54 -47 27 -28 -7 71 -9 34 -66 -40 -39 21 -5 35 -18 -7 17 8 -45 -90 46 -53 -7 -75 64 49 -42 62 82 61 25 -3 -55 -57 -11 40 -43 19 20 30 11 -31 -33 40 -26 19 -46 20 21 -4 43 -2 51 -24 -31 -18 62 -72 -74 -56 -44 107 63 -85 19 64 -71 -98 -40 -28 2 -110 94 -110 76 -25 59 44 -36 23 110 96 -101 78 -137 -97 105 -150 92 68 134 100 -118 36 -92 -12 60 119 -182 97 -72 -132 107 -100 61 -19 58 48 -32 65 -33 -86 -46 -2 -24 -20 42 -13 -40 73 -55 61 -30 -30 59 20 -19 -20 -5 57 51 -12 14 33 59 28 19 -47 -60 -48 51 98 -70 -12 84 -80 -61 55 -83 -87 38 16 -80 77 -49 33 58 61 83 64 -39 -17 97 -45 71 64 30 56 -60 -33 7 42 80 10 17 -31 9 -14 28 -29 -42 27 10 -36 -16 23 -33 -26 -51 -36 6 54 36 -55 28 66 -42 84 -53 18 1 -64 42 77 1 47 -61 -36 -3 35 14 -17 28 -91 -33 -37 69 -19 -37 -85 34 49 -17 -26 -8 -32 -11 70 -66 36 -41 -58 32 40 94 -96 88 -20 71 -3 75 -28 -29 -11 6 -1 -24 -43 39 -5 33 -9 37 -67 18 -20 27 12 -9 -52 30 -27 -24 72 41 43 4 -33 40 93 -21 -50 -5 -27 -1 40 29 -7 -49 95 26 4 -19 46 2 -9 -10 -31 -34 -24 -60 -24 8 19 -34 -11 10 15 26 3 -3 45 83 -46 -6 -46 -53 -20 36 -3 -45 -7 73 111 -114 113 -84 -126 119 107 -160 230 97 -82 -38 31 145 -12 68 40 -55 -55 -73 -19 38 73 -50 -42 -72 -26 -107 29 -48 35 21 72 -63 -94 62 58 127 -71 18 -62 51 112 19 -42 -35 -38 -40 -26 9 -61 -40 -30 3 14 8 -5 71 1 29 20 12 5 9 38 -7 -23 -34 92 11 5 16 -19 48 37 22 31 49 -30 -1 40 -22 33 6 15 14 73 -55 -101 -61 44 -37 -36 -26 24 -72 -74 96 -65 -64 -93 59 61 71 51 -88 8 -10 54 -50 74 -2 -155 -108 14 -130 -101 -66 104 -107 121 122 107 -138 -119 141 26 102 47 -40 105 14 -40 46 60 -24 83 -37 106 -49 -39 95 83 93 52 -51 139 -104 -74 77 -46 42 -53 41 14 -24 -31 42 -73 -7 -58 40 -8 -30 -41 81 -141 -18 63 32 -68 -11 46 -32 -38 -5 -66 -49 -28 10 -15 66 -98 89 84 -32 -11 17 53 -24 115 -39 7 63 -60 -32 -4 28 -5 -3 27 41 22 -20 -20 -45 -18 5 -8 12 -19 -31 -27 26 -29 -53 52 37 -17 -7 11 -20 -88 -27 82 -11 -28 61 71 53 65 -47 -36 14 -32 -6 -28 -14 -1 28 27 -11 -13 -37 18 -8 -2 12 -5 -15 18 -18 -4 10 -10 49 17 -39 -32 -5 -48 18 -27 -43 -39 -77 -40 -24 39 -13 63 55 48 65 -77 -54 -24 -158 119 -49 61 57 34 -71 -58 -60 -68 -89 86 -33 5 9 42 23 9 60 19 -43 2 11 -13 -10 -2 4 29 -3 -4 3 -10 -10 -8 -51 7 -2 -30 12 10 -21 48 0 12 23 8 15 25 -7 34 7 1 -35 -21 33 0 -22 17 -40 17 -13 19 16 -44 40 6 18 -42 30 -1 -5 -4 23 -13 3 -11 31 -4 -19 -3 -11 26 -32 81 -83 43 63 19 6 74 -58 61 -50 11 -20 65 -24 12 -37 61 45 -2 12 -15 -15 2 20 -33 63 -44 3 -60 29 -52 14 36 -2 5 15 52 13 13 -16 -17 -26 -1 13 64 -69 -30 13 1 30 52 3 -75 -54 -13 -37 -36 25 -31 -41 -73 -47 75 18 27 2 -44 42 -49 -42 6 15 31 43 -15 31 15 0 -7 -60 -6 16 -16 -61 15 -16 -20 -59 -9 3 -1 41 -48 -38 52 18 -55 -13 1 -31 11 -18 -27 -12 -18 43 -13 -3 -31 -28 -20 -19 56 18 -66 47 7 -31 53 -43 -45 86 1 -51 -28 -71 15 -6 -20 -50 -36 10 -1 -29 5 -7 82 1 66 26 -34 44 5 -28 1 -12 -29 -6 56 -21 59 70 6 67 -50 24 -21 -3 76 -44 -8 46 40 -45 -54 12 48 -63 4 -23 52 27 58 -43 19 24 -17 -15 -64 -42 -85 -1 65 -33 13 93 35 21 -16 -40 14 -30 -15 13 50 22 32 -11 24 30 58 12 63 -16 -14 7 -2 -61 69 -18 13 -39 60 43 -37 -8 -63 62 -25 46 12 -38 -29 66 35 -25 73 14 74 11 14 -21 34 -48 -56 107 -2 -1 9 70 89 32 101 -80 -27 -56 19 -37 1 -20 64 -61 26 28 -15 100 -88 -77 25 19 16 63 -75 -28 -19 71 -26 7 4 -9 28 15 -47 33 -43 -19 36 -77 -74 -9 2 -34 -28 53 -43 -33 -63 -94 -2 74 68 50 43 -85 -84 -125 -12 45 50 20 -30 11 -36 27 50 7 -44 3 22 -84 -53 -86 27 -44 -17 40 90 -19 -15 35 89 -45 -39 -54 78 -90 -41 -22 51 44 28 24 -22 -13 28 -19 17 26 -8 -13 36 -27 -32 -40 7 47 -34 -67 -14 61 2 -36 -40 -49 43 -68 -45 -83 90 -27 11 -69 2 -64 82 -60 -75 117 -82 18 78 -106 110 127 153 -124 96 -103 -174 -155 -98 147 -196 -182 151 218 244 186 184 -212 129 -123 -216 -173 -137 117 139 157 146 -126 -125 -22 133 -47 88 86 21 18 47 47 -38 53 -52 -24 96 -86 81 78 -59 -96 41 46 -114 -168 121 114 -3 -95 -88 -59 -84 55 -127 -80 -23 50 -75 -86 45 52 -87 74 -43 36 24 -44 92 144 88 -117 -84 90 -110 98 -66 26 -41 -28 20 -29 44 43 4 54 -95 45 16 -74 15 56 -7 -29 -67 -78 79 -30 132 67 32 23 64 -83 9 -115 39 48 -23 -20 26 -25 -47 -85 57 -56 -33 3 28 50 7 -43 27 11 -55 -38 -35 -7 63 30 -72 31 26 -69 45 -12 51 62 12 43 36 -46 -67 -42 74 60 -76 38 45 -21 37 94 25 -9 24 28 -11 6 6 40 -60 -55 -13 26 -72 111 -46 -48 -44 38 -27 -1 10 -23 18 49 -50 96 64 -55 71 -10 -4 -99 -136 71 116 22 30 66 53 -34 30 33 -66 -18 14 59 -17 25 -62 69 2 -31 65 -59 54 47 43 36 21 -51 -27 -62 135 -29 -87 33 -47 60 24 -61 -94 99 64 45 39 -43 21 -75 77 -9 -10 -16 -74 39 -8 -2 -16 -40 -24 53 -17 13 22 27 9 -34 -51 -46 111 78 19 -29 -29 -28 82 75 -42 -36 -42 -66 -15 -90 -19 60 -53 33 83 64 -63 -53 -57 -48 53 -24 87 83 5 -113 -86 -13 -25 -53 -89 91 -18 62 -72 109 139 -92 -156 -142 108 -146 -123 105 112 151 -120 149 -94 152 -134 -89 -120 84 60 141 82 106 -129 -128 101 111 49 0 -86 -39 17 32 141 47 80 -68 -5 -65 -14 34 8 -34 4 52 -16 -73 68 -89 -41 -34 89 0 -3 96 -75 -57 28 20 32 37 -16 38 -40 -56 -16 27 -9 42 44 44 -12 -96 71 102 90 118 95 -29 112 -81 81 37 42 115 46 61 -37 29 -13 -63 10 -36 30 4 -16 -85 45 -26 -6 -1 18 -59 -2 31 29 -58 90 -53 28 -62 117 93 -64 -21 -108 -35 11 -55 -49 21 10 15 9 -28 32 11 8 -26 23 -21 -27 19 9 17 -58 8 49 -45 -45 -52 25 12 36 -32 11 -28 61 1 6 4 -50 -45 2 -5 -7 14 17 -13 29 -57 -35 -37 64 -11 -35 -31 -60 60 -93 34 69 20 -48 21 -48 6 60 63 14 28 35 40 55 38 -52 -44 -5 -29 -61 8 23 27 -40 11 -65 -46 -52 82 21 -62 -59 6 -34 -69 70 69 -2 -56 -50 130 42 -43 113 45 -25 -30 38 39 35 -88 10 12 91 -93 -54 -46 -112 70 51 53 153 -128 150 -182 149 -89 156 -125 99 45 -47 -120 116 40 -13 -80 -56 -92 60 19 -93 -82 -88 -30 86 59 1 75 78 46 84 60 -81 -87 53 52 24 -49 -60 28 -7 5 48 95 -64 -81 91 60 -76 -85 -46 34 70 54 81 -38 -51 -34 7 8 -36 85 -2 54 -51 57 -2 -83 6 44 -142 52 -3 57 48 52 -85 -20 -29 0 -51 -46 -2 6 -12 20 -5 -16 -27 -13 16 -46 -76 43 10 -37 -72 -56 -17 -6 25 -17 -29 24 -44 53 81 -27 -68 -24 80 -61 35 -16 105 122 60 13 -66 125 90 143 129 -86 -74 -15 84 -89 135 -143 96 99 -123 138 -169 -117 -95 163 -135 -82 98 -73 -84 99 45 98 50 79 53 -65 63 73 -57 -75 -67 -89 72 59 -71 -110 143 38 144 -34 57 84 -111 -85 -71 -95 8 -93 -62 -79 -91 76 -58 143 -125 -98 -116 -195 123 -183 -104 137 126 -128 -35 -126 -80 -72 -42 -68 -55 -19 -39 -6 13 42 -12 -30 5 3 -41 -100 -41 -57 -57 -72 71 31 -87 -73 76 87 65 71 -52 54 -59 76 16 11 32 -11 42 -6 49 -100 20 27 48 -3 50 -20 -29 -1 -8 41 30 2 12 21 37 -40 -9 -31 -6 0 13 17 10 -16 0 -17 -10 -4 22 7 59 27 7 -6 5 -27 83 -58 59 93 38 -5 -44 104 58 27 -15 35 -6 -41 -78 -58 -48 26 21 -42 88 -48 -71 -126 -53 -77 47 33 -91 112 18 60 36 39 6 38 44 -43 41 -48 56 11 14 31 -18 -8 18 -15 42 -22 5 -23 35 32 16 -27 13 15 -37 -43 11 -82 6 23 8 -13 41 55 -31 -36 28 -18 -16 -14 20 -17 -38 -9 -89 35 56 52 87 85 90 53 -35 -47 -70 -39 40 41 -10 32 -62 -25 2 17 12 -55 -15 11 7 -40 -31 66 34 21 88 -80 -95 -23 88 51 -54 -5 -90 -37 -29 -113 43 46 8 -124 102 -110 -14 14 35 33 -59 56 -18 -9 4 26 10 -27 -11 -82 34 42 32 13 28 2 -14 -19 -62 -81 7 45 7 68 33 -11 -21 9 16 -17 21 -29 -3 -35 23 -20 -34 -6 48 1 -7 41 0 -34 24 82 58 7 -65 -42 39 94 -63 56 53 -46 92 -59 -43 64 -38 -68 -56 62 16 -49 -73 -38 50 24 -76 4 -55 -97 -98 9 87 -80 15 -17 -44 -26 8 -15 -12 -30 -37 4 43 42 -12 -15 30 26 -51 54 -3 5 24 12 -83 -14 66 34 3 -88 -66 -21 9 -84 27 -24 -18 -8 10 -67 40 -13 59 -4 -39 51 -39 -11 -15 -12 -9 -36 -10 -3 -17 42 31 69 -17 -44 13 -44 -32 -3 76 15 15 41 0 -17 -2 23 19 21 37 16 25 -20 -27 3 17 -78 60 -14 -18 31 -26 32 -6 32 17 28 5 -21 8 12 -68 15 -63 52 30 14 -22 30 -62 -1 22 11 -26 -11 8 36 -29 46 69 56 43 41 -64 -51 -42 29 -58 18 -25 -26 48 -41 38 -21 -31 7 14 -54 12 56 55 53 35 -59 -11 -28 -33 -37 15 -14 14 -68 -23 6 -23 38 -77 -35 -28 16 18 12 13 10 49 18 25 -1 -47 -2 -59 40 -30 -29 1 38 5 1 -63 -39 31 -17 -14 -34 -76 -70 -16 -32 -98 134 -105 98 -97 -62 79 -122 -116 -73 139 170 162 94 100 -1 -3 125 -57 86 -4 -19 110 12 69 -72 -46 88 -76 -2 -46 -107 -95 -53 61 92 -60 -63 34 38 -83 4 34 -40 48 15 16 0 -9 58 29 -22 5 -49 17 8 -17 21 -35 47 43 11 13 -69 14 -32 5 -77 38 19 33 -85 -70 -25 8 -67 -77 37 -86 70 33 -60 108 112 62 81 159 84 123 139 57 -124 94 113 28 -72 77 -83 -98 -99 -69 63 -64 30 24 -32 -76 -117 94 -111 29 61 42 -42 115 -87 -88 -23 -20 31 56 89 -64 66 -58 60 -38 -93 26 -3 -96 50 24 81 38 -10 20 -7 58 53 70 -43 -88 -76 36 -68 -8 -54 -82 23 -39 59 -36 -44 12 -22 10 -62 52 -11 41 -55 12 -76 56 -65 -33 -43 -57 -82 56 25 -59 101 -103 -116 142 115 50 -68 181 -144 -108 56 -133 87 -88 132 -102 -21 -75 -27 89 -1 7 86 -41 -45 46 64 -3 -9 -70 -96 -96 90 112 38 64 96 -50 83 -88 149 171 -168 -146 163 -137 95 115 160 107 117 159 -88 -97 84 -119 65 51 84 20 -14 28 20 -5 -43 5 19 -15 -24 -17 55 -75 40 95 54 -99 71 -141 125 -142 -107 -49 85 65 81 -53 -10 -62 34 -88 -77 -84 78 77 50 -6 65 12 -19 -31 -17 -3 26 -7 -39 -21 -11 8 -15 23 54 -3 22 25 12 -6 18 -55 -40 -6 -76 -83 -87 60 -74 78 59 -87 73 -80 -38 34 -23 49 -25 -2 -47 42 -5 -39 -79 -70 38 -21 -6 -41 -2 -2 27 -11 -32 19 -63 49 -26 -53 2 -20 -1 -28 -25 12 -17 -42 -50 -37 -9 28 33 -44 42 -5 32 18 -11 55 29 3 -18 -69 -65 -10 30 -41 -72 39 -45 27 -15 50 14 21 -32 -45 41 40 43 -19 -32 -13 9 11 -17 -15 -12 39 -9 52 -38 -70 -74 54 88 27 -84 -17 85 -65 -61 -30 -17 67 -49 -15 18 -41 -72 47 -51 -85 56 104 6 20 0 -6 -39 -31 70 -115 34 -39 -36 48 26 83 70 47 69 -25 11 31 -59 55 -16 -53 -29 -16 -35 12 -13 -20 -47 21 -33 25 -14 3 7 -40 32 29 40 54 53 5 41 -51 42 -87 -25 46 -96 10 17 -11 -11 -57 -57 25 33 35 -48 0 -66 27 -61 43 26 -22 68 -73 -64 88 16 29 -45 -126 -31 -23 -17 -52 34 -32 60 62 -18 23 -55 78 24 72 52 61 -3 37 -66 39 36 103 -64 21 55 36 26 33 64 -45 33 26 21 25 20 -57 -16 38 -32 -40 -2 15 1 -24 -63 -60 0 -6 -11 -7 -34 -81 74 -37 -34 -89 50 -66 -85 29 61 70 24 -21 -36 -39 -4 -25 -8 19 -19 32 -31 -51 -47 6 68 69 -44 -2 76 -66 -41 64 -52 90 88 100 154 -130 88 100 -80 96 -147 -91 -167 -164 -78 -95 -80 -163 -134 19 -79 -7 -24 82 13 -20 -32 12 88 -27 -70 -22 -74 -42 48 16 -24 87 -27 -22 -58 -53 -56 -37 -38 -40 14 20 -63 31 -9 -64 66 55 -75 -35 -23 -8 -33 34 26 57 -31 -5 15 -28 20 -13 -36 18 60 28 -23 -42 -48 46 3 -22 71 -7 -33 45 -37 32 -6 43 -56 -1 43 25 -32 34 56 -32 -49 43 -69 68 27 20 58 1 -50 3 -15 -21 20 13 38 -2 -55 -6 -1 58 31 -3 -26 89 61 -40 11 30 -150 116 -168 -136 116 155 -107 -117 -95 4 -25 21 -27 -89 -16 -27 -4 -46 24 -28 7 7 -36 -19 81 42 -54 83 -49 8 21 -67 21 9 44 29 -133 37 -20 -9 37 24 -24 -49 -7 3 2 -10 -1 -30 -18 22 -5 15 -26 -16 9 64 -41 -28 3 -34 -6 25 42 -18 -11 -56 -81 -15 -41 -80 -1 46 -58 -3 -28 34 69 24 62 -2 67 71 -49 -5 48 -76 -63 -45 -18 -17 94 40 117 -77 48 -12 -16 55 18 14 12 -41 95 -54 80 -18 100 58 114 -86 93 -72 44 -94 -124 81 -143 12 104 -115 131 -87 29 -54 -33 -19 13 6 0 63 13 95 74 -27 8 19 7 -17 50 -68 -61 -18 -23 40 -53 54 38 38 -28 66 29 78 -70 47 -130 -78 -18 -43 -53 18 -53 -29 -11 -50 -2 8 24 7 -29 22 15 -14 -66 -94 -52 -13 48 74 26 -38 -5 9 49 76 6 -119 40 27 -16 -40 61 -32 0 -2 -18 -33 -73 10 -44 78 65 -64 32 -24 -19 44 68 10 -3 80 -74 -93 -130 87 -165 85 -71 -59 -77 66 69 73 27 53 -97 64 -55 -67 54 -71 95 40 95 -70 51 90 -81 -69 -18 11 9 21 -77 2 -83 -15 21 -16 -74 41 94 34 2 38 39 24 -34 21 -2 -16 -37 58 51 -35 -18 33 69 -40 49 80 14 10 -8 -10 -73 63 -97 32 139 71 -41 -28 79 -87 9 19 -25 36 -44 21 52 47 -5 52 86 75 77 96 -12 5 -49 -77 19 2 -27 -17 -68 38 -21 -34 -9 17 -39 -69 -19 -8 45 20 49 -53 3 -42 24 4 -20 -17 -11 34 68 -75 73 -14 -32 -97 -74 52 -6 -27 -1 32 -5 -126 50 -45 -49 8 24 78 -43 44 34 -42 -59 41 -43 28 43 108 77 26 -104 103 112 101 -64 -48 -83 -9 -45 26 40 76 -6 -54 -47 -8 -84 118 90 -132 -41 79 -79 -71 20 -43 -89 -16 58 -100 -50 -59 38 -39 83 -82 10 6 -72 48 -39 47 -4 33 -46 36 54 -30 -27 -23 -31 20 7 0 -34 71 -13 10 -52 -39 -8 6 -100 -32 -13 32 4 37 -9 30 -13 -15 42 6 -49 -17 -48 -45 -17 53 -67 -48 -45 73 -81 85 89 55 101 64 27 71 5 17 -96 -60 0 -3 -34 48 6 -37 53 7 19 -4 -2 -31 -20 -16 -62 -4 48 -8 -19 62 -60 -51 7 -37 50 58 72 70 52 -46 56 61 -78 107 -95 59 105 -74 95 47 -98 -23 -33 28 58 64 106 -60 -64 -29 -17 61 -66 74 -144 79 124 -74 -78 113 -97 -2 -78 43 -66 -10 38 -38 -92 -57 -44 -73 -49 34 24 -61 -51 -58 68 40 67 101 35 34 -53 -58 -53 -90 -61 15 -93 -86 125 -142 116 -66 103 -111 116 84 -71 -80 99 101 71 45 43 32 -46 -24 -47 45 111 94 -35 38 -81 110 27 -78 -32 -25 40 -3 -59 -3 -34 26 12 20 38 88 11 -48 22 -60 24 36 78 25 56 -25 7 13 19 18 73 55 125 -30 6 27 21 71 -26 64 -39 30 -78 85 81 110 10 58 -54 47 27 -71 -17 -47 48 -29 -23 -60 -61 16 43 79 82 34 -101 78 60 -75 48 24 70 64 48 -17 -27 16 -53 -43 29 -3 35 -18 -9 23 25 -51 16 70 -53 40 34 35 -26 -31 -30 -7 32 -45 31 -59 -72 1 -49 -17 -28 -13 28 -38 26 -48 24 -6 58 20 -7 29 25 44 137 88 -102 112 -46 -68 -26 58 75 -32 4 29 -55 22 65 18 86 -119 16 36 -2 8 7 42 13 -36 32 -41 -26 -10 -18 -45 -23 31 4 50 38 -17 -3 -24 -10 25 15 3 -6 -13 17 13 39 2 45 8 34 -45 -10 20 1 6 -7 -39 -14 -8 20 8 13 -30 -14 7 22 27 -68 -22 -46 0 -28 -1 -8 -40 -41 -15 -4 35 -53 0 20 -57 55 8 -17 47 70 -72 6 26 30 -7 -43 41 -21 30 -45 -1 48 48 -108 113 75 -50 84 69 -43 87 -13 46 57 -55 -62 -75 -119 -17 0 36 -39 51 -34 -36 44 20 26 -4 29 36 17 -30 -72 -51 21 50 -32 7 33 -62 -42 92 -51 97 -39 121 121 -96 -96 -96 129 156 211 -181 -84 -183 192 -193 190 -113 -67 -153 -82 108 -32 16 76 -12 -56 0 -12 23 21 -7 -34 -19 20 -1 -131 7 -48 -35 -37 -46 50 30 82 -60 26 13 -12 -1 53 -6 -19 -5 21 50 38 -7 17 42 -46 -2 47 17 24 -28 78 -22 42 -25 24 21 -3 28 0 88 34 51 -59 -40 -11 -41 -9 63 45 60 -30 -31 -16 -51 -40 23 31 53 -43 -82 -17 -19 -35 66 68 112 78 -77 41 94 -53 62 29 -47 62 -7 -35 6 -31 -33 -35 38 23 37 -15 -12 -16 -34 -47 18 -11 14 58 -58 -45 17 42 -27 9 11 30 43 -27 62 51 -16 -3 -8 -11 -3 -40 -12 -13 19 65 -41 54 118 112 -57 33 -149 136 103 -59 -97 -86 -95 -67 23 47 90 46 58 -49 4 -56 -43 -21 6 -18 -45 -15 -66 17 -54 0 31 -84 12 61 -11 -2 -38 -7 38 -8 81 -25 -89 85 36 -49 -18 -44 3 16 -44 61 -26 47 -102 -66 21 80 27 -16 21 8 -27 45 70 -67 47 37 -12 -28 103 18 -70 -72 124 32 -12 -14 -9 -71 -32 -29 -35 88 -45 -81 92 -32 -53 15 20 -3 49 -29 -14 -58 -7 35 -48 11 13 45 18 38 -2 -60 72 -67 43 -98 146 47 119 84 -158 167 -144 -133 -137 126 130 162 -173 -172 -147 -89 122 -161 -194 120 -108 101 -96 63 87 66 -75 -31 111 -53 9 -99 -52 -41 19 -24 -91 28 -25 30 48 47 -18 -10 -3 66 -23 -70 51 53 26 -17 -5 -20 -35 31 -10 110 106 -102 39 105 65 82 65 -134 -72 -123 -136 142 163 -125 122 136 -116 -106 78 -110 -85 71 82 -161 -86 127 -110 128 59 -79 -45 -70 84 84 80 5 86 -42 66 -44 -4 50 -38 1 -12 12 -3 55 -21 23 -49 -40 12 22 -57 33 21 -8 24 32 6 29 12 4 -52 35 -13 -13 18 16 -24 -3 -13 -5 -22 72 -25 37 -48 -19 -10 22 10 -1 -27 23 19 -68 -19 12 -40 -71 -31 7 66 29 -24 -47 -10 56 -57 69 10 93 -94 -49 -46 73 72 25 34 -60 -91 166 13 96 40 118 79 56 -96 100 -94 -68 -46 65 42 -29 -43 -76 -35 58 78 -36 45 -88 36 52 119 116 -53 -56 -77 32 74 67 63 49 -30 -66 -105 93 -92 -73 -92 121 166 68 103 -152 100 94 -102 132 66 -104 -97 -118 72 115 -117 -125 -109 -108 45 -73 67 -54 -76 -46 -29 84 53 12 72 -80 16 35 -28 46 -31 -24 21 -22 -46 -39 8 -20 -13 -29 22 -42 51 -2 -38 60 -21 -27 -77 14 46 0 -77 -24 24 -14 -61 -70 18 1 48 45 -38 -40 -27 -68 -24 31 -66 102 57 -71 29 52 -82 58 -34 -53 -59 -23 26 -7 90 54 -22 53 59 20 -45 38 -29 -27 -59 -10 -17 32 -55 31 51 -39 24 -23 -39 -14 -49 20 45 -41 -13 50 -42 -11 -21 -10 -47 67 31 -55 -58 46 -8 -9 62 24 -37 15 29 55 -14 38 42 62 44 -9 13 -63 -38 110 -16 42 -24 18 48 -51 -27 27 53 88 71 110 -48 5 54 -65 -19 -77 -82 -39 4 4 -12 84 -4 8 -36 -15 29 0 -1 32 12 9 -59 -9 8 -28 -61 58 -24 102 108 102 102 114 177 165 162 141 -130 -98 33 25 -67 86 34 7 -56 -40 11 1 -10 101 13 -6 -33 -34 -15 -15 -4 10 71 84 -24 -21 -38 -69 54 116 -26 -33 78 -40 -27 -10 20 67 64 22 49 54 3 0 -12 -82 55 -25 -10 -101 -82 73 -44 52 -20 -107 -85 -54 -104 -59 -49 -97 -86 -9 -81 -12 32 -11 -11 -12 -68 20 12 23 32 -21 9 -51 -37 -37 29 -26 6 82 2 -1 28 23 -61 -33 -19 -26 7 -82 105 140 -142 -94 64 103 115 62 90 -83 94 -74 114 -29 -88 64 93 -88 69 47 -73 -116 -32 -35 15 -30 -82 -6 73 64 -5 -26 48 -44 -98 39 19 -30 44 -11 -24 53 18 -54 27 25 23 38 47 -4 51 -53 38 -13 86 9 9 -107 62 -62 21 7 -43 102 -15 -20 -46 -31 25 39 35 24 33 49 3 51 87 -49 20 61 35 28 52 70 -51 39 66 -37 -51 -33 7 -86 24 32 67 6 54 -31 -32 -110 -117 -18 52 123 83 96 88 111 141 -42 203 -217 -222 -151 178
6144,2,27 65 51 -4 46 20 -2 30 9 57 38 40 -13 -29 54 -64 45 -54 18 2 16 7 -17 -34 -11 5 44 -7 69 -5 -6 20 -41 -50 17 -58 -44 -24 48 -1 -69 -12 8 -13 28 -42 -38 -56 -29 6 -12 54 -83 -7 -25 -61 3 -59 10 -23 -33 40 -62 68 -21 8 22 8 -19 -38 4 -54 -14 21 9 17 1 -78 58 1 -10 -14 -24 -3 91 15 20 30 -35 -13 -19 -93 0 19 25 -45 37 97 -4 15 19 36 16 55 54 0 -53 50 15 -17 6 16 -77 -9 41 -74 -30 62 41 -41 41 3 49 23 -15 98 -41 -18 84 25 43 24 54 33 -45 -15 -34 63 56 16 -21 -23 -7 57 -19 -31 -40 25 27 -22 -38 83 -50 -25 36 30 50 36 1 78 -71 -20 -10 -32 5 -36 -21 -25 1 -60 -35 -8 -51 -11 -23 85 -49 5 33 -40 -19 51 91 10 25 -6 23 -92 -50 88 8 51 13 31 4 -38 -48 -83 -16 56 -17 23 53 1 31 -39 -20 -48 -2 52 -44 60 -14 -6 -31 34 21 -31 52 -62 -12 15 20 71 42 -4 59 16 -1 -16 46 -11 48 -8 -72 46 -2 -56 32 3 -47 15 38 59 -28 -73 -59 -1 54 29 -24 4 -42 8 -15 -36 -46 -37 30 6 -53 13 -25 62 -50 49 36 -39 -60 31 -27 6 -41 25 14 52 -57 0 -31 -58 -60 66 -61 26 51 40 4 -28 -73 -51 -28 -51 27 3 -19 1 15 60 -20 19 31 -76 12 -79 11 -33 47 -41 24 -31 -58 18 -66 -3 -13 45 -79 -25 -62 16 16 -41 -3 19 28 -44 -40 -47 18 77 -20 5 -4 12 56 1 68 -48 17 46 12 10 13 14 56 -2 -28 -45 69 59 35 13 -59 36 -49 35 31 -7 -14 18 5 -20 39 63 -58 -27 40 -87 28 -25 -24 -95 -39 51 16 -66 24 29 52 7 38 50 -59 -1 -9 43 -63 19 66 -19 49 31 81 -66 -6 44 2 -86 21 35 4 22 6 -69 -15 -66 -19 -11 -23 7 58 -14 -33 76 18 -9 21 -33 -25 -24 -4 -5 -63 31 9 -39 -34 -25 44 -28 24 -44 38 -72 11 62 49 -11 -18 37 16 11 35 15 2 20 47 -40 17 80 59 -52 -52 6 68 -6 17 3 -6 -45 32 25 -53 55 18 -42 -14 -31 15 57 -57 76 31 12 21 -13 -51 -54 10 -58 41 51 111 53 73 20 6 3 -20 6 -11 28 -50 -12 -16 49 -58 12 14 -41 23 -8 -34 -42 -3 -45 -14 -55 -35 -19 68 -14 45 -21 5 -40 62 59 -26 15 -23 63 -40 -22 -34 96 -17 57 -34 -21 79 68 46 -10 -6 -8 3 -38 -48 -80 -83 13 74 -37 61 52 -68 67 2 -15 50 -30 93 -66 10 22 22 -7 50 -47 34 92 -31 14 -29 -61 75 -50 -86 3 23 -3 -42 64 -37 25 -30 -23 49 68 -12 -1 -16 -51 53 23 5 69 2 32 -8 -10 -103 -8 -58 -20 56 56 24 92 25 -62 24 4 21 -55 -32 -15 -26 -24 35 22 -32 87 -5 10 -15 76 4 -22 -16 34 30 33 24 -23 -34 -51 76 -10 -34 18 28 -25 -23 -1 -13 -43 101 7 11 -15 4 9 23 2 -30 32 -13 12 -8 -39 10 -47 -23 4 27 -63 -30 -12 73 34 21 13 -37 -52 17 40 -49 42 11 -60 -35 0 -25 -15 -88 33 -48 20 24 35 -51 24 21 66 45 -42 -51 17 3 34 21 0 53 -34 19 -12 -57 9 22 19 21 -11 -32 3 25 54 0 -53 34 1 19 13 41 -4 49 -78 67 -62 -29 86 -10 62 10 -123 -59 67 -11 -56 -13 34 34 -34 -10 -47 34 76 39 -13 41 8 15 -66 -39 19 14 14 34 9 63 40 14 -1 50 96 -25 -52 -16 -47 29 -40 -31 -12 16 -24 34 -25 -32 -14 21 81 -15 20 5 19 45 -42 -43 -38 26 -44 77 -12 -11 -121 4 -50 -37 9 40 -3 33 35 -17 25 38 -27 -51 28 30 -44 32 -57 47 -50 -15 56 -93 34 -41 -13 34 -48 3 -14 47 -47 1 57 19 30 11 -74 67 38 30 23 49 -55 -35 -36 -36 -13 48 42 65 -18 -39 -4 -41 -18 38 -32 -14 2 10 23 15 64 0 74 19 -86 -1 44 20 9 -79 -32 67 -35 -8 17 -71 -73 -58 -51 51 -33 -93 -14 65 7 -15 -70 -64 1 55 -5 -52 48 34 -117 -34 -44 -8 49 -35 -45 3 28 5 -12 76 99 -21 40 14 -41 15 63 58 73 69 -13 -86 -21 -118 -16 -8 -40 75 31 -50 -36 -26 15 36 60 9 -13 -36 -40 73 -4 15 57 -18 -4 51 -58 27 -57 72 35 27 -20 -64 -37 77 -33 17 -28 -28 -83 6 -17 -57 33 -4 -9 32 -66 -23 49 16 -62 -37 67 -1 79 43 -31 28 -6 22 -39 28 59 -36 -29 2 -25 76 -30 -3 -2 -35 28 5 -63 41 13 -25 -30 23 -42 -17 18 -17 21 103 28 79 15 74 39 13 65 19 -18 -18 -56 -57 18 50 5 26 13 -46 41 44 34 46 -18 -40 -40 -25 10 -50 -28 -42 12 30 35 40 35 -58 -2 -13 -52 37 33 35 -8 -37 6 0 -15 0 -6 -37 42 14 65 -44 -47 83 -13 16 -6 31 -49 -65 72 0 66 24 -12 40 -28 50 24 45 -24 5 -11 -46 -56 36 -20 -112 -16 -19 -54 -21 -71 -44 -51 21 -62 -106 67 -3 6 63 -42 6 -17 -42 -24 6 -37 -50 2 -49 -9 -1 43 -39 -15 15 -12 13 39 -53 47 9 -15 -24 -49 -27 57 -60 14 57 -11 24 21 -60 -18 -12 101 14 77 18 47 -36 30 -79 -59 18 -2 53 -3 38 -73 41 -7 47 -47 25 10 -34 20 -11 7 -30 97 -40 -38 -39 -17 4 -96 -17 -4 -45 -1 -74 -82 -21 51 10 32 69 -47 24 50 29 -86 -57 -76 -2 55 38 -48 -8 -35 24 -15 -65 -49 24 -34 64 17 75 -63 35 -38 81 -44 18 64 13 -15 -4 -67 39 59 46 73 0 13 -22 -26 20 29 2 10 23 -22 23 -49 16 65 -4 -44 -6 -21 8 -21 38 -25 -29 40 -9 -46 -64 31 83 14 45 15 -53 -59 61 78 29 -26 -42 -11 -36 26 77 -59 -26 -28 -3 4 73 -97 43 -29 -31 -31 -1 43 23 -45 -17 49 30 20 39 57 -60 33 -86 28 33 -47 -21 -49 -46 -30 -32 28 -83 -51 14 -60 54 -40 -59 -10 -3 46 35 -15 31 -30 -45 -49 -50 12 -67 39 30 -5 -35 35 16 -38 -18 44 23 -19 -5 76 -25 57 -21 11 49 -65 -33 -9 98 13 -20 74 -10 -75 -12 -34 30 2 -3 -52 69 -14 -5 -16 8 53 -27 1 -35 43 24 -13 6 -33 -56 17 -22 -49 -21 -44 -11 -69 1 -26 -37 20 22 -76 -21 3 3 -46 -18 -4 10 35 -12 2 51 -31 -2 6 60 -14 4 20 74 21 -22 16 50 27 -7 7 55 -49 35 4 -24 17 32 48 -66 -64 -29 34 -48 19 25 -4 -40 44 45 31 -8 -7 -23 46 -71 -25 -40 -38 -20 -23 -13 -24 -18 22 5 78 -32 -63 -73 -36 -40 -7 -10 -13 19 -5 -37 -29 -34 0 -28 -30 0 -6 -36 -6 38 27 40 29 2 -5 -51 -31 33 -58 -27 73 -58 -38 33 -29 50 77 23 49 -78 -39 -56 2 38 -27 -7 65 -79 -13 -4 44 -21 48 -15 -7 69 9 22 -53 -3 71 9 -93 -34 38 29 7 25 11 38 1 66 44 -52 0 -15 -28 -27 40 9 -49 -50 -54 -1 -26 -74 9 55 -86 -32 15 -39 -7 -80 -2 -63 5 29 27 -36 0 59 22 32 21 34 -45 -3 39 0 44 7 28 38 67 68 -77 -50 19 43 -11 23 -33 41 44 37 -36 -10 -40 -25 -9 -33 -24 11 -16 63 2 11 94 -74 46 34 30 32 -21 -70 12 -81 -11 -74 5 -42 -36 -101 -10 44 -61 48 40 -27 -43 31 33 18 57 14 61 -18 -28 17 74 38 -19 43 6 30 13 41 -33 -2 -10 -8 7 -6 -10 -5 -16 44 -27 48 -9 35 -58 -73 -24 64 51 -51 44 -15 9 -11 -44 13 -20 -33 26 -7 22 0 -19 -2 -21 29 -41 -14 -68 -72 0 22 47 -36 -63 60 -5 -47 -39 -25 -95 -64 70 22 -21 49 14 -20 62 23 -11 69 -76 -46 66 38 -1 55 -49 64 -24 -51 -20 -74 100 -39 7 17 36 26 10 -79 -17 -24 56 -59 -14 0 11 -43 -18 -89 -22 32 -24 -20 20 16 1 -31 -23 -46 -5 34 -58 14 -58 -69 -60 26 13 24 18 -5 37 96 -74 12 -25 35 -52 -12 -40 -27 -6 -54 -45 21 25 20 -2 36 91 25 -119 59 62 -44 -28 -40 7 -54 -32 13 25 30 11 2 56 -25 0 46 -15 -36 -46 47 -5 -9 -17 75 7 -40 59 -50 50 -24 -34 -78 -3 -3 -3 -42 -46 -8 20 -75 0 48 -107 61 -16 21 82 -4 17 24 3 70 11 -7 -36 -21 50 -8 -39 45 75 -28 -63 12 9 -19 -103 63 95 -47 35 51 -25 38 -55 0 85 -15 25 -24 -48 30 -121 -29 -58 49 53 18 -32 -27 -35 74 80 -18 53 0 -31 -4 -64 -65 7 -24 53 -69 0 8 -102 58 -27 -20 53 21 27 32 -38 -12 -6 -41 -1 -45 -28 -39 60 4 -59 -65 18 65 -32 -80 52 -4 19 -50 43 -32 -15 28 -28 60 4 -19 38 2 -57 56 32 -8 45 30 -40 -34 -52 -40 -73 11 24 -39 9 -71 28 -28 49 3 -26 1 -2 -76 38 53 47 79 53 79 -14 70 5 31 69 -27 8 78 2 1 8 -12 -18 -25 65 40 43 -67 17 27 -84 34 31 17 -20 -12 -20 27 -76 -65 40 -33 28 -6 -3 7 -59 43 65 -7 -19 13 2 -57 34 32 -14 -44 0 22 4 34 -1 -25 -79 -44 -14 16 -5 -25 -30 115 32 -89 1 -30 -22 -12 -43 19 47 -9 -25 -13 22 -64 57 -15 -55 38 -8 70 -15 23 -45 40 12 -61 39 -22 18 -59 -22 19 38 -83 1 -45 24 -36 45 -5 -31 -8 47 -72 -43 -33 35 -5 -15 -39 -12 38 50 15 5 -35 -54 11 -32 7 29 -15 -8 4 16 71 -24 16 -39 -59 -35 -21 0 -4 18 -17 4 14 -15 -11 21 -66 24 41 -25 37 -21 -92 24 69 26 95 -28 -43 -22 -59 35 -37 -34 5 5 28 -25 58 -3 4 7 68 19 2 -64 -13 -14 -57 -48 -58 56 -73 -20 -10 1 39 -8 41 20 -7 34 8 -49 10 6 12 -25 0 4 41 -22 14 -4 6 -7 -21 -76 -41 18 34 -48 4 -31 22 -10 -35 38 17 25 46 -91 67 20 -8 -33 -8 -26 -24 -55 30 -2 -30 21 -52 45 14 -32 -52 -14 43 -56 -23 31 43 24 2 73 -30 -8 -12 20 -27 4 55 -23 -53 -98 80 29 31 -29 -36 -47 78 65 7 -72 1 -24 -14 31 -21 -15 14 -30 -26 -35 4 50 14 54 -12 -35 -53 -110 43 -37 22 -15 38 -23 -60 26 -69 -48 55 10 -74 18 27 56 57 -51 20 -25 27 -34 33 18 51 24 -69 -12 42 23 96 40 18 16 18 21 56 -50 72 -15 -1 21 50 30 -28 7 10 28 -43 -32 39 95 8 -23 67 -37 -3 36 6 17 -30 72 60 -22 -20 -9 64 33 -47 -6 -29 -26 92 8 84 -19 -13 -85 76 -129 -5 -74 -51 0 -77 -22 3 33 -20 62 8 -33 -80 -2 -8 30 -69 39 3 -4 33 -18 29 72 -20 -18 -32 -42 -39 -13 -11 -89 -2 56 59 -19 -15 19 -21 70 35 94 21 -10 40 34 61 8 55 -56 9 46 75 53 -70 33 -6 -14 18 39 -13 75 8 -20 -31 17 -70 33 77 -11 23 32 48 7 -60 5 -46 0 -13 -6 -60 -34 25 -22 18 -82 19 70 9 3 -30 -30 -96 -55 45 2 -28 -10 -51 -36 -31 -34 -25 -8 -37 58 69 90 -37 -48 61 -9 79 16 19 -94 13 -1 -61 3 8 -4 29 -8 43 21 -77 -13 33 14 21 5 -21 93 -52 18 49 -49 -31 12 -7 -7 28 71 -7 -80 -15 -101 12 -64 -7 -3 -27 -35 -50 15 57 18 24 31 49 12 -28 -27 -72 17 -59 30 -9 30 -33 -17 -2 15 -64 -73 11 38 -27 -45 15 -33 -4 -66 60 58 19 33 -45 49 29 -18 -3 28 18 -15 14 3 91 40 -16 -40 -13 -8 -11 12 113 -79 63 51 -40 -34 30 -21 -4 64 -54 38 7 -8 9 15 28 -1 36 -35 -32 43 6 -12 -15 -14 -65 -24 19 22 -68 22 -4 7 10 50 -54 2 58 -26 -2 25 35 1 41 -16 -1 60 11 57 -4 24 47 37 -49 14 -16 79 55 -21 -62 18 58 54 -60 31 -56 4 4 16 -39 19 -24 -32 50 55 5 -35 -72 -38 12 32 -21 32 62 6 -60 -78 37 33 -41 -20 41 -28 -49 16 37 -10 32 -33 -25 82 0 69 -29 25 -1 43 1 -48 -3 50 31 -75 -9 12 -39 77 15 2 -36 42 1 30 11 -70 17 -97 -9 38 -8 33 22 86 18 2 -53 -21 -15 -36 84 13 -51 -54 -27 -52 76 -17 23 55 55 -2 -36 -43 50 -1 36 -59 -74 64 -10 -18 -76 38 17 52 -38 31 1 -1 -82 -23 -40 76 58 -42 -64 -14 -6 36 1 21 35 32 -48 5 2 -10 54 -37 -76 52 81 8 65 -3 -20 65 -10 30 26 31 -2 -8 8 46 -7 63 -26 12 2 -39 45 -57 -40 3 -20 -25 23 67 -53 -9 20 -6 85 50 2 -13 -58 -17 18 -50 -61 58 -67 -16 63 13 -4 -31 -40 -77 -53 52 22 -10 30 97 -24 -43 56 -13 -22 42 51 51 -38 16 -38 1 40 18 4 -54 -18 -38 -13 96 -22 9 -71 -5 -19 65 42 62 66 78 -92 18 13 86 70 47 -26 2 75 -11 -18 -59 53 14 -41 65 -58 67 15 -44 19 25 -42 27 -68 -23 -7 61 -1 62 -49 -4 0 36 37 -39 76 -51 74 15 18 2 -46 -15 -41 53 -71 13 -74 -22 -97 9 -7 2 61 6 -48 -25 -68 54 32 52 27 71 -48 -21 1 77 11 -55 13 -32 -45 12 -42 -33 -48 37 -36 -13 48 -6 45 25 -28 -25 -37 9 90 -3 1 7 56 -10 -8 -17 11 -3 19 -64 -42 56 23 -8 48 40 2 41 -16 -34 -35 7 24 64 57 22 -8 72 -41 14 -18 19 -28 66 -42 -14 -16 -75 27 4 21 38 24 22 -17 -59 -5 28 -32 -52 -64 1 -64 -30 -42 9 24 -6 79 -45 7 -5 -58 -30 -36 -19 2 56 -99 -51 -7 -18 -33 -26 -21 10 -5 22 14 43 -14 -25 60 1 21 -5 51 -76 -21 -29 -31 -13 8 16 -5 35 -27 -60 23 17 45 -47 -101 1 21 -69 15 -30 78 19 -23 -36 24 45 60 -67 -17 -5 15 -5 54 25 -51 -32 -12 -61 62 12 -67 13 -75 -20 46 57 -34 -47 17 29 32 -35 -3 -88 11 31 -38 22 2 -84 -47 33 -28 50 -40 -17 20 -69 14 -47 -6 51 -24 -39 -65 -27 -36 11 2 -18 22 -37 62 5 -51 -5 -26 74 -8 -53 65 72 -8 -5 -7 0 -30 7 -44 32 -26 4 29 -3 28 -49 -61 51 38 -21 -35 46 -33 65 88 -32 7 61 -9 -27 -3 -9 -61 32 40 -9 -20 47 -29 2 -17 -71 -6 10 42 38 -30 12 35 -16 -25 45 79 -12 10 -38 9 3 43 39 -43 31 18 -41 -48 35 19 30 84 10 -1 -67 -16 -18 62 15 57 -25 -35 24 -65 35 19 -15 5 35 -8 -36 -54 -23 13 -53 18 -72 48 -52 -34 -90 -50 43 56 -13 -82 -5 10 -28 -27 21 -33 17 12 -9 -63 -15 6 103 -44 -13 -22 -46 25 44 -27 -13 50 19 -3 -58 21 34 34 30 71 19 46 -35 -58 64 80 -56 40 87 -20 -8 69 -10 31 -14 5 74 -10 -30 -13 42 22 27 22 72 -11 -7 -45 45 -52 -11 -34 44 53 -46 30 21 -23 -20 -64 15 -4 47 -14 -2 -7 82 15 5 71 48 -11 -8 -1 -37 36 -64 23 21 -49 64 -39 38 -13 5 19 -38 39 24 5 -63 44 -13 24 19 -48 55 -3 -4 53 10 -27 13 16 72 52 -37 5 18 0 31 -10 26 9 42 -16 25 -56 34 -55 -32 -20 -46 46 25 -18 -67 -50 -61 15 73 30 -53 23 -33 14 22 -29 -43 -64 41 50 31 -2 -13 -29 -43 59 -51 -5 -58 9 -74 41 -32 79 -20 0 -46 -16 41 -8 8 -3 -61 48 46 -11 59 -20 -36 16 30 24 48 -45 -25 50 -16 -15 -15 -29 -29 -18 -20 51 59 45 -35 50 -29 -29 -45 78 -28 66 1 28 -46 -47 54 57 -49 -19 84 15 48 36 -55 -53 27 -75 -12 -22 -8 8 35 36 -32 39 -16 -36 16 -29 -37 35 38 -22 -13 69 -6 -22 24 40 -41 47 41 -4 -48 -16 4 46 -42 -57 -24 2 43 8 -35 17 -37 -18 -43 48 40 -38 23 -12 -39 27 38 70 -52 46 -15 -85 -3 40 -6 4 -56 15 -30 -12 -59 104 56 -43 -32 30 -52 -40 5 -24 -32 44 29 -56 -42 -17 -80 7 -69 -82 62 45 -85 -27 -82 -14 -45 95 -59 -32 -3 -56 -10 -37 -16 54 -22 35 35 -2 -24 -12 -47 17 62 -32 21 -10 16 -12 -13 50 -49 24 -15 -33 0 -56 -62 -38 -1 -36 33 -57 -37 25 -19 -5 -22 11 -48 -39 52 56 -34 41 57 -33 23 71 -31 53 54 -66 -30 83 43 37 -18 -65 -8 21 65 -46 13 9 46 9 -19 17 -54 54 7 55 55 40 24 43 66 -2 29 -18 -17 -4 35 21 49 18 35 39 -40 -96 44 48 84 5 -37 29 42 -29 -27 50 -58 -36 -32 -8 -77 -85 11 41 25 38 15 42 -5 -45 28 25 84 -25 40 -54 4 -21 -18 32 -42 -34 -25 -28 -35 -60 -9 19 -50 -52 75 -27 22 18 -37 -26 55 -14 -11 -45 6 66 6 60 -51 81 -32 76 -27 -3 -6 1 -38 -28 -35 5 -15 104 40 51 6 54 -19 27 7 18 29 -50 21 -33 -52 11 26 -93 40 -66 -54 -42 -2 5 -58 106 -106 -53 -22 -62 -55 -78 29 -96 -63 71 14 44 -34 -1 -31 -11 -68 33 -31 57 -14 27 -6 93 -70 15 13 73 11 -32 8 -68 -46 -17 17 -66 55 -24 10 2 -17 -87 23 -18 -24 -88 86 34 57 -55 48 79 71 -7 2 21 71 -13 -3 -8 -7 -6 -36 8 -6 -31 -5 -49 33 -58 25 17 -7 40 -72 5 -44 34 16 -6 21 -31 40 39 -4 17 -39 -40 17 -25 -10 -6 -10 -25 -20 -62 -26 14 -11 58 -43 46 -4 38 -38 -14 -19 -64 -57 -1 84 -65 34 27 -4 46 -18 12 -32 -5 73 -48 34 32 -7 -33 86 80 9 0 -29 -78 -72 33 3 -41 32 -25 -10 -11 81 20 11 -27 -69 -70 61 -35 34 0 3 -80 22 -15 -81 54 -15 -62 -99 -18 -97 47 -9 -50 -5 43 96 -16 -47 18 38 -16 19 22 23 50 50 5 -21 37 -34 1 54 15 -2 9 -7 55 25 -10 2 -39 -30 62 17 -17 -69 -65 -79 38 -63 -85 52 8 25 -66 1 -44 4 55 -13 31 80 -28 -44 -28 31 -5 40 -64 43 -7 -37 4 24 53 -25 -28 -10 -72 11 23 -4 109 9 62 -82 -8 -1 -34 -53 -8 -46 -15 -67 -16 -113 -31 -54 71 -48 47 -9 -72 19 11 -6 -29 -7 -28 -16 -6 -60 -45 -65 4 89 56 28 19 -23 -27 -40 -21 -65 -24 -7 6 36 -56 -13 -28 3 6 2 -45 43 -2 28 33 -31 -63 2 -86 48 -24 0 -19 7 38 -69 25 -41 -8 18 -22 17 -47 1 27 -21 60 -19 -33 10 -15 37 -27 -34 -36 8 -49 11 60 22 28 -4 12 -3 25 63 -52 -33 -95 105 5 83 -11 35 4 45 24 2 45 -44 -24 -14 -36 -88 -71 11 -34 0 57 14 -7 40 -68 -43 -71 91 19 15 53 82 31 -82 39 27 19 13 24 -18 -70 70 54 -26 -24 -50 21 -60 -98 2 55 43 30 -2 -89 -38 32 57 13 10 5 45 -2 -19 48 45 22 -17 -21 -46 3 -32 -75 19 29 15 41 33 6 -17 -25 34 51 27 -11 -25 53 47 49 3 33 -79 20 34 -61 -9 -18 44 9 -56 18 9 -3 61 44 -5 44 -34 75 46 48 3 -52 2 -7 14 -87 -31 -78 25 45 34 9 -40 19 10 12 -15 -5 37 55 -45 -24 -64 69 43 -58 -14 20 -68 -68 10 -31 -35 22 34 36 -11 -33 36 39 11 -39 10 14 -28 45 -75 9 -6 58 44 67 -22 -1 59 -14 -66 -71 -83 52 -20 -47 -15 31 -42 21 1 41 -26 72 -7 -6 -44 79 -37 47 -14 -15 -20 89 -53 -61 -20 14 -37 3 24 -28 38 -8 -23 -76 35 -4 8 6 -66 27 -23 -33 -46 -40 6 65 -5 87 71 -24 11 -46 -54 -33 -17 25 0 -33 40 -30 -72 3 36 -59 -51 25 33 63 34 -3 -23 -4 18 0 46 -48 -44 19 4 -75 18 -52 -16 -38 -51 -99 42 30 13 -68 -47 -74 55 29 101 -7 -21 31 -57 45 22 -2 4 -44 6 40 66 -63 59 -53 -68 57 39 9 8 46 19 29 -9 55 56 10 -59 -5 12 -33 -39 -6 33 35 -72 11 32 18 -46 74 -24 -8 -14 -55 -57 24 43 17 1 24 -56 24 -16 -53 25 59 55 71 32 1 -64 -12 23 -74 27 39 -16 73 29 36 2 2 -11 42 -54 -51 10 -54 35 61 -16 23 -40 -67 20 16 -45 81 -18 -50 49 -27 8 27 28 -25 -31 -44 -58 10 -3 -19 -3 30 -38 20 -46 -37 4 -14 -25 -42 -39 73 89 -2 19 0 9 11 -38 -68 19 14 52 40 26 56 -48 2 -26 -33 59 6 -44 -34 -15 -67 74 -20 6 82 -48 -41 -26 -102 36 -38 -13 -80 48 -69 28 -28 31 1 80 -64 -84 24 -19 -66 25 -29 30 47 -31 23 -2 -78 11 45 -57 41 -25 -12 39 19 27 -9 79 -12 -23 -4 50 17 -37 -34 69 71 -23 10 -24 52 64 -15 -14 52 41 -4 62 -51 -53 -14 8 -51 -21 7 51 3 76 -20 41 -73 46 -56 -41 -11 -17 -49 36 -65 -69 -26 -42 -27 25 56 -27 0 -57 17 -32 37 16 63 -15 39 -29 -62 -16 40 81 -5 -20 85 -33 -23 52 36 -90 51 -61 -26 -35 38 30 34 67 -18 -12 -20 -67 77 -21 23 -7 74 57 -20 21 -35 28 26 12 64 4 -42 -36 -89 47 -33 72 -18 -27 -11 48 21 2 24 46 -20 79 9 -63 15 60 -11 23 -42 -24 6 28 -10 70 -9 -8 69 -25 64 35 -61 41 -3 -6 14 -62 64 13 -38 5 48 39 -44 24 -45 59 -5 104 -40 40 -20 -22 -27 -35 -34 -28 -43 33 -49 -6 -37 -24 58 78 58 -1 -58 -30 54 -13 59 31 -10 19 32 18 -16 8 31 -19 -21 -83 -39 12 -2 7 -53 -14 -20 98 -10 16 -28 -72 -42 47 -12 -14 -18 -9 60 -2 -85 89 -52 -17 -3 65 77 -28 8 -45 33 20 -48 80 32 -76 -43 64 -45 -21 -33 -45 -31 47 -51 51 -32 -42 -44 28 75 5 -3 60 -37 -71 -21 -12 -80 -7 25 -2 13 5 -6 -44 -75 -21 -43 -28 13 8 45 -9 2 32 -31 21 -37 38 -17 35 -3 -9 67 -27 42 49 -41 26 -20 21 44 12 51 35 66 -7 6 -1 -54 52 36 -35 48 23 52 13 27 10 -94 -32 56 -1 42 39 -6 -36 -51 30 27 48 -101 -71 16 6 -6 -16 -60 -3 95 12 -24 -13 30 -65 -35 64 -43 -18 38 18 10 30 60 -26 39 -45 12 17 -49 -47 51 41 -25 -33 -50 15 41 52 -43 -35 -30 26 46 -58 62 -36 -58 -3 -72 38 48 36 -40 -19 -73 71 15 -24 10 36 2 -88 -14 -4 48 6 -7 17 -29 -92 30 -69 -67 -76 -4 56 -48 -57 -6 -15 31 94 -18 16 64 -39 -31 86 36 19 40 -34 21 -50 69 43 -50 36 -44 11 -64 9 -15 23 -87 17 -111 -4 -33 8 31 -75 -68 38 55 -53 15 42 27 12 -48 51 30 19 -28 -1 -18 -133 -45 30 50 -15 -48 -46 77 -8 -30 0 -22 15 16 0 20 -20 46 -65 -4 19 -102 18 1 9 91 -6 -35 47 -28 -59 -17 -36 -37 48 -42 10 -29 -93 81 -32 -35 -4 15 17 -6 65 -38 -4 -24 -12 46 16 -65 -40 16 39 19 -46 40 -17 -61 -16 -5 -44 18 18 55 -36 -8 25 -99 25 12 -35 48 40 45 99 10 -34 25 -20 -58 16 -7 -1 43 32 -43 -87 -27 10 34 26 -73 62 63 -55 -2 14 4 28 -20 27 -41 40 -35 -13 44 3 -14 33 2 16 47 1 -46 -1 -10 31 -62 -35 54 23 -24 -5 13 -53 14 -22 -24 -5 -53 -9 -33 100 -93 -18 -18 68 -35 36 15 21 16 -67 -43 29 -4 -54 39 4 -71 69 4 25 2 57 4 10 43 18 45 33 25 9 85 -3 -20 74 60 51 2 -25 40 38 -13 -27 -79 -44 40 -14 -7 95 14 60 -57 59 -90 42 -6 9 -9 24 -79 -32 -43 50 -13 -13 5 -42 1 -38 -31 18 12 -25 -74 25 -11 -54 -19 24 43 49 -23 -6 89 68 -72 11 -10 22 17 30 103 19 56 41 -57 46 44 30 -40 -10 47 5 -43 55 3 47 -68 -30 30 -63 11 -9 -2 -1 39 -28 33 -13 38 -27 17 4 28 18 20 -24 34 -27 -52 -18 36 14 -38 -27 44 40 -48 16 -23 10 24 -91 -28 -15 41 -18 32 -52 -49 -1 -31 13 13 26 59 41 60 38 9 -73 6 -56 -73 -36 23 20 -80 73 38 27 -66 -48 -49 27 -12 17 -14 -34 7 -18 48 39 66 11 45 8 9 42 -64 -33 53 -13 60 -37 -19 -34 36 76 -15 -44 61 -40 13 -26 -22 22 13 -35 -55 32 65 25 19 -41 -8 71 -18 -17 -79 -11 -60 5 96 17 -36 -21 18 -21 15 -45 -31 -47 -50 2 -29 -19 -21 -36 -36 97 37 29 11 73 -55 22 17 14 19 41 -1 -3 -32 -55 -21 -32 71 -41 34 50 -36 -25 -30 -30 56 -75 -55 24 -65 21 -56 -80 -12 -10 -61 25 22 -28 -65 -5 22 10 33 35 -55 -23 -7 -54 -45 -29 -42 -88 2 -81 -42 -25 -58 -12 -53 6 10 54 7 34 23 -43 86 -30 41 72 65 -47 -4 23 12 29 5 18 32 18 22 -119 27 25 -48 -17 31 -28 45 -26 -25 -16 -43 27 32 35 89 35 -20 -54 -2 54 -27 46 -2 3 -32 -35 21 17 32 -8 1 53 10 79 -6 84 -29 -40 40 -8 15 -27 -47 27 28 -12 31 -23 73 24 35 5 27 -75 10 48 -33 -1 -7 20 59 -49 25 -32 -29 -64 -58 -29 48 50 -71 -15 -68 -79 20 29 -5 -26 34 -49 78 8 -36 15 31 62 -16 -43 30 -63 41 -19 -76 -40 -48 14 -73 -22 52 -50 -38 -11 -20 56 81 -21 -60 46 17 -46 -7 -47 -39 38 -16 57 -17 -24 -20 -24 -11 57 -16 -9 -20 -9 -38 -21 -41 88 -54 -73 -66 47 -72 24 18 -66 -32 -33 -85 4 -24 16 -79 -7 59 72 -34 20 25 33 56 36 63 6 9 42 -16 37 -2 -92 31 41 86 -29 -13 -10 9 1 -49 -27 -7 -49 32 30 -38 -12 -81 -26 28 67 58 -47 -12 -29 20 -17 4 35 -62 -60 -56 -5 10 28 -50 -17 -12 -46 52 -45 7 21 24 61 -12 28 -76 68 -4 -66 40 44 -85 -56 9 -49 -60 6 37 -39 -41 16 49 -22 -22 -18 55 -4 -51 -44 -24 40 -16 14 39 9 -6 1 82 -23 -27 11 -76 -4 -87 36 -10 15 85 55 19 -15 45 -24 7 -23 70 -26 12 6 -50 -16 -3 44 44 -72 14 -22 88 -25 60 17 68 43 -12 -9 -53 -35 -6 52 -36 -15 -40 -35 -40 -58 41 -28 4 -43 6 66 -50 1 26 40 71 23 -22 -36 16 -11 -1 -46 42 0 36 21 -4 -46 25 33 32 -18 53 -19 -52 1 63 -72 -67 -51 25 31 -14 12 -59 31 10 -22 -43 23 4 -47 54 69 -13 -37 23 -32 -31 24 -4 12 10 33 71 38 51 -13 67 17 9 -7 -117 -23 -20 -17 -11 -57 23 12 -18 -30 107 -81 30 7 -18 25 -6 10 -8 58 3 38 41 -28 70 -18 -53 -26 -4 -32 -18 -18 28 -3 -11 19 -66 0 -38 1 -3 -27 -5 -27 -59 10 -11 7 12 14 51 31 -4 17 6 -31 39 39 -29 47 20 1 -27 -16 -2 -24 39 -24 8 33 51 21 44 -20 -17 91 58 68 -75 72 -41 -19 -18 19 11 -51 -7 11 -30 37 28 -80 6 -35 -46 14 -33 18 33 -25 -30 -25 7 -33 -24 -54 -22 27 -66 -5 -64 -4 -56 57 -38 23 -59 -6 -61 1 36 8 -19 -20 -18 12 -17 -3 81 -16 72 16 -7 68 -2 87 -32 -6 33 7 56 -8 34 -23 -73 49 -49 -11 -71 17 7 -42 -32 8 30 -7 -13 -65 -15 -16 55 51 -28 13 -8 15 3 16 15 58 -24 16 9 49 80 22 104 -4 -42 -44 20 53 -50 26 16 31 33 -35 3 -4 -42 62 36 31 -17 -23 -38 30 -35 -56 -32 -4 -22 14 59 -30 21 -8 38 7 62 10 -17 22 64 -45 9 -40 57 -13 -83 -21 13 -76 -35 49 -17 -23 -16 79 15 35 -31 23 -12 -73 30 -39 27 54 -32 -6 57 16 13 40 44 35 -43 2 48 -11 -33 42 28 32 -71 -69 -39 -40 49 39 -26 26 26 31 -32 27 79 35 -1 -58 -69 18 -82 -43 13 37 5 8 -22 -66 -58 24 10 -15 -1 71 -35 52 -18 13 -81 -20 13 -33 -46 -94 -23 68 17 -24 39 38 13 -6 -20 -23 -10 36 50 59 61 -9 -14 -14 3 -18 68 56 35 -30 62 37 41 62 -43 44 3 -35 29 -29 -47 96 18 37 -47 56 52 5 45 -32 -72 -69 -30 -65 -59 -5 4 38 3 -79 -28 45 33 -50 -47 33 -8 14 -13 -1 -31 -19 -9 -52 37 -89 29 -81 5 -32 -17 13 -51 23 -50 -40 29 61 14 -6 -23 -65 65 16 -61 19 41 -5 42 37 -67 31 -11 -70 2 -59 -37 39 21 -78 66 -43 -32 -48 34 -67 -7 -5 -4 -8 -39 18 -31 -35 101 9 10 21 57 26 0 -35 -31 26 48 41 69 -5 51 -19 44 -14 41 22 -17 30 -30 53 -30 44 16 44 18 -44 -27 -8 -77 48 -3 -59 -65 -3 21 13 9 -14 90 6 -76 63 11 -77 -12 6 18 16 -35 -54 20 62 3 31 -25 -1 -44 18 36 -103 -12 -1 73 10 -38 46 22 2 62 32 -14 -44 -22 -6 -8 7 -5 27 -42 -37 57 -6 -52 -35 -103 34 -33 41 23 -47 56 -12 19 -63 -26 13 7 17 -59 49 31 -25 -16 -33 60 43 26 24 41 -74 5 5 -18 19 -26 -11 64 30 -19 -48 19 35 1 74 -21 3 27 7 -13 51 -8 15 -68 -11 -62 -41 35 24 -1 -53 -69 -18 58 -53 -100 44 -49 -53 -48 -23 -53 -11 -12 -65 -40 31 24 -19 -1 -20 12 -59 -57 28 32 -13 -4 1 -19 -61 -13 26 -51 75 37 -80 11 90 -24 12 27 -33 2 -39 -37 40 45 -22 -36 -3 -83 56 36 9 -5 -87 -54 -31 -59 77 61 55 35 -5 -5 13 56 44 62 -59 -22 97 -39 37 21 -28 -20 37 31 -7 -66 63 -22 18 -63 -49 8 -8 32 18 -90 53 4 -59 42 28 -5 -7 -22 20 -70 -12 35 -24 -24 75 -62 35 19 33 -73 4 -53 -4 15 -22 80 72 71 -35 5 4 10 8 12 -26 -41 12 12 -57 18 -8 -6 -59 53 4 -73 3 103 -13 -53 -52 37 -4 28 -27 37 0 23 31 -64 19 -57 68 -12 6 22 39 8 -55 29 17 -66 -16 -67 -7 -13 -44 -17 46 -68 -80 34 33 15 -4 13 -16 -46 5 -6 -43 62 -26 -44 -21 -9 -48 -34 44 -19 -8 39 39 45 28 40 3 -30 -14 -9 -52 0 19 17 -40 56 30 -28 74 1 42 39 34 55 40 -23 -46 2 16 -64 -56 -55 -84 -18 22 -48 -60 -46 33 15 -2 33 34 10 66 0 21 -37 -8 20 33 77 2 18 74 -12 19 16 23 -32 -73 -50 18 -15 45 -35 -43 51 -53 11 74 31 33 -99 -24 3 -5 -31 31 -12 73 -48 -47 52 -42 18 -5 -23 -2 23 -16 4 -25 52 54 -4 22 7 69 50 51 -29 -41 -30 -79 18 -41 68 -4 -1 6 -53 35 39 8 30 57 -27 -47 -3 56 -21 -46 2 -16 -52 -18 29 -40 -39 21 27 70 -43 -100 7 -37 15 -45 10 -19 52 -63 -48 -23 -15 -21 3 -10 -33 3 52 61 28 -12 13 -15 12 -29 3 35 49 -29 13 87 32 89 -27 25 13 60 50 -87 7 57 -8 57 45 -12 -34 3 -56 -30 -9 4 22 5 -31 54 -1 -29 43 17 -12 -23 -47 -36 56 -14 15 -15 -18 -70 36 -39 -94 -6 14 -12 -39 -19 -11 0 -7 -49 -38 40 -8 32 -20 50 29 41 -14 -4 -15 70 11 15 -32 52 -6 -32 -30 -1 -96 -22 -11 -58 34 -4 -28 -6 0 1 -54 -9 7 20 2 11 -70 49 -26 -24 -56 -21 -8 12 26 -36 29 -28 -33 29 -40 41 -35 10 56 -56 8 25 -3 27 -27 -78 13 10 45 72 15 10 -5 -91 53 -34 16 30 7 22 0 -20 -53 18 51 -42 -37 -85 -52 70 -51 -13 37 14 -4 -8 5 -47 56 -20 11 -68 92 76 -97 -15 65 -12 27 44 4 28 -12 -21 -25 -17 71 -12 111 48 -80 -1 43 67 -47 56 -21 4 -109 -61 -31 -24 60 49 -26 54 65 42 -66 -23 38 26 19 35 -25 -1 -53 -15 42 18 -17 15 -8 20 50 49 -29 -32 4 14 39 91 53 40 -35 -17 27 30 -24 -30 -4 119 65 -57 60 43 -42 -8 -33 29 69 6 5 29 -33 82 -16 74 31 -3 -8 14 35 60 54 3 1 46 -51 -33 -21 -40 33 13 -56 -79 7 8 -33 9 -12 -53 13 -19 -45 20 -49 38 -38 50 15 25 -27 -50 46 60 20 10 37 -35 43 -37 30 -29 51 0 -15 24 -38 45 68 26 42 -7 -11 20 -19 80 13 7 82 33 -42 99 -96 15 5 63 -34 9 78 21 -42 -48 -65 -1 24 -10 -26 -37 5 -28 -13 -53 65 20 31 31 3 -34 -16 29 41 16 14 25 -38 23 56 -69 11 -31 13 -7 46 12 29 -68 -57 -7 21 55 37 -27 3 -7 22 -27 -46 -5 17 -20 -27 21 -99 13 28 14 -1 11 54 -3 38 -19 -18 0 4 57 -56 -63 -62 69 14 -36 -44 29 -27 -61 0 13 -12 97 -46 -8 68 -45 -56 32 -7 -52 5 59 -32 58 -16 12 -32 -24 63 -71 -3 -7 -57 28 -35 -14 -7 -58 28 -78 -29 8 -28 33 0 -45 34 38 26 -54 -31 36 -7 27 -28 -2 -14 -17 -35 48 13 -16 33 -33 -29 -27 -24 50 23 -54 8 22 -36 19 -44 15 14 -51 1 -30 4 -23 8 33 10 64 -42 -43 24 -3 27 89 9 41 24 3 1 14 -10 -40 43 17 31 14 -52 12 32 -72 -26 41 59 -53 -9 -12 75 12 -38 -33 -7 39 -64 34 18 25 -56 62 -21 -45 -5 30 -12 -23 24 -22 38 -20 19 82 -10 -4 -9 89 -24 -19 -21 3 41 -44 88 -9 -83 12 -7 -28 -12 -11 -26 -22 42 27 -84 28 -18 14 -22 3 35 -15 2 31 -15 16 -36 53 -69 10 22 -1 2 57 -72 -43 10 20 57 46 -57 48 -50 -63 2 60 -27 -59 32 -65 -23 34 -10 15 38 28 -33 -7 27 4 76 -71 78 -101 59 -10 23 -18 -36 33 34 -33 -30 -69 -59 7 41 37 -34 -49 29 -33 49 -3 53 44 -40 34 47 -10 -79 -56 9 15 -48 23 41 31 -5 -1 41 -58 -33 -67 -90 -63 40 43 18 -57 -45 -13 56 1 -61 -20 -11 -54 67 -69 38 16 -12 0 -68 47 42 60 -55 45 -19 -1 69 78 6 -56 24 92 21 25 9 -32 0 99 -10 40 -28 -58 23 51 -15 30 -28 -18 -52 -9 95 -79 -11 -10 -53 44 -9 -53 18 -25 1 -37 -71 53 -108 -21 -68 -39 48 -43 3 69 54 26 9 18 -56 -41 -98 -8 18 -50 62 -12 -42 58 30 -74 -43 7 39 -44 25 22 -32 14 -16 -30 -26 -88 -27 -4 -34 -5 -25 42 -33 56 -58 -35 -42 40 -37 -7 57 74 74 4 48 -14 0 -82 -23 28 -10 -37 -11 -41 26 22 33 -40 -14 -14 15 86 45 -31 -40 -63 -54 -23 25 18 47 17 15 28 101 -34 16 49 -56 18 54 37 22 29 17 -33 -31 -30 9 -48 23 14 -25 -70 -7 -44 38 -62 7 48 -7 -53 57 -51 -15 40 -40 -28 -15 42 -27 71 21 -25 18 -36 48 -35 38 13 -80 29 -10 -29 -68 -37 -4 -59 34 55 61 -27 1 0 -48 64 -6 61 -57 -64 77 -23 35 -82 -60 -43 91 -19 -29 42 -43 55 13 5 105 -6 48 -95 79 -11 -23 -5 -74 69 -41 61 -28 -73 2 14 2 -2 12 -49 -39 5 107 35 73 28 35 44 6 -7 -37 -62 56 -31 -39 -38 -8 -31 41 68 -23 81 -59 100 16 56 70 17 18 54 53 16 31 47 17 58 -36 58 -24 -47 -5 62 53 -8 -53 -7 -51 -7 -25 -71 29 -8 57 67 96 -68 -42 -13 29 -14 6 -61 4 -74 25 1 -12 -3 -36 -12 17 -31 -63 3 -36 33 18 75 -13 23 52 8 29 60 -15 -52 -5 56 -27 2 32 12 28 26 -4 -8 31 82 33 21 -13 29 43 17 57 58 -18 -29 -28 5 -69 5 -45 -19 24 -17 -4 25 -23 -46 74 81 69 -6 48 -15 -92 19 26 22 62 9 25 33 -64 -11 -29 23 15 18 -26 40 5 25 66 -70 54 37 -8 77 -51 -35 39 -36 46 63 24 28 4 -12 -21 -76 10 22 -30 68 51 27 -3 19 24 38 -20 -74 -91 48 27 -14 -41 -5 -48 -27 -14 -2 38 -48 39 -32 51 -36 -34 -73 -80 42 9 13 44 -1 23 -39 -63 -34 19 14 55 14 -7 53 34 0 -13 -38 -11 56 -25 -45 47 -58 5 -19 58 18 33 33 66 -39 51 -45 -6 48 -78 0 55 -1 24 45 25 14 -9 -25 80 -26 -40 -64 87 21 -59 47 -63 52 16 -35 -27 28 -23 -46 29 63 77 -46 -8 70 -20 38 62 3 26 -45 -58 -47 6 47 -2 -24 41 54 41 -14 -19 0 3 -53 63 -4 -1 -61 75 -36 21 9 -32 -47 -1 -42 -12 -29 -52 -37 -27 7 4 -87 20 -20 -51 66 -30 -1 23 47 -65 47 -49 19 45 -74 56 5 89 20 18 -17 -69 41 31 63 -80 15 -40 -13 0 -73 86 18 10 43 -24 -32 45 -11 58 23 -24 -43 54 68 -21 89 -63 -4 36 7 48 1 52 13 47 47 -47 4 -36 -20 -23 76 -26 -22 -24 -41 -37 43 14 16 -35 23 -1 -41 -97 27 25 -7 40 -67 -28 -36 63 10 21 -61 19 -55 71 48 9 12 28 -21 -40 -57 67 -26 64 -10 26 -28 74 20 -14 -32 3 7 36 -4 -15 -61 -25 8 -39 47 -30 13 -15 14 15 19 96 65 -32 -28 51 3 40 -57 -15 -75 -6 -43 21 -4 0 14 -42 35 46 19 -44 81 -8 18 8 31 -33 -62 -22 -50 52 23 -56 13 -21 -46 -19 -18 21 14 47 -88 -13 28 32 17 -58 36 53 -8 4 25 -28 -5 12 -42 44 -37 -6 -110 1 -51 6 -33 -59 44 -55 -19 54 -6 -26 18 -3 -9 25 6 25 -46 -80 0 65 25 -52 71 27 -59 -42 -19 5 -26 48 46 -22 -22 -16 -8 14 -27 22 73 17 48 46 -26 27 -27 69 -65 -56 -11 9 -68 30 -43 18 -63 -69 26 1 -63 -27 -6 -47 -35 29 -42 9 21 -18 -19 14 25 -33 -39 8 65 4 37 -39 17 5 -55 -17 -59 -31 46 75 40 29 -42 57 20 -12 -15 -45 -17 10 17 20 -26 8 51 52 11 58 60 22 -44 -113 35 24 -72 -8 -21 16 2 -61 -25 -24 79 11 -33 65 28 -8 60 -72 -50 47 -40 -29 28 -28 70 -38 -24 -59 -56 -23 45 -35 36 10 2 40 30 -43 -109 78 20 21 9 -14 28 -4 106 -40 -58 -47 -7 -10 -18 -32 69 41 -62 70 41 46 -19 -26 -6 8 42 44 23 3 41 51 -34 17 31 -36 -5 -15 -14 15 -33 -40 11 58 -36 62 -31 -44 -46 -48 -16 -12 -52 -2 45 15 -1 25 64 1 -50 -35 71 42 61 -18 31 10 -18 -18 -30 49 -107 6 -47 -16 -35 50 -34 5 -49 47 -17 -32 -28 21 43 -18 18 -64 -18 31 42 -11 65 47 14 -5 72 -5 -67 -40 0 -9 5 68 -45 73 -73 -28 -19 -17 -15 88 -26 54 -42 -61 -27 -54 9 62 14 86 -102 -29 19 55 -29 33 -47 52 -33 -37 -32 44 51 -11 -52 39 -65 -28 -12 -63 44 -26 93 32 0 91 -36 14 -14 -23 32 -3 82 -86 -15 18 -18 -35 -14 7 -72 4 -30 -9 -45 47 -19 -51 76 -19 29 69 3 8 -41 -24 -34 -11 8 92 -36 -29 -22 -36 38 30 66 1 -61 -38 -43 -26 40 14 53 72 -54 19 -2 35 45 -40 -8 -14 -11 -48 49 14 14 -81 -32 -73 -13 27 8 -9 10 -31 -67 -53 7 23 27 -35 -5 15 -53 -26 74 -42 19 45 -10 -39 53 -10 40 -34 29 -8 8 2 11 34 -49 1 55 22 -52 21 -29 -27 -14 -23 -17 -64 -72 -17 33 62 52 53 -24 11 18 -68 20 -8 71 -46 -8 14 62 11 18 -9 -63 -24 -50 97 93 -9 83 26 20 14 1 -60 34 25 21 33 30 -47 -26 -6 25 -30 69 -61 -56 -7 -20 -30 6 -69 13 38 -43 -52 14 -55 -1 -1 -44 28 41 -7 -40 64 -31 27 5 -28 63 -13 -25 -10 12 10 -34 -38 0 19 71 14 -49 2 -56 32 35 19 -45 -45 46 -57 -21 41 49 10 -5 -10 40 24 43 59 26 70 -45 72 -45 -11 40 4 -64 2 36 64 52 30 -17 65 -43 -46 26 51 -7 21 40 11 -86 -13 65 -32 87 64 -26 -3 47 21 -59 2 -13 -53 25 18 -71 63 14 -46 4 69 28 2 32 -28 -55 -13 24 -23 -68 17 0 -13 -52 4 54 25 -64 -27 -23 8 0 -16 59 59 -22 -46 -49 -10 53 -72 -41 14 24 51 23 -20 66 -34 19 -48 37 -15 -31 6 15 -65 13 -18 26 9 -20 14 50 26 -29 -45 -53 26 -2 53 -65 -16 -16 22 -74 -64 45 -27 -31 -49 42 75 3 30 61 29 -17 -47 5 -85 26 -49 32 -56 37 -19 -59 -59 -32 52 -35 -21 49 1 -24 87 32 -37 38 22 68 -47 -42 53 0 7 -44 -28 62 11 34 20 30 -54 88 -13 33 -24 77 -55 -43 -26 -39 -5 77 42 -75 -37 12 -32 -7 43 29 37 3 -14 -28 -55 -39 14 14 -58 -34 -69 26 42 40 16 -17 37 59 -97 4 62 -32 -47 -5 43 10 -40 5 -13 -5 -22 23 -82 63 -52 30 15 -47 4 39 33 17 -56 -12 46 -27 28 4 -22 -46 0 26 90 40 -44 -2 -19 5 -33 2 -39 31 15 -97 3 3 33 90 -1 -66 -6 -65 -35 -52 -33 33 -47 63 -40 -21 -1 4 33 -41 92 -22 27 -55 32 52 -30 30 -30 -2 16 78 32 -44 14 43 -51 -10 73 10 32 -46 88 53 -52 3 -55 44 35 -40 12 -4 -31 -46 33 0 -56 13 55 32 30 -82 -37 -47 -65 15 36 95 31 -78 7 6 0 -8 10 66 41 -14 -7 8 -33 -18 40 54 -62 -32 -2 -13 82 -9 -20 -24 -36 -2 28 -16 15 30 36 19 64 1 2 -22 64 57 57 36 -24 53 38 12 51 -8 10 -26 56 6 -25 58 20 -5 -45 -68 -14 68 -48 10 19 -56 -48 -13 -30 -58 61 -52 -37 31 33 56 -43 -9 -46 83 -38 -19 -1 11 25 -5 -29 40 6 -57 5 22 -11 72 -12 -4 10 2 -5 18 -15 -3 30 -45 9 32 -29 14 62 5 2 -53 77 -44 22 33 0 -42 -85 37 25 -19 38 34 5 -50 17 -40 2 -21 -33 -89 -28 16 1 0 -24 -67 26 -27 -38 -6 16 19 17 -43 -12 -62 20 31 -47 -22 -39 42 -67 -25 9 -19 -78 -37 -67 -31 28 9 22 -38 -58 18 38 24 -69 16 25 -27 66 17 -13 -36 -62 -31 -20 18 -91 5 14 -42 20 68 -16 51 16 -68 51 18 68 11 -30 -65 1 17 15 -35 -27 -24 -38 -13 -24 -42 -102 53 -46 44 -27 -20 80 -77 -53 -33 10 29 64 13 -33 33 -10 -55 56 -43 -23 -12 -68 4 13 59 -89 24 7 31 50 44 56 -2 11 -71 -1 34 -16 57 63 -18 15 63 21 7 -28 -63 59 -51 -57 -84 -38 -39 11 59 30 5 -37 74 -57 -18 2 -49 -50 7 -36 -23 15 47 0 -83 -47 -5 -47 3 -44 66 28 -53 -40 14 104 57 -49 36 13 -40 52 18 -77 -45 -58 -48 35 42 65 -46 -35 -47 5 -11 -18 -22 57 -49 -46 48 9 34 53 76 9 51 1 34 -38 -32 59 -41 -29 40 -14 72 -49 -2 17 69 71 18 54 -75 -7 -65 69 -16 16 -53 -33 -11 -28 -47 84 -45 -35 31 47 72 12 18 -26 34 -29 -28 80 -4 -42 -10 -4 1 38 20 27 23 -31 -24 61 58 51 40 24 16 2 9 28 40 -47 -12 9 40 -7 43 66 21 78 -47 -36 29 38 6 -42 40 3 6 24 10 -11 59 -8 -40 80 28 12 -65 0 -21 52 20 -31 9 42 11 -48 1 27 12 11 28 20 6 57 33 -23 -91 -46 -4 -11 -39 47 -25 -3 79 38 28 1 -28 52 19 -8 23 5 27 -11 51 -15 -1 -54 25 -81 13 24 -6 -18 -19 21 -11 -36 6 70 2 90 57 38 69 -26 18 3 -50 47 13 33 13 -5 42 -57 17 81 -97 -48 13 -30 -39 -46 -70 -13 29 -48 11 -11 31 41 -87 65 -83 -18 -18 11 -54 57 16 -63 -17 13 -60 -38 64 -60 49 -1 4 -5 -36 11 24 3 -15 -72 32 31 72 41 -24 1 -6 -35 -45 77 111 19 54 -33 -75 24 -68 33 49 -37 -21 -9 50 -5 -40 51 -13 -18 -63 19 72 48 -49 -26 -30 48 -48 56 53 -58 36 -48 10 -32 37 -19 95 62 -42 50 -39 -37 -18 -6 35 -14 19 1 15 -56 -3 -56 32 5 75 45 3 85 -66 -51 24 30 5 29 -30 61 -51 35 -24 49 40 47 -15 -84 -45 0 -9 -54 -47 -24 39 -27 60 25 74 23 20 42 -8 19 90 -33 -68 6 77 -30 71 -52 -42 54 -7 29 2 18 -5 -4 26 -45 10 82 64 -43 -3 68 -23 19 1 -13 50 16 -18 28 9 19 14 -25 59 10 -46 -65 -26 -19 -24 65 33 66 -6 49 -22 -90 30 -33 5 18 -15 -14 43 34 31 -10 5 20 42 27 -11 -21 54 -39 8 -39 29 87 -22 -38 64 91 -14 28 -45 -63 29 -57 45 -33 -14 -48 -63 62 25 2 -19 7 -49 27 -33 -51 -26 65 33 26 33 88 -59 30 12 35 16 -69 -83 -63 34 52 50 41 -64 -66 -35 -36 -73 -12 -19 -30 -29 8 28 11 -16 15 -1 -55 -6 80 -21 0 -42 -6 -48 37 33 -58 -100 37 16 -65 60 -41 38 -22 -15 0 -3 -24 34 94 8 -28 2 -9 3 -3 39 74 -47 68 1 61 -13 -18 5 26 43 49 -42 -21 -25 70 -44 46 -19 64 -37 -12 90 -42 20 34 -58 32 -32 35 53 -74 37 17 45 -59 47 38 -13 -47 42 19 -18 11 18 4 32 6 -41 -17 -44 42 51 -5 20 -65 -46 -49 -42 -52 73 -18 1 37 14 -92 82 45 -18 49 -18 -79 -70 18 -11 -48 63 -35 -52 -50 62 28 76 -21 57 -48 72 -69 -35 -50 9 5 -6 34 27 25 -81 -35 -5 9 -38 -69 -38 16 61 85 70 17 8 95 -19 51 4 16 91 31 22 -6 9 10 -21 -33 42 39 -29 7 -67 -34 -44 20 45 10 -8 5 -31 4 10 14 -44 -19 -66 -13 79 -22 83 8 -20 -48 -85 -1 -47 -20 18 1 17 -7 -19 -6 -57 -28 -36 -15 -47 -3 15 -69 22 -2 0 11 28 22 -38 35 -22 36 14 84 -31 -15 71 -5 -113 48 -10 10 27 -79 2 -49 8 6 0 -76 4 61 21 16 14 34 16 30 45 -18 65 -66 24 56 39 27 -14 52 49 55 62 46 0 42 -7 15 31 -49 39 83 -17 39 -22 -29 59 -36 -21 44 9 -2 47 44 -24 -39 -18 -15 24 -47 11 28 57 -15 -31 -8 9 -10 -41 19 62 55 19 13 102 -6 75 -22 39 26 33 -35 22 31 8 -30 73 -10 43 -40 -66 45 0 78 65 -37 -86 -21 48 63 60 -37 12 18 -110 -4 18 20 48 41 11 64 -23 25 -65 11 19 -6 53 11 17 -30 48 49 1 34 -17 30 9 24 46 82 17 -3 7 -25 -24 34 10 49 23 18 12 -22 61 -23 78 -6 -18 27 -47 -28 -30 -11 20 39 -62 50 74 14 -37 6 49 -20 14 38 74 20 -60 -7 -11 -50 -22 -44 122 -14 50 -5 -13 -59 3 51 -76 56 -52 -20 14 -47 49 42 0 -25 -54 -29 -14 -69 -46 2 -16 47 2 48 36 42 7 -16 11 -35 -52 -74 -114 12 -9 -73 -32 -15 -10 -71 -23 88 40 33 -56 -23 -21 45 -10 -41 -53 -66 -30 -138 15 -47 -50 38 12 -39 -73 37 35 -3 -42 -16 51 15 35 -2 -9 35 19 52 -27 41 -6 -24 -15 10 -51 -72 -18 -7 -2 -15 41 41 17 28 1 -43 39 0 -54 -44 -35 -27 -53 41 48 18 72 2 -2 -29 -12 -20 63 -3 -17 -60 21 87 7 -30 13 -2 15 4 -14 75 -68 -25 -12 33 13 42 12 -74 6 36 -8 39 26 48 -23 35 -11 -16 -16 -42 17 -56 -51 53 -43 40 32 28 52 1 -49 -28 98 89 -38 -59 -32 10 12 -37 -2 -51 -53 23 5 -36 -45 9 -66 18 -56 -69 29 67 33 -78 -68 -44 35 53 -26 -64 8 -37 34 -47 -5 21 5 50 -33 12 35 -38 9 -1 -7 44 4 -55 36 -33 37 47 -34 95 15 -6 39 -16 -20 23 43 45 62 -47 27 -8 15 32 35 0 -13 -85 29 39 -58 -5 15 -43 -9 105 -11 25 32 -26 -65 32 89 -15 -27 -10 -27 -44 -77 40 62 6 38 -46 -25 8 -32 -22 -5 38 96 -66 -10 36 -42 -99 -36 54 71 31 -56 -11 83 0 33 -88 -7 7 11 -37 3 -60 -58 13 -77 -9 -27 -52 20 -2 -12 10 -2 3 -33 53 12 58 36 -62 39 5 52 9 61 -48 47 35 65 5 6 -39 -27 -59 -20 50 -32 12 -72 -56 -24 31 -4 -51 39 -31 -10 30 -27 14 -18 34 14 -26 -51 -14 -61 4 -58 79 -28 58 -48 40 51 43 2 -50 -59 -20 77 7 56 -35 37 -59 -20 82 -50 31 -3 61 -19 34 31 -43 -3 66 64 -39 0 20 89 -23 -4 30 -1 31 -62 -32 -29 40 -20 -38 -8 17 -18 62 34 37 30 12 -15 -19 37 -8 40 -34 50 -71 30 -43 17 -9 -15 21 28 -51 29 -49 -34 40 -54 -15 -12 -19 65 37 17 32 49 -20 15 72 21 -84 -50 -10 -10 11 1 -13 -11 57 45 26 -13 10 19 -61 -12 29 -6 -14 29 -33 -49 -17 -50 10 25 57 55 -74 67 -23 17 101 25 20 24 7 -29 34 -62 -77 25 -14 63 60 -16 -44 -9 -25 24 66 106 27 -34 84 28 3 30 4 9 -23 -63 -27 -10 -25 0 33 -7 10 -56 5 36 6 -11 -25 -24 -3 -2 -34 33 64 15 -11 -57 21 -30 37 19 0 -12 -56 -9 -59 -53 -46 -69 -33 55 35 -28 94 40 8 27 5 -18 -46 10 -61 -48 21 -22 74 54 29 54 36 8 -31 20 7 49 46 47 -5 -2 -18 -23 86 -35 -35 -34 -27 32 -21 -6 42 46 32 3 -5 -15 66 9 28 -46 39 -8 -22 43 -7 9 -10 -60 -12 -17 -68 -71 8 13 -64 -59 12 22 52 -12 -7 -67 -39 -10 38 -68 -14 52 9 52 20 -57 -28 37 -1 17 -8 27 -21 -46 80 19 4 40 -90 -20 31 -24 35 -60 -23 55 -41 -39 -92 -32 -20 -19 15 55 -2 -9 48 -47 7 2 -36 -32 -70 28 -70 62 -21 26 -41 10 -21 29 -55 -15 28 -20 47 -64 -7 -47 -10 -49 -100 15 15 5 52 77 43 -28 14 -36 32 -8 -49 -41 46 -34 -38 11 -27 -6 -18 -60 17 -72 -40 -14 -83 -28 -26 -46 -3 57 11 32 7 3 1 50 -59 2 24 32 -48 -70 -35 -68 -31 57 24 39 7 66 -26 -51 -12 -21 83 -2 -2 -67 -88 -18 -8 17 13 -5 -17 50 -6 -20 35 68 1 10 23 -11 -33 47 -69 -38 -17 -48 23 -55 56 35 -53 18 14 23 -18 33 26 34 29 26 -50 -51 31 -38 -65 -27 -6 66 -54 -10 -62 -46 38 20 82 -24 -35 2 -43 -84 57 40 -41 59 -43 65 59 -55 -31 -60 15 26 -11 10 58 -69 -11 -41 -15 10 -34 -62 71 -15 -21 54 7 -21 18 34 34 14 -61 66 22 -62 -55 -2 -19 1 -41 1 -20 -27 67 -3 24 -53 8 2 68 76 -89 2 36 -6 28 -6 -25 -24 24 -118 9 -12 67 -2 71 31 66 17 -35 -16 69 43 37 -71 53 8 22 19 84 63 -7 -36 89 -13 -33 -5 -27 1 16 -6 -27 10 41 13 -70 16 58 -32 38 -75 4 26 94 -73 -38 72 2 76 -1 100 33 -55 5 45 -48 -60 -1 -11 26 4 22 -13 -31 -47 -17 -1 41 4 -30 69 -47 -38 38 -19 96 -45 58 -60 64 -49 -105 34 0 73 8 -51 3 59 57 -1 67 23 -27 16 2 -33 22 -46 34 16 15 15 81 -63 33 30 -37 -54 -10 -24 -35 17 -14 2 -42 -24 -56 -3 44 20 -19 40 -41 8 16 -24 -28 -10 -35 13 -63 14 5 -54 -28 -20 -52 -19 20 52 54 -1 -28 -71 -74 24 -26 -39 -15 44 47 -66 -15 51 31 50 -35 2 -11 10 -17 2 11 -26 53 -43 -13 -2 -12 -5 -74 15 50 3 -62 -80 39 14 1 -9 -12 47 -29 6 -22 -46 -10 -47 56 69 38 -11 -2 24 21 17 -59 -14 -20 52 -33 -22 -44 55 2 37 -39 42 18 72 -57 8 43 23 14 -46 -35 59 -17 69 -30 -27 44 -72 -54 46 -17 1 -31 13 -24 30 -60 1 -24 54 -85 -14 50 53 51 40 45 41 8 -66 -62 -10 51 -31 -36 1 -47 -35 -1 21 -72 66 -31 40 -8 30 57 -67 1 -90 43 -3 16 -2 54 -23 16 55 -29 31 -75 19 -9 -22 -57 35 52 -52 47 22 -62 32 51 18 -12 -72 -75 -26 -72 -32 -81 76 53 -43 -56 -35 0 -59 -70 -41 -45 21 31 -62 65 34 3 27 -39 -73 -35 26 -12 -26 60 4 54 -4 79 5 -12 50 -17 -45 8 -23 -79 -17 10 -19 -45 -41 -13 80 -8 15 -53 -24 -25 -81 31 -68 -10 47 -11 -17 -23 3 -33 42 76 -26 93 9 42 10 22 42 14 -60 45 -12 55 10 40 1 26 -45 31 -38 12 -17 39 42 -27 54 -36 -6 95 64 58 19 -20 -44 -6 45 -28 71 52 35 63 14 12 63 -62 65 -43 -42 -18 32 -23 57 -17 69 9 -42 -3 51 -29 0 -24 40 59 22 -12 19 8 -72 -59 -7 -3 -7 -66 50 -58 -27 -40 83 37 3 45 -32 22 30 -10 -3 -25 54 31 43 -43 -30 -18 -1 -44 74 -21 -22 -44 -36 -58 34 44 19 46 22 63 14 -47 36 -2 98 -9 25 -29 -40 14 38 13 -25 -77 19 6 7 -24 36 35 16 31 -23 39 35 -4 -1 -49 27 15 11 -21 -83 -27 -25 27 -25 61 -35 44 -22 -9 -7 42 -38 -9 -9 -71 96 52 -73 -61 -1 -34 -3 -56 4 -5 -16 29 -24 -22 31 -32 -15 55 -62 -57 -46 6 -36 -20 -45 -30 6 0 33 -46 -55 95 -2 2 -18 19 -6 -20 15 33 31 10 6 -23 22 0 -3 -45 21 -77 -65 42 91 20 -59 17 -25 -26 42 57 4 60 -56 -60 53 -26 31 -24 -96 27 17 65 -14 51 -4 3 9 -47 22 42 36 -3 46 6 38 16 -43 26 -8 -8 35 89 89 -32 -42 -33 -7 -8 -36 -38 17 -30 -9 -3 28 97 11 -13 -11 10 -33 8 -48 -13 -37 32 -8 12 22 -28 -46 16 -40 56 -28 59 -35 -56 -43 -41 -27 -25 39 -35 37 52 -42 -30 18 47 -42 4 32 41 -60 71 -39 36 -6 10 52 -20 -14 36 44 23 -33 -80 -43 20 22 13 15 -49 -55 41 1 28 -33 28 5 -15 14 40 41 18 -20 41 4 -94 -78 21 8 28 -55 36 -8 -51 6 36 9 36 53 54 7 12 69 38 -50 118 -17 -4 -37 46 38 19 2 -97 -19 33 34 42 -28 25 -41 -60 -49 40 62 -5 11 -55 -83 -6 -48 7 24 -5 -10 82 -61 -52 -6 31 0 -22 -10 -51 -62 -38 65 -73 69 -17 46 74 10 -24 12 -53 -45 -52 5 -11 -25 32 -15 23 -36 -85 19 -20 -54 59 38 40 -29 1 65 58 -15 -44 5 93 -51 -34 -45 62 92 -17 -18 18 44 -56 63 2 -81 82 62 0 -18 -22 -15 34 38 -34 -28 14 61 -53 -56 14 35 -63 -94 53 -5 -8 -37 -50 6 40 41 -83 14 30 59 -25 42 -64 17 -33 68 -26 16 11 -13 1 -43 -51 -30 -8 67 56 12 -46 70 -29 -10 43 10 3 21 -2 29 80 -35 11 13 0 -37 17 2 16 -74 47 3 -19 -49 -37 55 29 -45 33 102 -14 -57 -16 -94 -70 29 -23 16 -16 102 24 44 -38 -9 43 -64 42 -64 -6 -44 59 -76 17 -15 -7 57 -38 -47 -16 -5 -25 -70 -15 -16 11 -44 27 3 -40 61 17 93 -11 -11 53 -39 27 -9 -50 -11 63 -24 36 17 38 16 28 -4 -12 44 3 -22 37 -8 -67 13 -19 48 13 35 5 -28 31 -54 50 54 -49 -20 45 4 -63 -20 -87 42 -64 -35 25 56 -12 -13 34 15 -3 -45 -8 6 0 -57 -28 -4 -4 -57 -22 -7 57 -21 29 -52 -40 33 -57 -19 84 85 -8 35 -52 -21 28 -13 -34 -27 -13 42 72 52 -22 10 29 -8 -37 81 -10 -40 -31 -15 -41 21 -3 68 11 11 25 37 -19 -46 41 55 1 26 -38 -6 73 -33 -31 13 -53 10 46 44 -44 -1 -82 -60 -17 -39 82 18 21 3 36 -61 8 34 78 24 -40 87 21 29 25 32 -30 11 -19 29 -60 20 -20 -25 54 -45 37 0 4 -28 -16 -50 42 28 0 -12 -22 70 9 22 66 -35 46 40 -65 -46 -15 90 15 -2 -64 30 -31 -13 14 27 3 -39 64 -16 -12 29 44 -11 38 -81 -23 6 59 -18 76 39 -42 -19 28 50 -31 -5 25 -26 -58 42 -45 -1 -26 114 51 87 -95 -12 -9 44 13 50 15 -64 14 27 14 -39 -32 -9 14 -61 -6 4 -40 16 -1 17 -29 28 -68 21 -11 -31 10 -2 67 47 -16 9 -20 -97 -34 62 54 -5 -13 -45 -55 -39 -32 20 46 17 -3 9 53 -59 -39 42 -74 93 82 -9 53 28 1 15 11 51 38 -22 -5 48 -6 -29 44 -104 42 18 17 20 42 7 37 -11 34 7 55 13 54 62 22 39 -27 18 -15 -31 13 4 -18 -63 6 27 26 -18 -14 56 16 -42 25 46 -2 61 -6 28 -27 11 -77 -44 48 -84 19 -7 -50 47 -70 -17 -63 25 -9 -31 -17 34 -6 -83 5 -84 -15 -22 18 8 31 73 -53 -29 7 12 -65 53 6 -17 -17 -60 -35 -11 -10 21 45 24 29 -46 24 -28 -42 -15 36 -64 30 5 2 30 42 -14 -24 -17 57 -27 -19 -76 13 26 -70 -21 -8 -23 -27 -8 34 -31 -37 -4 -8 -11 -17 2 0 50 -19 17 -25 -14 47 7 0 29 -45 5 -40 -58 -16 38 38 -4 18 -54 26 -51 9 -1 7 -2 47 -40 48 26 -34 14 -42 7 -67 -49 26 25 57 -43 16 -40 -60 3 -20 23 32 0 1 -11 89 39 -11 33 -17 7 -17 60 -21 -35 65 -9 -69 1 -25 -33 -7 -6 -41 -2 10 17 11 38 -33 -46 27 -2 59 -31 -18 31 -38 -56 -12 46 29 34 -14 31 -65 23 7 45 -26 -49 -64 -45 67 -19 -26 -105 -54 -8 -24 59 -50 -9 -23 -52 42 -51 -9 34 61 24 73 -35 3 48 -52 2 1 -39 28 -60 -39 -32 -2 63 -2 33 -40 12 -37 -51 28 82 -30 -27 -16 4 -64 -9 -37 -42 24 20 -45 47 -66 -11 -35 40 49 -12 33 21 35 -20 -78 -33 -17 -49 7 105 3 70 -21 21 60 70 -39 42 18 -59 -2 -43 68 3 38 48 6 -63 8 -72 42 65 -32 -25 -41 19 8 -31 -18 -3 -47 -68 43 -14 -22 51 61 -19 -18 -24 -39 -35 -14 -27 -23 -5 19 21 -12 -41 49 36 16 -69 -77 -1 34 -73 28 30 34 25 4 54 -9 1 -22 -37 22 -31 -19 2 -18 -2 74 -24 -9 -47 6 -43 -51 -38 -48 16 10 51 -46 -89 -24 -43 -10 13 11 -33 57 -8 -67 43 57 23 -37 -27 35 -6 -60 18 -40 -7 79 -31 -77 -52 -24 -43 -18 -4 -7 18 -15 9 86 43 -17 9 1 -25 -28 -40 -2 34 -60 10 -98 -69 -46 -35 64 37 -114 5 -44 24 30 -13 -6 -31 -21 63 -36 -85 10 -38 18 -36 -22 2 -5 9 21 48 50 -4 -40 7 3 13 -63 62 -39 -32 2 -77 -57 -11 -35 19 -29 -31 63 -41 -38 -7 -21 -14 -16 -12 31 54 -40 9 -60 -80 -47 11 -4 26 37 -29 6 55 -6 21 -15 -15 -22 0 -45 20 -21 -15 -66 -48 12 16 -40 32 7 -61 -31 -61 -27 8 -66 29 6 36 51 39 -49 72 -53 19 47 41 9 36 -38 50 -50 5 -28 2 47 -29 -59 42 -13 -24 -18 -11 44 0 23 17 16 -42 1 -25 -5 -50 -25 -51 -50 5 47 -68 -22 33 54 -24 -19 22 -7 55 10 26 16 -48 -73 36 -17 25 -47 -85 -53 -49 -57 9 -58 59 -13 0 -24 -36 32 0 60 8 2 -23 -85 -33 31 -29 25 -19 -16 44 37 -48 15 9 -3 -37 20 -26 7 65 4 24 55 -68 -72 -33 56 20 54 18 -19 -7 3 -56 -17 51 70 24 37 13 -16 38 -27 -36 -50 4 -20 66 -9 81 -51 84 69 6 -21 104 18 -72 -97 2 1 11 63 -31 9 20 37 -32 -4 15 -8 89 82 -2 39 -31 -23 -16 60 36 30 39 -61 56 4 7 76 100 22 22 -41 -79 -3 -58 104 -23 -22 23 -57 33 4 83 -42 37 38 34 -4 33 -19 14 10 71 -25 -66 75 48 -60 -58 57 26 -4 -7 39 20 -32 -1 -67 -63 -17 -53 -67 37 -11 56 50 -12 -38 -33 29 -54 -83 5 -20 37 -35 3 61 -20 -37 -20 64 -7 50 28 -14 -12 9 27 -37 32 11 30 -6 -38 -35 24 63 26 -20 63 43 32 58 4 7 5 -12 -1 44 23 -6 76 71 -42 6 51 43 -14 31 -36 25 45 18 29 -57 34 8 1 17 52 10 34 12 66 35 87 60 -22 11 -56 31 62 -5 43 45 6 13 -31 -49 -28 27 27 4 -19 -26 -19 -40 64 44 -57 58 -60 -21 16 -32 -38 -28 -39 -44 39 35 -59 21 39 54 -74 55 -11 51 -13 -113 10 -26 -18 30 36 -65 -67 -23 -53 -33 13 41 -44 -33 45 -43 20 7 -108 -41 35 46 29 -28 36 20 59 -6 -73 -12 24 -29 59 12 -33 5 -12 54 -47 -22 -38 32 29 46 11 -63 -6 6 -4 2 -57 35 -6 44 -45 -31 -23 11 -25 23 49 26 14 2 96 -9 -46 -81 -13 -35 -54 -63 -36 -12 -7 -35 43 10 -7 94 -31 39 -32 -41 18 -3 78 -30 53 10 -2 -19 7 7 36 -5 -40 64 -19 -32 77 -7 -30 -31 -19 -56 -32 75 25 -9 52 62 -61 47 -20 25 4 -69 -17 25 -17 -49 -1 11 -45 -4 -7 12 -67 85 -13 -20 -11 -29 -7 -32 -18 -15 65 -30 6 -42 58 17 -32 -29 73 -58 -39 -10 -18 11 -33 -29 -22 -10 8 -19 41 -34 -5 -39 18 21 -63 50 -57 -14 35 40 23 -4 20 11 -16 18 -46 24 2 1 3 38 17 -14 32 21 17 36 -28 -7 37 37 -28 25 61 -12 -36 -57 18 -18 -7 46 -22 33 -5 -40 -8 -68 26 54 -32 -43 -61 3 -71 -25 -60 -92 -95 64 92 42 57 58 -21 59 -53 7 72 -8 -63 53 -26 -35 42 11 -39 -27 -64 -9 -28 -54 3 -12 -62 -54 -47 -2 49 -22 33 -43 36 -70 -22 -27 0 -48 -6 -27 7 38 15 -40 -67 64 -62 -26 -48 50 -25 38 10 47 5 16 -72 -1 -10 68 55 -34 -11 0 53 -46 54 42 27 62 33 29 9 -7 39 -21 -2 -76 37 -27 42 48 7 -52 33 -20 29 50 -21 -16 25 -20 -128 -82 -29 56 -63 -12 16 -27 -63 -10 31 31 16 51 -32 38 2 -23 34 -23 -54 -18 -76 2 -40 -42 -85 12 -79 18 -65 -65 56 73 12 -30 -53 62 -59 -40 33 25 -67 -40 -91 0 21 25 -17 -35 27 53 29 -9 50 6 -23 60 -12 10 68 -19 -33 -45 -14 -27 -61 8 1 6 -5 37 -85 36 -58 -55 -30 32 -53 -18 -47 -33 25 -1 -58 -19 5 -30 -21 -58 7 63 -48 -27 37 -27 59 -7 -31 -25 -40 43 -21 -25 6 16 -33 -15 -3 -90 21 41 24 -42 -75 4 31 15 -15 34 40 -16 -69 14 5 50 1 61 -26 58 -62 -34 5 27 -29 55 -13 12 1 -35 7 -23 98 -58 26 13 28 -6 -14 29 14 69 43 38 -32 2 -43 45 52 38 -5 -16 -50 20 -47 -40 -34 -14 17 -62 50 85 70 57 35 -33 -14 8 85 14 -37 -68 -36 -98 1 37 70 -57 22 -23 55 16 -1 21 -34 -39 -52 22 37 -53 -11 47 -37 36 42 4 64 90 -4 -76 11 37 -31 4 -16 -12 -26 -85 -40 -14 -11 -72 110 -22 46 38 64 61 54 -58 3 13 52 23 -21 -3 -26 -41 95 52 -22 -52 10 -55 -25 -47 -35 -22 -4 16 -65 66 62 -10 27 40 -43 40 37 2 -70 9 39 -1 16 -32 -123 -35 53 -58 -54 47 -44 12 19 -22 53 31 74 35 12 -4 10 103 13 31 -50 18 59 2 -29 -59 -96 -55 22 44 -13 -5 -24 -42 48 -19 -31 12 60 -68 -41 -6 57 56 -51 -64 61 48 16 16 -42 1 94 32 -30 8 46 -7 49 23 -103 -4 12 29 -5 62 43 -53 -23 -45 19 39 16 28 -44 27 0 57 64 61 11 58 23 58 1 -51 -78 -2 -43 -10 -38 -61 43 -60 2 -49 36 -8 4 -34 -34 2 9 46 -27 -44 -46 -28 36 14 -19 54 -85 32 2 54 115 66 -24 7 -65 -14 -57 -11 -59 17 -30 -78 -47 30 9 3 -10 -52 -50 -61 2 -11 -10 50 -77 35 34 29 -107 52 -24 37 29 -58 53 -69 51 10 24 -47 9 53 74 22 -34 35 14 -56 -22 10 -75 -57 32 -52 -4 -38 18 13 -18 -23 -8 -18 11 -83 82 -26 25 -27 34 24 14 -12 47 27 -29 -52 -38 55 83 44 49 15 -87 -13 0 48 -33 40 -39 29 26 -9 -37 50 46 -36 -43 -63 23 8 -9 -81 -77 -17 29 12 -31 -7 -56 20 4 16 -4 -2 33 27 2 50 51 32 -9 36 5 29 68 -8 36 34 -19 -6 -57 -6 15 -42 -29 -51 35 22 7 -51 9 -5 -23 -55 -56 -35 -7 8 -48 -38 -70 37 32 80 -27 41 -23 9 -75 11 34 -27 -24 18 -27 -68 -19 38 39 -23 -35 63 -1 -5 -61 -60 34 29 -39 65 25 -67 50 23 -25 5 18 -49 -18 4 -17 49 19 -46 9 -4 25 -68 73 -78 -28 -43 64 -27 -23 53 0 -13 -2 -35 -12 -25 -18 -17 30 31 -16 21 -37 43 33 -53 -19 -10 45 0 34 14 22 -27 -29 15 25 -59 -7 40 -42 31 5 -36 -37 13 26 18 -91 16 -2 32 -4 34 -70 -25 14 -24 13 23 -91 41 20 -90 -36 26 -32 -30 -38 -7 -49 10 41 -20 1 -17 11 49 13 10 -7 -69 84 5 -71 -1 33 11 18 54 -16 53 22 29 60 20 14 -5 54 -19 -10 -16 -42 55 -28 25 -23 47 41 25 33 -33 9 20 18 -62 -68 -25 48 -65 -29 -46 -21 12 -44 -9 -35 46 26 29 1 49 -63 -40 15 -34 -22 -9 -44 -23 62 -49 2 -18 29 30 0 -17 -34 10 35 98 -5 -34 25 46 -28 -46 -70 5 32 -19 -22 9 24 -11 5 -18 -29 26 1 -28 52 11 19 -13 68 22 29 55 23 -109 86 -3 -52 22 -38 -21 -68 -39 20 -22 -18 57 -60 -13 -20 39 -4 22 6 10 -43 31 -17 3 72 -53 60 -38 14 44 50 6 -22 -31 -10 -22 12 1 2 31 12 6 4 10 -4 -28 49 6 23 16 -18 -60 39 16 26 -16 43 28 14 39 -19 -24 39 -32 0 -18 22 -20 25 -45 29 -14 -23 14 30 -6 -48 27 -47 -12 44 39 -92 25 4 51 -43 9 -31 -27 37 47 -4 -7 -61 53 28 -15 -20 14 -3 35 -2 -77 -25 73 34 -23 46 6 28 32 67 -36 -14 -12 19 -44 -63 -4 44 -12 -14 55 -10 -20 -68 72 7 -37 10 -49 -23 54 -9 -33 21 -42 -88 -38 -38 24 -4 49 3 12 19 -34 -40 12 -13 -43 -3 59 -25 -12 -44 7 -65 -65 -14 -59 -12 -43 -5 18 -29 12 -27 13 10 -97 89 32 26 28 7 -17 -6 -24 -47 -20 44 -49 -1 29 62 65 30 -10 -55 38 -31 -24 15 -11 30 -20 -31 57 -89 -9 -54 86 19 71 9 73 41 32 -2 12 33 18 6 25 -44 -87 90 -4 -18 104 -11 -4 8 -28 -44 13 20 -26 -7 45 -17 64 -87 -46 -105 -8 16 -49 -80 -36 -22 -71 11 1 42 -77 96 27 -4 43 -20 69 -37 61 -22 -2 27 36 59 -25 95 -8 -54 13 20 38 1 -64 -79 28 -38 40 -13 17 4 -7 19 -21 53 -5 14 -14 -18 -71 -32 44 101 18 -45 42 2 -55 -23 -29 -23 35 -39 24 -91 30 -73 36 -21 9 -66 -21 41 -61 81 35 9 -2 114 10 -16 50 21 -75 40 29 12 65 4 -6 -42 32 -4 -57 -1 104 -23 -5 15 70 -13 7 26 0 60 30 -23 -26 -22 22 52 49 33 -5 77 46 79 32 -29 -19 -15 -5 -28 -14 12 -41 52 -6 34 -13 51 -14 -33 -38 39 -33 27 59 37 -2 -46 31 -2 -65 -32 46 -34 36 36 2 56 -68 84 39 -61 32 -27 41 18 -8 -35 47 3 12 15 46 91 76 11 -18 48 69 -22 24 -5 -11 -48 53 93 41 -7 -8 84 16 -24 -26 11 16 -52 -8 19 49 18 -43 45 41 -32 2 -74 -24 25 45 -12 -25 -42 16 32 -4 -61 -54 -1 26 8 -31 15 -17 -9 34 -7 -36 -33 -20 -25 -28 36 13 19 -88 70 -15 -17 -27 42 -17 43 -107 -36 35 11 -24 47 -11 72 67 -31 -26 6 19 11 -54 -16 56 38 -40 46 -13 3 11 -55 20 25 19 29 83 14 19 7 -18 -32 5 31 -44 37 -64 29 24 -14 5 34 -37 21 43 -12 48 16 20 -14 -17 -27 -34 -17 -22 63 -4 -149 -22 -10 83 -13 -31 -13 -10 80 -34 49 17 -15 -28 -24 26 72 9 6 -77 15 -69 29 -36 -37 -72 79 79 54 -42 -1 -22 -15 -52 -6 -18 -27 30 14 -22 -50 42 57 -17 43 -6 30 10 27 -52 53 -19 20 35 24 55 64 26 56 -63 -13 53 31 -2 30 27 26 -39 29 63 -3 -5 -24 -28 -37 4 2 0 -70 53 -14 26 -60 27 -18 6 37 51 61 7 -42 5 49 0 -82 -33 -6 51 -59 54 -24 -21 -32 55 7 -16 55 27 -9 23 49 -7 -31 55 61 85 -90 40 -20 6 0 98 -11 44 65 -22 -49 -30 6 9 -7 32 -8 -1 30 -18 78 30 71 -6 -24 -27 -23 -49 -4 -85 0 47 -20 8 -5 31 37 32 18 27 -49 44 6 60 49 66 -93 88 -42 -39 -129 40 23 74 47 -47 17 -69 -54 75 -103 -27 -35 8 46 -22 21 10 -11 57 -13 -63 -70 12 -63 9 -45 -23 28 6 9 -71 -2 -23 -4 -42 33 -90 81 -29 6 2 34 -3 -25 47 16 -17 -25 -23 -17 30 -24 30 -85 22 -24 22 8 53 -2 -5 30 43 27 25 -50 -9 9 31 40 -45 -38 -31 -79 -65 12 -14 47 -96 -34 -38 -55 -5 -18 -4 -79 4 -1 -20 -31 -46 -12 35 -27 29 18 12 -4 -14 48 0 38 18 -31 -13 -10 -18 -13 -62 -30 2 -20 55 -30 -36 57 1 -32 28 2 0 -15 -16 60 61 -34 9 -11 -76 73 25 9 14 82 36 -31 46 44 30 37 -46 -9 -8 -13 -12 -2 -63 21 5 68 8 76 55 26 -8 -5 -45 10 -16 -33 -42 87 14 65 14 42 3 -38 32 -20 -1 -6 37 29 54 24 34 12 -49 55 27 34 -27 65 -1 78 -53 -16 -30 6 70 -17 -81 -69 -60 -52 70 58 -47 60 46 -13 2 4 5 39 -17 30 4 79 71 33 -50 19 -36 -51 -20 -24 0 21 42 -64 25 -57 6 -36 65 30 12 0 -3 0 5 -56 23 53 9 -41 13 58 5 42 21 4 41 10 10 33 -4 13 -4 40 4 -30 -111 25 -23 8 47 14 64 -78 38 -91 42 -63 30 -14 -8 -29 91 79 -8 -10 7 27 69 -16 -15 -27 46 -2 -26 -13 -32 -43 -31 -1 17 2 28 67 36 39 95 45 25 -55 0 -21 40 -62 23 12 -45 25 -9 -10 -10 -11 -28 8 13 12 -59 11 52 -20 -76 32 39 11 -54 -24 -3 24 67 37 -37 -29 37 34 67 -25 -12 3 56 -58 -38 21 -93 10 19 48 -29 -7 -8 65 -37 -54 25 14 -45 -31 -82 -56 47 1 43 64 -34 -80 56 12 29 -14 -16 24 -10 78 -7 -68 -80 13 10 12 40 -58 -16 52 -60 32 1 -18 -18 -30 14 -22 60 67 8 -34 -33 27 -17 -21 -83 27 8 -10 -36 -50 -52 28 30 -40 78 -52 73 -35 30 47 -18 -5 17 -35 -6 -30 -36 28 34 -3 -66 8 39 -59 -30 -21 -9 1 -25 -37 70 14 -43 -3 40 55 70 -44 28 25 30 -11 16 -19 -23 -6 -64 88 -1 94 4 42 38 32 37 -49 -11 -81 -21 -16 -22 14 -26 35 30 0 -22 24 -64 16 -35 78 24 -25 -37 26 -32 -20 43 13 32 -48 -31 11 -24 27 12 -58 12 74 55 59 -46 -9 81 -34 4 49 62 -14 -71 51 -39 23 18 1 -78 3 36 20 36 -20 -50 -13 56 -20 -29 5 37 73 -44 68 5 -56 19 -4 20 -36 48 -50 -5 44 -67 6 53 75 -38 2 75 -17 75 14 74 -9 -66 4 10 20 70 25 28 40 -40 -15 -30 -26 63 8 -4 -23 -27 -5 -80 5 -18 23 -95 -21 9 23 -60 -21 -81 -47 12 -12 -44 22 -11 -67 49 24 -27 14 9 3 -7 9 -70 58 -33 36 68 -40 39 72 -32 18 -29 7 -57 74 -4 -14 13 -5 -18 -86 4 8 -14 -26 78 54 86 -66 10 -11 -9 -74 59 -47 34 27 46 21 68 -35 -9 -21 6 69 -17 -13 -21 -21 -11 -19 20 -54 18 -87 -58 -11 -83 -54 95 11 -27 43 -2 -47 59 41 -1 49 1 -58 30 -22 13 14 -76 33 33 -38 -96 53 29 0 36 9 24 -18 72 8 -38 15 61 50 60 34 48 -36 -1 -60 6 -48 16 20 -2 -51 -14 28 -88 0 85 -27 7 0 25 -16 62 -24 -8 11 36 66 -2 -42 38 -16 10 -9 5 16 -20 -14 20 -46 -26 61 -55 17 5 0 20 4 -63 55 32 -12 44 50 76 3 45 65 8 44 58 -2 -9 33 -38 -11 -38 41 -34 14 53 8 -1 -6 53 74 70 -34 -27 -57 31 -43 6 24 -79 89 -67 10 0 -52 -3 -80 115 60 -76 37 30 76 -53 10 -54 69 3 -50 27 36 -31 -53 -3 29 30 4 -23 -55 -7 45 29 39 42 -50 -2 27 -17 21 -1 -65 5 27 70 33 31 40 -1 -13 28 -27 28 37 4 -49 38 -87 -19 24 75 35 59 25 -32 38 -56 13 -40 26 -34 -55 1 32 -11 -3 8 74 -62 37 -67 -10 17 -10 2 36 -80 43 -44 -26 -13 -38 22 32 -23 11 40 -35 11 -105 68 14 -70 8 -19 -47 -40 44 66 -34 -20 47 -83 7 32 51 24 16 36 -20 -32 -33 7 39 -58 46 -55 45 54 10 8 -31 42 36 -69 -58 18 -75 10 -47 -85 -9 -48 5 39 -25 79 45 23 -5 -38 73 -24 58 -17 105 13 -7 -12 -17 19 -24 -37 -46 46 -37 -49 -59 0 -108 4 17 -24 71 59 40 19 -27 44 -16 -17 -13 -4 12 -84 -14 -14 -61 -35 111 -11 42 -89 70 69 23 -48 -31 49 47 -85 11 47 -17 44 18 42 57 59 -51 23 20 -38 -37 -7 -31 1 -34 32 7 1 0 -4 20 53 70 46 -23 54 21 -27 -26 -98 39 21 -66 12 40 1 -17 43 -67 37 -1 51 1 50 24 -17 -69 -5 -73 -48 19 -23 -4 -78 36 -26 26 -23 63 -17 -31 25 -49 23 58 -28 -16 42 -38 -24 37 24 34 -50 4 -1 38 -7 21 -55 -9 38 -15 122 -3 -1 -13 68 50 42 -32 -37 -8 -19 -11 60 24 13 38 -106 -92 1 0 -43 12 9 55 -56 34 -6 52 51 -28 62 -7 9 -41 9 -8 -58 -13 35 67 -41 -2 -42 16 71 -14 53 -25 43 -29 24 -19 -2 -58 -43 35 -54 -50 -82 -57 -21 63 -12 -4 45 -24 73 -2 -8 36 -27 -5 -16 36 -4 4 -51 -2 -23 -90 14 19 -17 -12 17 -27 1 -28 84 13 45 -62 -46 -13 12 19 11 -18 58 -7 45 -44 -61 -46 5 68 -3 56 -45 -59 21 35 23 -3 -56 0 -11 82 -11 -20 9 4 -3 41 -37 29 -4 60 -26 14 -14 20 49 -45 46 42 52 3 96 -43 -13 -56 -39 33 -39 85 43 16 -18 78 -8 112 -15 25 13 -71 9 37 -34 -46 -61 -2 13 14 23 14 78 -36 -30 78 26 77 -29 74 10 44 34 -2 -29 2 -35 -41 -40 49 64 -59 -41 -62 -35 5 -20 47 -11 -70 -39 -46 27 29 5 -22 -33 2 0 -27 21 -24 36 -5 -11 -50 38 -19 27 -37 -45 78 -7 -32 40 -70 79 -19 -58 14 -15 -84 3 35 1 -35 -47 -7 -64 19 57 -29 11 22 37 -4 -32 13 -18 -34 23 5 0 -54 -20 55 23 6 9 43 9 28 7 30 72 20 -19 -16 6 16 29 29 1 -4 26 73 -46 46 47 95 2 -26 49 13 50 8 50 -4 -2 7 -35 -22 -13 -61 -12 21 -25 28 11 36 10 -31 -14 20 39 64 -96 40 3 -39 -29 50 -4 47 -34 23 -21 34 -22 -46 49 22 35 19 41 -87 15 -31 -55 -7 45 -47 61 -20 -3 34 -24 -11 -1 -49 -27 9 -33 -2 -23 10 50 -74 -30 1 65 7 -50 23 25 -22 -54 -12 30 -67 10 20 13 -51 -4 7 -29 -34 -43 30 11 -58 -2 -56 9 -49 1 -98 59 58 45 -49 -12 13 49 25 -17 26 -46 -57 72 -30 -43 -31 12 -28 9 14 55 27 -52 34 46 3 -23 -14 6 -45 -29 2 -16 5 -32 -5 -3 -106 38 9 -7 25 55 82 86 76 -29 0 -27 32 76 30 26 37 -9 15 -28 24 9 20 11 46 -24 30 -76 38 -85 -52 22 -80 -48 63 -63 0 -9 48 79 25 -10 -56 -36 -16 -20 -30 -10 -10 71 23 -17 -14 -79 -34 1 -75 6 35 48 38 -64 30 62 60 -27 42 14 2 71 67 9 -19 60 14 -19 61 17 56 40 -20 -42 -16 -71 -57 14 90 -2 -59 -24 -63 -17 -2 -21 2 26 -54 -32 29 -70 -6 -13 -64 -36 23 -34 -6 53 14 -46 -29 -21 -29 8 -67 89 15 -27 -9 52 26 5 30 -6 -65 0 -27 4 -31 -66 11 59 68 -4 -41 -21 -40 -21 -7 22 -53 -6 4 -2 23 39 -58 42 -2 19 46 -2 -17 -68 -28 50 26 0 5 43 56 -54 -27 33 3 28 -56 3 39 82 -54 -40 -28 20 34 37 5 -35 -60 45 60 -28 55 -65 -67 -2 -60 -28 -1 -38 -34 64 63 57 36 39 -40 -59 17 -22 -25 23 -38 -4 109 78 34 14 -20 -43 14 20 -28 -21 -44 20 -49 -40 -15 -8 -61 -29 -23 88 -52 16 101 -95 50 -25 41 33 0 17 -72 -2 79 -50 -33 -9 -57 7 40 28 -33 26 12 -68 40 -42 62 -53 -45 -16 -25 41 16 -6 56 -46 -82 3 -8 5 38 -6 -31 17 7 45 -25 -6 11 1 27 2 27 -16 53 -41 56 18 -39 -53 -2 -34 -40 39 31 -4 34 -3 81 1 31 -33 -3 55 37 16 36 94 -29 -25 -38 -2 -26 -53 5 99 9 -43 -11 62 0 31 54 -58 90 47 -36 -10 40 5 -13 100 43 50 34 -7 -51 51 -56 34 24 -5 14 -18 64 14 -17 32 7 55 -43 -28 6 -9 55 -31 17 43 19 43 -89 -4 14 -35 20 -1 -15 20 -15 -3 40 -2 -40 42 -55 98 -15 40 13 -57 -23 2 71 16 -43 -24 24 20 -63 -50 73 12 20 -33 60 -24 -30 29 12 12 11 34 64 -30 72 -15 3 32 -31 65 40 -33 -25 28 57 30 0 -27 6 -50 -10 79 46 12 9 0 43 58 36 -33 -13 -1 43 41 38 47 61 20 -6 -14 29 -40 -48 -8 -19 -6 -36 39 86 66 58 72 -17 0 -19 -14 -28 0 18 30 86 44 58 -52 -33 -19 -13 -48 38 -72 28 45 62 16 -2 78 15 -25 24 -50 59 -19 -72 27 39 -22 13 39 20 -46 -44 -57 35 -55 19 -52 -48 11 -46 -10 -23 -12 29 -52 -24 -67 32 -75 -31 -65 -3 -36 -30 44 -33 -25 24 -42 -29 13 68 55 -43 -36 -50 -39 23 -77 3 26 -89 35 -8 50 -36 88 71 -33 30 -34 -66 -22 55 -46 89 -9 35 9 2 12 -37 62 5 -40 -3 -9 -14 -68 10 73 26 67 23 -46 50 45 81 -60 52 14 -44 -16 27 -1 62 56 17 59 -31 68 -54 12 66 12 29 55 -48 -9 -2 -47 -21 -24 53 51 41 -42 64 76 -6 -15 46 -61 -29 -17 11 28 -39 -107 21 -84 -25 -28 -23 -40 -8 -12 -58 69 53 2 39 -4 17 -26 -17 6 15 6 13 -35 65 -43 20 34 32 -17 53 71 -35 20 2 -19 -35 -91 44 -61 50 -5 28 -43 63 -48 110 -19 -40 -43 39 46 -60 -35 18 75 -26 32 -10 49 58 -78 -17 -32 38 -55 -52 34 0 -7 48 2 59 -42 -3 57 8 -48 17 59 15 33 -43 57 -44 -13 59 -33 27 1 -20 -9 69 55 20 2 -83 -78 -6 -57 -14 -25 16 -45 48 23 9 5 -60 25 -37 -70 33 5 -38 -6 -32 46 57 10 -32 -37 7 -63 32 48 0 42 50 -11 56 21 -16 -4 56 -4 -2 -16 -29 53 39 -5 -41 -35 -22 18 37 19 41 -58 -46 -32 17 -22 -44 21 -22 -13 57 -31 -2 49 25 11 72 -8 -19 0 -15 7 36 18 -7 51 -9 62 83 -12 -33 -55 8 2 7 -37 -30 -24 6 -57 44 -20 -34 -34 4 47 -11 58 32 18 28 -80 31 -33 -25 -48 13 16 64 -11 -7 5 28 16 33 43 58 -23 29 -51 21 3 46 50 -13 -40 9 67 -6 -40 72 23 -24 -13 27 36 -39 65 33 -42 20 14 -31 -2 -31 -23 15 -12 34 1 26 5 3 32 19 13 108 -75 17 -42 -42 -40 -1 19 -22 7 60 36 -27 -6 -49 -17 53 -31 81 32 18 1 34 -19 64 -13 -83 -41 3 -3 -27 33 9 30 -51 28 -53 35 49 45 -1 -46 -68 18 -26 -46 29 -74 0 54 60 -4 -41 10 -56 35 73 -40 -22 -2 5 33 -46 -12 -71 -16 -29 15 -16 -24 -63 -84 8 -25 -2 28 44 34 -49 68 -37 -25 -26 -27 -34 32 -5 -76 21 -8 7 -24 34 11 1 -14 -43 0 56 -64 -41 53 -22 6 -9 -55 59 -22 9 44 10 -10 58 -49 16 -38 60 -10 -8 38 83 -31 -79 72 -42 -32 -29 8 58 -31 -11 13 58 39 -84 60 -32 -52 -53 -62 -20 -50 59 54 22 43 -42 20 -9 29 -33 -19 -37 12 0 -41 -81 -91 16 -10 -12 36 -14 -12 29 75 14 -25 9 -55 8 37 -7 35 -56 -22 13 -32 48 -16 89 -18 31 66 67 31 46 9 -32 25 -30 -47 -22 6 -50 10 2 -1 -42 69 46 -42 51 35 -11 64 8 -24 -92 11 -10 -27 25 -28 62 27 -58 -37 -1 -40 41 22 -19 18 9 16 -60 30 -22 30 -59 -44 -16 59 -10 -39 -83 -63 -22 27 78 -20 50 -33 87 54 39 32 45 -36 60 -74 -86 -56 58 34 -51 31 -2 -4 -29 -64 18 11 34 -58 -41 -32 68 14 -42 1 62 46 26 -27 -18 -80 20 21 -16 -8 38 -28 -6 -12 43 25 42 -40 22 -57 13 43 -23 50 -80 12 22 -29 -26 19 -75 -54 -44 -60 61 -44 -20 85 71 41 25 7 38 3 -29 8 -25 69 21 -1 46 54 -70 -9 38 27 7 29 40 38 -46 43 -16 -44 -45 -31 18 24 -14 -5 69 -58 -17 -8 1 -66 22 -78 -11 -6 23 -51 29 -45 48 30 11 -69 83 -11 -42 -68 -16 -49 9 -46 -66 48 7 -86 -32 -21 -3 1 -16 82 69 6 41 -22 65 2 54 38 -79 57 47 11 55 -11 28 -25 -4 83 34 -28 27 36 26 94 31 -1 62 -64 -49 16 -70 -15 -2 83 -27 -7 -60 46 -25 -38 66 -7 32 -53 -74 -27 9 -22 30 -16 -25 -44 22 39 12 28 13 34 -14 -29 -12 -29 -33 -45 -64 -30 14 -30 12 13 -18 -15 60 46 34 25 2 -10 -7 12 50 7 -19 -3 43 36 36 44 -54 4 37 -98 23 85 60 -37 -18 13 23 -72 36 -17 -41 31 43 11 10 56 -39 16 -24 -61 32 -9 19 44 36 27 -5 9 -44 74 -55 40 -18 7 -16 68 -19 28 -23 -13 43 71 22 47 -93 -19 4 55 -3 -71 62 -11 -2 -21 19 4 7 75 -7 24 -64 79 -33 70 38 -4 3 50 -7 93 18 52 45 44 95 -18 57 -108 -1 67 37 75 31 -13 20 -21 -24 -63 39 -57 -45 39 47 -11 -23 -20 -20 3 -70 27 -54 34 13 -7 -31 28 -61 62 -19 -3 58 31 -28 60 2 73 58 44 -19 -21 2 -9 47 5 45 7 -2 -23 -12 7 -18 6 0 -24 59 43 2 21 -26 -8 -63 28 -68 9 18 76 41 -5 24 8 -56 4 21 22 -29 -27 -12 34 -18 -47 66 20 -66 96 13 -55 8 -54 -98 -99 45 84 -15 -39 34 -25 -6 -45 -87 -12 -105 -61 42 18 -33 -23 14 64 4 -7 -9 11 -21 60 -20 15 85 16 -21 -57 54 -18 -88 16 -43 -24 -98 39 34 7 50 -43 -48 -67 13 -4 -14 -7 -6 -15 -30 -65 -31 -6 41 77 21 25 -49 -41 -27 32 14 -68 53 -27 7 -53 -3 20 20 20 -52 68 -50 43 -13 17 -54 13 -91 -30 -22 69 -10 -1 -2 -53 68 10 -37 -31 24 -50 56 86 -25 7 -3 40 76 3 -55 28 22 -24 28 8 0 29 -10 -28 -59 -11 13 1 -8 -58 -43 -52 38 67 -34 -25 17 53 29 59 16 32 -54 0 27 23 -30 40 -77 -54 -23 6 2 -18 48 -43 46 72 -5 -25 53 -63 -49 -71 -58 76 -26 4 -26 -19 -24 5 -75 15 34 27 -61 -96 60 -32 0 98 14 -28 -32 -53 12 8 42 16 89 -40 -8 51 -7 13 -3 -3 -66 45 -60 -11 -49 -5 -5 50 -5 105 -2 -67 -26 1 34 62 -46 -3 0 -33 10 18 0 -24 -50 15 0 -4 49 14 55 66 -20 -66 29 30 53 46 43 -15 -3 -35 -36 10 -52 -38 -61 11 -45 14 -11 32 -37 32 -76 70 -55 -15 -12 6 13 -41 -14 -15 52 -61 14 7 -65 55 -39 48 -5 -42 36 -75 50 -9 -27 -38 80 -10 -58 -13 -5 28 36 76 -15 30 4 23 -62 28 -64 5 7 21 42 -32 -16 46 -34 75 39 -16 59 -31 57 25 -99 11 -38 9 -6 -38 33 31 3 -53 -24 1 -13 -79 -3 -35 -22 15 77 22 16 -26 47 -44 26 12 -33 64 34 -29 -28 17 31 13 -65 -1 29 31 -26 15 -31 19 -78 37 76 19 -2 -41 -41 -61 26 -20 24 -27 -1 41 76 -77 -27 -16 20 86 -24 41 25 99 -56 -44 -44 -1 62 -64 -12 30 81 -34 -29 69 51 38 -3 60 -48 -30 34 -32 -1 38 -3 -20 -40 -26 -24 23 -10 -86 -21 -34 -66 -84 0 32 -11 6 -55 -38 -32 -23 56 -15 75 68 -30 55 37 86 -13 -10 -36 -40 -27 -25 18 26 6 26 -67 10 -14 70 -7 -15 26 35 68 -28 48 82 34 63 -37 8 -36 -59 48 -59 116 3 29 -28 -42 30 39 58 29 14 -18 28 -18 49 20 36 -60 -4 51 -29 39 35 -58 60 19 54 17 62 -63 16 -48 9 -61 -44 58 38 66 -7 22 72 -56 6 58 36 51 34 -18 26 25 -7 -55 33 -46 -10 -68 30 -26 30 8 -67 35 -13 -44 18 -38 13 -4 118 -41 75 -18 35 62 18 -56 23 36 25 -50 -58 -36 -43 36 -32 11 15 21 44 -58 -63 4 42 154 -35 -15 50 -58 37 -46 -2 22 29 -33 21 41 -32 44 31 -4 51 33 31 70 -3 -45 41 42 36 37 19 55 -2 -3 22 -21 -18 -3 13 79 21 -12 3 85 -54 65 -9 2 76 21 64 -40 9 17 65 6 -34 -51 -46 -33 -17 39 -57 45 55 -35 -20 39 46 -22 25 38 51 11 -51 61 -98 21 40 12 -11 -5 17 -45 -55 -70 29 43 -45 25 72 69 33 58 -46 -2 -66 -42 31 26 -32 22 -50 2 -44 -16 -15 87 -23 64 -76 -54 -8 4 -33 -12 -40 17 -65 -6 96 65 39 26 70 24 -23 -10 -2 0 11 33 29 4 8 26 18 54 18 -23 21 21 -26 -27 1 35 52 32 16 -89 -20 69 49 27 4 49 24 3 41 70 38 34 -59 -57 -1 -1 -9 -30 -21 16 -17 -33 36 -6 57 52 56 16 -40 -57 -18 -25 -44 -46 11 -53 34 -92 71 8 52 72 91 -44 97 56 35 -50 13 70 69 -65 -18 16 -33 -48 -60 -31 -28 -10 -26 25 -10 -83 -24 -47 -20 -14 83 64 85 31 -28 41 74 56 -67 9 33 8 -26 87 -19 -63 -55 -56 -44 -21 -31 42 31 -39 40 -38 5 -58 -3 -13 -42 7 -45 10 -21 -103 2 -49 5 -37 3 126 -60 5 13 34 -9 30 -19 -106 79 -30 28 9 -49 -27 26 27 30 -15 64 -16 24 -56 -18 -33 87 -31 12 27 -29 -4 14 -13 59 109 54 22 -21 -8 30 -24 24 -1 20 -50 -34 -110 -110 -21 15 -64 -66 -33 26 -3 -18 -39 -8 -34 -66 -76 0 58 -32 -8 -94 11 40 18 15 23 18 34 48 -20 71 16 -51 13 -2 -12 57 5 1 -45 15 44 25 12 -49 -48 24 15 31 28 51 -24 -34 -35 52 -35 -38 93 19 -51 -77 12 -8 15 19 -45 -102 42 -40 -22 51 -44 50 -17 4 -29 -29 34 60 -2 45 22 -86 -15 92 -73 -1 26 48 12 12 11 -47 22 22 -39 -9 23 -56 -37 46 95 20 -91 -6 -15 8 11 -65 73 1 0 42 2 -74 -45 56 50 14 37 -5 29 51 48,0 1 1 0 1 1 1 1 0 1 1 1 1 1 1 1 1 0 1 1 1 0 0 1 1 0 0 1 0 0 1 0 0 0 0 1 0 0 0 0 0 0 1 0 0 1 1 1 0 0 1 0 0 0 1 1 0 1 0 1 0 0 0 0 1 1 1 1 0 1 1 0 0 1 0 1 0 0 1 1 1 1 1 0 1 1 0 1 1 1 0 0 1 1 1 0 1 1 1 0 0 1 0 1 1 0 1 1 1 1 1 1 0 0 0 0 0 0 1 0 0 0 0 1 1 1 0 0 0 0 0 1 1 0 0 1 1 1 0 1 1 0 1 0 0 0 1 0 0 1 0 0 0 1 1 1 0 0 0 1 1 0 0 0 1 0 0 1 0 1 0 0 0 0 1 0 1 0 1 1 1 1 1 0 0 0 0 0 1 1 0 0 0 0 0 0 0 1 1 0 0 1 1 1 0 0 1 1 0 1 1 1 1 0 0 0 1 1 1 1 0 0 1 0 1 1 1 0 0 1 0 1 0 0 0 1 0 0 0 1 1 0 1 1 1 0 0 1 1 0 0 0 1 1 1 1 1 0 0 1 0 1 1 1 0 0 1 1 0 0 1 1 0 0 1 0 0 1 0 1 1 1 0 0 0 1 1 0 1 1 1 0 1 1 0 1 1 0 0 0 0 0 1 1 0 1 0 0 0 0 0 1 0 1 0 1 1 0 1 1 1 1 0 0 1 1 1 1 1 1 1 0 0 0 1 0 0 0 0 1 1 0 0 0 0 1 0 1 0 1 0 1 1 1 0 0 1 0 1 1 0 0 0 1 0 1 0 0 0 0 1 0 0 0 0 0 1 1 0 1 0 0 1 0 1 1 1 1 1 1 0 1 0 1 0 1 0 1 1 1 0 0 1 0 0 1 0 1 0 0 1 0 1 0 1 1 1 1 0 1 0 0 0 0 0 1 1 1 0 0 0 1 1 0 1 1 0 0 0 1 0 0 1 0 0 1 1 0 1 1 1 1 1 1 1 0 0 1 0 0 1 0 0 0 0 1 1 1 0 1 1 0 0 0 1 1 1 1 0 1 0 0 0 1 1 1 0 0 1 1 1 0 0 1 1 1 0 0 0 1 1 1 0 0 1 1 1 0 0 0 1 0 0 1 0 1 0 1 1 1 1 0 0 0 1 0 0 0 0 0 1 0 0 0 1 0 0 1 0 1 1 0 0 0 0 0 1 1 1 1 1 0 0 0 0 0 0 1 1 0 0 1 1 1 1 1 0 0 0 0 1 0 0 1 0 0 1 0 0 0 1 1 0 0 0 1 1 0 1 1 0 1 1 1 0 1 0 1 0 0 0 1 1 1 0 0 0 1 0 1 1 1 1 0 0 1 1 0 1 1 0 0 1 0 1 0 1 1 1 1 1 0 1 0 0 1 0 1 0 0 0 1 0 0 0 1 0 0 1 1 1 1 0 1 1 1 0 1 1 1 1 1 1 1 0 1 1 1 0 1 1 1 0 0 1 0 1 1 1 0 0 1 0 0 0 0 0 0 0 1 1 0 0 1 0 1 1 0 0 1 1 0 1 1 0 1 0 1 1 0 0 1 1 1 1 1 0 0 1 1 1 0 0 1 0 1 1 1 1 0 1 1 0 1 1 1 0 1 0 0 1 0 0 0 0 0 1 0 1 1 0 0 0 1 0 1 0 1 0 0 0 0 1 0 1 1 0 1 0 0 1 0 1 0 0 0 1 1 1 1 1 1 0 1 1 1 0 0 0 1 1 1 1 0 1 0 0 1 0 0 1 1 0 0 1 1 0 1 1 1 0 0 1 0 1 1 1 0 0 1 1 0 1 0 0 1 1 1 1 0 1 1 0 1 1 1 0 0 0 1 1 1 1 0 1 0 0 0 1 0 1 1 0 1 1 1 0 0 1 1 0 0 1 1 0 0 0 0 0 1 0 0 1 1 1 1 1 0 0 1 0 0 1 1 1 0 0 0 1 1 1 0 1 0 1 0 1 1 1 1 1 1 1 1 1 1 1 1 0 0 0 0 1 1 1 1 1 1 0 0 0 0 0 1 1 0 0 0 1 0 1 1 0 0 1 1 1 1 1 0 0 1 1 0 1 0 0 0 1 0 0 0 1 0 0 0 1 0 1 1 1 1 0 0 1 0 1 1 0 1 1 0 1 0 1 0 1 1 0 1 0 0 0 1 0 1 1 0 1 1 1 1 1 1 1 0 1 0 0 0 1 1 0 1 1 1 0 0 1 0 0 0 1 0 1 1 1 1 0 0 1 0 1 0 0 1 0 1 0 0 1 0 0 1 0 0 0 0 1 1 0 1 0 0 1 1 1 0 1 0 0 1 0 0 1 1 0 1 1 1 0 0 0 1 0 0 1 0 1 1 1 0 0 0 1 1 1 1 1 1 1 0 1 0 1 1 1 1 1 1 1 1 1 0 1 1 1 1 0 1 1 1 1 0 0 0 1 1 0 1 0 1 0 0 1 0 1 1 0 1 1 1 1 1 0 0 0 1 1 1 0 0 1 1 0 0 1 1 0 1 1 1 1 1 1 1 0 1 1 1 0 1 0 1 1 1 1 1 1 1 0 1 1 0 0 0 0 1 0 0 0 1 0 0 1 0 0 0 1 0 0 1 1 1 0 1 1 0 1 1 1 1 0 0 0 0 1 0 0 1 1 1 0 0 1 0 1 0 1 1 0 0 1 1 0 1 0 0 0 0 1 1 1 1 1 1 0 0 1 0 1 1 1 0 0 1 0 0 0 1 1 1 1 0 0 1 1 0 0 0 0 0 1 0 1 0 1 0 1 0 1 1 0 1 0 1 1 0 0 0 1 0 0 0 1 0 1 1 0 1 0 0 1 0 0 0 1 0 0 1 1 1 1 1 0 0 1 1 1 0 0 1 1 0 1 1 0 1 1 1 0 1 1 0 0 0 1 0 0 1 0 1 0 0 0 1 1 0 0 0 1 0 0 0 0 0 1 1 0 0 0 1 1 0 1 1 0 0 1 0 0 0 0 1 0 1 1 1 0 0 1 1 0 0 1 1 0 1 1 1 0 1 1 0 1 0 0 1 0 1 0 1 1 1 0 1 1 0 0 0 0 1 1 1 0 1 0 0 0 1 0 1 0 1 1 0 1 0 1 0 0 1 1 0 1 0 0 1 1 0 0 1 0 1 1 0 0 1 0 1 1 0 0 0 0 1 0 0 0 1 1 0 1 0 1 1 0 1 0 1 0 0 0 1 0 1 1 1 1 0 1 0 1 1 1 1 1 1 1 0 0 0 1 1 0 1 0 1 1 0 1 0 1 0 1 0 1 1 0 1 0 1 1 1 1 0 1 1 1 0 1 0 1 0 1 0 1 0 0 0 0 0 0 0 1 1 1 0 1 0 0 1 1 0 0 1 0 0 0 1 1 0 0 0 0 0 1 0 1 0 1 0 0 0 1 0 1 0 0 1 1 0 1 1 1 1 0 0 1 0 1 1 0 0 1 1 0 0 0 0 1 0 0 1 0 1 1 1 0 1 1 1 0 0 1 0 0 1 0 1 0 0 1 1 1 1 1 1 1 1 1 0 0 0 1 0 1 0 0 0 0 0 0 0 1 1 0 1 0 1 0 0 0 0 1 0 1 1 0 0 1 0 1 1 1 1 0 0 0 0 1 1 1 0 1 0 0 0 1 0 0 0 0 1 1 0 0 0 1 0 0 0 0 0 0 0 1 0 0 0 1 0 0 1 1 0 1 0 0 1 1 1 1 1 1 0 1 0 0 0 0 0 1 1 1 1 1 0 0 1 0 1 1 0 0 0 0 1 0 0 0 0 0 1 0 0 1 1 1 1 0 0 1 0 0 0 0 0 0 0 0 0 1 0 1 1 1 0 1 0 0 0 0 0 1 1 1 1 1 0 0 0 1 0 0 1 1 1 1 0 0 1 0 1 0 1 0 1 0 1 0 0 1 0 0 1 1 0 1 0 1 0 0 0 0 0 1 1 1 0 1 1 1 1 1 0 0 1 1 1 1 0 1 1 1 0 1 0 1 1 0 0 0 1 1 1 1 0 0 0 0 0 1 1 1 1 1 0 0 1 1 1 1 1 1 0 1 1 1 1 0 1 1 1 1 0 1 1 0 0 0 1 0 1 1 0 0 0 1 1 1 0 1 1 1 1 0 1 1 0 1 0 0 0 1 0 1 1 1 0 0 0 0 0 0 1 1 1 1 1 1 0 1 1 1 1 0 0 1 1 1 0 0 0 0 0 1 1 0 0 1 0 1 0 1 0 1 0 0 1 0 0 1 0 1 0 1 0 0 0 0 0 0 1 1 0 1 1 1 0 1 0 1 0 0 1 1 1 1 0 1 0 1 0 0 1 0 0 0 1 1 1 1 0 0 0 0 0 1 0 0 1 0 1 1 0 1 1 1 1 0 0 1 1 1 0 0 1 1 0 1 0 0 0 1 1 1 0 0 1 1 1 1 0 1 0 1 1 0 1 1 1 0 1 1 0 1 1 1 1 0 1 0 0 0 0 0 0 0 1 0 0 1 0 1 0 1 0 0 0 1 1 1 0 1 1 0 0 0 1 1 0 0 1 1 1 0 1 1 1 0 0 0 1 0 1 0 0 1 1 1 0 1 1 1 1 1 0 1 1 0 0 1 0 1 0 0 0 1 0 0 1 0 0 0 1 1 1 1 0 1 1 1 1 0 0 0 0 0 1 1 0 1 1 1 1 1 0 0 1 0 0 1 0 0 1 1 1 1 1 0 0 0 1 0 0 0 0 1 1 0 0 0 0 0 1 1 0 1 0 1 0 0 1 1 0 1 0 0 0 1 1 0 1 0 0 1 0 1 0 1 1 1 1 0 1 1 0 1 0 1 1 0 1 1 1 0 1 0 0 0 0 0 1 0 1 1 0 1 1 0 1 0 1 1 1 0 1 1 0 1 0 1 0 1 1 1 0 1 0 1 1 1 1 1 0 0 0 0 1 1 1 0 1 0 1 1 0 1 1 0 0 0 0 0 0 1 0 1 1 0 0 1 1 1 1 0 0 1 1 0 1 0 0 0 0 0 0 1 1 0 0 1 1 1 0 1 1 1 0 1 0 0 0 0 0 0 0 0 1 1 1 0 0 1 0 0 1 1 1 0 0 0 1 0 1 0 1 0 1 1 0 0 0 1 0 1 1 1 0 1 1 1 0 1 0 1 0 1 1 0 1 0 0 1 1 1 0 1 1 1 0 0 1 0 1 0 0 1 1 0 1 1 1 0 1 1 1 0 0 0 1 0 0 0 1 1 1 1 0 1 0 1 1 1 0 1 1 1 1 1 1 1 1 1 1 0 0 0 1 0 1 0 0 0 1 1 0 0 1 0 1 0 1 0 0 1 0 0 0 0 0 0 0 1 0 1 1 1 1 0 0 1 1 1 0 1 1 1 1 0 0 0 1 1 0 1 0 0 1 1 1 0 0 1 0 0 1 0 0 0 0 0 1 0 0 0 1 0 1 1 0 0 1 0 0 1 1 0 1 1 1 0 1 1 0 0 1 1 0 1 0 0 1 0 0 1 0 1 1 1 0 0 0 0 0 1 1 1 1 0 1 0 1 0 1 0 1 0 0 0 1 1 1 0 0 1 0 1 1 1 1 1 0 0 0 0 0 0 0 0 1 1 1 0 1 1 0 0 1 1 0 1 1 0 1 1 0 0 1 1 1 0 1 1 1 0 0 0 1 0 0 0 1 0 0 0 0 0 1 1 1 1 0 0 1 0 0 1 0 0 1 1 1 1 0 1 0 0 1 1 0 1 1 0 1 0 1 0 1 0 0 1 1 1 1 0 1 1 1 1 0 1 0 0 1 0 1 0 0 1 0 1 0 0 1 0 1 0 0 0 0 0 1 0 0 1 0 0 1 0 0 0 1 0 1 1 0 1 0 1 1 0 1 0 1 0 0 0 0 1 0 0 0 0 1 0 1 1 0 1 1 1 0 0 0 0 1 0 0 1 1 0 1 0 0 1 1 1 0 1 0 1 1 0 1 1 1 1 1 0 1 0 0 1 0 0 0 0 1 1 0 1 1 0 0 1 1 1 1 0 1 1 0 0 1 1 0 0 1 1 1 1 1 0 0 1 1 0 1 1 0 1 1 0 0 0 1 0 1 1 0 1 1 0 1 0 1 1 0 0 0 1 0 1 1 1 0 0 1 0 0 1 0 1 0 1 1 1 1 1 0 0 0 1 0 1 1 0 0 1 0 1 0 1 1 1 1 1 1 0 1 1 1 1 0 0 1 0 0 0 1 0 1 0 0 1 0 0 0 1 1 1 1 0 0 1 0 0 0 1 1 1 0 0 0 0 1 1 0 1 0 1 0 0 0 0 1 0 1 1 1 0 0 1 0 1 1 0 0 0 0 1 1 0 0 1 0 1 1 0 1 1 0 1 0 1 0 0 0 1 1 1 0 0 1 0 0 0 1 0 1 1 0 0 0 1 1 1 0 1 1 0 0 0 1 1 0 0 0 0 0 0 0 0 1 0 1 0 0 1 1 1 0 1 1 0 0 0 0 1 0 1 1 1 1 1 1 1 1 0 0 1 0 0 0 0 1 0 1 0 1 1 1 0 0 0 1 0 1 0 1 0 0 1 0 1 1 1 1 1 1 1 1 1 1 1 1 1 1 0 1 0 0 1 0 1 1 1 1 0 1 1 0 1 0 0 0 0 0 1 1 1 0 1 1 1 1 1 0 1 1 0 0 0 1 1 1 0 0 1 0 0 0 0 0 1 0 0 1 1 1 0 1 0 0 0 1 0 0 0 0 1 0 0 0 0 0 1 1 1 1 0 1 1 1 0 0 0 1 0 0 0 0 1 0 1 0 1 1 1 1 0 1 0 1 1 1 1 1 1 0 0 0 0 1 0 0 0 1 1 0 0 1 0 1 0 0 0 1 0 1 0 0 1 0 0 1 0 0 1 0 1 1 0 1 0 0 1 1 0 0 0 1 1 0 1 0 0 0 0 0 0 0 0 1 0 0 0 0 1 0 1 0 0 0 1 1 1 0 1 0 1 0 0 1 0 0 0 1 1 0 1 1 1 0 0 0 0 1 1 1 1 1 1 0 0 0 0 1 0 1 0 1 0 0 0 0 0 0 1 0 0 1 0 0 1 0 0 0 0 1 1 1 1 0 1 1 0 1 0 1 0 0 0 0 0 1 0 1 0 1 0 1 0 0 1 1 0 1 1 1 1 0 1 0 0 0 0 0 1 0 0 0 0 0 0 1 0 0 1 1 0 0 0 0 1 0 0 1 1 0 1 0 0 0 1 0 0 0 1 0 1 0 0 1 0 0 1 1 1 0 0 1 0 0 1 0 0 1 0 0 1 0 0 0 1 0 0 1 1 0 1 1 0 0 1 1 1 1 1 0 1 0 1 0 0 1 1 0 0 1 0 1 1 1 0 0 1 0 0 0 1 0 1 1 0 0 1 1 1 1 0 1 1 1 1 0 1 1 1 0 1 1 0 0 1 0 1 0 0 0 1 1 1 0 0 0 1 0 1 0 1 1 1 0 1 0 0 1 1 1 1 0 0 1 0 0 1 0 1 1 1 1 0 0 1 1 1 0 1 1 0 1 1 1 0 0 1 1 0 0 1 0 1 1 0 1 0 0 0 0 0 1 1 1 0 0 1 0 1 1 1 1 1 0 0 0 1 1 1 0 0 1 0 1 0 0 0 0 1 1 0 1 1 0 0 0 1 1 0 1 1 1 1 1 0 0 1 1 1 1 0 0 1 1 1 0 1 1 1 1 1 0 0 1 0 1 0 1 1 0 1 1 1 1 0 1 0 0 0 0 0 1 1 1 0 0 0 1 1 1 1 1 0 1 1 0 0 1 1 1 1 1 1 1 1 0 1 0 1 1 0 0 0 0 1 0 1 0 1 1 1 1 0 1 1 0 1 1 0 1 0 1 1 0 1 1 0 0 1 0 0 0 0 1 1 1 1 0 0 1 1 1 1 1 0 0 1 0 0 0 1 1 1 0 0 0 0 0 1 0 0 0 1 1 1 0 1 1 0 1 1 0 1 0 0 1 0 0 0 1 1 0 1 1 1 1 1 0 1 1 0 1 0 0 1 0 0 0 0 0 1 1 0 1 0 1 0 1 0 1 1 0 1 0 0 1 0 1 1 0 1 1 1 0 0 1 0 0 1 0 1 0 0 0 0 0 1 0 0 0 1 0 1 1 1 0 0 0 1 0 0 1 0 1 1 1 0 0 1 1 0 0 0 0 0 1 0 1 0 0 1 0 0 1 1 1 0 0 1 0 0 0 1 0 0 1 1 1 0 1 1 0 0 0 1 1 0 0 0 0 0 0 0 0 1 0 1 0 1 0 0 1 1 0 0 0 1 1 1 1 1 1 0 0 0 1 1 0 0 1 1 0 0 0 0 0 0 0 0 0 0 0 0 0 0 1 1 1 0 1 0 1 0 0 0 1 1 1 1 1 0 0 0 1 1 0 1 1 1 1 0 0 1 1 0 1 1 1 0 0 0 1 0 1 0 0 0 1 1 0 0 0 1 1 1 1 1 1 1 1 1 1 0 0 1 1 0 1 1 1 0 1 1 0 0 1 1 1 1 0 1 0 0 1 1 0 1 0 0 1 1 1 0 1 0 0 0 0 1 0 0 1 0 1 1 1 1 1 1 0 0 1 0 1 0 0 0 1 0 1 0 1 1 0 0 1 1 0 1 1 0 1 1 0 1 0 1 1 1 0 0 0 1 0 0 0 0 0 0 1 1 0 0 0 1 0 0 0 1 1 0 1 0 0 0 0 0 1 1 0 0 0 0 1 0 1 1 0 1 0 1 0 0 0 1 1 1 0 1 0 0 1 1 1 1 0 1 1 1 1 1 0 1 0 0 1 0 0 0 0 1 1 1 1 0 0 1 1 0 1 1 0 1 1 1 1 1 0 1 1 1 0 0 1 0 0 1 1 0 1 0 1 0 0 1 0 0 0 0 1 1 1 0 0 0 1 0 1 1 0 0 0 1 1 1 1 1 1 1 1 1 1 0 0 1 1 0 1 1 1 0 0 0 0 0 1 1 0 1 0 1 1 0 0 1 0 0 1 1 0 0 0 0 0 0 1 1 0 1 1 0 1 1 1 0 1 0 0 0 0 0 1 1 1 0 1 1 0 1 1 0 0 1 1 1 1 1 0 1 0 0 1 1 1 0 0 0 1 1 1 1 1 0 0 1 1 1 0 0 0 1 0 1 0 1 0 1 1 1 1 0 1 1 1 0 0 0 0 1 0 1 0 0 0 1 1 1 1 0 1 0 1 1 1 1 0 1 1 1 1 1 0 0 1 1 0 1 0 0 1 0 0 1 0 1 0 1 1 1 1 0 0 0 1 0 0 1 0 1 1 0 0 1 0 1 0 0 1 1 0 1 1 1 1 0 1 1 0 0 0 0 0 0 0 1 0 0 1 1 1 0 1 0 1 0 0 0 1 0 0 0 0 1 1 0 1 1 0 0 1 0 0 1 0 1 0 1 0 1 1 0 1 1 1 0 1 0 0 1 1 1 1 0 0 1 1 1 0 0 1 0 0 1 0 0 0 1 1 1 1 0 1 1 1 0 0 1 1 1 0 1 1 0 0 1 1 0 1 0 0 1 1 0 0 0 0 1 1 0 0 1 0 1 1 1 0 0 1 1 0 0 1 1 1 0 1 1 1 1 1 0 1 0 1 0 0 0 0 0 1 1 0 0 0 0 1 1 1 1 0 0 1 1 1 1 1 1 0 0 0 1 0 1 0 1 1 0 1 0 0 0 1 1 0 1 0 0 0 1 1 1 1 1 0 0 0 1 0 0 1 1 1 1 0 0 1 0 1 0 0 1 1 1 0 1 0 1 1 1 0 0 1 1 1 1 1 0 1 1 0 1 0 1 0 1 0 1 0 1 1 1 1 1 0 1 0 0 0 0 1 0 1 0 1 0 1 1 0 1 1 0 1 0 0 0 0 0 0 0 1 0 0 0 1 0 1 1 1 0 1 0 0 0 0 1 1 1 1 0 1 1 1 0 1 1 0 1 0 0 1 1 0 0 1 1 0 1 0 1 0 1 1 0 0 0 1 1 1 1 1 0 0 0 0 0 0 0 0 1 0 1 1 0 1 0 1 0 1 1 0 0 1 1 0 0 0 1 0 0 0 1 0 1 1 1 0 0 1 0 0 0 1 0 1 1 0 0 0 0 0 0 1 1 0 0 1 1 0 0 0 1 0 1 1 0 0 1 1 1 0 1 0 0 1 1 0 1 1 0 1 0 1 1 0 1 0 1 0 0 0 0 1 0 1 0 1 0 0 1 0 1 1 0 0 1 0 1 0 0 0 1 0 1 1 1 1 0 1 0 1 1 0 1 1 0 0 0 0 1 0 0 1 1 1 1 1 1 0 1 1 0 1 1 1 0 0 1 1 1 1 1 0 1 1 0 1 0 0 0 1 0 1 0 1 1 0 0 1 1 1 1 0 0 1 0 1 1 1 0 1 0 0 1 1 1 0 0 1 0 1 1 1 1 0 0 0 0 1 0 0 1 1 1 1 0 0 0 1 0 0 1 0 1 1 1 1 0 0 1 1 0 1 0 0 1 1 1 0 1 1 0 0 1 1 1 0 0 1 0 1 0 1 1 0 1 0 1 1 1 1 1 1 1 0 1 0 0 1 1 1 1 1 0 1 1 0 1 0 0 0 0 0 1 1 1 0 0 0 1 1 1 0 1 0 0 0 0 0 1 1 1 0 0 1 1 0 1 1 0 1 0 0 0 1 0 1 0 0 0 0 0 0 0 1 1 1 0 0 0 0 0 1 0 0 0 1 1 0 1 1 1 0 1 0 1 0 0 1 0 1 1 0 0 1 1 1 1 0 1 1 0 1 0 0 1 0 1 1 1 1 1 0 1 1 1 0 0 1 1 1 1 0 0 0 1 0 0 0 0 0 0 0 1 0 1 1 1 0 0 0 0 0 1 1 0 1 0 0 0 1 1 0 0 1 0 0 1 0 0 1 0 1 0 0 0 1 1 1 0 0 0 0 1 0 1 0 1 0 0 1 0 1 0 0 1 0 1 0 0 1 0 0 0 0 1 1 0 1 1 1 0 0 1 1 0 1 1 1 0 0 0 0 1 1 1 1 1 0 1 0 1 0 1 1 0 1 1 0 1 0 0 1 0 1 0 0 1 1 0 1 0 1 0 1 0 0 0 1 0 0 0 0 0 1 0 0 1 1 1 0 1 1 1 1 1 1 1 0 1 0 0 1 1 1 1 0 0 1 0 1 0 0 1 1 1 1 1 1 1 1 0 1 0 0 1 1 0 0 0 0 0 1 1 0 0 1 0 0 1 1 0 0 0 0 1 0 0 0 0 0 1 0 0 1 0 1 0 0 1 1 1 0 1 1 1 0 1 0 0 0 1 1 1 1 0 1 0 0 1 0 1 0 0 0 0 0 1 1 1 1 0 0 1 1 1 0 0 1 1 0 0 0 0 1 1 1 1 0 1 1 0 1 1 1 0 0 0 1 1 1 0 0 1 0 0 0 0 1 1 0 1 0 0 0 1 1 0 1 1 1 0 1 1 0 1 1 0 1 1 0 1 0 0 1 0 1 0 0 1 1 1 0 0 1 1 0 1 1 1 1 1 1 1 1 0 0 1 0 1 1 0 1 1 0 1 1 1 0 1 0 1 0 0 0 0 0 0 0 0 1 0 0 1 0 1 1 0 0 1 0 0 0 1 0 1 0 0 1 0 1 0 1 1 1 1 1 1 1 0 0 0 0 1 1 0 0 1 0 0 1 0 0 0 0 0 1 0 1 1 0 0 0 1 1 1 0 1 1 0 1 0 1 1 1 1 0 1 1 0 1 0 1 1 1 0 0 0 1 1 0 0 1 1 0 0 0 1 0 1 0 0 0 1 0 1 0 0 0 1 1 1 0 1 1 1 1 1 0 0 0 1 0 1 1 0 0 1 0 1 0 0 0 1 0 0 0 0 0 0 0 0 1 0 1 1 1 1 1 1 1 0 0 1 1 0 1 0 0 0 0 0 0 0 0 1 1 1 0 1 1 0 1 1 0 1 0 0 0 0 0 0 0 1 1 1 1 0 0 0 1 0 0 0 0 0 0 1 1 1 1 1 1 1 1 1 1 1 0 1 1 0 0 0 1 0 0 1 0 1 1 1 1 0 1 1 0 1 0 1 0 0 0 0 0 0 1 1 0 1 0 0 0 0 1 1 1 0 1 1 0 1 1 1 0 0 0 1 1 0 0 1 1 1 0 0 0 1 1 1 0 0 1 1 1 0 0 1 0 0 1 0 1 1 0 1 0 1 0 0 1 0 0 1 0 0 0 1 1 0 0 1 0 0 0 1 0 1 1 1 1 0 0 1 0 1 0 1 1 0 1 1 0 1 1 1 0 0 0 0 0 1 1 1 0 0 1 1 1 1 0 0 0 0 0 1 0 1 0 1 0 0 0 0 0 0 0 0 0 1 0 1 0 1 1 0 0 1 0 1 0 1 0 0 0 1 0 0 0 1 1 1 0 0 0 1 0 0 1 1 0 1 0 1 1 0 1 0 1 1 0 0 1 1 0 1 1 1 0 0 1 1 1 1 1 0 1 1 1 1 1 0 0 1 0 0 1 1 0 0 1 1 0 1 1 1 1 1 1 0 0 0 0 1 0 1 0 0 0 0 1 1 1 1 1 1 1 1 1 0 1 1 1 1 0 1 0 1 1 0 1 1 0 1 1 0 1 0 0 1 0 1 1 0 1 1 0 0 0 0 1 1 1 0 0 0 1 0 0 1 0 1 0 0 0 1 1 0 0 0 0 1 0 0 0 1 0 0 0 1 1 0 1 1 0 0 0 1 0 0 1 1 0 1 0 0 1 0 0 0 0 0 0 1 1 0 1 1 0 0 1 0 1 0 0 0 0 1 1 0 0 0 0 0 0 0 0 0 1 1 0 0 1 1 1 1 1 0 1 0 1 1 0 1 1 1 0 0 1 0 0 1 1 0 0 0 1 1 1 1 1 1 1 0 1 0 0 1 1 1 0 1 0 1 1 0 0 1 0 1 0 0 1 1 1 0 0 0 1 0 0 0 0 1 0 1 1 1 1 0 1 1 1 1 0 1 0 1 1 0 0 0 1 0 0 1 0 1 1 1 1 1 1 1 0 1 0 0 0 0 1 0 0 1 1 0 1 1 1 1 1 1 1 0 0 1 0 1 0 0 1 0 0 0 0 0 1 0 0 1 1 1 0 1 0 0 0 0 0 0 1 1 1 1 0 1 0 0 1 0 0 1 0 0 0 0 1 0 0 1 0 1 0 0 1 0 1 0 1 0 1 1 0 0 0 1 1 0 1 0 1 0 1 0 1 0 0 1 1 0 1 1 1 1 0 1 1 0 1 1 0 1 0 1 1 0 0 0 0 0 0 0 0 0 1 1 1 1 1 1 0 0 1 1 1 1 1 0 0 1 0 1 1 0 1 0 1 1 0 1 0 1 1 1 0 0 0 0 0 0 0 0 1 0 1 0 0 0 0 1 1 0 1 0 1 1 1 0 0 0 1 0 0 1 1 1 1 0 0 0 1 0 1 1 0 0 1 1 0 0 1 1 0 0 1 1 0 0 1 0 0 1 0 1 1 1 1 0 1 1 1 1 1 0 0 0 0 0 0 0 0 1 0 1 0 0 0 1 0 0 1 1 1 1 1 0 0 0 0 0 1 1 0,211 -40 -275 91 -31 -137 -76 -155 189 -129 -179 -46 -80 -137 -198 -216 -191 145 -104 -163 -194 289 178 -85 -125 36 142 -87 197 124 -177 158 230 101 104 -49 135 184 219 235 71 108 -191 250 -89 -147 -86 -43 230 157 -182 162 144 97 -277 -112 77 -146 31 -192 94 94 233 235 -211 -186 -91 -44 124 -113 -191 163 74 -133 157 -163 214 137 -102 -127 -113 -232 -161 103 -173 -204 106 -271 -164 -206 139 156 -94 -194 -158 130 -50 -135 -88 117 235 -108 129 -209 -102 78 -62 -28 -229 -141 -89 -167 207 123 138 106 135 199 -93 98 136 171 80 -247 -222 -215 216 182 105 251 104 -61 -220 180 189 -250 -132 -184 146 -132 -106 121 -105 125 103 181 -137 167 199 -189 165 174 71 -94 -109 -36 150 120 216 -113 -161 246 96 126 -168 115 95 -264 134 -263 157 183 180 152 -105 115 -62 254 -111 -198 -69 -131 -180 141 107 105 14 80 1 -152 124 232 223 125 246 123 262 -152 -104 116 181 -149 -170 -85 249 228 -142 -174 167 -231 -293 -45 -80 170 118 182 -53 -131 -73 -79 2 167 -129 254 -144 -103 -167 218 173 -187 120 -179 127 60 85 -39 69 74 163 -189 -92 179 2 -84 -97 35 150 -170 23 256 139 53 -71 -11 -71 -193 -228 151 164 -133 117 -208 -135 -20 161 -10 -249 -141 260 238 -152 -27 208 126 -73 -59 56 -200 147 -98 -125 -203 260 164 163 -201 -137 85 -139 -72 -152 42 -68 4 369 -87 -152 137 162 181 266 58 -27 -215 174 -132 203 145 232 154 133 -101 171 -41 137 -164 -163 84 -103 -206 -101 -95 134 251 -158 -16 -83 -184 -118 -158 -80 40 155 96 -308 183 145 134 40 -115 -117 145 195 143 166 -109 197 -244 177 -208 200 -126 -78 -92 118 129 -175 171 59 -171 69 114 232 -133 120 -134 199 138 287 180 -70 199 245 174 117 163 -89 -132 190 -141 146 -1 -163 98 -131 -168 -230 -186 -103 -167 129 -174 23 41 45 -172 101 -32 -46 -80 53 184 -27 194 159 -183 228 -51 107 214 -80 60 -163 158 -82 -177 -96 -166 122 -182 91 93 110 167 156 -88 -47 -192 159 111 182 -96 -186 119 -169 -103 199 205 15 -192 149 162 -189 67 24 -170 -234 247 -139 -63 -224 -280 -112 -77 -104 181 173 -113 266 141 -109 201 157 234 193 -134 -33 -118 133 -173 -214 253 138 183 -228 -155 -259 -173 114 -70 44 154 136 -142 -104 -266 83 189 -8 -238 -91 208 164 -168 -149 -89 150 193 78 -178 -278 -227 86 63 -118 -264 -85 237 174 87 -41 328 264 -145 55 -101 197 -140 -75 -238 -56 174 46 237 -99 139 177 132 116 109 -101 170 300 170 -128 49 60 -47 184 -129 -118 133 214 115 207 172 -149 -101 -208 -92 -74 -56 225 173 135 80 93 -76 59 45 169 -212 -247 -99 -163 -191 139 142 98 77 -128 177 214 -163 48 110 -157 194 187 85 -3 -157 83 201 157 -147 -57 232 -184 -153 90 -229 -181 -41 216 -131 108 -101 158 77 160 -111 -151 -190 271 105 102 -289 173 -53 -283 -167 -117 157 221 -203 -83 227 -226 1 140 105 -244 -61 -156 322 -154 -164 -194 -143 -304 148 -101 140 169 -193 115 -71 152 137 177 -113 165 140 145 -160 97 90 -202 -147 -184 -140 100 -125 -78 -127 142 -210 -132 -94 -120 -50 -103 -102 162 -14 -51 -159 50 -143 -162 -66 175 162 -148 173 -182 -105 -142 100 257 -248 6 88 106 110 217 129 105 46 -138 39 106 -110 175 -220 -304 92 195 -51 -15 152 -7 -198 289 -185 58 -159 -144 157 128 -74 -132 -186 -101 -179 -4 104 -149 -278 -251 156 191 -148 162 4 -99 -84 -191 279 -244 -269 -80 -39 -134 -199 164 -223 162 108 -208 163 143 180 17 121 -87 266 -68 -136 92 156 180 -60 207 -199 299 -108 138 2 112 232 -93 146 -210 -229 196 -109 166 117 -235 203 -185 162 167 177 -52 -202 -151 -117 -172 -66 134 -132 -149 -109 268 117 174 -132 15 -131 -118 149 -240 208 164 -80 114 171 -117 -110 248 201 19 -57 133 -244 -171 -166 170 124 -182 150 -192 -190 7 296 280 -177 -204 304 -208 134 47 -174 -85 -196 -173 165 -100 -33 150 -109 -122 -116 54 210 231 -74 -107 -137 -109 70 -102 175 94 69 -147 237 -108 -109 217 -50 -155 -212 157 102 -200 -34 279 85 -91 -213 123 153 150 129 92 -195 178 140 -49 -200 -120 -219 -36 238 19 -98 101 75 -53 -139 -92 59 235 117 -97 -189 -159 194 -120 33 -204 170 -155 -152 -67 -234 -251 -38 -226 -190 -184 -288 -95 34 230 122 73 48 27 -166 -34 -119 -204 -146 141 80 329 222 121 -199 -159 93 176 139 -242 123 -102 -112 52 114 -157 -133 -195 -128 -250 193 93 -232 -169 61 -85 116 157 150 -166 191 172 46 -77 212 142 105 -128 215 -119 -105 -133 -73 78 303 -165 162 -147 -191 101 -208 -126 133 -102 130 -45 146 -137 -175 239 -246 108 291 108 -140 -69 -156 -132 243 -106 -73 -174 -74 -120 -35 -144 40 -232 21 182 128 -176 -157 147 -209 -28 -195 172 125 82 164 162 216 -278 117 -99 -190 -92 -115 201 151 -28 83 -193 163 171 -100 108 -125 211 242 -160 195 160 -141 98 59 228 132 -149 -119 37 -60 233 -11 -212 -240 -147 185 -50 107 145 -132 68 205 -178 -71 213 -171 -244 -147 97 92 176 -82 50 84 -128 256 -154 -214 -54 76 48 144 -127 -73 -104 -106 -75 -255 -30 183 -171 119 -180 -221 -111 -4 -115 -106 -128 -152 -112 246 -215 -112 -201 -86 181 -254 -32 -114 -176 62 -33 74 -213 -150 137 -129 124 -132 65 187 -120 140 -74 -36 157 -123 -231 -162 -95 -42 174 97 126 -90 -209 -155 175 -27 -129 -244 160 108 -135 -140 94 -134 -161 -193 -62 -167 -38 -160 202 -45 -162 -161 192 -55 167 -146 -5 -117 -173 -153 -76 -171 116 -91 -158 73 262 86 108 -237 214 265 195 -119 98 141 -63 178 49 179 -169 231 269 -304 -135 14 110 -210 -10 111 -135 -206 -95 -151 111 231 173 92 -200 150 237 -186 21 -137 43 117 -247 89 -86 205 -108 -60 135 163 -137 -72 126 -23 107 144 183 154 -164 -207 -139 -98 -68 -110 43 87 -126 55 -153 -234 -187 107 143 -21 170 230 144 -44 -182 -117 -76 120 124 -103 -198 182 167 240 93 191 -81 90 -216 298 -174 109 -153 139 -91 -85 301 -185 222 -127 -218 144 137 171 -101 110 149 294 -157 77 -227 -195 173 56 -33 68 -238 119 132 109 45 143 42 -168 -127 -120 -72 -71 106 90 -16 -172 -127 162 51 -54 -168 222 -227 -9 127 -186 -66 -246 41 -149 -208 9 77 139 -153 217 243 -212 159 -155 179 60 145 -201 -43 171 247 112 -134 137 141 169 295 168 -95 -152 57 47 199 -43 -172 122 -121 -207 128 15 -81 90 210 106 51 -107 228 -71 -87 -234 188 186 -85 -214 142 125 -157 -66 118 -106 -218 -231 45 18 -111 99 -114 -17 108 -133 38 -120 175 -175 -66 -130 247 -126 -188 54 159 116 74 -61 -127 -145 103 -55 -5 118 157 -190 226 -166 72 -110 -272 161 -44 25 -167 91 199 -218 -176 249 -234 100 3 -110 -140 199 77 -114 113 -202 -190 146 251 -169 53 -122 -187 249 175 104 87 -35 68 211 266 -54 -190 164 -251 95 -74 -305 34 -227 213 -64 163 313 69 -84 120 -86 -18 -85 -126 87 -29 144 -170 -105 -274 -161 41 39 -26 186 156 16 -205 -179 151 -140 71 -130 -95 229 -149 146 -186 137 -152 198 -92 -248 224 -194 -37 -132 -54 -133 -172 208 -246 -102 -61 44 -132 184 -208 144 -167 149 -204 66 131 183 228 144 251 200 -118 -116 -203 273 -32 176 146 -254 -65 101 57 -205 75 237 278 -139 -72 15 30 231 91 163 -162 113 -203 225 -271 114 167 31 -156 139 -146 53 35 -146 -164 64 -73 -174 -253 -51 107 -5 27 142 -90 -172 221 17 -57 -24 156 94 103 261 -166 119 162 -144 84 -125 -190 -103 149 -123 -265 -194 121 71 -90 107 246 -264 -54 -143 205 -42 -75 -161 -231 -140 -33 -158 -165 -236 -232 185 134 210 -158 129 -189 101 199 135 226 147 222 180 -116 -245 190 -59 195 -209 207 316 136 105 -169 249 -161 -210 177 73 -181 77 -102 -50 -95 -88 181 173 160 204 -57 -44 -83 70 -240 168 251 135 -107 198 152 68 210 -116 -210 200 185 165 -115 66 96 100 113 267 107 66 -258 190 142 149 -185 229 91 -77 -197 35 -162 175 144 -193 -125 -152 -221 -208 -158 81 -145 110 198 214 245 54 -102 -93 8 -59 6 200 127 -194 137 -161 -198 171 84 161 9 -200 182 172 114 24 191 -113 -6 190 -121 -70 -147 -179 228 86 -153 90 137 97 209 128 173 68 107 179 -88 139 -124 -172 -8 206 -206 51 163 385 115 191 -83 -172 35 -135 -185 138 74 198 -57 117 272 -171 -112 -173 20 64 111 -161 94 -98 131 -140 83 -146 112 -149 183 161 -182 144 145 -244 -200 139 -156 196 -108 84 194 53 109 173 -145 -196 -184 140 -157 -152 -141 -178 -29 121 109 -5 -85 -219 -108 93 -135 -175 -138 233 -193 163 -245 -150 154 186 189 5 -22 -275 -174 236 154 86 140 59 -236 -218 -175 -143 -213 100 142 -91 -224 -119 -113 -144 -137 172 -144 -214 -274 -111 132 -170 -175 -137 -105 125 -203 -66 160 129 134 -134 184 -91 -265 98 126 138 -243 -189 -131 145 -178 -151 22 -199 185 -124 -159 11 -312 150 121 147 -112 117 -90 -150 -86 91 217 123 56 141 259 -199 -140 -53 -138 -112 -121 89 -196 -236 -89 -158 64 135 -293 -162 3 193 181 255 171 110 -241 -137 253 41 -180 198 -87 7 -217 108 -232 1 125 -150 95 123 -209 182 -151 222 -145 184 87 129 166 123 227 -213 -26 100 -233 -182 -260 153 -59 61 -98 98 315 -73 -146 -228 -210 158 -130 170 -236 70 241 -237 65 158 173 -54 -307 -112 -168 62 253 27 66 16 -237 276 151 -181 279 -142 -167 41 -185 -122 -159 -151 246 116 -149 -126 -107 69 148 -138 -32 80 -198 103 148 63 -152 -65 -261 191 110 -105 -158 -90 -102 178 -101 108 -203 -192 117 -79 -231 -146 282 -238 -97 97 -182 -179 -56 -167 201 -72 60 80 177 105 198 157 121 -202 231 209 -59 89 -161 172 -108 164 128 193 -168 -98 -199 53 -112 -56 124 128 127 -142 -195 90 103 -141 -181 -144 92 83 -147 -107 109 180 154 -233 89 -131 147 60 26 -114 -145 101 -93 -93 -82 -220 -124 255 -142 -119 179 98 -188 148 -282 255 88 131 -78 231 177 -182 83 148 204 -76 -163 -231 -157 170 -221 -172 -135 -86 59 160 136 89 72 -126 -129 135 -96 -115 -251 -113 -200 56 159 -83 170 207 -34 226 120 -116 -162 -50 -156 -232 257 157 169 -24 102 206 255 23 -149 -115 218 88 65 250 130 -148 -161 120 -80 279 -155 88 148 -29 2 177 -7 173 163 68 -60 -141 110 -95 143 192 -69 129 -141 189 -97 -87 -149 -135 120 -2 -194 187 -164 126 -153 -154 10 -9 -79 -149 114 -171 86 291 169 159 203 -101 105 -189 -197 51 -206 -70 32 -112 172 -132 -88 -108 45 -126 -43 126 -64 172 -133 169 -256 -165 -233 81 -182 81 -120 -206 -214 -94 -209 151 140 5 186 -167 -292 -189 195 -183 166 -102 -106 102 -47 -78 57 14 226 102 204 142 -58 125 -115 -129 154 121 -101 -214 -11 -78 63 215 -127 -169 141 -82 121 119 152 107 271 176 -109 -151 68 196 -142 -70 -108 70 -118 -154 -90 162 -231 252 183 152 136 48 177 147 140 -127 -123 -126 126 69 -100 148 182 -195 -50 -187 222 197 210 -71 148 -153 33 -109 145 -168 -137 75 87 131 -167 95 -177 -67 -205 72 -27 -124 -218 173 -148 195 -210 16 -229 -122 157 -122 197 63 -296 -19 -87 163 -97 -216 -140 191 121 -191 89 -157 86 291 -66 -82 49 -41 -98 -116 170 7 -110 -137 210 158 -11 -191 249 160 259 -153 -131 -272 -206 10 -131 112 -141 -156 -103 192 -162 -223 -120 -116 -75 24 -131 -66 -181 -188 151 124 221 -128 39 -170 217 220 253 -146 4 58 131 -213 93 -160 61 -132 92 205 -168 128 230 120 191 57 156 83 -145 81 -151 -100 -217 -168 196 107 -65 -168 -68 167 -133 -209 -231 -156 138 82 113 -278 -73 245 -296 139 118 -63 -84 -155 182 124 -211 67 185 -192 159 151 246 166 261 -146 148 67 211 -109 10 -213 -158 286 291 -99 112 99 -135 -197 138 -279 -171 -14 226 -159 -119 1 240 -58 -285 198 -98 17 145 -20 142 -16 -62 30 -267 -239 -167 123 99 123 200 19 -166 -55 35 -205 147 -216 102 -49 88 -220 247 -32 144 107 144 -152 -109 33 158 133 -155 157 3 -195 -100 -174 -77 -2 195 130 94 8 127 105 171 -192 -41 -116 150 -81 -169 142 76 -80 -205 87 -4 -155 91 -90 -156 191 31 -221 -85 -132 118 -66 -168 -117 68 172 210 -186 137 201 161 -90 100 104 124 150 263 -165 -127 -159 -41 -28 147 -167 66 163 -202 142 106 -84 -146 -78 -129 111 -85 144 224 -156 -115 35 16 -85 5 -136 177 -139 90 -256 155 12 -226 -80 -190 -216 145 -100 -78 -232 -134 52 -171 103 196 -171 232 -76 251 68 -239 153 -104 174 98 -109 70 -263 122 157 251 30 146 -186 104 100 -226 153 219 -178 109 224 96 -179 -17 -175 -185 190 -183 95 -186 -150 227 -155 79 -224 330 180 249 124 -120 115 122 79 196 -243 59 -10 -67 114 -241 -131 -50 123 54 265 192 -169 132 81 -17 -133 26 -232 35 3 -113 -129 -113 217 -145 223 -167 -133 118 -162 -195 -254 -195 -165 252 -93 164 85 -113 53 167 107 231 -25 -115 159 -111 -124 -5 42 -138 -257 -176 -128 90 -50 -263 39 139 -63 -45 187 55 -119 -215 -125 -93 -158 189 122 -27 -78 81 -76 -30 78 -154 -48 187 119 37 -17 64 -147 -173 138 -104 -215 55 -58 80 -214 -44 244 108 155 -69 234 -207 -135 -113 51 148 -198 119 139 -121 64 -145 14 -166 -174 -221 -34 -232 229 118 82 -199 209 -163 -91 110 252 -170 150 -156 53 -219 -142 -128 -114 -87 -128 214 -180 -168 -176 -29 86 264 -255 88 -33 89 -104 240 -152 301 59 -113 63 91 228 -30 -151 -222 -162 163 50 -149 166 149 71 -232 -125 -102 136 172 93 4 -178 -198 135 -265 136 -245 88 203 164 127 -199 -17 -240 -37 -162 208 59 -118 68 -201 -16 136 163 175 132 -166 -212 84 267 -108 56 -164 -182 136 -191 -152 311 -175 135 -209 160 221 226 -189 -162 -228 227 70 -94 174 143 80 -154 207 -170 -214 171 144 264 -49 1 -171 252 -123 -64 100 45 128 -127 -123 127 66 196 214 93 240 137 141 -146 115 -161 184 169 -104 -92 -141 218 -98 -110 165 109 152 153 -240 170 -120 -280 -9 -198 -118 -14 -147 -196 150 123 -181 212 107 93 59 -102 135 -63 262 -69 -109 -168 148 255 259 -229 208 -111 146 -223 169 172 -113 53 -159 -218 -59 -117 -105 -123 -187 -133 -102 -230 -61 -121 -88 -232 117 -1 91 53 -158 111 -99 -177 -110 -137 160 -121 -168 235 -179 208 112 184 155 195 -115 -192 -48 159 -87 2 -162 -184 -146 261 -150 -179 129 89 134 -120 -82 -145 -20 70 -242 155 148 174 271 55 -169 199 106 -138 -157 -178 133 -106 137 133 179 -235 205 120 60 102 -121 216 185 16 91 226 -40 43 -170 -13 84 -65 -132 -99 125 260 108 -84 181 174 289 95 -165 51 -119 145 -110 -162 -141 -139 225 -199 148 -72 -30 -23 -265 -32 -164 82 259 198 133 -262 145 206 -55 -188 -40 230 83 -267 147 -116 259 207 186 -61 246 -167 144 67 -150 44 152 -230 108 -11 -92 159 -93 -186 203 -137 78 185 -121 -101 45 71 190 -146 -54 203 -122 12 140 166 189 115 181 183 53 -164 257 254 134 137 -244 -8 -124 98 16 151 -150 -172 -165 130 -173 127 -124 155 110 -201 111 171 70 -162 -225 -10 -59 -134 -138 157 195 110 16 2 -121 -144 -26 -144 -69 146 38 221 53 -135 162 -212 225 -150 206 88 141 130 263 121 -117 318 145 -112 148 19 -147 140 222 251 192 -171 -194 -255 -68 246 -76 -112 91 -186 148 -102 130 132 101 91 80 -119 217 -173 47 -62 114 -335 110 111 -144 -241 219 -121 -189 -160 44 181 -107 192 189 115 128 124 -153 125 133 169 21 125 69 -47 48 123 -147 -237 261 -19 193 149 -219 93 148 -262 -98 78 -11 -69 94 268 -139 140 188 186 -97 178 -189 99 -21 -134 123 132 -184 -235 -99 207 129 -161 248 216 -126 165 229 -186 193 91 -169 136 134 184 -98 124 110 -225 -127 276 -218 -167 38 226 -109 -219 -317 -99 -182 199 -140 103 -49 149 155 -153 -140 136 105 -244 95 -186 -228 -161 190 139 -101 252 205 211 3 32 -59 -17 151 261 -119 -114 -200 -63 188 -7 -199 -165 -240 38 -162 -143 -28 108 -29 -211 116 114 -96 284 -21 70 229 158 -302 -33 -221 171 188 132 -206 175 -37 116 -175 -104 -228 165 -202 75 180 -230 -113 -248 -56 132 113 -8 101 73 -86 102 -72 -74 -58 -140 94 226 -202 -98 -96 335 -123 -183 23 -142 -15 -152 121 202 -100 -174 165 -24 -53 91 -50 -139 230 -149 162 140 151 78 119 -101 -121 -93 92 141 -36 191 -227 -161 -230 -102 -212 133 178 267 -167 -175 -73 188 98 -182 126 -158 156 89 236 34 -222 -145 201 -74 -3 3 50 142 -20 -152 62 -120 -228 -42 -110 -103 38 173 -188 -53 -118 -145 238 112 -212 -207 -143 215 -197 -169 -114 -56 -173 247 167 -13 -4 -33 156 -34 -107 240 -150 -28 -181 12 187 -125 168 82 26 132 236 -266 -122 -133 108 262 364 -112 19 -136 -181 -22 59 -159 -271 55 43 -218 18 -79 -139 -136 -206 -288 -190 238 -126 14 -159 -111 47 -8 185 275 -201 80 -85 176 -78 -43 -130 -193 117 -172 -147 35 -171 -40 74 -141 156 -152 -78 179 -94 -118 186 80 -15 267 195 217 136 -200 -167 -22 -147 145 183 -224 34 -105 -156 44 235 240 -109 119 177 92 -232 -133 -128 134 125 186 203 113 -135 36 183 177 6 -274 27 150 -209 -121 41 -50 -120 170 -159 165 246 -53 70 156 85 -108 -215 5 -234 -104 -136 -57 -242 0 -234 -116 122 -179 119 125 -83 42 53 110 198 59 -252 -8 70 -117 157 -102 159 -176 206 -133 -124 106 -145 80 101 -147 138 -66 -67 144 -71 -124 -154 167 249 -258 48 169 -63 220 -150 151 233 118 161 45 -125 178 195 240 -52 139 -22 -122 -8 57 170 182 -205 141 11 -298 179 50 -242 -22 230 43 -90 -114 48 214 137 60 94 -86 118 -111 75 261 -100 114 158 -107 -76 -75 102 217 -181 102 182 265 -3 178 119 -121 -155 -62 142 -268 -115 216 307 84 -51 -145 175 92 1 -4 151 182 71 215 -218 104 -196 83 -194 248 127 -251 -169 275 107 175 -110 -232 -327 -205 -96 -246 141 191 253 22 -197 214 274 48 -181 145 69 77 1 192 155 112 165 98 183 220 244 153 56 -223 -143 -116 153 -115 221 -87 147 49 181 -200 -157 -17 -171 -87 119 143 68 -38 -103 199 -67 -48 -36 -174 199 264 -123 -92 135 -288 -76 -196 153 164 173 -191 63 -204 180 199 94 -194 -192 46 145 44 -208 -35 -167 -165 -273 -119 -192 -217 -47 -206 126 154 -102 -221 248 -156 -85 -22 131 -85 -198 88 225 -238 -62 -206 -201 9 -174 204 175 -121 -94 205 -74 42 204 -237 -144 -221 108 -127 74 203 63 124 -183 147 180 -157 126 41 -134 -230 -190 -240 -214 162 96 -21 122 -138 160 167 100 -153 170 -72 163 -106 -155 73 173 -290 -193 154 -160 -191 66 -224 -149 146 -55 146 -133 -85 -146 25 174 177 -255 193 231 130 161 108 -21 -79 -169 153 107 275 -184 121 197 121 -100 -246 147 -164 274 185 47 120 168 -84 -48 55 198 116 111 -160 67 -154 -148 189 -150 134 -145 52 239 244 -184 -67 -172 188 -202 111 188 -227 -159 -125 -199 196 -194 -209 -38 -30 -186 230 -204 80 92 -64 192 86 165 115 -216 -180 -173 -129 -10 233 -123 -57 74 -119 -108 123 -125 -121 -152 -154 -121 184 -77 -108 -52 45 8 -300 197 49 -125 -145 251 -110 214 -172 86 118 -171 107 32 59 206 -238 -114 -100 96 70 45 -155 165 15 -138 142 139 179 3 -178 -205 -193 -147 -112 -98 -86 -115 -276 8 68 -160 -153 253 -170 -272 -157 218 89 157 118 220 53 -199 102 -243 4 -197 -63 268 128 -64 53 143 -9 -118 69 144 185 63 220 208 -58 -154 99 -173 -108 155 -103 -212 -29 121 -199 182 181 165 244 163 -145 -71 -146 113 -125 -146 188 -210 -46 142 219 -180 -7 -203 -80 -94 91 -177 54 189 -116 -58 -193 242 95 35 -265 -201 -175 -64 -214 134 179 -60 -119 -186 107 27 159 -53 94 -221 111 10 178 -104 -68 -149 -130 65 -101 -251 -237 98 205 134 135 -162 127 -72 127 196 114 -164 -201 -207 -258 149 -240 273 -165 -241 -106 -110 155 -115 -105 8 -138 -167 191 136 -120 -105 67 -213 94 126 -99 128 260 -245 159 -151 160 -113 -191 -111 17 131 86 143 -27 169 126 -82 86 -49 -6 76 214 -189 75 -186 190 43 -254 -95 216 -161 -90 -148 -99 126 -53 -108 244 130 170 221 315 208 243 -108 209 50 -134 -70 -177 182 50 122 -108 83 240 115 -53 115 148 63 138 -235 -99 163 -264 -105 246 181 -115 193 215 -156 192 4 97 -110 58 -101 -256 125 56 -128 -49 146 -175 104 221 -96 -141 -103 -163 209 179 -160 -153 -110 259 193 -238 198 283 -57 202 126 77 -5 -255 -101 -86 96 -64 -140 -182 221 72 -106 -128 -149 148 -197 -162 56 16 -128 -161 178 -189 145 108 -225 -124 182 181 120 47 -111 -210 244 232 -137 69 -65 -60 33 119 145 76 -79 128 95 -192 -145 -221 206 -165 -13 -165 -141 -163 213 -188 120 -263 128 86 40 89 121 -10 -133 87 163 113 194 -33 -166 -152 -17 122 147 -156 -226 -63 -58 -218 -136 208 128 60 -31 118 -146 171 -245 -119 68 -16 79 130 198 -59 -255 156 -143 241 171 53 -35 -66 -53 -103 -194 153 184 214 -191 84 123 -133 -238 -230 -12 165 93 -185 160 -202 131 126 -223 -130 -284 205 -211 86 -232 -109 -67 68 46 -180 -87 -196 -20 -184 226 -119 -108 140 -129 183 -115 106 -144 134 -131 96 -48 -190 -125 -80 -199 71 -216 138 55 142 130 -222 131 -138 79 -192 170 -230 -171 223 -104 -130 239 -204 137 247 200 118 160 218 175 -151 177 12 156 -61 159 -104 -101 -63 209 -103 20 156 27 162 -159 -48 -190 -117 150 -118 -168 -243 133 -106 -189 154 -168 92 -37 -298 -181 79 124 4 -120 260 -109 171 -131 159 -187 -177 75 165 81 -155 53 -1 -147 -109 138 119 213 116 227 84 64 78 -197 268 -291 -277 234 -261 104 -198 159 -163 -220 159 100 -143 -132 165 154 -3 -273 95 177 105 -200 222 -241 -241 -250 -33 117 -76 143 -2 67 -185 136 -81 -107 171 182 124 77 81 126 -163 -219 174 69 -193 -129 176 109 202 -137 18 -178 -138 129 240 -206 -81 -113 7 -215 117 124 -153 -107 36 -157 -193 169 -200 162 -157 -241 195 -90 177 -129 276 165 234 253 -137 52 -166 113 -221 150 135 -43 87 -179 -173 151 165 -91 144 -259 102 126 110 -141 169 -90 -111 -104 -4 205 6 163 -187 -115 94 -150 -159 32 232 146 179 -33 202 163 -115 -132 -208 -73 -125 -174 259 -53 -194 214 -186 -171 -77 168 126 -194 -88 -177 -222 -129 99 -37 -86 50 -83 203 80 159 -118 -16 -166 120 -52 -172 169 162 -144 -147 -279 -66 185 102 -201 14 -166 -79 -74 160 -225 -27 121 -138 -170 -117 218 155 -126 107 -176 -116 -178 -50 136 130 57 193 -90 173 133 -86 -84 -184 -150 73 -41 208 -165 185 70 -130 199 -39 -213 -211 -123 231 200 -68 -135 157 -127 108 14 -226 -105 -125 95 -87 -124 146 223 -221 -86 -174 123 27 -50 285 -108 111 -93 -299 85 -12 184 -124 -70 -139 14 -26 -92 -91 261 -153 253 238 -127 -164 -113 -26 -208 153 -33 -136 69 -81 159 105 5 225 42 -94 -183 -171 248 119 172 -96 -29 -171 117 -294 121 151 221 123 126 -129 -65 -213 247 269 -163 -74 186 -86 -261 135 -206 127 25 19 -87 46 -185 83 160 163 155 66 125 138 -73 -89 -241 194 69 74 66 159 -126 13 118 128 -163 -177 153 -95 -252 -241 108 -65 49 -43 75 -24 -157 205 -34 -225 154 127 -29 -249 -125 -212 99 -56 -167 205 -103 133 119 -55 241 -188 -107 -168 -62 -153 214 -121 -199 -127 23 176 -150 -140 -135 -144 -7 146 177 -196 32 167 65 150 231 276 75 -115 218 -209 -148 -49 125 155 126 85 182 46 -92 255 22 148 -55 97 -177 -145 93 103 -175 159 136 -149 63 162 -179 156 -134 96 119 67 -64 -150 -171 155 112 141 139 -259 209 -129 158 -186 172 82 -187 4 -172 42 180 -226 197 -171 185 258 -104 172 150 138 162 -115 -160 178 -102 -43 -123 88 143 -183 -182 152 -80 -79 -236 192 259 87 174 -106 -126 -175 -116 -40 59 -127 143 -69 133 -155 -208 165 -110 -81 -6 -46 195 38 -178 219 -199 185 118 -28 -48 251 -64 97 -61 178 -87 115 218 276 -106 99 153 51 140 39 -189 200 27 -138 -142 -194 57 -180 -145 -156 -111 -189 -193 -34 144 -192 -30 122 -38 -155 -183 -161 151 59 -112 131 -199 196 285 -101 -170 -130 -126 -192 -204 -42 -213 171 -188 132 218 -172 -204 115 200 162 142 150 -5 -204 89 220 -124 19 283 -53 -112 64 137 216 152 -40 83 -23 72 137 194 -95 159 100 -140 175 -202 143 145 -114 -264 -326 92 -114 -147 -197 47 -117 140 184 124 -135 -250 -161 -127 163 -62 107 237 -56 165 -203 123 197 4 125 192 -154 -122 -200 -60 208 205 -120 -148 -208 142 30 63 -94 104 169 255 -10 -138 -244 -113 -223 111 -114 -139 16 -186 -276 -201 152 94 126 -186 -192 -145 205 150 -186 164 83 187 143 -201 -130 92 -190 191 101 135 -141 -285 164 -180 -45 -168 120 -44 -98 251 -173 -264 190 -173 -188 137 -68 218 145 -134 8 -270 53 176 -219 -226 -77 14 230 -73 -223 205 -168 -82 -34 -71 -115 -164 -86 -126 144 156 -228 148 -220 -142 187 -130 -51 165 -111 -77 -64 142 -172 42 -92 94 41 99 121 175 149 115 117 -110 62 130 -312 153 -177 -89 131 142 -213 92 116 115 -46 65 -231 260 204 -105 145 -162 99 -19 -187 -87 -96 -294 -161 -152 36 8 -9 144 -209 -117 179 187 -193 138 110 -176 70 6 248 17 91 -133 237 -184 -75 68 112 113 -24 -174 -203 157 -93 -96 114 -254 74 -263 -143 -59 -36 180 -102 -173 153 -257 170 -24 -91 -36 187 80 162 -113 -173 137 113 -155 -34 122 160 200 -124 98 -116 180 203 227 -144 55 -27 102 69 192 -121 -67 -108 163 -250 -253 -194 -176 -119 179 131 88 -136 50 -112 -139 134 36 -113 77 -119 -3 153 180 -121 107 259 -6 257 64 64 36 146 -172 158 -193 -133 -115 -133 -150 -197 -190 212 174 -63 -169 286 -179 194 115 72 149 101 141 42 129 -34 -209 -79 139 -50 -96 233 -255 -117 98 -142 86 116 217 -20 122 115 165 -163 -201 -139 -91 76 133 139 -146 115 132 133 260 187 267 -295 -56 -96 -168 -93 -117 -116 -166 113 -165 -223 219 -268 -189 253 278 297 -130 152 126 -194 107 44 -76 -171 -218 175 -125 -68 98 -322 191 -163 128 99 80 169 155 204 -8 -114 150 -258 67 115 83 180 -95 -135 -89 -20 -171 -178 121 -151 -248 -107 75 138 184 -175 -135 184 191 -72 -199 -122 207 110 129 -62 -149 -168 153 179 -136 -230 -182 86 150 -38 176 179 -124 136 -227 4 64 -103 326 -162 150 228 -238 155 112 -90 119 116 153 -256 -212 78 177 9 171 24 249 -146 172 -252 -160 -226 -179 167 130 -135 49 -101 37 -184 -219 149 -147 -234 32 -202 -54 -100 163 124 142 138 208 -241 -146 -41 150 135 -199 -110 -145 -92 132 67 203 95 146 -186 149 -19 115 -169 116 91 -78 211 173 189 220 132 48 -162 186 -124 138 -133 -160 190 207 -157 93 -95 91 -85 77 72 124 -190 117 81 2 -120 -101 -225 290 46 72 -122 135 225 -132 -176 262 -96 208 10 -135 183 -186 103 -153 -149 60 96 -241 -225 111 -68 -47 -218 238 113 -118 -60 -118 -156 -11 185 -56 -80 -90 12 -146 189 159 -145 223 104 -229 -48 237 184 -245 -145 69 -53 -74 -96 -192 -201 -245 52 103 39 179 -159 184 29 191 176 126 196 -128 13 -199 -176 -207 -159 -98 -256 -56 165 -140 -200 -170 -43 167 -110 178 -82 -133 116 -198 -113 287 21 -151 205 -126 62 259 -78 103 -86 -144 233 -228 -67 113 116 193 94 -229 -231 -155 245 77 64 -169 191 34 -106 137 -122 111 39 75 -221 -214 122 136 129 127 -111 109 158 324 -87 78 207 223 -22 -269 143 -235 -62 188 29 65 -161 194 196 -77 -124 175 -74 202 91 -36 177 144 106 68 166 60 -140 -104 144 -82 -199 147 166 -135 135 -285 216 235 122 107 -158 -186 145 187 66 104 121 174 184 163 158 -162 -112 98 88 -167 -169 -88 -197 -36 193 -1 170 -108 -137 229 -29 -242 -172 146 19 -246 13 102 -178 -149 157 190 106 -59 -195 -27 -136 -82 -117 -135 91 -237 92 150 -96 -25 -105 172 -141 59 -225 -239 159 133 -82 18 -275 72 149 -143 -230 -207 104 187 189 -211 110 243 99 62 -221 248 -234 39 25 -101 169 -161 -117 -85 -175 220 -206 87 -151 -93 74 27 61 -131 124 1 -119 205 -148 -30 -262 -156 -108 -279 -184 68 -103 87 225 189 152 -180 87 283 -52 -88 135 -104 -160 -114 -52 -156 -162 -44 168 114 -87 139 -235 190 180 -187 -2 166 203 137 144 -99 128 72 -254 -85 -211 111 -165 81 84 75 130 201 44 -174 -198 -104 -155 227 -217 156 222 -218 95 122 -35 112 183 136 180 -94 134 90 -144 146 -274 158 116 -238 54 -77 241 -80 54 -28 -172 155 204 102 -139 -230 266 -237 146 -95 162 -262 113 -157 256 309 -215 -102 88 -153 -146 -207 -307 98 -92 -76 170 -207 -224 106 -92 134 -189 -176 21 211 146 138 73 313 143 144 138 -122 -242 -178 -113 -114 -197 145 35 -54 -79 -41 -212 -118 125 131 -229 230 -206 -43 204 -156 235 -272 -36 204 -145 128 -131 -124 -39 130 26 136 54 205 99 -65 160 -155 40 -146 80 126 50 190 -222 -221 95 -132 102 -254 -109 -277 120 80 197 -23 168 158 -69 -98 -184 -163 181 54 182 -218 65 -42 -137 140 118 -184 -180 199 174 -169 -142 67 141 -45 -210 139 57 -172 179 117 -136 27 -23 -233 -166 -148 29 -91 -251 -100 -135 21 188 86 109 164 279 162 133 104 -100 -15 -193 182 201 158 -103 241 159 6 -168 -147 26 -65 238 239 72 218 200 -159 -69 88,102 -22 92 14 10 -112 -17 0 4 -75 -84 -61 -115 -74 -75 -111 -124 230 -107 -142 -171 202 107 -147 -82 77 199 -133 223 116 -238 227 251 237 257 -226 129 214 248 218 220 164 -203 138 234 -129 -7 -114 62 115 -142 127 123 175 -46 -140 129 -77 12 0 56 171 146 186 -62 -133 -146 -107 161 -170 -96 86 81 -153 71 -128 97 128 -194 -151 -115 -43 -74 140 -131 -55 9 -51 -130 -59 49 62 -139 -140 -99 35 -202 -120 -143 113 192 -232 155 -150 -139 189 -175 -159 -135 -136 -126 -77 199 188 94 80 170 176 -195 117 96 151 185 -133 -109 -212 187 183 130 83 130 -154 -97 140 80 -106 -46 -12 55 -92 -88 81 -81 84 111 116 -122 127 126 -165 187 140 150 -133 -160 -207 123 150 131 -190 -61 230 100 116 -162 214 188 -146 176 -180 187 65 149 79 -114 209 -201 160 -132 -157 -169 -157 -215 178 234 126 154 206 -112 -192 154 198 44 152 72 151 145 -181 -153 110 130 -34 -101 -153 54 48 -105 -5 81 -91 -84 -80 -55 17 -40 -10 37 -45 -70 22 65 39 41 49 -53 -39 -71 5 40 -14 37 55 -37 -22 -43 26 31 77 -67 -45 43 94 -73 -56 48 39 23 -41 -42 34 64 -10 -54 -89 -96 -27 -58 113 24 -106 69 -88 -61 -61 181 182 -132 -136 214 207 -171 -205 198 202 -127 184 184 -174 216 -81 -54 -123 127 145 99 -93 -121 24 -157 -185 -200 113 -126 -134 178 -232 -153 163 287 196 213 274 -184 -206 285 -164 236 77 181 107 160 -157 190 -70 141 -192 -122 42 -157 -162 -184 -156 186 227 -110 -95 -185 -247 -240 -187 -191 222 248 226 -150 197 162 126 135 -123 -164 139 149 62 119 -26 23 -108 177 -141 100 -129 -130 -137 168 139 -140 103 -193 -214 203 247 204 -216 165 -226 182 230 161 176 -193 244 213 281 236 242 -233 -291 282 -284 289 137 -178 249 -226 -245 -123 -232 -205 -139 140 -176 227 -123 163 -98 187 -145 -170 -168 134 135 -129 105 117 -185 125 -103 71 119 -125 99 -116 167 -141 -88 -114 -112 122 -130 160 139 92 119 108 -190 -118 -148 120 67 98 -107 -101 97 -116 -88 55 97 73 -75 114 111 -79 57 93 -4 -52 84 -49 -47 -70 -101 -70 -123 -51 88 23 -54 120 71 -77 88 146 72 151 -146 -129 -76 122 -20 -83 -14 111 67 -92 -122 -75 -27 108 -107 52 39 59 -94 -157 -149 209 240 -164 -100 -235 164 110 -128 -165 -195 112 195 177 -186 -98 -167 134 145 -218 -161 -253 186 210 214 -240 223 270 -319 220 -225 244 -249 -196 -213 -214 276 259 188 -194 194 191 102 182 151 -138 166 133 145 -122 135 92 -96 116 -196 -179 113 89 151 105 57 -145 -82 -143 -95 -160 168 162 145 175 64 120 -97 -162 53 63 -59 -64 -80 -70 -43 44 -32 45 -15 -20 -14 98 -50 42 -22 -8 60 88 131 -103 -72 84 63 77 -72 -23 37 -72 -102 -4 1 -40 -76 -5 -6 55 -81 45 112 68 -189 -141 -137 98 158 206 -187 186 -145 -128 -96 -142 129 115 -79 -72 62 -135 -113 112 182 -185 105 -88 85 -182 -239 -180 -198 -196 206 -236 157 177 -104 174 -148 132 118 144 -89 115 76 56 -79 94 101 -38 -86 -77 -32 42 -11 -47 -94 73 -100 -125 -50 -92 -156 -161 -191 155 -159 -201 -107 136 -113 -128 -121 32 108 -96 139 -94 -124 -81 107 101 -144 12 41 68 101 110 47 103 -70 3 106 56 -64 17 -105 -115 4 9 2 -72 -34 -72 -26 31 -58 44 -42 -53 62 98 -69 -74 -70 -127 -138 169 176 -197 -176 -150 148 264 -232 294 -164 -198 -199 -146 240 -178 -247 168 -107 -203 -178 98 -131 180 167 -154 145 143 91 76 91 -96 74 -57 -58 72 90 194 -155 25 -178 242 -235 90 225 95 169 -183 183 -150 -219 78 -161 130 215 -162 215 -123 172 164 226 -128 -98 -70 -110 -158 -92 102 -72 -101 -103 57 161 38 -84 -196 -120 -104 160 -165 78 183 -157 114 161 -127 -59 133 104 -193 -155 159 -131 -96 -105 178 204 -202 221 -181 -206 -253 230 185 -229 -82 127 -68 37 157 -107 -34 -116 -75 13 -87 24 -12 9 15 74 8 19 20 32 29 20 -22 -42 23 2 63 40 -111 -9 7 -75 95 -86 -21 -49 97 86 -108 -54 101 175 -71 -156 114 134 116 143 113 -219 134 252 -224 -232 -247 -302 -154 181 249 -272 144 214 -209 -185 -205 176 186 113 -177 -162 -324 242 -192 179 -187 189 -180 -143 -206 -131 -200 -189 -155 -139 -246 -103 -98 -213 89 146 122 138 -37 -87 13 -41 -59 -50 142 243 214 137 174 -216 -242 231 125 134 -150 188 -163 -179 136 126 -157 -134 -178 -76 -109 83 90 -29 -81 68 19 -36 73 68 -86 64 113 -26 -46 78 102 101 -47 137 -84 -120 -112 -80 81 70 -123 129 -155 -111 68 -127 -125 95 -173 74 -92 25 -44 -38 47 -82 98 87 58 -159 152 -216 -185 219 -102 -93 -198 -246 -176 -191 -150 238 -143 226 118 167 -135 -174 138 -152 -184 -142 166 179 -203 227 166 170 -154 172 -256 -193 -216 -108 174 76 -112 113 -103 152 118 -157 205 -163 162 107 -179 187 103 -210 178 146 139 238 -178 -210 215 -277 239 83 -163 -152 -206 219 -237 215 133 -184 242 170 -281 -226 114 -56 -136 -140 93 119 28 -107 133 103 -92 75 -151 -77 -67 54 71 80 -75 -109 -83 -87 -134 -34 -21 115 23 109 -9 -6 -35 -6 -18 -119 40 -76 -74 74 -57 -100 -100 -117 130 -46 -44 -104 -46 16 45 -8 12 1 15 -72 -81 -6 -21 -29 8 70 -86 8 16 -62 -76 -140 -86 -71 128 110 13 -161 -141 -160 124 176 -94 -147 161 129 -165 -158 225 -154 -83 -185 -151 -216 -194 -275 125 -179 -173 -192 195 -164 125 34 -98 -176 -122 -216 -175 -200 63 -102 -164 223 230 238 290 -148 167 142 156 -206 156 73 -169 38 117 65 -102 130 68 -37 -101 -124 116 -99 -86 98 -119 -58 -70 -62 73 108 65 113 22 -15 116 -86 -67 6 154 60 -40 135 -117 127 -126 -129 185 110 -143 -116 47 -51 69 14 176 59 -98 -62 -145 -74 -140 -86 108 113 -59 118 -43 -77 -36 96 18 -103 63 79 69 -39 -88 -47 -80 102 126 -125 -156 240 114 42 87 198 -211 160 -167 147 -172 224 -213 154 -82 -24 89 -185 105 -66 -47 72 80 12 -26 30 51 33 -110 62 -71 -65 64 -68 107 174 -125 152 117 149 -141 154 225 -218 -88 -185 -132 -223 167 114 -119 -181 -256 286 169 -173 -197 183 -107 -124 109 -224 -204 -59 171 -184 -125 62 103 85 -159 148 150 -125 96 -126 141 122 90 -37 -188 133 216 211 -259 199 245 189 159 225 -273 -209 236 171 105 -41 -7 58 -68 -83 31 51 -22 12 70 28 47 -15 -14 -29 40 -52 59 37 -126 38 14 -26 29 -70 91 -11 -83 -33 59 -31 -31 25 2 63 40 -131 123 -106 82 -155 -140 -164 136 -163 -80 118 85 160 155 -125 -146 -111 65 -98 109 68 118 -214 164 -143 119 -213 -154 106 -241 228 -228 258 195 -122 -156 234 -217 150 167 -120 -121 81 132 -182 108 -98 -117 122 36 -92 119 -51 -94 35 100 18 -66 -95 154 83 87 -113 -67 45 -96 79 -36 -76 99 -109 21 22 1 82 92 -71 18 -39 -40 -122 -160 94 -110 94 -128 -86 -131 -97 -124 -185 -123 183 139 89 -57 -146 142 -164 220 -121 -204 162 -153 187 -230 194 -212 239 -303 -290 288 -274 387 -266 -268 -273 -249 170 -148 -210 -76 200 -169 117 -221 144 -159 80 -101 224 186 181 151 255 229 203 -214 -291 -252 259 -242 295 130 -116 -148 137 152 -23 157 102 111 -130 -149 21 15 131 33 -16 -79 84 -79 134 -64 127 116 172 -107 133 -79 96 59 -87 -39 13 12 -47 31 -20 -71 14 -46 -17 -11 7 23 13 -68 -118 78 45 132 41 -61 114 72 -135 131 -98 -214 -186 115 -163 -166 -178 244 214 -257 241 252 -188 220 -119 170 217 -80 -148 -202 -271 -186 -155 -132 -199 -229 222 254 202 -208 226 -223 203 241 181 191 94 191 132 -176 -167 194 -104 93 -116 120 131 151 147 -140 137 -136 -97 78 71 -94 56 -102 -86 -114 -46 74 59 49 124 -52 -95 -59 87 -54 95 96 53 -78 93 88 89 99 -123 -146 141 110 101 -99 195 123 73 79 94 96 104 -100 71 84 25 -130 102 68 -69 -16 149 -52 36 72 -102 -119 -126 -93 -130 -91 98 -115 85 46 72 4 84 -29 -79 -36 -41 -55 27 85 -22 79 -103 -83 88 89 103 140 -121 209 137 171 198 192 -221 163 191 -140 -141 -149 -173 217 128 -148 137 134 229 206 126 171 220 86 196 -253 247 -208 -214 -160 213 -170 271 152 102 153 34 -110 -39 -152 -109 -159 107 100 102 -179 156 71 -210 -220 -145 -144 102 145 -202 283 -195 95 -141 155 -167 275 -176 98 250 -240 236 104 -233 -111 227 -214 149 -172 142 212 210 206 208 -169 -221 -177 128 -185 -122 -96 -179 -174 237 160 -182 -268 -197 -250 273 -247 -220 -220 198 -214 183 -240 -239 200 246 291 -287 -189 -150 -202 218 176 184 171 193 -101 -120 -127 -147 -195 88 176 -82 -109 -126 -195 -112 -124 150 -254 -314 -281 -257 200 -158 -144 -86 -137 72 -76 -90 29 97 180 -107 80 -21 -118 119 88 100 -99 -109 -173 58 -176 -129 -130 -87 113 -155 -140 113 -140 91 115 101 -179 131 -135 -94 -164 126 116 157 98 213 222 -159 -131 -183 -166 -257 -200 126 -148 -164 -219 -110 132 168 -120 -153 -155 94 129 135 137 112 -95 -127 54 43 -152 146 -133 84 -73 25 0 96 79 -74 32 99 -151 108 -146 92 -135 131 168 132 126 131 165 -148 -127 131 -140 -126 -129 202 -137 154 -125 222 220 -130 -167 -133 -100 176 -172 141 -143 156 148 -114 34 62 123 -143 -130 -68 -24 55 98 83 118 176 -143 100 112 -142 187 -93 -184 139 -187 -106 -33 -220 168 190 -83 -178 -246 220 194 -133 -166 196 -68 110 154 177 -152 -84 -183 136 164 -139 -185 -155 -135 174 -228 190 -67 -171 166 -114 -160 -184 158 -221 -210 167 -219 -118 -160 -194 72 -160 123 158 222 160 164 190 181 -186 201 189 -144 161 -100 171 -166 65 190 135 -63 -94 -127 159 -125 -149 161 174 188 -68 -77 83 176 -71 -118 -203 143 -130 -136 -144 204 127 62 -100 144 -181 123 89 -28 -57 -128 44 -136 -120 -89 -38 -77 91 -82 -100 100 80 -13 116 48 37 46 75 -83 81 86 -147 174 166 17 -111 -116 -145 -122 178 -181 -109 -161 -145 67 77 108 151 36 -40 -42 50 -49 -15 -36 -20 -27 -27 114 -65 42 22 -51 60 30 -104 -72 -2 -62 -92 36 18 -1 -52 46 110 126 104 -109 -44 26 85 131 37 140 -42 -153 102 -128 79 -121 121 86 -96 -111 103 -164 120 158 177 -103 -32 59 -47 16 99 -121 99 -87 113 -79 -144 -95 -71 143 -120 -115 14 -29 121 -158 -60 141 -119 -113 -46 153 -85 112 138 128 205 149 -141 171 -118 -140 93 -62 -116 82 -43 51 -54 -87 -105 12 -37 -105 57 -40 85 -101 43 -155 -127 -65 31 -91 146 -115 -128 -80 -168 -150 134 104 113 49 11 -85 -79 118 -58 24 -113 -33 27 4 55 63 -5 10 42 -47 50 -85 101 -10 -64 69 66 -87 40 -44 -60 7 88 -71 -11 77 -70 66 243 146 67 118 151 -138 -155 162 168 -195 -182 -282 227 -186 -245 -199 234 -205 215 174 111 172 165 142 90 75 -76 -106 -54 30 79 -128 26 31 -41 -10 -52 88 54 49 -92 87 -86 56 -40 47 -6 -49 21 92 37 -51 124 -158 -137 -135 119 -148 -131 -129 102 -78 64 16 71 -32 -129 -1 -104 55 33 5 -26 -1 66 -19 -41 -74 23 -28 -28 -12 -75 47 88 -40 -46 -25 26 -63 -72 78 -86 -39 -29 -10 65 29 -10 53 130 2 -124 -116 -22 -2 66 1 56 5 2 -33 12 -42 99 -84 -71 -57 -63 17 30 1 -106 67 -63 66 -30 12 -70 -5 43 89 -93 -59 117 28 -19 -6 -85 54 41 82 154 -165 199 91 174 107 99 30 132 -34 66 -88 -136 -133 -117 24 116 -87 -107 2 -19 -128 -83 -104 -30 -14 -20 65 -95 58 -3 -145 112 150 -130 -70 -93 88 103 -71 207 97 -83 130 172 200 206 189 -113 127 148 100 -135 125 -117 -172 136 114 -223 168 154 -190 -236 247 -178 -209 -281 246 -175 -180 264 167 -242 -87 211 -112 162 109 -66 77 129 -126 161 -106 -69 -152 199 136 60 155 87 -155 -116 -140 -204 164 -147 161 -171 183 -147 181 -148 105 155 116 -109 -134 -76 67 187 -125 121 -151 -157 -184 -124 -169 208 178 165 175 174 82 138 145 -226 -233 -270 171 -148 -205 176 169 -170 -180 184 -170 -138 211 -208 -190 183 195 -197 -126 -104 165 -139 -171 -168 175 181 231 -155 143 167 116 -148 192 202 154 152 116 -162 -124 -112 -202 167 106 -108 145 17 -25 70 106 -104 -114 -151 -122 97 -153 124 43 -69 -94 124 -125 -116 80 -87 109 -102 46 -47 80 118 -96 -132 -22 -100 80 -13 -178 -129 -166 93 -121 165 158 -209 172 -211 140 118 -165 150 -115 175 173 -128 191 -194 162 131 153 207 130 -212 159 130 -156 108 95 -40 133 117 163 -68 62 -113 -109 69 -40 107 -93 -63 114 -49 132 -53 78 134 113 97 -134 37 99 103 15 -121 152 -107 -125 180 -92 -155 -223 184 198 67 100 -138 120 149 -159 -117 120 -79 41 106 -122 -6 -47 96 -115 119 -18 -176 109 -42 -128 -127 -118 -189 114 -47 122 134 -130 80 90 98 121 -157 -99 54 -90 -125 133 124 -97 -197 -96 -96 141 -99 -29 90 86 -78 -143 70 116 -151 -84 -86 -167 -150 207 111 -89 -118 150 -115 -113 39 -78 -45 90 145 127 -65 16 -148 -167 204 -52 -25 197 -186 141 -148 -153 164 40 129 -93 44 -108 -62 -8 18 45 -72 -28 43 -112 85 -87 35 -50 -175 -120 -179 -132 188 115 123 -157 209 -146 -260 125 157 -194 124 -145 219 -165 -152 -148 -163 -216 -119 52 -129 -102 -170 -154 80 170 -167 162 202 195 -101 94 -112 211 131 -107 144 150 136 -156 -197 -162 -84 157 100 -123 102 180 161 -104 -145 -118 128 101 114 111 -144 -169 160 -92 120 -121 119 42 136 138 -185 171 -153 -207 -228 197 265 -179 191 -258 -263 195 205 268 279 -261 -193 192 233 -247 172 -230 -127 129 -145 -77 110 -180 160 -122 180 167 101 -170 -107 -134 97 66 -118 104 81 107 -108 162 -67 -88 86 69 133 -65 -146 -43 -23 -36 -59 24 79 -3 -112 -68 36 134 30 106 93 83 76 55 -154 163 -150 32 99 -100 -115 -135 107 -56 -23 7 61 42 99 3 39 -43 15 -60 -16 -20 -14 5 -21 55 34 -66 40 -23 36 2 -24 -5 -31 63 -93 -85 -139 73 125 138 -138 80 -206 93 -148 67 66 -165 213 -204 -76 -237 -107 -82 -138 -240 -172 -50 -152 -187 -151 -156 -178 123 -144 146 168 -106 205 -129 -212 -176 -127 172 -203 -235 279 -205 286 265 217 270 279 -237 -215 -249 257 -143 -210 -230 -181 -245 200 -276 -241 305 226 240 -232 -162 -214 184 125 -167 188 216 145 242 196 -168 285 296 -247 -167 -137 164 -142 77 90 131 -97 118 142 171 151 -47 150 142 166 145 156 -170 -100 -15 -136 106 -82 -2 -24 37 53 69 -64 25 -10 23 -67 -3 -38 -18 -58 14 -28 -18 -32 63 -35 65 -37 -111 -175 -119 -167 -101 99 145 46 103 -53 65 126 93 5 -185 145 122 -138 181 -211 181 141 104 -184 185 -209 175 205 -125 91 143 -62 -1 47 -134 104 -67 -149 96 -154 74 93 -172 -89 55 128 33 -92 -126 138 -75 92 76 47 83 83 42 117 59 -24 84 52 121 56 -148 38 -68 146 112 54 -70 -96 -162 88 -149 100 -178 156 169 -146 280 243 188 -170 -233 238 -195 -218 -185 90 169 106 160 -144 -240 -120 -215 -144 -146 153 100 135 223 -150 188 -187 217 -228 170 109 183 77 161 184 -177 71 145 -166 156 213 -203 210 86 203 139 -156 -138 -150 -112 111 -161 -53 56 -127 88 -68 147 133 114 110 74 -68 -25 -61 21 9 50 -100 26 147 -183 -169 104 -26 -123 -152 -238 74 -132 85 225 209 214 218 -241 243 213 221 295 267 259 -266 305 203 -178 -97 133 242 238 186 -213 226 193 -158 -181 252 -165 269 166 106 -153 166 179 195 -141 230 -144 77 101 -98 110 177 -157 -118 -50 166 108 -177 171 162 -199 119 119 -123 182 78 -117 155 132 109 -147 128 183 -154 -178 101 -68 -125 149 89 -45 -126 -7 32 -119 51 13 84 -77 43 79 -96 -51 105 37 -47 101 -45 -84 -92 118 121 -92 15 148 170 -125 101 -180 -61 54 59 -47 -63 -174 -62 158 -124 -124 -206 -106 175 -49 -121 -138 58 -117 -70 70 82 -78 139 -109 103 77 107 -81 -135 -38 141 198 53 -84 134 -125 45 -129 -128 -150 34 -146 200 75 -188 -173 -137 -146 239 168 -107 115 121 -143 116 -85 -164 -103 -26 106 117 -113 -49 -98 144 -117 -122 86 -113 -37 -68 91 74 -189 -238 241 163 -222 169 -145 -184 144 -123 56 108 88 115 6 -90 -81 -66 73 111 -94 137 -128 -112 -126 -201 -106 154 168 156 -218 -99 -158 154 138 -125 146 -149 134 165 117 108 -59 -218 50 -134 -129 213 179 89 -171 -130 149 -141 -95 -133 -122 -145 134 78 -118 -166 -218 -179 138 121 -240 -210 -73 147 -156 -112 -139 -194 -123 139 175 -195 173 -183 123 -186 -248 189 -85 -136 -139 -215 143 -158 169 96 144 158 106 -150 -94 -152 134 99 130 -193 -139 -97 -28 -138 116 -109 -101 159 95 -159 -156 -58 -24 -106 -121 -135 -80 82 2 35 -102 -150 72 31 -52 3 -67 24 -77 -69 -66 -21 -5 12 11 11 47 -14 -58 -26 -62 -50 53 -76 -123 96 -75 -81 119 100 -126 91 180 113 31 -44 -58 -46 -80 91 55 -20 -114 -33 -90 -192 120 94 -129 147 124 142 -95 -129 -100 102 88 42 127 74 -58 -23 52 30 -55 13 -62 41 -38 59 116 -83 -65 64 59 63 17 -25 3 5 60 -76 -34 30 -93 -8 -100 -70 -70 78 -74 -112 142 -154 55 68 -84 -20 -38 -65 56 -43 -79 -53 50 -84 18 -58 142 -120 102 -44 -124 151 -189 206 213 -212 129 -140 -132 118 -124 -132 -201 230 181 -224 239 163 -134 260 -199 104 240 129 215 201 -204 220 283 235 -253 190 -336 -267 -205 180 158 203 -219 223 184 -166 96 -224 -219 -233 117 150 -227 -206 97 166 126 133 140 -189 185 -101 162 122 -214 197 187 -189 -199 -127 166 203 -136 148 90 139 -73 117 20 -41 -121 -23 28 -20 -32 60 -32 -22 -23 -50 34 -8 6 47 -69 -61 -12 -50 22 -102 -20 52 -17 -37 -14 -8 81 -3 106 7 -46 -49 -113 -121 -115 -96 57 160 172 -76 -134 127 107 -173 -203 228 81 185 292 203 174 225 233 183 161 199 154 176 212 -115 -65 -80 62 -31 45 -114 59 61 76 -128 -175 -94 -89 -118 151 119 70 -50 -24 46 -113 -76 -13 -54 56 66 -21 -92 86 -101 -110 -39 123 118 169 -129 122 -117 101 93 186 -206 -197 198 217 181 -124 -224 -285 -189 -216 -230 -232 -255 -303 -281 316 310 -193 -245 247 -141 -237 -269 161 -190 -163 199 168 -166 -166 -146 -214 194 -136 181 130 -187 -92 135 -91 92 26 -109 -36 -144 115 -39 153 142 101 125 -156 180 200 -199 196 -110 -204 -46 -114 -114 -118 174 131 -112 106 -21 88 64 25 -27 41 -60 70 -36 -129 85 32 -9 -68 42 -17 -46 29 5 -61 111 -80 8 -25 25 36 88 -4 39 15 45 107 118 133 45 124 -181 -175 0 185 116 -123 42 89 45 -58 -90 42 -100 54 77 76 72 56 -178 -64 110 58 92 138 -55 134 -74 -63 28 -114 189 -107 46 -1 38 -71 -77 16 -7 -107 -23 82 -6 -127 -58 -53 78 -109 -154 -211 -155 -122 184 -168 132 228 -102 179 158 211 203 -121 -89 -113 -162 160 128 -110 -152 168 -153 -222 125 -148 -170 -165 -178 -215 197 -100 -157 -110 133 126 -80 96 123 -139 -142 98 -89 47 -111 92 85 -118 86 75 106 44 -9 -20 -91 129 103 26 -129 164 -139 -105 74 174 40 -81 -73 -71 -110 -152 -97 -123 -81 -162 -60 84 215 -134 -235 185 -207 -240 -223 235 273 273 247 133 -182 -156 181 -152 197 -61 -91 45 120 -157 124 89 -162 -95 191 210 188 135 153 178 -202 -153 121 -99 -181 118 -122 -206 -108 146 -179 178 188 154 129 167 -161 -236 -137 208 -196 -240 230 -151 -150 172 176 -167 -173 -163 -109 -105 -56 -48 49 -40 -88 -110 -137 114 -51 102 -51 -60 -100 0 -59 121 87 -158 -133 -126 97 196 118 -100 170 -138 55 -32 95 -111 -119 -38 -107 58 -98 -116 -20 129 153 203 123 -124 108 -193 61 113 143 -153 -135 -152 -189 162 -116 135 -204 -161 -251 -241 170 -175 -131 -96 -161 -86 144 38 -93 -70 120 -179 111 110 -124 226 122 -152 137 -152 202 -194 -177 -113 -59 161 102 123 -168 153 92 -92 192 -104 -189 97 116 -67 73 -81 173 239 -181 -163 128 -166 -192 -168 -150 211 -96 -158 121 181 160 142 138 155 192 -118 128 123 -136 -150 -107 81 -116 95 -111 102 138 163 -123 122 147 116 136 -99 -173 165 -242 -187 134 220 -183 250 133 -120 134 -209 166 -191 126 -105 -119 192 -198 -173 -137 201 -148 172 123 -198 -202 -159 -140 154 195 -172 -159 -119 120 155 -159 147 84 -28 42 137 122 -115 -90 -9 -83 71 45 -5 -20 -11 -51 1 -41 -53 87 -125 -109 20 -14 -85 -78 132 -144 163 100 -134 -144 162 183 175 155 -145 -145 111 140 -147 199 -139 -183 -215 197 134 -148 -168 81 72 -183 -125 -104 77 -37 -65 -44 -45 -44 0 -51 0 -17 -40 29 24 34 42 -26 -21 13 -6 26 25 1 -43 -65 -104 51 117 -83 -113 -170 -205 -190 -237 211 231 177 -222 115 -130 127 -93 -103 85 -72 83 31 80 -67 -46 30 -73 59 120 81 -12 -117 -103 91 -101 21 31 -90 -5 52 117 -135 -20 -124 -76 193 161 -117 186 -114 150 135 -145 -141 -145 169 -105 202 -154 -120 -191 172 89 -181 -144 -104 -120 -151 187 -129 -182 108 -102 152 -91 129 -139 175 -115 136 -87 -177 -86 -136 -104 204 -202 235 201 105 137 -108 292 -155 250 -224 240 -243 -174 201 -244 -215 224 -184 189 146 184 185 141 103 78 -127 111 4 39 -29 -23 -10 -47 21 -63 -56 23 -56 148 134 -36 -45 17 -132 101 -139 -79 -135 129 -192 -183 118 -123 198 127 -63 -138 33 -27 -23 -76 53 30 -15 -93 136 -39 29 25 81 72 -1 -71 -116 -8 -83 40 57 89 7 89 121 96 10 -84 74 -77 -162 92 -173 82 -100 97 -100 -169 90 144 -130 -152 126 160 168 -117 110 114 228 -107 150 -118 -148 -130 160 116 -107 121 175 139 -135 121 -152 -85 137 150 30 88 153 137 -127 -37 88 121 -130 -55 57 104 114 -34 85 -46 -102 93 74 -44 -146 -111 117 -24 109 145 -105 -135 165 -133 -108 137 -122 157 -174 -125 91 -132 84 -37 138 145 171 116 -138 -6 -82 52 -56 77 84 21 29 -41 -22 21 -2 -21 8 -27 13 -4 -6 -46 10 -32 -22 -5 -42 8 -24 26 58 33 56 1 -14 44 -22 40 -32 -21 23 41 -40 -30 -19 -14 -60 5 -29 17 -22 74 -32 -90 -104 58 0 -140 -47 -101 -120 -122 161 -112 -160 142 -121 88 137 127 -67 111 -122 92 8 -3 70 114 -108 18 -144 -163 135 124 -83 138 -90 -126 -44 33 -46 46 91 -26 -33 -126 172 83 -100 111 -160 -57 -124 -134 122 88 94 106 -110 67 69 -75 -121 -133 -122 104 186 155 -175 99 164 -148 146 -197 -100 -72 -113 58 87 -124 -108 10 9 96 81 -63 -94 -80 138 -96 -109 63 42 -140 -107 -110 16 138 -120 71 -79 69 -116 -104 112 -139 107 -164 -103 -72 -119 7 24 -153 105 -54 114 21 -18 -76 -14 19 -29 32 10 -64 72 -50 33 90 42 -58 107 -98 4 -111 128 15 0 -34 -128 -91 112 -174 148 133 211 132 114 -184 -70 -142 103 89 -200 -145 105 -91 -190 140 -104 100 123 92 -95 133 -77 119 148 51 48 81 109 110 -132 -119 -75 135 95 125 142 215 -267 250 217 209 -158 -63 108 -131 -173 -145 167 -120 134 -101 114 85 -66 98 -140 -39 43 134 -99 -132 -82 -142 144 -132 -113 62 -152 90 143 -73 72 -90 -100 -127 -116 -75 50 -124 -134 -202 155 160 -49 -186 -118 -175 168 124 89 -122 158 80 40 89 -47 36 74 -59 150 -47 -58 -109 111 10 -55 -38 137 -109 40 -2 -93 31 67 18 -107 6 80 -15 -30 46 47 -139 54 155 -184 122 -64 90 122 91 -104 -167 -105 141 204 87 149 -53 102 -73 115 -137 105 155 -104 180 -191 248 180 -185 178 -205 277 166 -283 195 256 183 109 -125 -222 65 -147 -192 -150 103 132 -99 -150 138 -166 -97 -226 197 81 160 115 -162 -149 -77 -161 -157 155 -101 43 -118 136 -100 -61 61 -47 -74 68 -64 99 26 -55 96 -8 56 101 -10 -6 53 51 49 37 41 41 10 67 81 -60 82 106 172 120 148 -95 100 95 -116 -76 -80 90 27 -79 -122 -68 -119 -150 -63 44 -135 93 44 -84 -169 -125 -101 170 142 -157 158 -107 171 22 -228 -142 -158 -208 -132 -228 -199 -242 185 -218 175 109 -172 -182 142 152 151 173 144 -167 -67 98 96 -70 100 33 -19 -34 12 70 26 72 5 78 112 63 51 57 -14 126 88 -88 130 -180 103 176 -183 -286 -280 266 -230 -255 -170 220 -190 195 180 172 -127 -8 -84 -91 103 -80 164 75 -49 84 -119 132 170 214 179 207 -224 -195 -94 -182 203 109 -223 -158 -184 198 174 -208 -209 221 179 171 208 -201 -201 -173 -60 179 -30 -122 153 -108 -172 -235 64 107 109 -76 -191 -141 81 138 -163 105 128 37 127 -80 -76 -56 -25 69 86 86 -143 -105 12 -96 36 -42 -10 6 -170 92 -82 -127 67 -110 -30 44 -68 29 160 -54 79 -16 51 81 -98 -51 -128 151 138 -107 -81 188 -163 -166 -76 -165 -181 -252 -252 -182 251 227 -185 219 -294 -210 178 -204 -150 120 -111 -202 -212 181 -216 113 -181 176 106 176 88 24 161 197 251 -80 123 160 -135 211 -62 -216 243 267 -267 259 172 208 -234 236 -201 82 123 -118 53 -42 29 -35 6 -59 -41 -119 -15 -70 93 13 97 80 -46 -56 60 75 19 71 58 -46 45 10 8 136 58 -24 40 -47 -49 83 32 62 -156 -121 -57 133 -117 -29 97 -60 113 -49 -24 14 -42 8 -59 4 51 -32 41 -67 -12 17 -40 -60 57 -44 38 26 44 -7 -59 17 49 47 -41 55 -66 25 123 132 -80 119 -112 123 134 163 -290 -235 -170 151 -118 -65 -58 -61 -83 98 -26 21 -46 70 -77 -67 76 79 -203 181 -130 72 116 138 -165 154 90 67 35 101 165 29 58 -106 176 -150 -74 -148 -83 -113 -62 -173 173 136 -169 -199 172 -262 180 127 243 229 202 140 216 166 -187 -119 -128 80 -102 -31 60 -57 -59 5 -135 141 39 52 62 96 63 20 -37 64 -94 -100 47 3 30 -43 71 91 79 67 93 71 -58 -96 -74 -128 -55 -91 -96 -72 -167 -117 -20 136 -153 -178 60 145 115 -121 120 38 -82 128 -85 -3 -13 2 76 -40 -21 39 -94 45 -133 120 75 186 131 84 66 -127 -160 130 -58 189 130 147 130 -139 -93 -187 169 -112 -77 132 -120 -88 -208 170 155 146 -189 -183 89 98 -116 -121 -78 -48 56 61 -80 -37 -146 45 94 -194 -154 -118 158 174 -167 199 151 -163 208 -121 -195 160 -235 285 -146 189 186 -192 188 195 -48 116 131 160 -84 1 70 119 -93 73 71 97 -72 74 -52 -46 32 -24 -4 0 -3 76 -36 17 -55 -61 180 -131 -157 89 -148 -214 -211 204 236 219 171 203 -208 -177 -160 134 139 -149 -73 -113 -155 137 133 98 112 81 -161 116 -145 130 -143 147 141 170 101 160 54 70 115 175 -109 38 -116 58 -37 -54 46 98 8 49 -6 32 -57 -13 53 71 -102 36 15 60 -7 -146 -147 121 113 251 -205 107 95 -193 -113 152 -92 168 -69 -114 135 -125 178 -94 -158 145 99 -204 -147 167 -163 -149 -189 159 173 -158 -99 -77 -139 -25 66 -31 -124 -34 -98 -16 69 63 -52 116 98 -95 -77 165 100 -101 -51 89 -28 -96 -22 -151 -69 -55 134 39 44 0 -56 90 -50 9 -71 52 -46 -29 -110 -115 -118 -110 -80 -175 -124 -173 232 -179 -210 -119 -264 300 -271 160 -193 -264 236 -93 -102 103 -149 -122 104 -112 133 149 -189 131 -189 -189 125 -138 -200 265 287 169 158 -167 -145 -116 106 114 117 -118 83 199 -73 102 -78 96 49 129 -107 -67 89 12 20 75 -36 89 104 67 -38 93 54 45 -138 -70 70 -94 -99 72 69 57 -57 44 118 -85 -133 73 -2 91 43 -92 89 73 117 107 205 84 -215 -97 76 -155 -221 188 136 -207 211 -144 161 219 226 192 -254 -180 133 181 235 220 188 131 234 275 150 -32 -107 133 133 -99 -29 -91 -62 -160 64 -133 175 -78 -28 55 -68 -81 -101 87 69 -145 159 118 -47 -85 120 137 161 -71 -192 -102 -127 -110 -71 -93 116 -61 137 117 -148 -166 -128 82 -154 120 -69 -125 124 113 -149 177 -187 217 136 -204 -185 -245 165 139 126 -150 185 67 64 71 -41 -73 -41 -46 -58 -54 107 54 -18 40 -95 3 -74 56 -91 -140 51 13 -59 -29 23 19 -105 69 -84 -12 -80 -114 -18 -46 -142 123 -52 96 4 19 24 -118 49 93 -51 -90 72 -66 -32 -74 -9 3 -55 -49 66 49 -52 67 -70 118 96 -64 11 123 125 93 -9 -181 69 94 -179 -124 -78 134 -119 79 154 81 70 132 131 -216 -3 -151 -140 123 -253 180 146 -110 108 102 -95 89 130 53 52 -95 38 13 -117 -3 -38 20 132 10 -52 1 70 -136 126 -32 -109 145 126 169 -138 -233 187 -183 120 -174 45 -122 151 -142 50 161 -98 -180 87 -141 11 -126 -74 145 -108 -70 273 -194 -182 146 -241 240 -147 -236 218 42 80 101 94 165 125 70 69 -60 -40 29 -96 43 -67 76 159 -94 -107 -168 -155 -189 102 191 -240 210 -118 -183 223 -158 164 -80 -108 148 -188 235 -220 -107 -93 97 85 64 42 35 58 108 23 -31 77 -54 -26 84 107 76 -87 -85 55 -46 172 -69 -107 -199 171 199 179 -211 201 182 -196 -164 -220 -256 283 228 295 -105 182 -285 -236 134 139 -184 -167 168 107 -122 -89 64 26 -48 -128 52 43 -78 88 85 -91 175 0 27 -32 -219 -27 -5 -22 -104 -8 -40 52 89 124 93 25 54 53 70 7 112 -89 21 68 15 -21 66 27 -28 -36 -91 -54 -60 45 37 1 120 128 -195 -48 154
6144,8,0 -16 -6 -54 26 13 34 -20 2 -42 8 67 -39 -39 11 -57 -88 -27 40 -52 35 36 -34 -44 -50 19 18 -50 -21 17 30 2 -53 -1 2 26 -19 12 -14 31 63 -89 -2 24 -7 -77 44 -6 31 -33 -72 22 -80 -24 -13 45 56 71 17 -19 37 -72 -12 -26 32 -1 11 -8 -11 -18 -23 28 -82 93 9 -57 26 -52 -1 38 -72 38 27 -39 -50 67 41 9 -13 61 5 22 57 9 -1 -56 30 11 13 -80 -16 29 28 -9 52 -6 -33 15 -31 -12 -35 5 -46 0 -25 65 -73 -20 -29 -74 -12 -41 -60 -52 -11 -9 -33 -33 20 24 -9 -49 -29 -13 11 26 4 30 -14 49 44 -84 24 65 80 23 59 -45 11 -22 -35 -14 -27 -57 80 -29 41 -88 -68 -2 -57 8 3 -9 -40 2 -23 -3 -41 7 56 -89 13 20 22 -39 12 53 47 67 -2 -63 -39 -14 6 94 34 14 34 40 -26 -28 52 -36 67 47 2 -12 31 55 9 74 34 5 30 -45 83 -28 -27 5 -17 -35 28 -61 56 -2 11 -23 -33 -36 -54 -49 37 -35 5 -40 -82 12 29 41 -53 -102 -38 -13 -21 53 -5 -58 62 32 39 -17 -37 22 -24 -13 20 19 3 -15 -38 -4 25 2 29 11 30 78 -23 -20 -37 -32 31 -23 -60 31 -31 -1 27 -15 17 -20 88 -24 -33 -91 26 12 -1 -39 -9 85 -18 -48 -28 43 -42 -21 40 7 -46 62 -75 9 -64 34 -20 -51 54 58 -60 -21 -6 61 -36 -39 -8 -15 -47 -74 -14 -40 13 -79 -46 -22 -1 5 -52 -29 15 -57 -22 50 -38 -32 38 -1 -37 -50 -18 25 19 14 -37 11 -5 -27 -24 83 27 -43 75 43 -12 -57 40 63 -41 -19 52 28 -55 35 24 -75 14 62 -19 -3 58 56 -50 14 24 -22 15 3 -33 42 35 -80 80 15 41 -20 9 -48 -28 41 15 17 78 -58 41 36 -37 -71 34 40 -80 17 29 -14 12 51 -8 -25 69 -54 -61 37 -32 -10 -29 -52 12 9 7 -44 -21 -39 14 48 82 -7 68 23 25 2 29 22 -6 26 -17 -20 -53 13 9 -75 -42 5 -53 24 -8 37 9 -63 28 -47 79 -24 -52 38 31 67 86 -42 11 49 -59 40 68 -49 36 40 -25 -38 62 -17 -79 -46 26 10 -30 -15 -45 41 -36 72 4 -18 51 0 -26 65 -50 18 6 -24 18 2 52 -22 -1 20 77 -30 34 41 -28 8 21 18 35 -50 -25 10 -46 20 8 7 -66 -85 5 -64 12 42 -46 -17 -48 41 124 14 45 -33 10 49 37 -38 -29 -22 37 1 -57 28 -66 -2 -27 20 -41 -14 -11 17 12 85 20 -41 -43 39 62 26 -12 -26 -23 -56 -25 39 -24 11 15 -16 -59 -25 8 -4 -23 16 9 -41 -58 -5 -3 45 -42 5 -22 6 -58 32 -56 43 32 69 -33 -51 -39 41 4 11 -29 25 -4 -17 7 71 -28 57 -7 -31 1 -3 35 -23 8 1 24 33 10 -37 -65 -72 64 16 11 -25 -52 59 -38 54 9 36 26 6 54 2 -88 24 -11 21 66 42 -36 41 78 42 -47 16 12 97 57 -58 37 -93 -18 20 -13 -105 -61 24 -31 87 -18 -46 101 -21 82 -70 25 -19 -45 78 -29 108 -6 53 25 30 32 -15 32 -37 8 57 -17 20 13 42 -19 28 33 -22 -25 -34 48 -10 -4 14 44 -21 -73 -28 77 0 -2 4 -9 12 37 56 51 -20 -54 36 -102 28 19 66 -9 -12 99 21 -23 40 5 -28 -37 21 -13 -78 29 28 17 -9 -30 -12 -20 27 -27 -28 38 -22 1 53 -35 -44 -29 5 14 85 29 31 44 -41 16 4 -49 -3 26 -19 23 -7 -31 -37 33 -33 14 25 28 45 41 30 54 -11 -15 23 21 -6 -28 -24 -29 -21 -71 -52 48 -11 32 -57 -61 -33 -53 30 -4 94 33 94 23 55 -41 -3 -18 17 -11 1 -62 16 4 -62 11 -5 92 -61 -45 -32 31 52 3 6 50 68 -72 -45 -18 -75 -11 5 48 61 -31 35 50 7 79 -53 -8 -56 -27 29 -20 -29 -36 73 -30 -7 -38 0 -51 23 -41 29 1 -41 49 13 41 61 -39 8 1 -33 16 56 55 3 -66 35 45 32 8 78 35 0 -4 -75 -1 9 -23 47 34 -36 76 26 -14 -24 28 19 -43 -38 -42 -16 19 40 40 -10 -36 44 28 47 62 -20 -55 13 -6 2 -48 35 67 104 17 63 15 48 35 -32 -34 -61 -41 50 -10 8 103 -82 20 5 -37 40 -69 -67 -75 -39 8 -31 -48 -37 37 6 -4 27 -32 -63 13 -85 -17 18 -42 13 -34 -25 -20 0 27 31 31 -25 -18 49 49 -26 51 -26 47 -15 -80 49 -55 5 -49 33 83 7 4 3 45 -43 -51 -32 8 -12 47 -47 25 -35 -56 2 -36 -42 -61 -36 -15 -26 -60 45 71 -17 77 25 -52 -4 15 9 -39 7 31 78 79 10 66 -13 -25 -49 -24 26 -58 -23 -23 -4 -35 -38 -33 25 13 -12 -47 17 -37 40 27 -30 -44 12 33 62 -12 40 2 11 19 5 32 53 -29 25 -21 -7 31 2 3 -30 31 86 -25 -52 -17 -42 -33 18 60 73 -22 25 95 61 -5 -6 45 36 13 -69 36 -53 -54 -17 -35 -70 -78 42 69 -52 -15 -24 12 -38 23 -6 65 -19 -13 82 45 -80 -37 -28 76 -20 58 -17 -37 38 71 -54 13 8 -58 20 -26 69 -5 4 33 9 -15 63 48 20 -12 28 41 -32 -32 -69 -12 10 -40 -41 35 -1 -22 -31 78 -21 -23 -10 20 -20 57 -35 24 -42 -63 48 38 -54 59 18 -22 14 -18 61 30 23 38 23 21 -81 -23 -50 37 44 -35 20 -21 -29 -5 21 -2 -28 -4 -1 -37 52 -54 -2 -76 28 53 84 48 -18 -75 63 -75 2 -6 -34 27 0 43 -17 -18 -32 -32 -34 -26 -47 29 -49 0 -3 50 15 -32 -9 -38 -50 59 43 13 -47 -26 -101 -24 30 -6 33 -34 -19 10 24 -14 -36 39 -2 -23 2 14 12 12 -72 -27 -62 -7 18 4 -33 -48 34 -17 30 99 -26 -25 -8 65 0 79 34 20 2 -66 -40 -59 -67 -41 -24 -17 1 12 -11 -19 -44 31 -17 -88 -14 -2 16 45 36 -10 43 43 -81 11 60 -57 8 -38 -13 44 54 24 58 10 17 -36 50 -66 -95 18 54 -2 -60 7 65 37 -37 -23 35 42 -32 -62 -32 67 54 13 0 -3 26 -52 32 8 -35 46 -19 68 -42 -9 32 -36 2 40 72 49 -100 68 -15 -24 34 1 42 26 0 -53 29 -19 33 0 37 -55 -33 -6 -38 -9 -17 29 -50 -33 6 9 -4 -23 -42 28 2 30 4 75 -5 26 94 18 44 -35 -50 -56 -46 23 -22 -11 55 2 44 4 -38 -10 -2 -24 3 -67 -20 69 11 8 81 -16 56 -24 -68 8 -43 5 -32 29 0 28 8 55 21 7 28 11 27 8 9 1 56 35 55 -39 10 50 52 -32 104 38 82 38 -32 -41 -44 -9 -8 -37 57 -33 3 -2 47 29 39 -21 47 1 -48 0 30 -35 28 -4 5 -61 -24 8 -16 -46 25 -14 94 -43 18 -40 -63 -6 85 -3 16 31 106 -65 -74 -50 7 10 11 -66 -70 -64 -85 56 8 25 -53 -22 16 -15 7 18 49 34 10 -21 -2 -24 38 -33 58 2 -9 19 29 44 -42 37 -24 51 -4 -4 -12 -59 -40 29 23 6 36 45 -15 27 -30 32 -34 -58 -69 14 -97 -40 34 33 36 -26 -2 26 -31 20 -11 4 -41 -25 5 -36 46 65 -6 -18 4 24 24 75 36 28 20 -46 19 -58 -73 -24 4 -12 -36 -22 61 12 -78 -47 24 -60 12 17 -21 -23 -13 19 -69 -49 -15 56 60 -1 37 -14 51 75 -62 -32 45 16 6 14 61 60 9 -43 -22 -2 10 20 113 34 -12 13 12 45 -46 28 26 -59 40 -60 58 16 36 16 34 -8 37 -33 35 0 31 -41 -24 -27 12 -24 5 -36 44 85 -31 -50 -13 15 22 48 -92 51 -41 34 62 -59 -45 69 19 -63 -52 -27 23 29 -55 -3 -27 25 52 70 -27 -4 66 -36 45 -9 38 -105 -9 -47 42 -22 -55 52 -33 -38 -86 -73 48 -47 -25 69 -7 -34 72 -18 -24 -73 28 45 -17 -64 52 -43 57 -50 59 14 17 -12 -21 -17 -57 39 67 78 52 -83 -25 65 55 -54 -53 -23 -3 84 23 -33 -25 -41 -6 -45 70 -8 54 68 66 -60 4 -5 26 15 -29 -28 36 45 -22 39 -13 6 -33 100 -9 -37 6 58 74 56 -24 24 18 -21 65 -2 57 0 40 19 -54 -38 -47 59 93 -66 3 -10 -12 4 11 -53 29 -29 57 12 -21 29 62 -16 7 0 -19 49 -28 -65 -36 -73 80 9 81 67 18 -31 6 21 -31 34 14 47 27 -50 -46 -50 -6 -4 30 32 45 38 -44 33 69 6 -59 -75 55 -61 -21 3 8 -49 -29 93 45 2 37 48 41 31 33 31 27 19 59 21 66 42 39 -1 -20 -38 34 40 26 -71 -7 -67 28 56 2 -28 -27 6 0 -45 60 36 15 34 25 -39 32 -48 4 24 -83 -20 -2 60 33 -71 30 -58 -13 30 39 63 -41 -45 56 -24 -23 6 48 11 -27 -88 18 -32 16 -10 -50 -24 -14 5 62 -56 15 -91 5 -76 -30 -40 29 -5 17 28 17 -8 27 48 64 10 -51 -18 -17 -68 101 -40 -42 -27 13 -2 67 64 -20 43 16 8 -36 -42 -32 13 -18 -27 36 -16 39 58 -51 69 -1 -28 31 -37 -30 -38 -12 26 35 -17 -46 -37 28 -100 47 -15 124 45 -37 -23 18 -16 -3 29 -27 82 -5 -66 28 30 77 19 78 10 -18 -14 -28 -39 -6 -60 22 42 -30 -49 -68 12 -25 80 6 -47 40 27 -89 -5 -29 3 8 17 47 -7 -47 -68 -10 69 50 55 -8 33 27 58 47 -83 -3 -35 66 -68 77 82 -1 -73 -74 23 4 -5 -1 51 30 -6 28 -79 18 31 35 23 -30 -55 -29 32 -43 68 -8 -49 46 45 66 -5 -56 -1 34 -35 41 -65 11 59 -5 75 45 5 -81 -50 -60 -25 -17 -46 -9 -26 -44 -13 -37 6 -18 -19 -33 -11 -86 -53 -8 -21 -59 29 7 7 31 26 -6 10 -33 36 22 37 -39 -24 59 4 -72 61 17 21 -74 63 -2 -30 16 21 37 -25 -87 -34 -14 -9 25 41 4 -8 33 -29 21 46 42 -4 9 -9 82 0 -51 -32 0 9 43 13 53 38 -4 42 65 46 -73 22 13 29 -12 34 28 57 -59 -3 13 -33 -25 -36 59 5 -75 21 -19 34 -82 75 -35 0 -55 -28 22 -23 -40 -28 -4 -42 32 107 -56 40 8 47 -28 26 17 -71 -61 34 67 -21 -11 -23 -16 30 38 86 16 -106 16 32 58 -1 -82 -15 0 -28 8 75 -1 -23 27 -75 29 41 -37 23 19 -41 31 -32 -4 -7 45 -12 -66 -50 -48 81 33 -64 -20 -10 -49 7 -40 8 -70 67 56 -38 62 27 24 -7 29 -30 2 -21 -52 46 -26 -33 -3 20 -62 38 -63 22 -25 -51 -20 36 68 -10 -44 9 21 -45 18 -36 -31 82 -11 74 3 55 -11 42 55 -8 -15 47 -72 22 17 44 -22 42 15 -37 23 -26 -28 -1 25 -13 39 -22 48 -3 27 -4 8 -27 -43 -72 18 -41 -57 -14 0 51 76 -23 50 16 43 -43 43 50 9 17 -103 0 -54 12 -42 49 50 -20 -55 -34 -30 -50 -30 73 -43 -56 26 2 -34 44 21 -38 -2 11 24 -61 68 49 18 -33 -64 40 27 15 21 -86 -7 29 56 -41 -26 -12 25 -33 -75 86 0 -16 91 14 -28 25 -38 -19 -4 56 -2 -70 29 -52 -57 -59 -41 -84 -48 -4 -3 -14 -39 0 -62 46 4 35 -7 -25 54 -98 -54 67 79 -54 7 -56 -60 -17 71 -36 -42 -53 51 -54 23 -9 -17 -49 -85 -22 17 56 23 6 34 -47 11 -17 49 -36 11 -20 -9 29 -125 -33 -12 -16 -22 -8 6 6 1 23 60 0 20 -18 54 31 -36 -14 41 -22 91 -11 48 26 -21 -13 -37 -16 -56 39 64 7 -9 30 -36 -20 -39 -12 -14 -25 24 25 21 18 -23 71 55 -13 64 13 -22 -12 -15 75 11 20 62 -20 55 11 68 82 -81 15 -38 29 39 18 -69 -15 -13 51 21 29 -50 37 -82 -20 3 -77 49 -6 55 1 7 1 -18 27 14 -48 -51 -45 -54 -4 6 -7 1 -15 40 -62 -79 3 -6 -24 -2 16 -62 16 -1 -96 -26 22 -55 1 -58 15 25 -99 90 35 87 60 99 4 41 50 3 64 5 40 -11 50 -18 -57 66 5 -58 63 -8 58 -64 -71 -1 8 -15 -14 24 42 54 2 -74 48 -2 13 -21 -10 -52 -5 -27 60 -7 82 49 26 3 4 21 -1 13 21 1 -32 -13 11 -29 15 -13 -22 -38 31 77 -22 60 -8 -16 -8 -111 -50 -30 57 48 -56 34 61 -71 -26 14 -35 0 23 -26 11 -1 26 -13 -9 50 -27 53 14 1 -23 -46 63 -3 34 -50 33 -28 -21 49 -25 82 8 18 29 46 -25 -49 29 -22 -11 23 -50 -45 -64 72 23 16 -14 -11 41 -23 5 -48 -20 -26 101 41 -32 -24 51 -25 -23 -24 75 19 -33 -30 -56 52 7 9 22 25 -49 56 1 -72 -26 -60 -52 -8 24 -14 46 34 8 -16 1 -36 -28 -54 13 35 27 41 11 -32 -12 -39 60 -25 43 -34 -47 -26 13 17 -55 41 51 -11 37 47 -50 -49 -46 -8 -50 73 -47 94 -47 16 39 -8 -62 63 -29 -38 67 -11 -5 -44 18 -59 45 62 16 -14 -10 -31 -24 -37 -15 2 58 1 -37 -27 -43 58 12 -40 -12 6 -38 26 -10 -24 -3 40 25 -4 -60 49 -64 -24 0 19 76 36 -28 -26 -49 37 14 3 82 -16 -43 31 42 66 41 3 17 3 26 48 -4 -12 -13 -53 90 17 79 -33 -41 -13 -29 5 -9 -3 -23 -75 15 80 -62 -38 -28 -96 48 5 -38 51 53 7 -23 46 -37 37 2 24 0 -37 -66 57 -40 -41 25 61 -67 79 -20 29 33 -42 -2 14 -35 -28 5 23 -54 18 -42 73 -14 51 15 -15 -31 31 51 -5 -23 -91 0 27 -42 90 -21 -5 26 106 -56 -6 43 64 -19 64 -72 -18 -6 -34 -10 26 33 -22 -23 -36 -51 32 -79 -13 24 -63 41 -6 -30 -37 78 25 31 -36 -32 -3 4 19 102 -22 -121 12 34 -53 73 -38 13 -2 -35 85 82 31 -73 -12 15 79 -14 -16 -5 -76 -37 55 68 -2 48 -2 -7 -4 47 46 16 67 -39 -15 -57 27 1 -15 6 27 -33 -51 -14 -63 104 39 20 -50 4 58 -22 -30 5 -73 -51 19 12 -19 53 54 -19 38 -18 -39 36 -43 43 23 44 -57 78 1 -7 -75 -30 -70 -40 5 -44 34 74 -11 32 -12 -12 -9 -47 11 -33 58 -52 -29 47 -5 -61 -24 -4 17 -22 14 -39 37 -23 -1 -47 -26 68 -4 32 -14 -49 -13 79 102 -55 -6 -33 44 38 -15 39 41 -14 -25 -20 43 -14 -52 20 39 -2 32 84 -26 55 -6 99 15 32 0 20 87 8 47 4 -10 -3 45 -76 -40 21 23 -59 3 46 77 32 55 -35 85 5 41 -63 77 5 6 6 -6 -35 64 -26 -18 -2 -27 11 80 9 -47 4 -22 56 -16 14 -4 -152 20 57 -21 48 13 25 -72 51 1 30 -45 -18 -12 64 33 33 21 -2 -52 -9 -24 78 47 66 8 -46 1 76 63 17 92 3 97 18 45 7 17 28 48 -34 36 -59 -40 26 57 -8 34 32 61 9 48 -3 -11 34 23 25 8 19 67 -39 -59 80 34 -31 42 -26 -10 16 29 1 -39 49 26 -14 -56 -18 5 -37 -29 52 -34 -45 4 85 -16 -27 -36 0 -5 -38 -47 -18 -26 38 -29 -49 -9 6 -9 -11 45 -28 77 25 -80 32 -56 20 -4 49 68 -14 24 8 -35 -19 12 -1 -31 -34 -13 -79 34 -31 23 -6 67 22 -39 49 0 -44 33 16 28 -39 30 36 18 6 -65 104 -33 -54 -59 -7 -46 -13 -19 52 17 22 -24 12 50 87 26 48 -88 39 -52 6 6 -70 -35 32 25 -19 11 23 52 -6 -35 -73 44 63 -27 -19 -55 27 -45 -35 14 28 2 27 -11 49 -41 17 32 -45 -58 -45 40 44 15 -13 12 60 35 -20 26 67 -22 28 -52 59 -8 76 -50 -30 5 37 17 -102 18 -27 -33 -29 18 1 90 41 24 101 42 -21 5 54 -5 -26 -31 9 -60 7 13 -25 -26 37 6 -11 -43 3 4 -32 -13 -24 -53 20 -2 5 46 -48 -8 3 31 32 47 26 22 -47 9 -6 14 -25 -51 -61 -13 15 42 -4 -42 -29 -83 -49 35 -44 -108 -14 5 29 -11 -38 -36 -19 -13 -32 18 -64 16 13 31 -13 -31 -70 18 17 6 16 0 -33 44 43 -8 60 -14 -98 117 -90 5 46 41 -4 12 -40 84 -26 23 -16 -9 -4 42 10 -35 -47 6 -22 36 -44 -12 -22 -33 -55 37 33 55 11 -29 -48 -51 -48 48 -53 -15 -55 -20 62 -48 -32 -39 -41 71 -24 -80 44 -42 43 9 21 24 -38 -8 14 -16 -29 36 37 -6 50 -22 39 -54 46 51 -20 60 -13 -34 14 5 -3 -31 5 21 -89 22 -34 44 -41 -6 42 31 19 -27 42 17 33 -30 -36 34 48 -6 39 -8 -60 -7 34 -36 -40 27 26 16 91 2 18 -5 12 -51 -56 101 33 24 41 43 -29 39 11 -10 68 -14 22 -19 -29 -45 -44 3 36 -33 -9 89 -25 74 -32 5 -8 25 -30 6 25 -43 -86 -68 -23 -17 77 -56 -49 -2 -24 1 -46 -19 -52 -39 -18 22 -17 -27 -8 0 61 -88 -9 77 50 1 25 -9 45 -3 11 19 -29 -25 43 -9 -49 -32 34 -13 -25 28 -79 43 72 53 -48 37 41 89 73 -16 -62 13 -35 34 11 38 49 2 14 37 10 -72 11 -19 -40 -2 -14 -22 -2 -43 99 15 -2 5 49 -27 -56 -41 -29 41 42 8 -4 -33 -29 6 -27 6 62 -44 -36 -58 70 -21 -67 -16 30 20 -7 37 -62 39 -63 -45 -31 -43 -1 8 -3 -50 71 -35 25 -25 -75 -7 -68 5 50 -68 108 -16 81 -34 -57 55 4 -46 19 39 -59 -42 33 15 -50 32 -9 7 -53 10 -48 1 -36 28 -10 -44 -32 -22 9 1 -50 29 19 -13 -40 73 52 7 -56 -2 0 -9 17 44 -17 -48 13 -43 2 -15 33 -13 -34 32 -60 -44 -6 -3 58 -29 -67 -51 23 14 -41 17 48 0 7 29 37 24 45 -3 48 1 -42 -16 51 -28 24 17 43 -15 -13 19 25 -87 57 12 -15 -17 -49 34 22 -32 -8 8 43 7 -4 16 -54 -44 -3 26 59 16 38 26 18 -37 -11 12 10 36 -63 -33 -33 35 34 -49 -38 50 13 46 -30 60 9 -15 -2 53 -36 -38 -59 -63 25 -54 -9 63 -69 78 -7 -25 -28 -27 85 4 4 -6 32 -36 -16 -16 -32 65 66 52 -75 -18 -138 -9 -67 7 65 6 -13 30 -33 -29 -21 -14 38 46 0 70 7 8 70 0 -32 13 -24 33 -70 -18 12 -69 13 -66 -19 -4 28 37 4 -16 14 -32 12 -52 26 34 29 2 -38 24 -40 27 24 -37 67 -15 4 -27 -8 5 -2 -12 13 -37 50 -57 -65 54 0 -32 93 14 2 33 7 -42 -27 -25 -18 34 34 64 32 -20 21 -48 -23 -3 -15 98 -60 56 -17 -18 64 -62 -47 2 9 -12 -24 34 -46 -73 -68 -34 -74 -104 -19 -28 55 1 45 79 2 -21 54 76 22 40 -99 -23 -37 14 -27 4 26 50 30 -30 19 23 -60 32 9 -33 -73 41 43 -11 -11 -6 -14 -17 -24 30 44 38 -29 10 -54 21 50 -19 32 -7 26 -16 -27 -33 -3 39 -2 54 -33 33 37 -19 6 33 32 48 13 38 18 -1 -42 -40 5 2 15 8 31 -10 1 -70 20 23 75 5 89 4 -51 -57 2 -27 -5 -50 0 63 -26 62 62 5 -45 35 -42 28 -57 -69 -22 -14 -27 38 -4 111 -24 2 -61 -85 68 -51 -1 -17 32 -45 10 -17 73 -4 25 5 10 9 121 -14 -13 -29 -85 -16 -20 2 -27 -53 53 -61 -34 -47 37 -17 -64 -40 -2 -18 -55 68 9 -45 -35 -105 51 18 -56 10 -49 91 79 -43 68 52 34 51 -37 60 -4 -21 -26 46 -27 31 49 56 -5 1 34 -37 31 -29 51 4 57 -35 -53 7 57 -22 -60 -54 -42 -35 3 -19 31 13 2 -52 31 -34 -55 15 24 -4 -14 -15 -8 -47 -9 38 -91 6 16 52 77 1 79 -34 -71 37 -43 14 38 10 5 -6 -81 -2 7 -7 -31 -72 11 25 -49 66 -3 42 -15 -52 11 42 5 2 -50 36 -16 -23 -15 -42 -61 132 -11 30 5 -40 -7 -1 19 -21 2 93 38 -42 51 48 -42 47 -41 -35 29 31 -42 -45 -2 -29 80 -8 -25 -45 37 -2 41 3 5 72 -45 -26 6 61 -40 -22 -22 0 14 -55 44 -37 -33 6 72 20 23 -36 5 -33 35 52 -7 60 -36 -21 45 19 15 53 -39 63 24 -21 9 -29 -42 -30 -19 -41 16 12 -66 33 44 -4 -1 -6 98 75 -27 -6 44 -60 -1 18 -9 99 -19 -9 -7 -48 38 -55 11 75 36 16 -31 22 8 14 72 -58 34 -44 5 -37 6 5 74 -46 -28 -67 -68 17 -13 -28 35 5 -37 -33 -27 52 -9 -1 -54 -24 9 -7 -11 -42 55 17 -69 4 52 -33 -24 7 59 40 -43 -6 -98 29 -2 -65 21 47 35 -10 -20 -37 -50 28 36 69 -48 -55 -54 -3 -12 40 -55 -17 -3 -76 -9 -42 8 -34 -35 -11 -4 25 -53 5 15 24 -8 56 -55 15 33 21 11 24 2 -36 13 30 22 15 29 48 -47 26 24 25 4 32 53 40 12 17 -11 22 65 -63 -19 -67 -17 -9 -70 56 -31 64 40 9 60 85 -36 4 -35 29 4 44 -49 6 -55 -40 -68 -85 17 -49 54 -71 -19 22 -1 0 -14 14 -1 -47 -56 -18 56 6 11 14 -83 -40 22 -7 30 -21 -9 -30 -5 13 6 69 24 51 -20 51 33 2 -43 43 56 38 71 -27 -29 -33 -54 15 38 68 70 -55 -32 -34 28 -30 -16 106 -9 26 -16 -7 53 21 39 -41 16 -48 -56 65 -12 20 -25 -21 40 6 24 -56 2 -30 13 39 -19 38 -69 -23 -27 59 53 13 -26 80 -41 23 22 -38 63 -17 37 86 -17 43 1 -59 -102 -5 10 -76 14 73 -48 23 8 -52 -38 -21 38 14 -8 8 -32 1 79 -28 -1 -3 -36 -29 3 -71 -6 -71 7 -91 -41 20 36 45 21 -28 16 -28 24 29 2 72 12 -28 -44 -37 -39 17 7 -30 -25 89 22 -60 11 -34 -29 34 -45 -26 -10 -37 37 44 10 37 -9 -20 75 3 -21 19 -67 -37 38 72 29 28 -40 -96 -10 -1 0 -22 13 -4 -30 27 5 -52 -13 43 34 68 27 32 46 -32 4 -59 33 53 15 -10 -32 23 -17 35 -49 -52 62 -21 -9 -51 18 -40 2 52 54 -20 38 26 40 54 49 -2 -91 -21 -35 35 -58 31 32 30 -21 -17 27 5 9 39 15 74 43 20 -28 77 -10 1 -50 -82 55 -27 -2 73 24 -24 -9 90 7 -43 26 -23 -3 18 45 -77 -80 25 55 -27 -16 -33 26 26 -53 -17 -4 22 17 -66 5 -8 -6 -16 40 41 28 -31 35 -6 -17 -46 19 -10 -17 5 -20 30 23 10 43 62 77 -1 4 29 -107 -83 -76 0 15 56 22 -14 -14 -29 49 -9 42 -48 -76 -26 -81 -28 3 64 -48 34 61 -25 5 51 39 47 -53 -36 2 -40 22 18 -30 -15 -57 16 -65 -29 36 -15 39 -48 16 4 10 -46 34 20 -71 45 47 9 12 -62 47 46 -35 7 42 -16 -88 42 -1 -25 35 -66 -48 -67 46 -45 -37 -13 45 -69 21 37 26 -7 37 25 37 26 -13 -121 33 47 -70 -142 -44 79 -21 -52 -34 8 -36 -21 -20 -14 -62 -34 -17 -83 -41 -51 -38 7 -116 38 -35 15 -45 -27 37 0 3 -93 -57 3 -40 0 -44 31 -19 -46 64 -56 -51 14 -22 -9 15 -68 5 -10 31 -5 27 35 53 -3 68 -8 -40 0 1 -18 69 14 20 -16 -55 -88 -17 -60 -55 -30 46 37 30 34 -93 12 68 22 32 -18 -66 -8 84 -44 5 27 18 -29 1 -16 67 -49 60 -3 12 -67 25 -29 71 24 -48 -60 39 66 73 22 -34 80 4 19 55 -10 -40 47 -45 -59 -29 24 -61 -14 32 -20 -7 53 -25 -32 47 -11 38 9 -24 19 8 -40 3 -74 -61 -66 -65 10 -55 -24 87 -11 54 -50 60 16 33 -60 3 -81 79 9 -52 73 -19 -25 -40 45 40 -3 -4 -56 1 -11 32 -10 17 2 42 -23 -79 -40 9 -3 35 -32 2 32 -8 41 22 49 29 -9 -2 -44 49 -19 -6 -74 105 -47 -44 -13 -32 60 -6 59 -50 52 -19 2 3 -32 -20 -15 94 54 -4 63 -73 39 -46 -78 -80 -61 -61 21 61 -28 -45 -13 -64 -3 -31 30 -33 -22 -8 10 18 -19 -68 21 45 -46 -10 -3 5 -26 5 2 -13 -6 -8 0 -103 67 -34 -53 -61 2 8 22 -42 28 -34 70 -34 76 -78 20 -61 -8 48 5 42 10 -51 33 -42 -7 -54 35 -7 53 95 67 -41 57 -72 -31 14 -3 -2 -15 -35 58 5 -35 14 23 -19 87 -44 28 -2 83 -55 2 -60 -26 68 -32 -58 55 -6 58 15 -39 -49 -33 24 16 -12 28 -39 19 -24 17 -30 9 -35 4 8 -14 16 -58 24 -51 23 0 -13 29 -21 -2 -1 14 -11 -27 -24 -53 -31 -30 -22 -61 -67 40 72 80 -19 40 51 -16 -41 -27 24 81 28 6 14 -66 26 0 -50 17 49 -27 -53 28 41 55 -19 30 -3 -28 19 -20 61 96 -63 -26 27 -14 61 12 36 7 32 48 -93 -46 -43 40 38 26 -18 -24 37 -41 -30 77 21 -30 24 -39 2 -1 -24 -31 7 43 42 29 3 86 -73 -39 51 49 48 -52 43 -18 -24 35 37 2 -61 -10 -50 37 -36 -46 22 -29 15 -59 29 62 16 47 -15 17 8 56 -9 44 -12 -7 24 62 -41 10 -8 57 20 -61 26 -74 33 12 31 2 91 -77 -38 -2 28 -53 20 -3 -20 -7 20 -51 43 41 -18 11 49 34 -43 17 -53 -10 -33 45 -23 22 -90 72 16 -31 -46 7 5 -13 -59 -103 -30 4 -58 9 -1 41 26 -38 -15 27 -5 -18 39 -54 -18 16 35 14 -9 -70 26 42 -46 -2 -35 87 82 36 55 7 -6 -49 36 35 40 19 28 -9 -20 9 79 -56 34 -50 63 69 -10 88 -24 -13 45 -13 -33 -3 11 -22 -32 27 -44 -20 17 -12 -5 26 33 17 16 12 54 72 22 87 -33 -8 50 -51 6 58 8 -26 -19 -8 -70 11 34 67 47 8 -39 7 4 4 -27 24 -64 41 24 -24 -32 -13 7 -4 -42 42 -28 63 -17 -32 -34 20 -29 -38 43 -53 -24 51 6 41 9 -19 23 22 -5 46 8 60 -51 -39 -35 -36 -13 25 -5 -3 3 -45 -40 57 67 -41 12 -18 45 36 36 -97 8 -53 -23 5 -38 60 36 57 14 6 -57 -37 15 54 -15 51 -46 22 19 56 -2 10 4 -23 -114 -15 -3 44 -14 -23 25 -36 25 -38 20 -13 24 -53 8 -45 -19 49 11 53 74 45 7 92 23 -47 -11 35 2 17 39 -24 72 16 -59 13 37 65 -18 -12 -26 47 -73 -61 25 120 -88 -7 8 -44 1 -38 -29 -36 19 -15 -5 44 7 -33 -6 -25 -77 -38 48 58 61 -67 32 30 37 -2 3 -9 -40 -14 50 -98 31 16 19 -21 2 -10 -22 62 46 -40 -53 -39 58 -31 -54 -14 -29 -47 -38 55 -26 72 -57 59 30 33 13 -66 -5 34 2 -43 -71 -72 -26 -36 -30 -48 -18 69 -69 -16 20 -11 -28 44 -63 8 -59 -32 -4 55 37 22 -28 5 49 49 82 -40 6 -51 -54 12 -4 9 47 -14 -1 -4 18 -50 -48 -84 9 13 -8 -64 -38 17 -32 27 40 35 18 45 54 -3 102 34 -50 19 -68 -8 -44 -21 -42 57 -53 -66 -25 39 11 -7 62 52 49 -85 1 39 -31 25 -13 61 -56 -8 -46 -53 23 -70 24 -16 -64 35 14 -65 -11 69 44 -17 -18 41 -30 -63 -23 -6 28 -21 59 1 -96 -56 -46 -64 -17 -4 -6 15 34 85 40 74 25 -11 -11 -7 3 -32 -40 4 31 44 35 20 45 56 5 -34 7 -8 37 64 -13 -39 7 -3 4 15 -11 30 -33 -77 19 60 6 45 27 -32 -3 22 -47 38 26 -37 -13 -29 -49 -40 5 44 79 21 -1 -14 15 57 -15 -14 -39 -48 73 34 -60 -56 98 29 32 -45 56 51 -26 -62 -55 -49 39 8 47 -23 -15 49 -37 -54 -14 -36 -60 -73 -58 4 -8 -33 32 -52 9 -35 -6 -12 78 -21 36 -2 -64 50 -37 33 -101 -42 -20 14 48 -53 64 -35 14 11 72 -35 -40 40 11 51 -27 -16 -16 -14 -9 -2 -17 -73 74 49 -95 -49 36 -30 39 -62 -50 38 -17 75 -39 -17 59 -30 27 -27 -34 -5 -54 48 7 1 29 11 35 -24 -109 -36 -40 -25 56 62 -58 39 69 33 -5 17 61 28 -36 -46 65 4 48 47 97 9 1 -53 24 76 15 -69 -8 -10 43 19 -20 44 3 -46 -49 22 22 -35 -85 75 -6 -29 -3 3 -82 -28 61 -10 46 7 -13 -39 -13 -3 -1 84 41 53 76 -32 -3 46 69 3 -8 2 -117 -43 -22 1 -19 -36 9 24 18 -23 25 -61 -62 37 -12 94 0 -26 -49 1 -14 71 -28 -11 -6 75 0 17 -71 49 60 16 -16 -17 -44 112 3 -47 -31 7 -2 50 -63 -33 43 40 -4 26 15 39 -54 -7 -39 -61 5 -6 54 -58 39 -15 93 -43 57 -65 -11 -73 31 22 -46 -43 7 -6 -114 108 32 13 28 39 67 -56 23 30 4 -12 -9 49 63 45 -13 13 31 -36 44 10 -8 17 24 57 33 37 -25 5 -58 4 -36 -1 18 -39 -7 35 -37 46 1 52 -14 58 69 -20 61 -1 -7 -17 58 -39 -11 -42 -22 -22 -22 68 -44 9 -50 9 4 36 1 38 -71 34 -8 -94 66 -46 24 -44 -34 110 25 -40 -20 75 35 2 -23 12 74 -47 6 -17 25 44 -56 -4 -62 74 85 4 52 3 32 -32 12 -8 -31 17 -57 29 -56 -87 -3 -45 11 29 -34 -8 5 57 -47 12 -48 -5 -41 35 -25 11 -24 -48 13 -52 35 -12 -53 9 8 -1 40 88 -30 10 -11 -68 3 -41 53 33 -25 -26 25 -32 30 8 7 6 11 -18 19 56 36 -10 -30 29 -28 31 -2 -8 -11 -15 -42 3 14 55 2 60 39 23 -60 -39 -81 -43 -3 -23 -13 30 5 -2 -25 10 99 54 56 30 -24 -15 15 68 69 23 -33 -16 -88 33 13 -12 11 39 -30 -2 -37 -17 47 21 27 -41 28 57 -22 1 -25 11 -49 85 15 -20 -51 -56 31 -39 -15 -3 42 32 -7 -65 52 23 -57 15 -63 -18 -7 10 -23 -23 -11 45 24 -24 -59 -4 -20 39 19 -3 -63 81 55 7 -64 -32 2 -33 10 -20 -13 75 -30 64 -12 52 5 29 8 -92 -3 -7 36 6 33 37 22 -33 -38 -21 16 -29 57 -18 -54 -37 74 -34 8 -33 32 -1 24 34 -15 12 24 43 -31 10 -20 -50 -31 63 -32 66 -33 24 -61 31 19 -3 -2 -95 49 27 -5 8 24 -37 36 30 15 0 -34 23 -16 38 -6 0 13 33 26 2 23 -23 18 -1 10 -18 -60 43 53 -93 35 43 -24 41 -26 -8 -58 -23 51 61 59 54 2 -9 -3 -2 -33 -50 105 57 -9 27 12 16 41 -25 21 35 60 -5 -60 -38 14 -31 37 45 -8 -42 -22 -89 0 9 19 16 65 67 12 -35 -23 66 -1 6 60 29 -32 23 -1 -17 -25 -58 -73 -24 -62 -46 -9 -44 -13 -77 -38 -14 35 -3 66 -45 -25 -39 -54 1 -34 -26 16 9 34 61 58 14 21 -60 -62 10 71 35 75 28 14 17 -22 7 38 72 -7 -43 16 -18 54 -28 68 -46 43 -24 18 -40 -9 44 49 -62 -67 -15 -4 18 -57 -23 -32 -3 -27 -15 -43 33 6 31 48 30 -17 -26 23 -36 -4 -31 -24 -18 -22 79 26 12 72 9 71 -3 79 30 11 -5 -34 -56 8 -54 -14 -32 -52 -38 8 26 -31 24 -1 21 -62 -10 -17 -39 -16 49 42 42 19 -50 28 -39 37 14 44 93 -25 102 1 1 -60 -39 12 -41 -17 83 28 -1 -7 -50 -69 -17 -54 34 -13 44 62 -42 -53 -21 37 43 7 -29 -1 46 -58 -66 43 -17 -62 -12 -15 -45 71 85 -25 -9 20 15 54 10 -70 -7 57 -73 41 11 49 -23 -32 19 13 -60 -60 -57 12 51 36 -38 41 40 20 35 -52 3 17 31 -60 12 -13 39 85 23 -11 58 25 23 -78 -45 14 -29 44 66 -59 -64 36 55 86 -42 -78 -22 -5 1 -42 -17 -16 5 65 7 -70 66 -64 62 27 -37 84 -93 -25 51 -12 -11 37 -46 6 -8 -86 -70 -11 43 52 67 24 -7 -23 3 26 12 -22 -14 -16 -65 14 17 15 -14 -13 -58 14 -20 42 -39 -69 -33 -43 -24 -21 9 -66 -48 64 39 70 -53 10 -28 -1 -64 -30 -15 -36 -91 -50 31 -11 -3 -74 45 -19 -10 44 -32 44 54 -13 -4 -10 -69 33 -42 -78 -50 -8 -34 -4 68 21 -69 11 25 10 -35 -24 -33 -72 -2 7 -63 -24 17 -24 -22 40 -67 -44 -57 -11 -3 -64 18 55 -75 -46 -79 27 -28 -28 -75 11 -31 7 2 -20 -50 -6 18 7 95 -56 -14 -34 47 -16 25 5 58 -30 7 40 -40 -17 -43 17 -28 -49 40 -9 9 9 -24 6 -27 34 25 18 -6 9 36 14 6 4 19 27 48 21 17 62 -9 -11 30 -34 -5 -78 43 14 57 48 -26 -23 -95 7 97 -53 -56 -7 -23 25 -13 69 38 -7 15 -32 -44 7 -33 -3 -44 -71 11 -1 -23 -41 23 -12 51 30 -49 52 -21 42 -42 -20 66 39 27 21 -85 25 -26 -72 35 -4 65 48 -29 42 13 7 -15 15 -30 -52 4 -60 40 -18 82 31 26 -13 64 57 -26 -25 -19 51 -63 -54 56 -20 30 6 -12 4 -5 -6 11 -44 48 46 -70 -48 14 54 12 31 33 -2 -83 -7 -27 8 -80 -17 24 14 28 6 -33 -51 -25 -15 -6 -19 -48 33 13 -3 -56 -41 30 -42 -65 -39 9 -7 62 29 5 8 31 38 8 -71 -11 1 71 29 16 -10 7 -63 -45 36 33 -27 -43 2 -55 55 -24 11 -12 -29 27 -39 7 -5 51 20 58 -74 -46 52 -79 15 -30 -18 -31 51 -70 53 12 -32 -17 42 36 -9 24 63 -45 33 -36 17 34 12 6 4 -78 -58 13 63 7 -38 3 46 7 22 40 -15 8 -37 5 3 -21 -105 -3 -23 -41 -51 41 -15 28 78 -6 47 1 -67 54 21 -25 -7 -27 14 -29 -38 -47 -28 -53 12 -64 -48 52 -13 -16 51 16 28 -21 7 -12 -4 41 46 -94 -58 2 17 -38 120 45 -15 -12 41 -16 27 -24 -49 -18 -1 88 -48 -72 -8 -6 -67 30 -36 18 -5 -63 -82 2 56 -68 -7 -43 2 -27 15 14 -46 26 -49 58 -25 40 -51 -94 11 -51 -12 15 -2 -39 27 -65 -83 2 -72 63 -12 16 65 8 47 28 -22 -40 -25 -44 18 -57 -27 -63 -30 20 -31 71 -20 -35 62 33 44 -54 54 48 18 -28 -2 26 67 -3 8 -39 88 2 25 -33 25 -67 70 88 -11 58 -8 -31 28 8 -81 16 -41 -39 -51 -45 -44 -27 48 -15 17 -3 23 24 31 -41 70 54 14 -5 -3 -39 -21 50 50 -21 -20 49 43 33 -8 18 -24 26 38 -84 32 12 54 5 -15 37 -8 -21 -48 -94 -48 -11 -41 -13 -19 13 30 -3 -60 26 -44 -76 17 -22 -56 -15 -4 -86 -1 -27 8 58 42 8 -48 -6 -43 -36 17 -62 27 -58 31 46 4 -27 64 28 -39 77 -72 -55 25 52 -18 -40 22 44 5 -31 12 20 -5 -56 -13 55 19 0 40 8 24 1 50 -64 -1 -37 -10 21 -3 47 -2 -41 -28 -65 80 26 43 -51 16 39 -27 25 46 50 29 -16 76 52 -87 11 29 -42 41 -27 -43 49 -37 -23 -44 -52 -7 -38 27 -16 75 -22 6 58 -35 -49 -67 23 24 35 6 -15 31 46 -90 19 18 -70 17 -54 53 -35 -69 -60 32 35 -18 30 22 -24 -13 19 47 -70 55 -60 -48 5 28 72 -51 -7 -48 -12 51 -6 -25 28 87 1 16 8 -20 -56 76 52 -72 68 35 36 -79 -47 13 -36 37 16 -87 1 -53 3 -27 -63 4 4 71 61 62 -22 50 -19 6 4 -24 -3 -37 -25 -9 -67 72 9 2 -19 -4 -56 -11 -36 30 41 -41 -50 -112 -14 -33 -49 -19 -4 20 12 -11 70 51 16 -14 -99 3 -16 -61 46 35 -27 72 89 -19 1 37 20 75 30 15 -27 16 -20 53 -11 -30 42 -36 43 -84 -63 33 -38 11 24 34 1 21 61 61 2 44 30 20 -54 6 3 52 62 -6 -70 55 51 90 9 33 -62 -84 -5 10 15 27 49 -9 -26 -39 31 2 25 -22 61 14 6 81 -44 -37 -65 31 46 -5 58 14 -24 -8 -14 3 -14 64 52 20 -34 -105 -20 18 41 -56 59 42 23 38 -30 -5 50 -13 2 32 45 -58 17 19 -59 85 21 -21 -10 34 59 73 -12 49 43 -28 -38 -4 98 -61 -30 -19 49 -3 -66 55 31 -20 -67 15 7 -59 1 -43 -14 -14 -21 72 72 54 25 -17 27 19 11 -2 33 -27 99 0 -69 -27 -50 -2 -10 -36 -4 25 34 -22 -52 -17 -36 67 9 -92 26 -33 63 43 2 57 -59 47 -40 10 -14 -8 12 -5 -49 68 -23 44 10 -33 -19 36 44 -27 37 -60 7 49 -92 97 -26 109 -43 29 61 28 48 30 -13 -51 3 -94 -22 -21 59 6 21 65 -31 -30 -74 -51 -16 33 94 -78 39 -67 84 -62 -74 -33 5 -13 -26 29 -29 -10 -29 -36 39 16 30 -29 42 26 -11 -75 -46 -28 -52 -68 33 61 -58 -59 -19 38 -39 -1 52 17 -39 -5 50 16 25 -22 12 0 -11 -18 -57 19 11 -61 23 3 -19 60 -2 -55 -14 68 30 12 -45 3 50 0 -21 51 75 -5 -33 -15 -63 7 17 -7 -40 -24 29 -99 -1 16 -26 -51 18 -12 -6 -34 -28 -7 -4 71 -28 23 -12 -37 35 44 -30 -33 6 50 -10 5 10 -31 -27 19 -37 -53 15 72 60 -34 46 22 24 -37 -54 -14 -54 11 -13 -45 -58 -19 27 -21 27 -9 -21 13 58 -18 22 46 1 -49 -24 -25 35 7 80 13 15 -27 -7 -49 -46 8 -71 57 6 19 60 34 -41 -15 -86 -38 -38 61 -59 -36 49 37 8 -2 -9 -59 -34 81 -33 16 -25 -2 50 -12 2 -27 54 31 36 -22 -22 -26 -35 27 1 -43 43 -47 46 45 8 19 -55 45 16 71 75 -10 -4 -3 -10 -36 -5 15 -39 82 34 -68 62 -53 -15 51 -53 -107 63 24 78 -14 30 14 -43 -5 -48 -56 -54 3 25 42 65 44 -34 46 66 -11 -23 18 -45 -46 -3 11 -21 0 31 46 -11 50 -69 -26 38 -24 30 -16 6 38 10 -48 100 -1 25 -60 8 -1 21 16 -35 38 -54 -67 33 -54 45 71 8 23 16 -45 13 32 -5 -6 -50 -54 49 64 -72 -3 11 9 2 -35 37 -4 -23 -31 10 62 76 25 -55 -9 -48 -45 -37 -45 28 34 -8 -3 -53 -10 -14 -31 -43 46 17 27 37 67 -4 -16 -25 -63 12 12 -65 -26 -35 -71 -48 -22 3 51 -58 16 -51 27 -6 -33 1 16 0 96 -18 82 39 -4 -46 25 -41 44 -29 79 11 11 -7 31 33 25 87 19 70 -57 44 64 40 -13 3 24 -30 -14 27 45 64 -3 -12 81 50 -38 -13 16 53 -32 32 -2 33 31 42 44 -46 -53 24 2 -5 -21 4 -91 -57 -81 -11 -1 64 -30 -14 9 -27 -11 -67 -21 -30 -35 -45 -57 -33 36 -20 4 -73 90 4 27 -9 32 -9 -9 -29 37 4 44 8 29 69 -56 40 -48 29 -27 -23 -16 1 -6 -63 67 50 -62 -20 -35 -8 -46 -23 -34 -34 42 -51 11 -35 -1 -74 7 -57 -69 27 5 63 5 -72 -12 39 54 -30 -42 -36 -21 -24 -30 -41 -11 90 -66 46 -23 24 -6 -42 -58 -29 26 30 44 -40 -16 -21 46 -48 -15 -13 -43 -6 -79 -18 55 -61 74 47 -52 49 0 45 12 30 -6 -59 4 45 -11 -57 -58 -38 50 -2 12 -5 21 -55 66 33 13 16 36 -88 34 -32 18 6 -50 60 -14 -21 31 -55 57 14 -24 11 47 -16 -72 -8 4 -53 -4 42 -18 24 17 44 13 18 36 -15 -5 45 41 -76 -44 -38 -48 44 38 -14 31 38 -12 1 -3 7 -61 6 -49 3 76 -16 -24 -16 62 -9 -28 -7 84 57 -14 7 -46 -17 -56 -37 -26 -3 -18 8 -27 52 -52 4 -19 -14 62 34 45 26 14 22 -7 34 -16 82 -17 -31 -11 -35 -35 12 -49 -3 -27 86 -51 50 27 -6 -6 28 33 -14 12 -54 -2 38 -27 65 -80 -15 -80 -75 -17 21 -33 -77 83 18 -29 -30 64 -31 29 45 -26 -23 -41 53 -5 25 38 -28 17 -22 -39 73 -6 26 -57 -17 -68 -16 77 -53 1 49 23 77 -34 -88 17 -32 -48 -6 -50 -59 16 -92 51 -67 -49 2 57 -53 -21 -65 25 1 -15 -53 89 7 29 27 -14 25 15 -21 36 -95 52 -31 -5 6 6 39 -6 37 -1 -3 68 -23 -39 -75 -33 33 12 -3 -90 86 -6 3 -40 57 -49 34 -4 62 48 80 3 11 -38 56 -13 27 -61 -14 81 62 64 -71 -9 66 -57 -59 -21 -32 -17 4 61 6 45 -40 87 32 33 -72 -52 -18 -11 34 -45 67 -33 72 -15 9 34 34 60 96 59 -20 -59 14 -63 58 -87 46 -70 -65 70 -43 -12 -57 -21 2 -62 15 -59 74 24 -25 -4 27 -40 -4 -40 13 -22 -3 26 31 6 -19 -56 23 56 -26 59 -3 -29 -15 -85 -80 62 76 -24 23 28 46 -47 5 30 26 -27 19 53 49 -15 -75 0 -9 -24 22 54 10 51 -68 43 56 16 -26 -4 -5 -5 -15 -6 9 -40 -47 18 -39 -32 61 2 -6 35 9 34 -38 5 -19 -2 38 19 30 6 -88 23 1 -17 60 31 -27 -47 -18 -21 -52 51 -65 -50 -33 -1 -4 -13 -3 -67 19 38 2 60 -40 29 -95 -56 7 26 15 -13 30 -58 -16 21 -25 -7 50 -44 47 12 -29 50 47 7 30 16 2 41 -70 0 18 -13 -28 40 57 41 34 -13 28 73 20 67 -33 -73 7 -42 37 45 17 4 -8 0 67 8 71 -33 -35 -37 -20 -40 8 -56 29 -54 21 -21 21 7 66 11 -63 4 26 0 -34 16 -66 49 -37 -4 68 -1 -35 17 15 -3 102 3 -14 30 4 -33 7 -24 12 38 -18 -43 0 23 18 11 11 -28 -10 -65 27 -3 1 -48 -33 -3 13 24 30 -72 -44 -88 -55 14 20 0 10 -31 26 14 4 -92 -27 -25 40 43 61 -53 -40 -7 96 -82 22 -24 7 22 -40 -3 50 7 -28 -11 11 -34 -34 22 29 9 62 13 4 21 42 -116 -39 11 12 76 -76 -38 -41 20 19 4 -39 57 18 44 35 5 62 1 38 40 41 84 1 24 46 45 21 69 62 -40 -23 -30 -18 75 -1 -33 -1 30 -7 21 -67 13 -21 -58 86 -2 -54 94 61 80 26 25 29 9 -38 49 22 -61 -47 -28 37 50 -33 58 -37 66 -16 7 -3 59 -68 -49 9 -22 -38 -12 3 9 39 -8 -26 24 -13 -28 -7 4 21 -5 -50 -26 -44 -13 -57 58 -7 -10 -38 35 -47 46 -63 61 33 -10 16 31 -17 -23 -13 41 -40 -7 41 11 8 -86 -54 -58 111 23 46 38 -4 -1 75 -7 24 -50 -46 22 61 24 -8 56 6 23 -51 -2 -89 42 -8 -63 -39 16 -14 3 -41 28 33 -29 48 -36 -13 -71 13 -29 -64 -3 19 33 47 -21 36 27 32 -23 -19 -53 5 10 -35 -83 91 1 -83 -4 -34 29 41 -23 -41 9 -30 39 78 -54 -59 -39 15 -9 -92 -6 9 -8 22 -8 -16 13 -25 -48 -10 32 3 53 9 -37 40 -23 22 -18 60 29 10 -8 -20 15 -57 21 -62 -16 -23 -15 -54 -75 36 65 29 -50 -51 14 66 -50 -101 51 -32 -36 51 -77 2 31 51 -41 -78 1 8 5 -11 47 33 -11 -98 -26 -13 35 38 73 7 -107 25 -46 -28 67 -79 2 4 -10 -63 39 -14 -6 -33 57 27 -14 -51 32 -30 -64 -1 35 38 -22 62 6 -43 3 9 -47 77 -49 -63 -37 16 -3 30 34 -18 47 4 60 -22 -40 -24 -59 -39 -43 -29 21 7 27 8 0 1 9 -33 22 24 -37 -2 36 0 -15 -24 -50 -65 51 -7 32 38 -22 -13 9 18 -38 59 -16 -33 -9 -31 13 10 -59 21 -32 67 25 35 23 27 -17 54 -33 26 -47 -28 59 -39 -9 -15 94 -46 -43 -7 83 -59 -32 -57 72 28 -18 92 20 -23 17 131 -38 3 45 -22 -16 -34 -24 -25 -72 59 -73 -24 -16 -50 43 -75 -41 83 -33 -47 -22 -43 -89 -20 21 -12 -3 -31 16 -6 -90 -51 -28 39 -44 13 -67 24 69 52 -2 19 4 35 19 -52 24 -47 -28 -10 -32 -33 -4 44 119 49 23 -10 -2 -46 -73 -88 -13 -29 -19 38 4 -26 13 43 -5 6 -9 -8 48 37 18 -41 47 48 50 69 62 -36 -50 50 4 -26 56 -41 -7 42 49 -26 -90 18 28 -10 -72 -61 -92 16 27 -54 -1 -20 0 49 -15 -38 -5 53 -2 -78 -30 43 -20 -44 23 -42 61 1 -82 -59 97 -15 -28 1 3 5 -20 -29 22 -31 62 49 -8 -6 51 27 42 45 -4 5 49 68 -26 73 -26 -42 -10 -18 -45 -50 -16 18 -31 47 -7 29 -10 43 -12 11 1 -13 -34 -4 -6 -20 42 -41 -30 26 -17 -34 38 -25 -11 -83 55 -43 -10 67 24 -2 23 -58 -5 -54 53 -72 8 -37 -21 8 -10 -54 -10 -49 -84 -37 -47 -1 -37 56 49 -16 -53 -79 50 -11 27 12 -35 -37 -33 82 12 1 13 6 -65 -73 -32 -52 7 30 -37 12 73 33 43 6 11 -58 -9 34 -63 -1 57 4 46 -72 -35 -86 -70 -47 -59 -85 -7 -102 21 13 6 68 -70 -38 -24 -29 54 80 43 60 79 -28 17 -24 -36 28 52 -48 -37 49 -17 -61 109 -20 -10 0 13 -48 -5 -11 -28 61 35 52 3 59 -34 -34 -28 45 35 -15 8 -23 -4 -69 55 65 31 -40 -47 -7 28 -2 49 32 -45 68 16 -51 -49 21 9 -10 -57 20 26 114 6 -56 -69 24 27 -31 -16 20 -3 -70 80 6 64 152 -18 -34 -53 11 44 24 68 83 71 -60 -64 42 -56 -27 -20 -63 -39 10 51 8 -15 42 10 33 75 -7 -26 -4 -67 60 -66 -41 -12 -32 -11 4 -64 -59 -18 5 -12 -65 3 19 21 18 -67 8 -3 -91 -20 -9 -86 25 43 -27 -37 72 19 62 17 3 11 -36 21 76 54 16 22 -10 44 14 46 -20 30 13 104 -3 74 10 -62 -15 32 13 -82 -44 19 -47 45 35 -51 -56 -19 35 -24 67 16 24 22 12 76 -11 31 44 -21 -44 63 -38 -36 -58 -20 -23 61 15 7 -47 68 -7 -80 15 -26 36 17 38 -18 71 75 -59 -27 -40 25 63 -43 -24 18 -46 -33 -43 -1 -39 76 -22 -6 -45 10 4 1 81 65 64 -3 -84 -12 -34 32 -38 -8 -49 21 24 -60 29 -22 29 41 -18 17 6 -27 21 -58 -23 10 68 2 -18 -24 1 8 -45 -57 -3 -18 35 5 77 31 -19 2 -29 7 -33 7 -39 -31 49 11 -7 25 -44 -12 9 26 13 43 9 10 15 105 -66 -85 43 -21 -27 -51 -37 56 22 24 39 25 0 13 24 -88 -53 -91 53 17 53 24 -4 -73 -32 -14 41 4 23 42 -19 17 28 -7 8 -15 -12 -25 25 -4 35 -48 -16 -56 -73 72 -38 92 11 7 81 -2 -50 -1 36 25 55 25 0 -45 -86 -65 -29 5 6 -42 -21 -79 -15 62 33 57 -88 -23 -86 58 15 7 -60 44 24 24 -41 14 6 -39 46 -52 41 14 -21 -36 -44 20 38 60 -11 11 -14 -43 -46 -17 18 60 -49 43 -25 -3 -13 14 19 67 28 -8 -9 -5 7 -51 -25 49 -32 24 43 -60 -70 39 -39 40 40 12 -16 -4 2 -55 30 17 -18 -26 -35 -91 -29 -9 -77 7 19 -32 11 -57 100 42 39 98 -33 37 -56 -23 -66 32 17 77 25 23 -57 8 14 40 33 62 51 23 13 -7 -22 82 -10 -36 5 44 24 -41 -7 28 -11 -18 0 -60 -27 -13 -22 -1 -29 20 -51 8 -69 27 -9 1 -35 38 73 -14 42 -28 -68 66 88 1 44 20 -5 6 50 -36 -57 8 -43 75 -79 13 -58 39 -8 -68 -54 58 15 32 -25 23 -15 95 54 -6 16 7 -13 -53 -7 70 -68 35 -11 -6 -17 -79 52 -13 41 24 26 50 -31 14 12 -18 42 25 -4 64 36 96 12 -1 -59 46 56 -42 43 48 39 57 14 6 -32 54 -18 9 -20 -32 -72 75 1 1 7 81 -26 25 73 48 23 44 16 9 -2 -5 24 22 -74 -20 -24 56 -25 40 29 -41 26 -62 20 26 -61 36 -57 38 50 45 -16 -41 -51 12 -20 72 -41 -41 -52 19 16 -12 -19 9 -19 43 7 10 -53 51 -85 75 51 -25 -15 16 -35 -11 -16 23 -69 -81 -6 1 63 -20 -9 -8 70 18 4 -21 59 35 17 -9 -38 46 25 -57 59 52 9 -44 49 -59 5 -26 2 -4 19 -24 -25 -8 75 -1 48 -56 39 26 -71 15 66 31 -45 54 27 -10 36 9 -26 27 2 58 -37 -26 -51 -21 25 11 1 66 -33 13 -50 2 12 3 38 -3 -63 5 72 72 -25 28 -29 -32 8 -62 -44 29 5 7 -6 27 66 -12 32 -43 -42 -47 15 39 -24 56 -33 -2 69 37 6 -8 4 -9 -39 35 13 26 59 -58 -36 3 -44 24 84 35 27 4 88 38 8 -74 -37 8 12 73 19 39 -49 18 -43 40 -14 -4 3 55 -11 65 43 -45 -5 -41 16 -25 71 -23 -23 -22 -76 -5 -13 -10 63 -44 73 -3 4 -17 12 -25 99 -9 -78 -15 38 -49 -17 12 -40 -5 35 43 -53 20 15 -59 46 -16 -17 -3 -88 -46 -1 -33 -73 67 -78 18 44 -61 -24 -14 63 -32 -32 6 -30 -31 14 0 39 46 -49 49 9 0 28 46 43 36 63 22 -36 25 -6 69 -13 6 -26 -18 51 -91 36 55 -27 -16 -59 -42 -7 -13 42 -34 21 -49 -7 27 -35 63 12 3 21 28 49 66 62 38 42 73 -2 -8 59 28 -87 63 16 26 -100 -9 76 67 17 -28 35 7 -31 -3 -31 29 -10 -64 -48 -2 2 23 -6 -71 2 3 11 -6 29 -8 3 26 -18 11 -85 19 90 -39 32 59 -23 -39 -34 13 27 -56 9 -21 -82 -71 -25 -32 -43 -56 -47 31 -20 23 -90 -9 -7 17 22 35 -2 22 42 -5 54 -51 9 34 14 27 -54 33 51 56 93 -19 -14 -1 -33 -16 23 4 -16 43 -1 42 -51 -31 19 -26 48 47 24 11 6 -14 -23 -64 -8 -26 77 33 -5 -48 14 -55 -40 51 13 10 9 -24 -45 -41 -41 28 49 -13 -55 29 -17 10 -49 20 78 10 24 57 2 -25 -30 9 24 -37 72 -34 35 -42 53 -12 -34 11 46 -29 50 31 -51 -19 40 22 58 -70 -29 86 69 38 -25 21 44 -33 39 -17 -60 63 29 -55 52 -89 -104 11 -5 -50 -6 52 33 -28 8 -50 -40 -1 13 38 6 -3 52 -40 25 -55 -27 -54 71 -14 -43 -16 19 -21 59 1 23 35 17 -59 -56 -33 33 0 -12 -19 33 -14 9 -79 -27 12 22 -25 -43 -56 12 37 61 -10 -44 92 54 -27 -99 -31 7 12 12 1 25 -71 -14 37 -28 51 -4 28 -2 -8 63 -16 10 -46 -4 -23 26 71 -22 5 -65 14 -96 3 -76 -22 -3 -34 44 8 -50 11 -8 -28 -18 -38 -101 -46 29 -60 -1 -13 -2 55 51 -10 11 31 -55 -49 52 63 98 30 -85 3 -28 -9 34 -36 -46 39 78 37 -30 38 16 30 34 -22 -30 -45 21 -34 -3 -64 -6 27 5 -57 42 -29 -15 5 -28 1 16 -35 -3 -47 43 36 -26 -52 60 60 71 -38 -24 -50 74 18 -20 15 56 -74 -4 40 44 -10 -29 -50 61 -12 0 -24 41 50 55 -24 -20 -51 6 -33 -85 19 12 -63 -35 47 49 -8 24 28 34 15 -91 -52 22 55 68 41 10 31 -22 73 -95 -75 53 -12 -12 2 30 -60 -43 14 44 12 -17 -46 -51 32 -63 -55 28 -61 -23 -5 3 -77 49 -51 -36 -69 -39 -13 7 34 -28 -116 -33 20 -26 10 22 43 -27 47 9 -54 50 22 -26 25 -24 46 25 -35 -35 27 20 -30 -44 -56 -52 -46 -44 -49 -9 7 32 57 -4 -5 -35 1 16 -28 60 -9 -26 -4 43 -36 64 -50 2 70 13 -45 -10 -63 9 -52 74 63 -19 -13 -27 -34 16 40 -9 -40 -33 4 25 -41 -22 -29 11 -42 -124 19 -16 -9 -44 48 -14 -33 -50 30 1 -1 41 80 -27 -32 21 -2 -41 94 5 -135 -15 -2 4 64 27 -39 35 22 73 26 36 42 1 32 -40 64 43 21 4 32 25 25 40 46 43 40 76 -110 -58 -16 -77 -27 -36 -31 29 -45 87 54 -51 -42 -9 37 -6 -41 -19 -59 -22 3 27 -17 -63 -12 96 -41 -3 63 42 34 -90 12 25 15 5 21 42 9 -17 21 48 7 22 7 39 -4 7 -53 30 42 -41 30 -10 14 -16 -14 6 69 74 57 -36 3 49 -30 -37 20 5 -21 11 58 10 -50 10 -7 -79 33 -36 -4 -73 -42 -35 4 -16 48 33 30 31 65 -50 5 -6 5 22 -32 11 71 71 39 -42 67 -27 28 -25 57 -39 -66 -34 -47 8 33 35 -15 35 -22 1 4 0 -17 25 -6 66 10 -26 48 1 -17 19 -117 -18 -80 20 43 92 44 -2 -54 18 55 6 -36 90 77 44 -2 43 12 88 23 -22 -38 39 17 59 -38 -13 7 -54 -51 6 -41 -39 44 -76 -33 3 5 -8 -16 -47 -90 12 -31 -27 54 47 -4 -62 11 -97 -26 46 39 34 -3 61 18 -14 -49 -22 -56 23 -14 -37 6 -10 -74 57 -46 12 46 58 -58 -27 55 -42 -2 -69 77 53 15 -11 -47 -11 -10 -39 -57 31 33 -31 -21 43 -3 53 -53 30 57 -68 -9 -49 40 -8 9 -6 -9 0 8 5 13 -4 -57 -60 22 5 -70 -47 -45 34 -13 -26 -46 11 10 60 -66 -20 -19 63 1 -20 -30 48 81 4 69 -47 -41 49 55 35 62 15 42 29 43 45 -67 -11 81 29 18 -79 25 -18 -35 -36 24 29 28 -27 17 52 43 27 -8 -42 17 -4 -50 -29 77 7 3 -18 19 12 -2 35 -16 -21 -65 -59 54 -10 62 -12 -65 -19 21 -10 20 14 -5 -65 -30 17 51 4 14 -44 78 -36 -7 -28 -63 9 4 4 68 -32 25 -26 -41 35 15 59 -4 -20 51 21 -30 8 39 -5 13 29 -69 -59 22 44 3 -47 -57 17 -40 -13 -25 -34 -28 -23 19 58 18 -75 -16 -36 -42 -63 26 56 -12 -66 -43 33 -57 56 -51 -69 15 -118 52 94 66 -23 -13 -24 -27 12 -42 84 41 68 24 80 38 -8 65 36 -21 18 15 -3 5 -47 -8 20 -2 27 -10 20 27 -17 -32 41 -25 -53 22 -38 -32 44 12 55 27 -43 -22 26 60 54 87 -84 35 21 -60 31 49 46 -4 -8 41 1 17 17 53 10 63 14 -3 8 52 -39 -41 -19 9 68 -29 51 2 10 -74 -94 -18 -78 -32 30 -74 -21 -7 55 -27 29 -17 65 28 -28 24 38 -40 38 18 -2 -21 -43 -45 -4 50 111 41 -15 29 -18 -22 45 -6 -71 62 65 -18 42 3 5 -23 36 -52 65 -46 28 28 41 -23 30 52 1 -56 -26 64 -20 78 41 90 15 5 70 -7 -45 -61 -14 -46 25 61 -1 -44 -57 -42 -42 -50 18 9 -26 -18 -78 54 -14 71 -36 20 -27 12 70 -19 78 -67 52 7 36 -32 0 3 -26 -36 8 -49 5 19 -11 -15 -58 -20 17 -12 70 9 -61 -39 10 -63 15 18 -45 -38 49 30 -18 23 11 -22 -39 -27 -1 11 -36 23 -62 47 40 71 37 16 -37 88 -75 4 31 25 28 55 -48 -10 0 16 -10 6 4 39 -65 -48 -30 -4 -72 89 -34 -29 60 -12 -9 37 -9 43 -54 2 11 -15 5 1 -14 9 -11 -49 -9 -35 8 55 -18 -49 -41 17 -33 16 -15 -18 24 30 -31 -20 29 -24 -28 -14 50 46 5 46 -43 0 -10 8 18 -48 79 58 -57 43 -30 -22 44 0 19 -39 41 -15 52 -25 47 -57 92 7 33 -30 -48 26 -35 -82 -17 -70 -29 42 -40 -13 16 47 0 -30 -16 24 -74 7 28 -10 3 17 38 45 24 26 -12 25 6 -71 43 40 -18 -17 29 17 -42 -85 -4 -7 -27 21 -3 16 -5 -67 -29 14 23 71 -60 -47 -66 51 -58 69 28 -30 19 -9 1 -69 93 -43 4 11 9 63 -17 -36 -19 62 5 -21 -39 -43 -53 -44 -65 -44 34 -9 -53 30 18 -13 -18 -64 -39 -29 64 -96 -10 12 -30 14 6 2 49 -14 -44 80 57 -4 -83 12 -60 -29 61 18 27 -72 10 -61 -31 19 46 -3 40 50 -28 -44 -59 -22 -42 -59 65 -19 -59 1 -34 -1 -26 -16 -19 -87 -11 8 -72 22 -6 -23 50 -19 33 -53 -28 38 62 8 -18 1 23 -57 4 55 23 11 -1 3 -62 -40 13 0 -50 -39 6 11 20 10 -38 -38 -23 21 -105 -18 -14 25 -62 44 -66 -2 15 19 8 29 36 65 -70 59 50 24 58 -91 56 -34 -61 -75 -4 -58 25 -16 -18 -24 -66 -56 -13 -41 14 0 52 61 -4 48 99 -23 51 -102 29 -27 81 31 70 18 -26 -22 33 -15 -44 27 -13 24 11 47 11 64 17 85 -4 -12 1 47 1 -5 61 8 -37 -6 20 63 14 5 -27 75 -31 -7 -2 -12 -20 22 -51 8 67 18 -22 16 8 2 73 25 8 -67 -43 68 40 49 92 -21 4 22 -15 79 11 49 -31 -1 -18 -20 -13 8 -55 70 -1 -8 -39 -51 26 37 -58 26 26 10 -70 -5 -10 65 46 61 5 57 75 -32 -63 -17 9 62 15 67 83 -34 13 -18 101 -10 17 27 20 40 6 41 -30 -15 13 55 34 27 10 27 55 58 49 -51 -38 17 -10 -52 6 60 19 28 52 -33 72 49 -54 -10 -26 56 60 57 -26 14 71 -23 -16 2 10 -79 -36 6 -74 -11 56 -33 -31 18 38 60 3 26 -12 -1 12 37 -35 0 15 -37 58 43 -16 -26 34 -10 0 -46 -1 -2 44 -21 -16 43 -60 -41 22 24 8 -56 -5 -35 58 20 -25 26 -68 11 5 44 -71 -14 -8 2 10 -30 -95 32 -12 -10 28 0 -62 85 -66 29 -36 -35 -39 -45 -74 -30 -13 -26 58 -14 3 -62 -56 69 63 14 -22 -23 -16 -1 26 -38 2 106 -49 -12 30 -61 -19 79 18 44 39 12 29 -35 31 39 54 -55 12 17 17 11 54 -51 -64 -35 -24 27 -8 -13 29 -65 -42 -6 2 69 5 53 11 42 9 30 61 -73 20 -4 -32 41 37 -31 -16 5 0 91 -29 20 -46 30 -74 -8 3 -5 57 71 61 12 10 -23 9 2 99 15 56 -24 59 30 -48 -10 39 -43 18 -28 2 -33 -48 -32 2 51 -1 -53 -26 -30 -3 72 -24 -19 6 18 56 30 -38 20 -43 36 4 -54 -102 -10 52 -22 23 21 -15 32 13 16 25 -48 36 -67 29 -36 57 73 -35 -79 39 -20 -22 -37 22 -27 -37 -48 5 32 1 3 -2 55 -22 -47 76 -20 75 4 -60 -15 19 54 -1 -34 -45 3 48 -57 -26 -3 -56 13 -15 -25 -47 -75 -5 59 45 -36 5 22 -26 11 -65 41 34 28 -20 1 3 -14 28 1 11 7 -32 63 65 55 -51 -26 35 15 -11 39 -33 25 83 -53 -30 -66 -9 57 45 -87 15 81 -19 12 5 -39 33 -29 45 -16 29 -2 4 -99 -55 -32 -38 71 -26 -15 13 31 3 7 37 -99 63 8 60 -44 -2 -58 68 -12 35 -36 99 -48 43 15 56 -6 -82 78 -41 28 -24 -48 -10 -37 26 -55 13 -48 -33 -12 2 48 61 -66 -40 -2 12 6 -39 44 67 50 -14 21 0 10 -13 -18 33 -46 -50 -59 -18 9 14 -21 -31 -20 16 74 -87 9 99 60 -57 94 84 -31 -27 39 -11 18 -28 13 -32 37 -3 -1 34 -15 38 -10 -3 -45 -3 -6 -39 -21 23 -45 -66 44 34 45 -58 53 -116 -68 -94 -43 -23 -16 -69 13 46 -67 -49 -9 -34 30 59 -99 -27 -50 77 16 35 54 -48 53 -55 77 28 8 -46 21 -19 -26 9 47 -4 34 -1 -25 -32 -16 37 -29 -1 -37 -96 -43 65 -25 13 -21 54 41 31 25 34 41 -35 11 59 -19 36 12 -12 -31 -18 55 11 -23 -29 -67 13 15 50 21 10 18 -37 -34 -59 107 57 -5 -35 40 -114 33 -39 30 68 -70 -32 88 20 30 38 -56 30 -66 -68 -34 -21 -41 15 -4 35 -8 27 -89 14 -42 14 -41 -52 10 51 11 6 -34 49 -61 52 51 -57 -16 -31 41 -20 -4 19 65 -64 -87 -55 40 -54 20 -69 -2 -53 -14 -27 -47 78 29 19 34 28 -2 44 -87 36 43 -40 -1 -19 -10 -11 59 -15 -55 -15 -34 17 -14 -54 -34 -5 -21 -6 45 21 6 22 -91 -8 -48 36 -11 42 -13 17 -27 19 52 47 2 -30 10 64 -6 55 -10 25 56 -33 -44 -20 -11 77 -65 -12 44 16 -49 -61 -21 -42 54 42 -74 -13 -14 -19 -4 13 -2 -55 -27 31 31 -9 13 30 21 9 -61 62 17 -134 15 55 1 3 18 -46 -36 36 -12 -34 -59 -23 9 19 55 1 74 -96 -41 -38 -2 22 55 41 59 7 1 -10 16 8 -21 -3 31 3 54 -54 48 -19 30 -65 -98 -19 -23 31 -25 -12 19 -20 22 -14 -29 10 8 32 3 4 -12 -60 -33 13 3 -70 40 -29 58 -29 -54 23 -69 34 -47 -78 17 55 -6 46 -34 -61 -2 33 55 43 -4 -44 -13 -25 17 51 -20 -54 -21 20 -39 -39 -10 -18 52 15 -12 35 -2 38 -9 36 36 -76 -113 -39 74 6 -43 -12 -50 66 -2 -11 -1 39 44 70 -42 -15 -47 -19 29 27 60 -106 -40 -22 2 14 -53 37 -87 -33 -41 -5 -31 9 19 -27 -30 64 98 9 -46 42 -13 27 -44 12 6 19 -45 -22 -33 -56 69 23 -30 20 20 -95 40 11 -9 0 -71 -47 55 11 -1 -12 36 -39 -60 16 51 51 -37 -9 47 50 36 39 17 -14 6 58 -35 -53 -10 -77 -84 -47 -54 27 -66 56 -20 89 51 32 16 -39 -46 -56 8 0 -17 -62 -6 -39 -76 -57 -14 15 29 -66 54 -66 -15 4 -66 6 59 -9 55 37 31 -75 72 21 -7 -22 -55 -54 -29 42 26 39 5 5 -89 -70 37 12 -27 36 -42 -34 -8 106 -10 -78 -11 50 -36 -2 -50 35 -25 -59 -21 37 -44 1 -9 -78 -27 -2 -4 -58 1 -17 53 22 -19 -17 8 0 -35 -22 -29 9 68 -45 -41 -7 -82 -3 -47 -58 -67 31 25 -4 30 50 -2 -36 -17 -5 -38 32 8 -37 60 17 4 -93 18 26 3 2 20 37 -40 -8 65 -34 -1 46 -97 -7 -16 31 57 124 -2 -47 35 14 -13 -60 -16 -1 -41 -6 18 -78 6 48 -17 47 23 41 36 -20 -1 38 -101 -18 43 41 11 -34 4 -7 -4 66 -8 -31 -6 -4 -4 -12 -74 45 -36 21 40 -51 15 -5 -37 25 -81 0 19 -84 -37 -45 10 -50 -47 10 -22 62 69 39 -28 -22 -4 42 -57 -34 65 -34 74 -50 2 23 35 66 -41 -28 51 -9 -16 36 -81 -12 -30 -53 -17 33 -3 -80 22 7 -1 -66 -26 -79 -15 -103 14 -40 -7 32 44 56 -66 44 26 19 12 -68 51 15 53 26 -20 32 47 -31 27 -1 -61 5 -46 2 25 -43 17 -27 20 -98 -32 -25 7 -15 -34 -8 30 48 69 -16 37 56 -11 -34 43 -45 58 -3 79 4 -16 18 -19 -29 -31 -35 -25 1 41 46 -3 19 24 73 -64 20 -49 7 7 -24 37 54 42 -3 61 27 3 20 -33 27 -38 -8 36 28 3 28 -44 35 18 13 32 -47 -8 -18 67 -15 -68 -44 39 19 -1 -36 72 24 -54 19 17 12 -53 -60 -37 60 -87 28 -12 36 20 -42 -48 12 86 33 11 -44 13 53 28 110 86 -7 -1 63 26 28 81 -10 -34 28 -30 -66 46 33 5 -19 -31 13 42 67 -19 85 11 20 24 -25 58 36 25 27 53 -54 92 35 -7 -54 -19 -2 9 18 -16 -37 78 53 53 -63 60 -46 -39 -37 3 -74 31 -33 104 63 12 70 1 -74 -18 88 -31 70 32 -49 -55 -7 13 -16 64 -29 -43 -19 29 -13 -38 54 -28 0 -26 -95 43 38 77 -43 -34 -29 -25 -41 39 -5 5 21 25 43 -56 48 -42 -25 11 -38 50 -31 44 -16 6 -9 -75 36 -44 31 83 15 -29 11 30 1 27 -20 -69 75 34 -25 38 -29 49 40 -52 45 -40 -59 41 10 -27 6 18 -41 18 -19 18 -5 49 -39 7 -26 41 -31 28 -7 -6 -39 -57 21 -10 68 -28 -45 8 -21 64 -5 -23 67 3 52 17 50 -60 -67 -35 -49 34 15 16 76 19 16 36 30 22 -21 28 15 -26 26 -32 -51 -9 46 -1 12 39 77 -63 46 18 5 25 46 80 49 26 -50 -29 -30 65 16 9 14 -51 2 22 0 -20 -42 -25 -27 17 1 -41 15 -44 33 10 11 -8 -29 -59 -32 105 -43 36 40 -62 47 36 -9 2 -36 14 -19 28 27 -4 0 15 20 -16 32 -19 -67 38 -10 18 32 41 18 -38 31 42 28 -20 -9 -13 8 -40 15 -24 -12 -4 19 -40 -7 15 -8 -21 -35 -88 -14 -10 -21 -42 -74 -23 -63 -36 -38 35 -58 -51 31 -32 -7 53 84 -18 15 -33 14 19 -19 -30 40 12 73 -6 -21 92 21 -9 35 -20 21 38 4 40 11 7 -51 -75 -16 21 12 -1 -34 2 -77 71 -62 33 46 33 -46 -15 11 -36 80 -35 -7 12 -53 13 27 83 53 10 -43 -34 37 94 75 -35 28 41 -33 -20 -7 -38 73 -57 17 -46 -10 41 3 52 -31 -9 20 -39 -51 64 56 -33 11 32 -30 15 -1 4 20 -42 -53 -51 25 20 -15 24 13 -4 -26 -73 0 -4 31 51 -61 41 -18 -53 34 -45 17 15 8 61 -22 -27 -10 18 73 1 -17 43 31 12 -23 -2 -51 1 3 -2 -41 -8 -49 -56 57 54 3 -59 63 -19 12 -34 -46 -22 -46 -74 58 -57 -16 -25 29 -12 29 -88 -35 -54 35 -71 -30 28 -13 -50 25 46 -45 -46 -65 -14 29 -8 40 -3 -32 -16 31 -11 40 47 1 -39 -23 -49 22 36 79 32 11 -52 -56 3 62 19 -54 -21 42 38 -110 -33 -62 14 -24 43 3 2 -56 43 23 -39 -10 10 82 -21 -24 78 32 5 1 37 -36 -70 -12 55 78 54 -25 -29 -35 -57 63 -28 -76 0 2 46 44 22 61 -29 -69 -73 39 -34 -102 -41 -93 -29 12 -29 -5 64 -61 -10 -7 -23 5 -16 -22 -12 -59 68 -45 74 54 61 10 37 60 14 51 35 -16 76 -54 -6 35 -27 41 -56 49 8 -45 -32 6 25 34 81 -34 1 -20 -61 1 -42 37 108 8 -43 -35 28 -24 -30 66 -52 14 15 -1 -70 -37 -11 35 22 -28 -8 63 -66 -24 38 -44 47 -36 17 -3 8 51 -58 0 20 -3 43 32 -7 48 -46 -13 4 24 74 38 -41 42 67 -44 10 76 -34 20 49 36 56 15 10 -9 -54 -37 -13 7 47 3 -5 -66 29 -24 42 -60 27 -48 31 52 80 -30 -35 27 5 7 -26 59 3 -82 -40 7 -38 -57 -4 57 -18 37 5 10 43 3 -10 48 48 -53 1 44 -5 -75 -4 41 -51 -63 -69 33 17 -51 -24 62 56 38 -5 -96 -36 -74 -54 62 53 -44 -37 9 37 -26 8 7 47 -9 45 -55 65 -47 54 -2 -4 6 15 32 -3 12 -66 49 -51 -35 -29 59 -52 19 -6 -49 22 4 -65 -48 -29 -79 66 -82 14 1 57 -51 54 -52 23 -6 53 -10 -55 31 -15 22 -23 57 -1 -44 -35 74 34 52 -5 -53 -6 -47 -46 42 49 -56 70 -1 76 88 66 -78 -16 89 -24 47 65 -62 1 -28 32 -34 16 -40 -56 7 -47 -27 36 -6 -9 44 -50 53 -22 -29 2 19 -47 -58 31 31 -37 -14 -72 31 -63 -4 -26 0 88 13 -43 29 10 13 -1 33 75 30 34 -53 -9 74 -26 94 -41 -4 -6 -33 -19 82 33 46 48 -13 -103 3 -5 0 29 -32 -25 22 -12 -24 -2 -29 -24 -32 -10 -47 30 -30 23 32 25 -14 -19 -24 73 -58 -51 -25 -6 -4 54 -22 -75 68 47 -29 -112 -54 -61 -30 -5 11 62 60 27 57 -11 7 11 16 -8 14 -34 89 45 0 -40 53 -7 -38 -26 49 -45 96 23 5 3 -9 -6 31 -16 14 44 26 -31 30 62 104 -74 28 -19 26 15 1 -105 -14 -2 54 -19 -26 17 10 25 -23 -20 -58 -39 1 -12 -8 -59 -72 -59 -43 29 62 40 14 51 -59 3 -4 -84 39 57 -44 1 66 -43 69 81 -10 65 74 53 -28 53 50 -42 -14 -40 57 -59 -36 25 -28 -40 45 39 26 37 10 -80 3 -35 -22 -96 -15 22 5 16 -55 56 -41 56 22 40 83 -68 -38 -54 23 4 -84 36 8 19 55 35 -12 -11 -50 69 -27 -20 -47 53 36 18 66 -33 13 22 -77 73 -57 34 4 13 -11 -45 97 -38 -57 30 16 -14 25 28 -72 -49 58 -23 -48 44 -17 24 -47 -7 -25 17 25 18 61 1 72 56 21 9 13 -17 43 -26 80 -39 -43 3 8 61 -17 -19 53 -20 -4 43 0 -72 -5 -39 -7 16 -81 67 20 -12 -23 8 -41 53 20 45 -22 -4 -71 34 25 7 49 -38 -57 34 39 -67 39 7 -12 -38 38 -63 7 0 -39 -30 57 -27 -41 3 2 -31 -24 -20 3 -2 -60 67 -70 33 76 -23 13 -57 74 -25 30 1 -50 19 -50 49 -52 -31 31 36 -44 53 23 9 -18 -17 -1 -37 -66 -69 -47 0 43 -41 -9 47 -4 73 -31 -7 13 -10 27 45 9 38 -3 -14 -66 -69 57 -64 -12 60 20 -45 46 -11 -41 -50 -34 53 -19 0 -16 -29 -57 27 -48 -32 -53 16 32 -57 -21 9 54 55 -29 20 29 -74 6 9 51 38 -1 -24 50 13 -32 -57 -4 -7 5 23 14 -58 -8 -13 39 -43 42 43 20 -66 43 9 53 -45 39 -32 38 36 -11 38 -39 -26 -32 2 -88 75 13 27 -60 7 -21 54 5 43 -16 52 -56 -32 46 -20 36 6 -24 1 -36 13 -33 44 44 3 52 44 -24 51 -56 -9 -71 54 36 -8 71 59 58 -76 -25 -31 43 50 -92 -36 -39 66 -97 28 50 -64 -68 51 87 -50 -15 -1 30 -60 55 53 64 30 40 9 38 -20 -92 36 50 -26 -24 -8 -61 -47 -60 14 1 30 -57 13 -56 8 -4 24 -29 7 64 -58 -34 30 82 -45 -53 -55 -14 1 -61 77 -37 -3 -8 49 81 -58 -16 -12 99 -51 55 36 24 65 -44 -19 47 28 -28 -20 83 67 -7 1 67 20 -24 54 -21 -6 1 -22 25 73 -24 10 84 3 -11 62 18 48 32 29 38 -11 -16 -60 35 -101 -10 11 -24 12 16 -21 15 -52 -56 14 -6 -44 52 -63 -46 -74 59 14 10 75 26 67 21 66 2 3 26 -14 -35 1 60 -43 22 -6 -30 7 -39 -4 -36 -23 -26 -41 45 -40 -53 -43 27 37 24 11 -21 -21 -42 26 24 -19 29 37 -4 -50 -79 57 -31 -19 -7 -58 10 55 -37 13 8 10 48 -41 -63 -36 25 -4 25 58 23 -28 8 42 34 34 -58 3 62 -30 36 23 9 85 -40 -13 -83 36 55 -16 -29 -7 78 -17 46 45 -33 -29 -20 25 -67 -35 51 39 -29 -70 30 26 -16 8 33 12 95 -5 66 -47 75 41 27 -58 34 5 -24 28 -51 32 43 -26 -38 -36 61 -30 -20 -42 -14 40 28 -54 1 71 95 49 -57 50 -40 -38 65 36 -51 -18 42 26 39 -23 86 24 58 29 16 -20 9 40 6 53 -38 -30 71 -16 26 -75 -79 13 -25 71 -60 43 61 4 -41 18 14 57 36 76 13 2 6 -43 51 -10 -27 -27 40 30 -63 -36 -14 -2 -49 84 -19 30 -18 -5 -46 -34 60 15 54 34 -46 -11 -10 -41 30 54 64 -68 104 20 -57 51 -57 -51 -15 -93 -6 9 25 -45 -4 -50 -63 -25 19 -63 -4 36 -4 72 2 36 -11 -59 -54 -47 -10 30 -37 -43 -56 20 -20 -15 48 35 30 -59 38 5 -34 100 -9 1 -45 32 30 41 -67 44 -60 66 -54 14 51 -3 0 -57 22 21 8 6 61 -23 -32 47 -34 -10 -11 -64 18 -30 -42 33 -15 -38 -50 -5 40 -5 -45 -14 42 40 21 63 -3 -40 53 -85 48 50 58 48 10 -80 -8 -10 3 -54 -55 -10 -3 19 -14 15 50 -48 29 24 41 9 25 45 22 -8 14 -1 -17 -62 -29 -18 -42 -72 -68 -28 -2 -1 1 88 -22 20 -24 80 -8 -88 9 2 8 32 68 81 9 -48 -41 -43 -42 -1 5 -1 -24 -9 21 -74 36 64 45 -26 17 17 67 22 36 -56 -36 40 41 -8 77 25 -36 -13 75 63 12 14 -13 -43 38 63 -29 -13 3 -30 -39 17 68 25 13 -37 45 17 -39 14 -57 -29 16 -57 -9 -52 48 -33 -31 38 42 57 -7 -60 73 -8 38 40 52 88 -72 -37 28 -16 87 -25 4 17 35 27 -16 -5 -19 37 17 26 16 42 21 -42 12 55 12 -32 30 -1 -50 4 55 38 54 -15 -52 -23 -39 -77 75 -41 -11 16 62 30 -36 -53 25 15 63 -83 -57 12 47 32 18 -23 26 18 -43 22 -4 33 27 12 7 9 -56 -64 -29 -24 24 2 47 -7 66 51 42 11 -71 -45 -36 -54 -12 64 -6 15 36 -4 -47 -32 100 12 25 9 37 -33 3 41 -63 38 -1 -1 -44 5 -9 -19 -29 54 30 80 -5 15 -18 -26 -7 28 -22 -44 -23 -24 -48 -54 -25 -50 45 -39 10 16 99 -46 -29 -8 -40 -2 -10 -46 -5 -4 -1 3 -116 11 29 -38 -25 32 24 -20 -33 -33 -37 28 -38 -20 45 18 66 -3 43 2 -14 20 31 -41 -3 39 20 37 -14 11 10 71 10 12 -43 -25 86 -23 9 27 -45 -26 15 75 78 -59 40 -42 -4 -52 -20 -65 -39 -30 -57 -44 51 5 -6 -4 55 -84 -23 33 -16 2 -54 5 30 6 16 17 112 18 45 -71 -38 -29 11 -37 -31 57 40 51 3 -52 42 -10 -65 47 26 13 -18 58 -29 20 -22 -5 51 -66 34 81 2 5 -56 38 10 73 32 7 -45 33 -14 -7 37 39 -69 33 7 -56 -31 -14 35 -29 34 -47 -38 -36 36 34 -35 120 -50 -30 -45 47 25 -39 67 -8 3 54 -9 -24 -25 30 -60 -38 5 -53 39 24 36 27 -41 13 35 -28 -45 11 -24 -22 -16 5 -61 41 -42 -39 -72 26 5 10 52 26 -10 -36 -58 -20 -53 -5 17 20 -12 30 33 38 -13 21 -66 37 -21 -27 -11 0 84 -27 -8 23 6 -71 -1 10 18 15 -31 54 -56 -1 -48 -64 -39 34 18 -54 0 16 -7 48 -2 63 -100 1 36 -18 28 -68 14 8 63 29 -18 -15 62 22 -72 39 90 -38 -16 -11 24 12 -16 -90 -16 -11 -41 -3 -37 58 -26 -20 39 18 32 25 20 -34 35 50 -16 -51 -58 31 -16 56 -26 53 -2 29 21 39 -32 -3 38 -21 21 37 -20 15 37 24 66 -50 11 -29 -65 20 -4 -5 66 -88 -5 21 -23 -44 31 -22 3 9 65 -3 5 -21 -54 -80 39 -5 -53 25 19 97 -85 47 -50 -13 8 42 30 -45 -6 8 -1 -26 -20 -7 -50 56 -8 6 -5 -33 -44 80 -12 -10 48 48 -59 30 44 -17 -52 -61 72 -59 -22 -13 28 -51 -68 67 6 72 66 35 21 -25 47 30 39 -7 18 96 -75 62 -26 -28 33 4 -42 -63 15 -25 -53 -65 -27 21 -25 28 27 -21 14 10 -17 -16 27 -24 29 -19 57 37 109 2 -26 -55 -4 64 19 -84 -28 39 -62 -42 -9 -23 -43 21 78 31 9 57 -15 47 -40 8 42 -25 -79 -3 1 -12 56 -37 -60 -6 34 10 -66 -43 46 38 66 -23 -18 -85 -98 -28 37 -17 4 37 -37 3 10 -88 -19 22 16 -19 56 -39 -45 -8 -30 35 -9 -3 -31 32 -12 -71 17 26 -22 62 29 -61 2 -70 49 -54 -20 -68 -11 1 -17 -41 -52 -11 -7 42 -51 -22 -71 4 -2 -4 -53 -15 -21 16 -11 -19 59 12 -14 -9 27 29 21 17 -42 -15 -37 11 39 30 -13 30 49 7 51 -23 29 -3 34 -28 -37 12 -28 -28 30 18 29 -63 19 -62 -1 58 -18 42 0 36 10 1 49 -6 49 44 -8 -73 26 35 16 34 26 -63 -31 37 9 15 27 -29 67 -59 -54 1 -77 -76 50 48 -5 -1 -20 17 19 22 77 -14 -15 2 14 76 20 3 -4 -23 -19 -50 22 45 -10 27 49 19 -2 -27 54 -38 4 29 71 -28 -8 -29 -70 -8 -11 -17 -28 -14 45 -14 30 -46 34 -63 57 -32 -26 78 10 -33 28 14 -14 50 32 53 77 55 53 84 -10 -20 -31 36 -16 -47 -12 -1 -21 14 30 -58 -59 20 -53 -4 -13 -36 16 -72 -44 -1 -60 35 -60 -54 14 6 52 -33 18 -9 37 -9 15 -39 -18 -35 26 -16 -49 78 28 28 15 -31 -28 33 55 21 0 33 74 -1 -21 -22 -1 4 3 27 -27 -5 47 -47 -69 26 22 -36 -6 -56 -43 2 -17 -48 -39 19 30 -43 -102 -7 -7 -34 -46 -47 -23 22 -10 -9 -24 17 105 29 51 32 -29 -79 -5 11 20 24 -9 -60 -65 -38 -9 -26 52 -54 63 -56 9 -9 -5 36 32 -4 -29 -81 -64 13 65 6 35 -2 17 -38 -17 -38 -1 49 -45 13 29 3 59 -18 -48 3 -5 48 -32 39 -44 -14 42 -55 -47 -1 -53 24 -16 -11 -30 13 77 -32 34 -10 -34 11 -46 57 -5 -31 -3 -37 -50 53 -38 14 -5 48 19 17 0 15 33 14 43 -59 -88 -48 41 46 13 -56 40 -42 -48 -57 -22 -34 -78 -38 -117 -19 12 49 -27 8 31 27 -29 -6 -33 73 0 -5 -10 6 -29 9 30 -55 9 37 -22 23 27 -67 -38 16 21 55 46 -29 6 52 -50 -58 -15 88 5 -9 -13 63 44 72 -33 -27 -17 -19 -25 38 -80 -40 40 18 32 -18 15 -34 -23 -60 -78 -45 -23 -14 21 -5 7 -62 21 13 -42 -39 -46 3 -83 -27 14 86 84 51 -57 55 -17 4 -5 48 74 66 -34 29 108 37 -73 57 -43 -23 4 21 33 -66 -8 -10 25 -31 3 1 -40 13 -71 63 -34 -28 44 -5 -40 1 -42 -64 -8 24 -34 21 20 15 -82 46 81 5 -85 -29 43 17 45 -3 14 91 2 -29 35 -4 -68 60 10 -84 3 39 0 24 -22 -47 -19 38 18 12 -39 10 -9 26 92 -17 -71 31 -29 48 14 26 -17 -19 49 3 -21 75 22 1 51 18 -2 -3 -8 -76 -18 19 -19 23 72 30 -55 -66 -1 -3 -13 -23 -94 -32 -37 -3 69 2 -16 2 -5 36 32 -24 49 13 61 20 53 -49 64 26 -23 20 41 -82 11 17 -52 -79 56 4 -35 59 -5 -28 61 23 -24 -49 22 101 -62 29 29 35 -35 6 -19 -59 -90 26 25 -3 -57 -42 23 18 36 31 -36 50 -30 46 12 -29 64 26 -14 22 -19 14 -1 10 6 43 -16 5 42 10 -60 -8 -4 -71 67 27 -15 -10 -56 -3 26 -52 -8 -31 -25 5 2 47 -34 36 -75 -14 42 15 6 15 3 63 56 74 -23 5 6 47 8 -11 -24 -17 75 -21 10 24 7 49 -65 -62 16 3 -22 -37 -70 -31 -27 -124 -9 -45 2 -36 37 -4 57 20 0 50 -24 -77 32 19 43 -31 -91 -2 41 25 -38 21 -8 -20 -29 14 16 -10 -91 -13 12 -60 15 -87 -15 -87 -60 88 43 -16 -18 41 16 3 -46 28 -76 -2 14 60 45 -9 9 77 -8 -39 -36 -77 10 -8 -18 2 -57 -5 -65 23 37 5 34 -32 -24 38 6 -10 2 48 4 25 -13 -13 38 -17 18 56 -79 69 -53 -50 -41 -105 62 -6 -29 4 -64 5 -10 -56 47 30 73 -59 28 22 -20 -56 29 -8 28 26 55 -33 26 -15 -28 75 6 -66 -42 60 -3 -12 -52 12 4 15 84 -19 23 -5 26 20 -26 -11 -61 -34 -54 -54 -7 2 20 -7 4 33 -30 17 -21 -32 18 9 -29 22 -2 6 -32 35 64 -21 14 52 20 30 -40 26 -2 -52 -5 -21 25 -81 -91 -24 20 11 76 -87 90 -69 -5 -13 -11 -13 -19 -4 31 -7 -40 25 -19 -40 -86 13 48 29 16 30 -21 -46 33 -54 28 94 14 18 35 9 63 -69 22 46 18 -43 -48 16 39 -17 -52 34 58 15 49 -33 -49 49 -11 3 -13 32 57 59 4 35 -33 -78 30 -46 55 -4 76 -30 10 54 -4 -83 -24 17 -24 19 39 -9 -25 10 21 -13 52 29 -56 -4 -39 55 -102 42 13 24 7 22 -59 -15 -3 5 63 16 -92 28 -29 -44 13 14 20 -44 76 21 38 -36 6 34 62 44 67 -32 51 -48 -36 -86 38 75 -54 32 29 13 14 34 49 2 -33 -49 7 9 8 -32 -35 -9 -17 25 38 -54 -7 -7 10 30 83 -50 59 15 14 -69 -34 52 -8 -43 -14 -38 65 0 -34 51 -6 -43 22 -17 -62 -57 11 -21 3 28 79 -9 -6 25 -43 -8 -13 -62 35 19 -53 28 59 -60 27 -88 21 10 -51 18 -43 -43 -24 37 -3 -4 -63 -37 -1 0 45 52 39 -41 -31 -85 71 81 -48 -87 29 -47 65 -41 27 23 65 -21 49 -8 59 19 -48 20 -43 78 5 -8 -1 29 22 78 57 26 -56 -54 -32 -37 -63 -19 36 59 2 32 -19 -59 44 29 5 -20 -34 -25 11 -97 8 37 -29 10 62 -15 -58 -37 24 -38 -116 -122 -45 11 -8 -44 -13 6 24 36 51 -2 -13 3 2 -46 39 -40 17 -93 -66 -49 -60 58 -12 -15 8 -26 -9 72 -22 61 11 -10 -4 60 65 -4 19 -35 40 -40 -9 -33 21 -57 -40 -36 -62 56 11 54 58 21 -12 42 41 -11 6 -4 -61 47 15 -35 18 1 14 0 4 -4 -102 10 54 -21 -58 -18 86 52 6 10 -21 7 -23 68 -44 96 -31 -94 -46 23 -56 6 -40 -2 -6 16 32 -6 -13 -10 -69 -34 42 -20 -74 -31 -51 -28 -50 48 31 2 8 74 31 2 29 -59 12 43 -28 11 -43 64 46 88 52 35 65 -57 24 -60 -14 -28 -28 -37 19 70 -7 -48 53 -61 6 54 3 -24 -57 27 -76 -16 -60 34 28 -67 46 43 -16 -31 -23 75 62 18 -25 -25 77 -11 -54 47 43 -42 24 -5 -48 7 -25 28 -48 43 -13 69 46 38 8 66 -40 33 57 -29 -81 28 1 -29 38 38 -37 -67 -23 17 -53 -27 12 22 88 -10 -62 33 -98 92 -45 -44 52 29 44 36 -31 10 19 44 43 -43 29 -57 -3 35 20 -60 3 34 -70 -43 18 -6 -25 21 8 1 -9 -78 -48 26 -68 -22 22 -21 49 -38 -18 19 -5 40 10 -13 40 16 -29 1 4 54 53 15 11 -44 12 -62 -57 -122 -10 -55 -5 -59 -26 -54 -2 5 -21 -62 -4 25 -72 34 -40 -47 -27 -8 -24 32 52 66 -42 -43 57 15 99 37 58 5 -57 18 -85 22 30 -73 -69 53 -27 2 27 -90 8 48 35 13 -37 -75 36 19 7 14 -24 31 -67 -19 41 71 65 -24 -42 3 50 -22 45 -37 -80 30 -7 -49 -28 1 7 -23 -30 -6 17 -8 -26 19 -36 8 31 27 -28 -47 11 -37 50 13 -66 35 31 47 -32 74 39 26 6 -10 40 -48 -57 16 -47 37 -34 -48 -7 -4 48 43 -40 9 66 -2 13 -29 -50 -27 9 47 28 34 4 91 -31 -63 -27 55 -10 -23 -24 105 -96 46 -2 -9 -32 -39 -8 22 19 -27 -17 35 57 -4 42 11 -35 -16 36 28 -32 -27 -40 26 33 -44 45 -8 -25 -85 -37 10 -42 65 42 -49 -36 36 -5 0 -50 -9 -2 -27 13 -59 -50 -80 72 -31 14 17 -17 22 -51 18 33 48 17 19 53 -66 -34 -97 -41 55 -39 -22 -7 20 -57 -39 7 25 -27 -1 24 3 -50 5 -17 43 -34 1 46 -59 17 10 -68 -19 37 30 -7 17 -14 34 -17 50 -10 68 23 7 -16 -24 -7 -35 -47 33 -18 14 43 -54 -13 -19 -16 -11 26 -14 -12 -46 39 39 85 -34 -11 10 4 49 56 -66 -45 -42 76 60 -50 5 -17 58 20 52 12 -36 -7 -48 -59 88 -69 -21 -19 90 53 20 52 76 50 12 -84 50 25 -7 -30 53 -50 -97 -4 16 34 30 7 -99 36 45 -69 -9 -6 -12 86 27 -20 -27 85 6 25 20 -29 37 -25 31 37 49 -23 53 -8 47 -64 40 -56 -12 -14 59 19 32 -66 -85 -76 51 26 68 -59 -60 -25 1 -53 73 64 -16 48 -64 23 -28 12 -29 20 10 30 -48 63 -54 32 -15 42 -36 -5 -75 2 -61 -6 52 -61 -28 -55 12 -1 -36 33 12 11 -50 18 -7 -51 29 61 -10 -32 7 -58 -28 55 -26 38 9 -8 -12 4 -45 -19 -33 11 -6 64 -7 -13 24 -61 -49 -14 -2 -7 -44 -27 52 -6 52 -51 88 -20 -26 -32 -7 25 -38 59 -60 10 18 -14 -48 47 36 -15 -25 51 -4 45 33 -40 5 20 -12 38 50 -32 -11 -61 26 48 32 15 30 15 -6 42 -18 -15 2 -8 12 48 39 -4 24 30 70 -55 64 83 -66 69 28 -40 -2 -11 58 -61 -16 -61 -31 37 -9 52 -31 -46 15 -18 32 -6 -42 -37 -3 -55 33 -80 -65 8 36 44 -59 28 -44 -32 49 -29 22 -10 69 35 -14 -14 46 -1 51 -63 -23 86 -9 -58 4 11 18 -75 -51 58 44 -37 57 7 15 38 -21 -45 -22 66 -53 32 10 -16 5 -29 4 -54 12 -24 27 66 -28 -54 -31 -15 41 38 -21 -3 62 -47 45 26 -9 61 67 9 -29 -22 9 -68 -20 -15 -48 -20 -30 38 77 -4 -35 78 -4 -56 -60 -61 58 -20 11 -56 7 29 -26 55 8 -21 22 23 69 64 49 -45 30 -53 0 84 38 -51 -60 92 24 -11 -41 -33 -68 12 -15 -31 -20 -37 -12 -19 -78 55 -34 -24 -25 -52 27 -69 56 -1 7 48 -24 7 -58 -27 52 20 -6 -27 57 -48 -64 60 -81 57 27 -7 23 26 -32 1 -26 6 -27 -16 3 -73 -34 48 -4 -5 -6 -65 14 3 13 36 61 -1 4 -4 -22 -7 -2 -16 -26 13 49 15 -43 -17 57 -5 -23 -75 49 -55 41 -94 -5 -8 -31 57 -8 -3 2 -35 -11 -6 -2 55 -110 -15 26 54 -48 -18 -12 -49 6 16 -26 8 -47 -43 80 52 24 26 30 40 0 -59 -44 9 4 -11 6 36 17 -58 -76 8 36 5 -6 -62 -37 -9 -8 23 15 34 -9 34 -5 20 35 -3 15 -36 -18 -17 -88 -17 75 -9 -30 37 12 -37 -17 -65 -54 18 -70 -36 31 -38 -1 12 -42 -16 -8 -33 -68 -27 -18 -2 -23 44 44 2 -57 -5 95 5 -2 49 25 28 19 20 -29 18 4 23 46 22 -12 -93 -9 -54 8 20 -24 33 49 -66 -30 -56 36 9 -32 86 -55 9 9 -90 -70 62 31 63 49 8 29 53 0 -3 52 38 12 61 -61 -11 -53 40 86 74 20 44 -44 39 -75 7 2 33 -112 -61 -18 -32 -35 31 -19 13 -20 4 23 24 -1 -46 15 -20 11 -19 22 -40 3 -54 -31 -43 42 41 -10 -45 -70 20 24 -36 5 25 -7 11 -35 -13 -25 -67 101 -25 -28 51 -12 8 -35 9 12 7 43 -4 5 79 -54 -16 -42 -22 -51 56 -8 -35 -9 -54 5 -31 -31 36 -3 -39 15 -25 39 -61 -13 -27 21 -4 -38 4 10 60 -12 -86 -84 -58 35 24 -19 29 11 -38 -78 -51 -46 6 -21 37 -54 22 -33 20 22 32 35 -10 38 85 -22 -46 -67 -46 70 -61 3 -31 -17 -41 47 89 -61 91 5 1 22 40 16 76 -11 -69 6 69 65 -21 35 -4 -42 49 40 -21 61 34 -82 7 48 -34 -34 52 -4 -28 -9 24 4 79 -43 -30 75 85 28 25 -36 -52 -41 95 52 47 5 34 -49 -38 -61 50 16 -10 58 29 -48 62 23 -42 -19 -39 46 -49 -53 69 80 18 39 -21 -26 32 -52 15 -23 -33 48 -38 -28 -67 19 -48 14 -32 -21 13 -12 48 -69 40 6 10 24 -46 1 -21 2 14 43 -56 2 57 -30 68 -25 49 46 -45 17 -33 -33 57 38 34 -49 49 -40 -2 -14 4 15 -25 69 24 17 -35 107 -50 22 -1 -30 -12 12 62 29 -66 8 -69 48 43 28 67 44 50 -7 71 -3 -29 -10 -47 10 41 -51 -59 -23 -48 101 -8 -47 -68 26 31 -20 -12 36 5 18 2 -14 -52 -17 31 -117 -23 -19 39 -1 75 14 -40 56 -1 68 77 14 -4 -32 -37 27 -34 93 47 4 8 28 85 -46 14 57 -33 35 10 65 87 -32 -1 -51 -46 9 -39 25 37 -32 40 37 18 14 -29 -47 57 -15 -22 -38 7 70 9 -9 16 67 63 -8 42 -57 1 52 31 93 -15 -47 11 -89 -50 -56 -44 22 -24 1 -26 13 -1 -10 -35 -32 34 4 -52 34 15 27 64 -9 26 -32 26 -53 28 21 22 -33 -26 -22 -13 -49 18 -42 -56 -34 -45 -50 -9 16 33 -11 59 -36 -9 8 77 31 -22 23 -5 -59 58 20 15 52 -22 -50 9 -16 5 47 68 33 -32 -15 30 -35 -4 -57 22 73 -45 -66 -85 -29 89 -47 -25 25 -11 -35 54 1 27 -67 14 -19 36 32 -9 10 28 20 34 30 30 -11 45 -4 0 -11 105 4 49 -16 -26 49 -21 6 -19 -18 -19 72 8 -9 -32 -4 -56 -35 -24 -45 12 -24 35 44 -7 -27 29 -36 -30 -24 76 -45 21 -3 -47 -28 54 19 -17 -40 -13 -11 -3 21 18 -8 18 -12 -60 -22 61 -67 -39 -40 -65 94 -45 2 -60 -31 -2 35 -58 -17 -104 -75 -7 6 18 -13 -6 110 84 98 -22 44 -32 68 -47 -17 39 53 -8 4 41 -13 49 2 29 32 45 -4 36 -20 24 -36 -63 -55 -83 8 39 10 88 37 -15 -26 -29 20 11 39 74 40 9 -31 21 -1 -46 -49 -18 -34 50 -26 22 -50 41 -52 -63 -110 81 12 5 -13 -41 -12 82 41 48 -18 17 -5 25 51 38 23 90 19 -22 -73 -17 2 41 86 -29 36 -24 35 28 36 8 7 46 -32 9 0 -36 -88 -22 21 32 -10 9 -37 -26 -22 64 -38 36 -12 -53 -63 19 65 -4 13 -62 -25 67 42 -30 -29 -48 10 24 64 -33 2 44 37 -1 6 12 115 33 0 37 12 -11 23 -36 -42 -56 -31 16 -48 1 -64 -32 -37 28 5 64 2 17 12 -16 -57 5 -30 -57 71 30 -20 -36 7 13 -34 -36 68 67 14 -16 37 1 21 -25 24 46 -44 -101 51 54 58 1 3 -79 -21 26 -19 -72 25 -18 -2 -99 8 30 6 37 -72 -67 108 -16 -36 -2 9 -86 2 -23 25 84 -46 23 2 9 8 -19 5 -17 56 -55 -24 -16 17 -29,1 1 1 0 1 1 0 0 1 1 1 1 1 0 0 1 0 1 1 0 1 1 0 1 1 1 1 0 1 0 0 1 1 1 1 1 1 1 1 0 1 1 1 0 1 0 1 1 0 1 1 1 0 1 0 0 1 1 0 0 0 1 0 0 0 0 0 0 0 1 1 1 0 1 1 1 0 1 1 1 0 0 1 1 0 0 1 1 1 1 0 1 0 1 1 0 0 0 1 1 1 0 0 1 0 1 1 1 1 1 1 0 0 0 0 1 1 0 0 0 0 1 0 0 0 1 1 1 0 1 1 1 0 1 0 1 1 1 0 1 0 0 1 1 1 0 1 1 0 1 1 1 1 1 1 1 1 1 1 0 0 0 0 0 0 1 1 0 0 1 1 0 0 1 0 0 0 0 1 1 0 1 1 0 1 1 1 1 1 1 0 0 1 1 0 0 1 1 1 0 1 0 1 0 0 0 1 0 0 1 0 1 1 0 0 1 0 0 0 0 0 1 0 0 1 0 0 1 0 1 0 0 0 0 1 1 0 1 1 0 0 0 1 0 0 1 0 1 0 0 0 0 0 0 1 1 1 0 0 0 1 1 1 1 1 0 0 1 1 0 0 1 1 1 1 0 1 1 0 0 1 1 0 0 1 0 0 0 0 1 0 0 0 0 1 0 1 0 1 0 0 1 1 1 1 1 0 1 1 0 0 1 0 1 1 1 0 1 1 1 0 0 1 1 0 0 0 1 0 1 1 1 1 1 1 0 1 0 0 0 1 1 0 0 1 1 1 0 1 1 1 1 0 1 0 0 0 1 0 1 0 0 1 0 0 1 1 0 0 1 1 1 0 0 0 0 0 1 1 0 1 0 1 0 1 0 1 1 0 1 1 1 1 0 1 0 1 0 0 0 0 0 0 0 0 0 0 0 0 0 1 1 0 1 1 0 0 1 1 0 0 0 1 0 0 1 0 1 0 0 0 1 1 0 0 0 1 0 1 0 1 0 1 0 0 0 0 0 1 1 1 1 1 1 1 0 0 1 0 0 1 1 0 0 0 0 1 0 1 0 1 1 1 0 1 1 1 1 0 0 1 1 1 1 1 1 0 1 1 1 0 1 1 0 1 0 0 1 1 0 0 0 1 0 1 1 1 1 0 1 0 0 0 1 0 0 1 1 0 0 1 0 1 0 1 0 0 0 1 0 1 1 0 1 0 1 1 0 1 1 0 1 1 1 1 1 1 1 0 0 1 0 1 0 0 1 0 1 1 1 1 0 1 0 0 1 0 0 0 1 0 0 1 0 0 0 1 0 1 1 0 1 1 0 0 1 0 1 1 0 0 0 1 0 1 0 0 0 1 0 1 0 1 1 1 1 0 1 1 1 1 0 0 1 1 0 1 0 1 0 1 0 0 0 0 1 1 1 1 1 0 1 1 0 0 0 1 0 1 0 0 1 0 1 0 0 1 1 0 1 0 0 1 0 1 1 0 0 1 0 0 1 1 0 1 0 1 1 1 0 1 0 0 0 1 1 1 1 1 1 1 0 0 0 0 0 1 1 0 0 1 0 1 0 0 0 1 0 0 0 0 1 0 0 1 1 1 1 1 1 1 1 0 0 0 1 0 0 0 1 0 0 1 1 1 1 1 1 1 1 0 0 0 0 1 1 0 1 1 0 0 1 0 1 0 1 0 0 1 0 0 0 1 0 1 0 0 0 0 1 0 0 1 1 1 1 1 1 0 1 0 1 1 0 0 0 0 1 1 1 1 0 0 1 0 1 1 1 1 0 1 1 0 0 0 1 0 0 1 1 0 0 1 0 0 1 0 1 1 0 0 1 0 1 0 0 0 1 0 1 0 1 1 0 0 0 1 1 0 0 1 0 1 1 1 0 0 0 0 1 0 0 0 1 1 0 0 0 0 1 0 1 0 1 1 1 0 0 1 1 1 1 1 1 0 0 1 1 0 1 1 0 1 0 1 0 1 1 1 0 0 1 1 0 1 0 1 1 0 1 1 0 0 0 0 1 1 0 1 0 1 0 1 0 1 0 0 1 0 1 1 1 1 0 1 0 0 0 1 0 1 0 0 0 1 0 1 0 0 0 1 0 0 0 1 1 1 0 1 1 1 0 1 0 1 0 0 0 0 0 1 0 1 1 1 1 0 1 0 0 0 0 0 1 0 0 1 1 0 1 0 0 1 0 1 1 1 0 1 0 0 1 0 0 0 1 0 0 0 0 1 1 1 1 1 1 0 1 0 1 0 0 1 1 0 1 0 0 1 0 1 0 0 0 1 0 0 0 1 0 0 1 1 1 0 1 1 0 0 1 0 1 0 0 1 0 1 0 0 0 0 0 1 0 1 0 0 1 1 1 0 1 1 1 1 1 1 1 0 0 0 0 1 0 0 1 1 0 0 1 1 0 0 1 0 1 0 1 1 0 1 1 1 1 0 1 1 0 1 0 0 1 0 1 1 1 0 0 1 0 0 0 0 1 1 1 0 0 0 0 1 1 0 1 1 1 0 1 1 1 1 1 0 0 0 0 0 0 1 1 1 0 1 1 0 1 1 1 0 1 1 1 0 0 1 1 0 0 1 0 0 0 1 1 0 1 0 0 0 0 0 1 1 0 1 1 1 1 0 0 1 0 0 1 0 1 1 1 1 1 1 1 0 0 0 1 1 0 1 0 1 0 0 0 0 0 0 0 1 1 0 0 1 1 0 1 0 0 1 0 0 1 0 1 0 0 1 1 1 1 1 0 1 1 0 0 1 1 1 1 0 1 0 1 0 0 0 0 0 0 0 1 0 0 1 1 0 0 1 0 1 0 1 0 1 0 1 0 1 1 1 1 0 0 1 0 1 1 0 0 1 0 0 1 1 1 0 0 0 1 0 0 1 0 0 0 0 1 0 0 0 1 0 1 1 0 1 1 1 0 1 1 0 0 0 0 1 0 0 0 0 0 1 1 0 0 0 1 1 0 1 0 0 0 1 1 0 1 0 0 0 1 0 1 1 1 0 0 1 1 0 1 0 1 1 1 0 1 0 1 0 1 0 0 0 0 0 0 0 0 0 1 0 0 1 1 1 1 1 1 0 0 1 1 1 0 1 1 1 0 1 1 0 0 1 0 0 0 0 1 1 1 1 0 1 1 0 1 1 0 0 0 0 1 0 1 0 0 0 1 0 0 1 0 0 0 1 1 1 0 1 1 1 0 1 0 0 0 1 1 0 1 0 0 1 0 0 1 1 0 1 0 0 1 1 0 0 0 1 1 1 0 1 0 0 0 1 1 1 0 0 0 0 0 0 1 1 1 1 1 0 0 0 1 0 0 0 0 0 1 1 1 0 0 1 0 0 0 1 0 1 0 1 0 1 0 0 0 1 1 1 0 1 1 1 1 1 1 1 0 0 1 0 1 1 1 0 1 1 1 0 0 1 1 1 1 1 0 0 0 0 1 0 0 0 1 1 1 0 0 0 1 1 0 0 0 0 0 1 1 0 0 0 0 1 1 0 0 1 1 0 1 1 1 1 0 0 0 1 0 1 1 1 1 1 1 0 1 0 1 1 0 0 0 1 0 0 1 1 1 1 1 0 1 0 1 0 1 1 1 1 1 1 1 0 1 0 1 1 1 1 1 1 1 0 1 1 1 1 1 0 0 0 0 0 0 1 1 0 0 1 0 1 1 1 1 1 0 0 1 1 1 1 0 0 1 0 1 1 1 0 1 0 1 1 1 1 0 0 1 0 1 1 0 0 1 0 0 1 1 0 0 1 0 0 0 1 0 1 0 1 1 1 0 1 1 0 0 1 0 1 1 0 0 0 0 1 0 0 0 0 1 1 0 1 0 0 1 1 0 0 1 1 0 0 1 0 0 0 0 1 0 0 1 1 0 0 0 1 0 0 0 1 1 0 0 1 0 0 0 1 0 0 1 1 0 1 0 1 0 0 0 0 1 0 1 0 0 1 0 0 0 1 0 1 1 0 1 0 0 0 0 1 0 0 0 1 0 1 0 1 1 0 1 0 0 1 0 1 1 1 1 0 0 1 1 0 0 1 0 1 1 1 1 1 0 1 1 1 1 0 1 0 1 1 0 1 0 1 0 1 0 0 1 0 1 1 0 1 1 1 1 1 0 1 0 1 1 1 1 1 1 0 1 0 1 0 0 1 0 1 1 1 0 1 0 0 1 1 1 1 1 1 1 0 1 0 1 1 1 0 1 0 0 0 0 0 1 1 0 1 0 0 0 1 0 0 1 0 0 1 1 0 1 1 1 0 0 0 1 0 0 1 1 1 1 1 1 0 1 0 1 1 0 1 0 1 0 0 1 1 1 0 0 1 1 1 1 0 1 1 0 1 1 1 1 0 1 0 1 1 1 1 0 0 1 1 1 0 0 0 0 1 0 0 0 0 0 1 1 0 0 1 1 1 1 0 1 0 1 0 0 1 1 0 1 1 1 1 0 1 0 1 0 1 0 0 0 1 1 0 1 0 1 0 0 0 0 0 1 0 0 0 0 0 1 1 1 1 0 0 0 0 1 0 0 1 0 0 1 1 1 0 0 1 0 1 0 0 0 1 1 0 1 1 0 1 1 0 1 0 0 0 0 0 0 0 0 1 0 1 1 0 0 1 1 0 1 0 1 0 1 0 0 1 0 0 1 1 1 0 0 0 0 1 0 1 0 1 0 0 1 0 0 1 0 1 0 0 1 1 1 1 1 1 0 0 0 1 0 0 0 0 0 1 0 1 1 1 1 0 0 0 0 0 0 1 1 0 1 0 1 0 1 0 1 0 0 0 0 1 1 1 1 0 1 1 1 0 0 0 0 1 0 1 0 0 0 1 1 1 0 1 0 0 1 1 0 0 1 0 1 1 1 0 0 1 1 0 1 0 0 0 1 1 1 1 0 0 1 0 0 0 1 0 1 0 0 0 1 0 1 0 0 1 1 1 0 0 1 0 1 0 1 1 1 1 0 0 0 0 1 1 0 1 0 1 0 1 1 1 0 1 0 0 1 0 0 1 1 0 0 0 1 1 1 0 1 0 0 0 0 1 1 1 1 1 1 0 0 0 0 0 1 1 0 0 1 0 1 0 0 1 0 0 1 0 1 0 0 1 1 1 1 0 1 0 0 1 1 0 0 1 1 1 0 0 0 1 0 1 0 1 1 0 1 0 1 0 1 1 1 0 1 0 0 1 1 1 0 1 0 1 1 1 0 0 1 0 0 0 1 1 1 0 1 1 0 0 0 1 1 1 0 0 0 1 1 0 1 1 1 0 1 0 1 0 1 0 0 1 0 1 1 0 1 0 0 1 1 0 1 1 0 0 0 1 1 1 0 0 1 0 0 0 1 0 0 1 1 1 1 0 1 0 0 1 0 1 0 1 1 0 0 1 1 0 0 1 1 0 1 0 0 0 1 0 0 1 0 0 1 1 0 1 0 1 0 0 1 0 0 0 0 1 1 1 1 1 1 0 1 0 1 1 1 1 1 1 1 0 1 0 1 1 0 0 1 1 0 1 0 1 1 0 1 1 0 1 1 0 1 1 1 1 0 0 1 1 1 0 1 1 1 1 0 0 0 0 1 0 0 1 0 0 1 0 1 1 0 0 1 1 1 1 0 1 0 0 1 0 0 1 0 0 1 1 0 0 1 1 0 1 0 0 0 0 0 1 1 0 1 0 0 0 1 0 0 0 1 0 1 0 1 0 0 1 1 0 0 1 0 1 1 1 0 1 1 0 1 1 1 0 0 1 0 0 1 1 1 1 0 0 0 1 1 1 0 1 0 1 1 0 0 1 1 1 1 0 1 0 1 1 1 0 0 0 1 1 0 1 1 1 1 1 1 0 0 0 0 1 0 1 1 1 0 0 1 0 1 1 0 1 1 1 0 1 1 0 1 0 1 0 0 0 0 1 0 1 0 0 1 1 1 1 0 1 1 0 0 1 0 1 1 1 1 1 0 0 1 0 1 1 1 0 0 0 0 0 0 1 0 1 1 1 1 0 0 1 0 1 0 1 0 1 1 1 1 1 1 0 1 0 0 0 1 1 0 1 1 1 1 0 1 1 1 1 1 0 1 1 0 1 1 0 1 0 0 1 1 1 0 1 0 1 0 0 1 1 1 1 1 0 0 1 1 0 0 1 0 1 0 1 0 1 1 0 1 0 1 1 0 1 1 0 0 0 0 1 0 1 0 1 1 1 0 1 0 0 1 0 1 0 1 1 0 1 1 0 1 1 1 0 0 1 0 0 0 0 1 0 0 1 1 1 0 0 0 0 0 1 0 0 1 1 1 0 1 0 1 1 0 0 0 1 0 1 1 1 0 0 1 1 1 0 0 0 1 0 1 1 0 1 1 1 0 0 1 0 0 0 0 0 1 1 0 0 0 1 1 1 1 1 0 0 0 1 1 1 0 0 0 0 1 0 0 0 1 1 1 1 0 1 0 1 0 1 0 0 1 0 1 0 1 1 1 0 1 1 1 1 0 1 1 1 0 1 0 1 0 0 0 1 1 0 1 1 1 1 0 0 0 0 0 0 0 1 1 1 0 1 0 0 1 0 0 1 1 0 1 1 0 0 1 1 0 1 1 0 1 0 1 1 1 0 1 1 1 1 1 0 0 1 0 0 1 1 1 1 1 1 0 1 1 0 1 1 0 1 0 1 0 0 1 0 0 1 0 0 1 1 0 1 0 0 0 0 1 1 1 1 0 1 1 0 1 0 0 0 0 1 1 1 1 1 1 0 1 1 0 1 1 1 1 1 1 1 0 1 1 1 0 0 0 1 1 0 1 1 1 0 0 0 1 1 1 0 0 1 1 0 1 1 0 1 0 1 1 1 0 1 1 1 1 0 0 0 1 0 1 1 1 0 0 1 0 1 0 1 1 1 1 1 1 1 1 0 1 0 0 1 0 1 0 0 0 1 1 0 1 0 1 0 1 1 1 1 1 1 1 0 1 0 0 0 0 1 0 0 1 0 0 0 1 1 1 0 1 0 1 0 0 0 1 0 1 1 0 1 1 1 1 0 1 0 0 1 0 0 1 0 0 0 0 1 0 0 0 0 0 1 0 1 0 1 0 0 1 0 0 0 0 1 0 1 0 0 0 0 1 1 1 0 0 1 0 0 0 1 1 1 0 0 1 0 0 1 0 0 1 0 1 1 0 0 1 0 0 0 0 1 0 1 1 1 0 1 0 1 1 0 1 1 1 1 1 0 1 1 0 0 1 0 0 0 1 1 1 0 0 0 0 0 1 1 0 0 1 0 1 0 1 1 0 0 1 1 0 0 1 0 0 1 1 1 1 0 1 0 1 1 0 1 0 0 1 0 1 0 0 0 1 0 0 1 0 0 1 0 1 1 1 0 0 1 1 1 0 0 1 0 0 1 1 1 0 1 1 1 1 0 1 1 0 0 1 1 0 0 0 0 1 0 1 0 0 0 1 0 1 0 1 0 1 0 1 1 1 1 1 0 0 1 0 0 0 1 0 0 1 0 0 0 1 1 1 0 1 1 1 1 0 1 1 1 1 0 0 0 0 0 0 0 1 0 1 0 0 0 1 0 1 0 1 0 0 1 1 1 0 0 0 1 0 1 0 0 0 0 1 0 0 1 1 1 0 0 0 0 0 0 1 1 1 1 0 1 1 1 1 0 0 0 1 1 0 0 1 1 0 1 0 1 1 0 0 1 0 0 0 1 1 0 0 0 0 0 1 0 1 0 1 0 0 0 0 1 0 1 1 0 1 0 1 0 0 0 1 1 0 1 0 0 0 1 0 1 0 0 1 1 0 1 1 0 0 1 1 1 0 0 1 1 0 1 0 1 0 0 1 0 0 0 1 1 0 1 1 0 1 1 1 1 1 1 1 0 1 0 1 1 1 0 1 1 0 1 1 1 0 1 0 1 0 0 1 1 0 1 0 0 1 1 1 0 1 0 0 0 1 1 0 0 0 1 1 1 1 1 1 1 1 0 1 1 1 0 1 1 0 1 0 1 0 0 0 1 0 1 0 0 0 1 0 1 1 1 1 0 0 1 1 1 0 1 0 0 1 0 0 0 0 1 1 1 1 0 1 0 1 1 0 1 0 0 1 0 1 0 1 1 0 0 1 1 1 0 1 1 1 0 1 0 1 0 1 0 1 0 0 0 0 0 1 1 0 1 0 1 0 0 1 0 1 1 1 1 1 1 1 0 1 0 0 1 0 0 0 0 0 0 0 1 1 0 0 1 1 0 0 1 0 0 0 1 0 1 0 1 0 1 0 0 0 0 1 1 0 0 0 0 1 1 0 0 1 0 1 0 1 0 1 1 0 0 1 1 1 1 1 1 0 1 1 1 0 0 1 0 0 1 1 0 1 1 0 1 0 0 1 0 0 1 1 1 0 1 0 1 0 0 0 0 0 0 1 1 0 1 0 0 0 0 0 0 1 0 1 1 1 0 0 1 0 1 1 0 0 1 1 1 1 0 0 1 1 1 0 1 0 0 1 0 1 0 1 1 1 0 1 1 1 0 0 0 0 0 1 1 1 0 0 1 1 0 0 0 0 1 1 0 0 0 1 0 1 0 0 0 0 1 0 1 0 0 1 0 0 0 1 1 0 0 1 0 0 1 1 1 1 0 1 0 0 1 0 0 1 1 1 1 1 0 1 1 1 0 0 0 1 0 1 1 0 1 1 1 1 1 1 0 0 1 0 0 0 0 1 0 1 1 0 1 1 0 0 0 0 1 1 1 0 1 0 0 0 1 0 0 0 0 0 0 1 0 0 0 1 0 1 0 0 1 0 1 0 1 1 0 0 1 1 1 1 1 0 0 0 0 0 1 0 1 0 1 0 0 0 0 1 0 0 0 0 1 0 1 1 1 0 0 0 1 0 1 1 0 1 1 0 1 1 1 1 1 1 1 1 0 0 1 0 1 0 1 0 0 0 0 0 1 0 1 0 1 0 1 1 0 0 1 1 1 0 0 1 0 0 1 0 1 1 1 0 1 0 1 1 1 0 0 1 1 1 0 0 1 1 1 0 1 0 0 0 0 0 1 0 0 1 1 0 0 1 0 0 0 0 0 0 0 0 1 0 0 1 1 0 1 1 1 0 1 0 1 0 1 0 0 1 1 0 1 0 0 1 1 1 1 0 0 1 0 0 1 0 0 1 0 0 1 1 1 0 0 1 1 0 0 0 0 0 0 0 0 1 0 0 1 1 0 0 0 1 1 1 0 1 0 0 1 0 0 1 1 0 1 1 1 0 1 0 0 0 1 1 0 0 1 1 1 0 0 0 1 1 0 1 1 1 1 0 1 0 1 0 1 0 1 1 0 0 1 1 1 1 0 0 0 0 1 0 1 0 1 0 0 1 0 0 1 0 0 1 1 0 0 1 1 1 1 1 0 0 1 0 1 0 1 1 1 0 1 0 0 0 1 0 1 1 0 1 1 1 1 0 1 0 0 0 1 0 0 1 0 1 0 0 0 1 0 0 0 1 1 1 1 0 0 1 1 1 1 0 0 1 0 0 0 1 1 0 1 1 1 0 1 0 1 0 1 0 0 1 1 1 0 1 1 1 0 0 1 1 0 0 1 1 1 0 1 1 1 1 0 0 1 1 1 0 1 0 0 0 1 1 1 1 1 1 1 0 0 1 0 0 1 1 1 1 1 1 1 1 0 0 0 1 0 0 0 1 1 1 1 0 0 1 1 1 0 0 1 0 1 0 1 1 0 1 1 1 1 0 0 1 1 0 0 0 1 0 1 1 0 1 1 1 1 0 1 1 1 0 1 1 0 1 1 0 1 0 0 0 0 0 1 0 0 1 0 1 1 1 0 1 0 1 0 0 0 1 0 0 0 0 0 0 0 0 0 1 0 0 0 1 0 0 1 1 0 0 0 1 1 0 0 1 1 1 0 0 1 0 0 1 1 0 1 1 1 0 0 1 0 0 1 1 0 0 1 1 0 0 1 0 1 0 0 1 1 1 1 1 1 0 1 0 0 0 1 0 0 1 0 1 0 0 0 0 1 0 0 0 0 1 1 1 0 1 1 0 0 0 1 1 0 1 1 1 1 0 0 1 0 0 0 0 0 0 1 0 1 0 0 0 1 0 1 1 0 0 1 0 1 0 1 1 0 1 0 1 0 0 0 0 0 1 0 1 1 0 0 0 1 1 1 1 1 0 1 1 0 0 0 1 1 1 1 0 1 0 0 1 1 0 1 0 0 1 0 1 1 1 1 1 0 0 0 0 0 1 0 0 1 1 0 0 1 0 1 1 1 1 1 1 1 0 1 1 0 1 1 1 0 0 0 1 0 0 1 1 1 1 1 1 1 1 0 0 1 0 1 0 1 0 0 0 1 0 0 1 1 1 0 0 1 1 1 0 1 1 0 0 1 0 1 1 0 1 0 0 0 1 1 1 0 1 0 1 1 1 1 1 0 0 0 0 1 1 1 0 0 0 1 0 0 1 0 1 0 1 0 1 0 0 0 0 0 0 0 0 1 0 0 1 0 0 1 1 0 0 1 0 0 0 0 1 0 0 0 1 0 0 0 0 1 1 0 1 1 0 0 0 0 0 0 1 1 1 0 1 0 1 0 0 0 0 1 0 1 1 0 0 0 0 1 0 0 1 0 0 1 1 1 1 0 0 0 0 1 1 1 1 0 1 0 1 1 0 0 0 0 0 1 1 1 0 0 0 1 0 0 1 0 1 0 0 1 0 1 1 1 1 1 0 0 1 0 1 0 1 1 0 0 1 1 0 1 1 0 1 1 0 0 1 0 1 0 0 1 0 1 1 0 0 0 0 0 0 0 0 0 0 0 0 1 0 1 0 0 0 0 1 1 0 1 1 1 0 1 1 1 1 0 1 0 1 1 0 0 0 1 0 1 1 0 1 1 1 0 0 1 0 0 0 0 0 0 0 0 1 0 1 0 1 0 0 1 0 1 0 1 0 1 1 0 0 0 0 1 0 1 1 0 1 0 1 1 0 0 1 1 0 1 0 1 0 1 1 1 0 0 0 0 1 0 1 0 0 0 0 0 1 1 0 1 1 0 1 1 0 1 1 1 0 1 0 0 1 1 1 1 0 0 1 0 0 1 0 0 0 0 0 1 1 1 1 0 1 0 0 1 0 0 1 1 0 0 1 1 0 1 0 0 1 0 1 1 0 0 0 1 1 1 0 1 0 0 0 0 0 1 1 1 0 0 1 0 1 0 0 0 1 0 1 0 0 0 1 1 1 1 0 1 1 1 1 0 1 0 1 1 0 1 0 0 1 0 1 1 1 0 0 1 1 1 0 1 0 1 0 0 1 1 0 1 1 0 1 1 0 0 1 1 1 0 0 1 0 1 1 1 1 1 1 0 1 1 1 1 0 1 1 1 0 1 1 0 1 0 1 1 0 1 1 0 1 1 1 0 1 1 0 0 1 0 0 0 0 1 0 0 0 0 1 0 1 0 0 0 0 1 1 1 0 1 0 1 1 1 0 0 0 1 1 0 1 1 0 0 1 1 1 1 1 0 0 1 1 1 1 1 1 0 0 1 0 0 1 0 1 1 1 0 1 0 1 0 1 0 0 1 1 1 1 1 1 1 1 0 0 0 0 1 1 0 1 0 1 1 1 1 1 0 1 0 0 0 1 0 1 0 0 0 1 1 0 1 0 1 0 1 1 1 1 0 0 0 0 1 1 0 0 1 0 1 1 1 0 1 1 0 1 0 0 0 1 1 0 0 0 1 1 1 0 1 0 1 1 0 1 0 0 1 1 1 1 1 1 1 0 1 1 0 1 0 0 1 1 1 0 1 0 0 1 0 0 1 0 1 1 0 1 1 1 1 0 0 1 0 0 1 1 1 0 1 1 0 1 1 1 0 1 0 1 1 1 0 1 0 0 1 0 0 1 1 1 0 0 1 1 1 0 1 1 0 1 0 0 0 1 1 0 0 1 0 1 1 0 0 0 0 1 0 1 1 1 1 0 1 0 0 0 1 0 0 1 0 0 1 1 0 0 1 1 0 0 1 0 1 1 1 1 0 1 0 1 0 1 1 0 1 1 0 0 0 0 1 1 1 1 0 1 1 0 0 1 0 0 0 1 1 0 0 1 1 1 1 0 0 0 1 0 0 1 1 0 1 0 1 0 0 1 0 0 0 1 1 1 0 0 0 0 0 0 0 1 1 1 1 0 1 1 1 0 1 0 0 1 0 1 1 1 1 0 0 1 1 1 0 0 0 0 1 1 1 0 1 1 0 1 0 0 1 0 0 0 0 1 1 0 1 0 0 0 1 0 1 1 1 0 1 0 0 1 0 1 1 1 1 0 1 1 0 0 1 1 0 0 1 0 0 0 1 0 0 1 1 0 0 0 1 0 1 1 1 1 1 0 0 1 1 0 0 1 0 0 1 0 1 1 0 1 0 1 1 0 0 0 0 0 0 0 1 1 1 1 0 1 1 0 0 1 0 1 1 0 1 1 1 1 0 0 1 1 1 1 1 0 1 0 0 1 1 1 0 1 1 0 1 1 0 0 1 0 0 0 1 1 1 1 1 0 0 1 1 1 0 1 0 0 0 1 0 0 0 0 0 0 1 1 0 1 0 0 1 0 1 1 1 1 1 1 1 1 1 1 0 0 0 1 1 1 1 0 0 1 0 1 1 1 0 0 1 0 0 0 0 1 0 1 1 0 1 0 0 1 1 1 1 0 1 0 0 1 1 0 0 1 1 1 1 1 0 0 1 0 0 0 1 0 0 0 1 1 0 0 1 1 1 1 1 0 1 1 1 0 0 1 0 1 1 1 0 1 0 0 1 0 0 1 1 1 0 0 1 0 1 0 1 0 1 1 0 0 1 1 0 0 1 0 0 0 0 0 0 0 1 1 0 0 0 1 1 0 1 1 1 1 1 0 1 0 1 0 1 1 1 1 1 0 0 1 1 0 1 0 1 1 1 1 0 1 1 1 1 1 0 0 0 1 0 1 1 0 1 0 0 0 0 0 0 1 1 0 1 1 1 1 0 0 0 1 1 1 1 1 1 0 0 0 0 0 1 1 0 1 0 1 0 0 1 1 1 0 1 1 0 1 1 1 0 1 1 1 0 1 1 0 1 1 1 1 1 1 0 1 1 0 1 0 1 0 1 1 1 0 0 1 1 0 1 1 1 1 1 0 0 0 1 0 0 0 0 1 0 1 0 0 0 0 1 0 0 0 1 1 1 1 0 0 1 0 0 1 0 0 0 0 0 1 1 1 0 0 0 0 0 0 0 0 1 0 1 0 1 1 1 1 1 0 0 1 0 1 0 0 1 1 0 0 0 1 1 1 1 1 1 1 0 1 1 0 1 1 0 1 1 0 0 0 1 1 0 1 1 0 1 1 0 0 0 0 0 0 0 0 0 0 1 0 1 0 0 0 1 1 0 0 1 1 1 1 0 0 0 1 1 1 1 0 0 0 1 0 0 0 0 0 0 1 0 0 1 0 0 1 0 1 0 0 0 0 0 0 0 0 1 1 1 0 0 0 1 1 0 0 0 0 0 0 0 0 0 1 1 1 1 1 1 1 0 0 1 1 1 0 0 1 1 0 0 0 0 1 0 0 1 1 0 1 1 0 1 1 0 0 0 0 0 1 0 1 0 1 1 0 0 0 1 0 1 1 1 0 1 0 1 1 1 1 1 0 0 0 0 0 1 0 0 0 1 1 1 1 0 0 1 1 1 0 1 0 1 0 0 0 0 1 0 1 0 0 1 1 0 1 1 0 1 0 1 1 1 1 1 1 0 0 0 1 1 0 1 1 1 0 1 0 0 1 0 1 0 1 1 1 0 0 0 0 0 0,-423 -518 -342 419 -310 -487 490 341 -435 -374 -347 -318 -483 464 509 -373 346 -438 -426 373 -454 -287 426 -362 -411 -467 -437 325 -315 389 433 -478 -324 -396 -401 -344 -450 -401 -325 327 -451 -398 -277 277 -425 360 -528 -489 370 -332 -432 -342 364 -361 353 295 -345 -315 396 405 374 -486 353 430 261 484 317 361 383 -448 -422 -377 411 -352 -368 -363 241 -371 -408 -401 347 334 -438 -418 402 392 -450 -276 -371 -340 382 -325 268 -240 -337 349 428 272 -404 -441 -384 422 464 -452 354 -445 -427 -360 -405 -394 -292 331 321 362 366 -410 -303 372 321 403 411 -335 347 418 366 -332 -303 -405 306 -377 -417 -380 274 -355 421 -424 -390 -448 439 -480 428 330 -359 -306 -387 397 -386 -372 382 -379 -320 -417 -494 -511 -402 -381 -448 -374 -413 388 357 428 464 393 345 -450 -407 379 355 -503 -447 245 411 -395 422 290 459 452 -401 -432 394 -332 -447 457 -341 -239 -385 -513 -501 -535 412 346 -392 -379 421 423 -285 -458 -401 372 -427 363 -256 447 391 340 -364 366 298 -351 341 -307 -451 346 455 -471 350 114 498 413 489 -407 431 370 -422 494 412 -340 332 -439 454 503 438 304 -467 -368 399 -418 -329 364 400 403 -335 362 437 -295 401 -340 491 322 492 434 395 416 -379 -343 -392 462 462 431 -314 -442 -404 -356 -431 456 316 -326 -295 392 344 -468 -444 -408 -365 385 -433 -425 428 294 -417 -269 424 387 -386 296 469 321 326 -448 318 428 408 332 -484 395 -353 404 -463 437 451 -514 -463 -438 -388 -394 328 -372 -512 376 298 -452 305 -438 -438 -398 407 -450 -384 -387 324 366 -482 -405 355 372 390 -352 398 -382 -335 -427 -467 -416 -420 352 -430 326 466 344 -414 -415 356 452 -347 -386 -434 375 -338 -454 -375 -501 416 -346 440 286 338 -297 346 -421 270 454 -449 259 493 -324 -399 419 446 -329 -375 -340 440 378 376 427 459 -399 -389 324 -349 351 -490 362 -377 379 -321 -359 326 -383 -486 -344 -396 412 -258 465 -332 478 297 389 412 284 345 423 342 399 424 520 355 327 -397 -414 336 -332 -486 415 499 -336 -512 440 465 372 -338 371 330 -367 404 -330 329 508 369 -354 -474 409 361 403 -427 405 -394 427 -306 452 -390 356 398 329 392 445 -286 -331 -375 -276 -329 -439 -370 417 352 -318 384 407 -387 -333 312 361 282 446 -447 517 -299 408 -430 -422 -423 481 -436 -354 -429 -387 410 415 -309 -418 -435 -419 -277 -368 401 -473 -439 -308 270 -348 -464 380 -473 433 470 -395 -409 478 414 437 -309 435 -348 -283 -278 -348 284 -464 404 308 439 -348 474 431 -364 -384 361 321 -365 502 -465 394 -381 333 414 346 -368 494 -311 -442 358 -346 430 -420 -393 422 -316 -429 264 -381 -364 -451 -384 -412 -375 -370 434 404 -457 447 -386 269 387 -500 464 -465 -457 -361 -441 342 -395 382 373 -367 411 381 400 -342 427 289 -374 473 375 412 -566 439 -357 -335 420 -425 -395 256 466 -404 435 -347 -399 337 401 414 -448 506 -347 372 359 421 -418 425 -473 385 -425 -338 -322 -493 449 -344 -533 -435 -435 363 466 -423 -408 320 -427 442 -326 290 -443 332 461 437 422 -378 -481 -345 -398 -433 420 -453 -373 472 350 436 -415 424 -361 373 408 -248 425 -351 343 435 -367 -391 349 -358 461 330 -418 355 -383 -348 456 470 -376 300 495 -324 -407 405 -370 295 -387 -288 -380 373 -430 477 436 427 -368 -415 -418 -406 -343 -487 -314 424 408 366 395 393 -375 -351 454 329 -408 413 -273 291 359 497 -404 321 405 384 441 -413 320 369 -310 -368 -357 -419 -410 -398 -465 -261 373 455 379 -365 478 343 429 -465 284 417 -285 -457 -417 -349 -345 -396 -458 -407 373 440 419 388 -393 -441 384 -380 -378 409 373 -389 498 -375 399 -416 258 431 -437 463 415 406 -336 418 -447 392 356 484 504 -345 375 338 -461 -376 -433 -376 -288 -487 370 -320 457 -498 -413 427 287 346 369 -212 -327 -391 -467 415 340 -496 375 -423 -385 -449 -335 434 -456 -486 378 480 451 -494 312 446 -359 -421 339 384 -509 336 424 -400 327 -354 -411 372 288 -422 401 -400 385 500 359 -345 325 -444 461 -376 -402 406 426 531 -338 -407 411 453 -393 425 -472 -502 -335 429 426 311 432 -446 473 413 472 -418 -309 445 402 391 273 -260 427 -354 354 -408 -347 -370 432 394 -367 -348 -405 -309 -421 -287 410 347 -375 -330 463 -297 -365 343 -381 450 -303 439 -358 -366 -450 384 364 -427 -391 360 -412 460 -370 -400 374 -398 -325 453 337 398 330 -332 -557 307 -468 401 -389 440 -318 393 -307 360 321 -416 322 -403 -416 -425 -386 306 -350 454 437 393 -412 365 -515 315 441 295 -418 363 -391 312 362 348 -401 396 378 387 -375 -408 -361 355 -235 -263 -372 314 -469 271 -391 360 380 328 402 371 -475 265 -362 -379 -374 -435 378 -411 347 375 444 375 356 -477 412 431 -430 -363 316 -307 338 374 -413 458 -371 -423 -296 300 -365 399 470 -399 553 399 296 -369 430 404 346 344 -420 -420 -261 -286 -380 -313 423 -463 380 -416 299 374 -385 -373 439 -397 380 330 -388 423 -416 372 370 443 -525 372 378 353 -465 442 489 -332 -340 -157 446 -432 -368 383 354 -493 315 -402 347 477 -401 342 -382 414 471 422 369 295 -477 368 -489 455 490 -508 -394 -455 364 -461 -423 -397 -378 -440 -367 -320 306 328 422 340 -331 295 482 -412 -381 458 460 -356 -476 393 427 -347 365 -339 562 -441 -327 417 -382 -384 -502 -463 491 -345 -394 368 -373 417 452 -398 478 -360 -298 -389 472 494 -398 379 361 307 475 -512 -337 -271 326 339 362 354 -267 -538 458 -538 -504 -375 389 -360 -369 -359 -303 -399 397 417 435 478 367 428 -308 -413 -528 383 -362 -337 427 -418 -442 -290 474 -305 -449 -390 431 489 -400 -427 384 377 -315 363 374 297 -375 -354 390 -355 426 409 364 475 362 -462 -499 342 -256 -444 -367 -316 427 332 -357 428 402 -489 344 -286 -421 -415 -343 -344 -371 -157 367 389 381 -439 -409 455 -313 380 -276 335 368 336 370 408 350 397 -376 -418 406 448 -393 -428 289 -478 495 443 -301 359 381 -346 433 -504 402 322 -451 -406 -433 -317 -345 394 -369 -405 422 503 -423 -386 -377 -402 418 -426 398 -349 371 379 383 289 425 479 383 -407 317 408 -455 -311 331 337 -271 475 -398 525 -299 357 -402 401 -359 455 -481 -450 -296 -377 356 314 -409 310 -334 -370 411 449 -492 366 469 -322 -393 -406 451 342 355 -357 413 488 -482 464 380 346 436 -339 475 372 463 -338 390 -427 -408 446 -302 -336 -367 334 -383 -378 418 319 269 369 -366 189 382 420 346 302 -393 -383 305 352 464 -377 -289 577 -276 404 420 402 -422 -537 365 -353 390 385 497 -386 207 -367 -322 -423 405 304 -425 -328 444 -371 325 -466 -387 -275 358 -354 392 -408 504 -557 316 333 397 428 471 448 390 342 216 -420 167 433 -317 -485 -355 -406 -340 -332 441 420 -380 -412 -363 523 -482 -439 -389 450 -523 -402 389 433 -349 363 482 498 357 -372 -364 -324 -256 317 -112 -375 489 -432 -367 477 376 490 306 -416 384 -513 508 417 364 -461 372 292 -444 337 451 304 -436 -387 -358 430 -382 -444 -417 416 -391 405 328 508 -409 -349 256 -399 381 405 -476 318 424 -382 -356 340 -384 549 352 -442 -462 497 357 443 -319 -379 -398 284 -341 406 513 467 -409 -421 -449 322 340 365 428 354 455 -322 -392 -346 -375 -341 352 396 502 -407 344 272 339 413 465 -384 -266 -471 307 264 -302 374 252 505 -491 476 -436 476 -313 413 -376 289 425 384 -262 -314 -353 430 -332 -491 -404 -457 -343 -397 -532 433 374 -306 489 -402 -368 -374 422 -270 -371 -349 337 487 -423 -419 -400 -418 -384 470 292 465 386 -415 409 452 466 -290 -501 -280 332 227 288 -457 -408 413 409 351 384 323 -523 -368 356 374 326 383 -466 -444 393 381 -361 -363 377 -321 -381 -389 -384 361 341 257 -391 486 -363 -356 -361 -468 -429 -441 419 -396 310 -421 -446 450 353 420 -395 456 374 -196 -400 -275 -336 -276 424 -482 368 -403 338 -411 -319 -391 -397 -418 -383 -448 372 -363 360 -415 -410 -337 -468 -380 -453 -382 413 -383 -415 -340 -385 -470 421 326 494 477 383 349 -422 -410 425 303 -432 395 -378 -344 -395 -426 -396 417 398 -415 -339 -378 -449 437 501 -435 373 -361 -326 -518 398 -372 382 -372 -448 -415 -394 405 418 -474 425 -340 -345 471 421 -482 452 423 -339 -284 193 394 -382 345 407 379 -469 325 -446 407 -359 -439 -312 479 -472 -440 419 429 -352 498 -486 -375 329 412 362 465 -330 472 340 392 333 -373 -506 465 -367 399 390 -433 -490 304 413 -411 -421 322 450 -332 398 503 380 420 -458 366 322 -349 -352 417 414 352 -368 306 474 438 -305 -343 286 272 -314 265 465 427 -418 406 341 -460 -352 517 -455 454 -384 154 362 504 374 -459 352 -374 363 464 -417 404 408 437 -374 517 -295 -501 322 -440 421 436 322 426 -397 317 341 398 -384 376 -414 296 -373 -484 432 -388 397 405 -286 346 -353 -393 -348 -358 422 351 -325 -375 428 493 -342 390 -298 -342 -528 -375 -299 427 -452 -440 -396 -445 443 -411 322 -328 -368 354 -412 409 -302 282 -457 300 363 -331 395 -382 -385 388 -378 -433 -411 -373 -351 362 -339 337 -400 -400 -407 -415 -311 -375 313 -470 267 -339 365 391 -473 415 -323 -366 -368 401 -570 361 384 -314 -317 -318 -415 -417 -351 -348 336 -411 438 -416 -341 -428 313 -427 488 374 378 481 293 -425 -392 355 -364 402 387 427 -348 472 404 -381 325 399 -514 -462 395 -351 -349 -403 479 418 474 -373 441 419 -363 -412 -439 -357 -427 -396 420 -439 484 -373 -462 341 -404 403 -295 433 314 -352 -448 -417 290 497 -386 -468 -321 -429 453 -391 -324 462 -405 -465 -549 -376 415 -375 357 -360 -487 -309 -375 438 256 -311 -440 -408 426 406 446 385 -365 376 326 370 475 342 -404 -441 368 309 -472 -450 -423 -490 400 -508 439 -384 494 455 -438 -392 515 -431 -553 -396 -273 435 -400 299 -390 474 -395 455 367 405 -375 -255 381 -316 371 -450 333 339 514 299 346 -359 383 437 527 424 454 -364 -426 -353 -365 545 356 301 408 -389 384 383 -351 426 455 -278 -507 -299 294 317 -435 269 -417 458 425 510 -314 -337 328 -357 -457 358 -280 -307 443 -397 474 425 362 325 390 388 357 385 -393 374 -411 -394 412 377 -349 -513 328 -446 427 -388 448 -441 525 433 -291 379 392 -455 -316 -383 431 193 404 390 -253 432 -375 426 -270 386 387 -369 359 287 -367 366 -284 341 436 -385 -420 -440 -497 -400 -327 419 472 394 -346 411 453 460 373 451 -332 377 -316 -355 -419 -533 399 415 511 242 317 391 -419 -379 425 -439 343 -420 368 -371 367 -499 369 391 444 388 -378 -389 -412 -438 426 -285 -345 -448 320 289 357 534 -362 401 -404 375 345 329 -433 -351 -376 345 -359 446 430 -400 -443 303 410 -327 424 -461 -375 -303 346 345 -337 -321 394 -374 419 428 360 -408 -396 -329 -426 271 442 -423 197 494 370 -385 393 -349 462 466 390 -238 340 -382 387 364 -331 -439 -286 392 346 -407 380 -359 385 -334 -466 -292 -402 328 414 343 439 -452 -310 495 -423 391 -431 497 -463 -435 -325 365 -248 426 374 -468 319 441 -335 -386 401 412 343 -407 -335 -365 521 -357 456 292 518 414 -180 -442 -503 -273 -303 -391 439 500 375 382 418 -411 -452 305 461 -501 349 -403 404 269 -308 387 403 -329 329 -392 393 454 -460 -420 -446 -449 453 -400 479 424 -403 -464 393 331 -323 -443 -381 411 222 319 -377 356 -476 321 -439 -361 320 -349 355 -369 380 -383 -330 -364 490 -399 398 347 -388 -492 -332 463 -378 409 -315 -335 -376 381 514 -196 428 453 363 -510 -438 -404 369 -386 -377 411 397 551 -269 -416 -443 437 448 357 -445 -437 402 -499 -494 -335 514 -389 341 -338 377 -343 358 436 -364 393 -388 -368 474 -278 392 426 -402 -348 344 -466 -329 483 369 358 -429 -368 -359 343 389 -335 284 369 503 -407 463 399 -354 -441 -431 -425 442 -287 318 306 -248 329 -449 325 -468 -380 379 417 -442 -294 392 432 -313 -373 411 -354 370 483 412 -441 323 440 -339 489 360 -432 -386 394 -246 366 -357 379 435 -367 395 449 364 327 -294 -510 -370 -465 -289 -438 406 -499 401 -419 -253 -398 -470 -436 -387 -295 409 -357 408 -353 -386 486 361 -396 -351 490 -368 401 -478 -422 206 -349 -389 460 -438 -341 470 -386 -353 -377 -351 409 418 -326 -341 -436 348 -383 -486 -398 -329 367 411 413 345 -476 380 345 -380 405 341 -400 374 -284 -264 478 416 -259 -330 -296 -341 363 -394 459 381 -454 397 402 -430 448 470 -399 -338 385 346 -352 -403 394 -412 410 321 359 310 337 -321 -411 465 -427 352 388 505 -368 357 389 441 -437 347 -396 361 -505 284 415 -394 -362 436 338 -311 448 -452 -377 -374 470 -383 -335 348 -338 -340 -376 341 381 -433 516 318 -323 -449 -477 -494 456 377 402 -454 -369 -403 402 -359 375 -288 -305 356 298 -317 -536 -397 -398 482 -455 519 -382 -424 -415 433 428 350 -466 -451 417 -466 -357 -460 -371 -500 -377 476 443 401 381 -387 349 -453 -424 -408 368 427 -408 366 -470 -346 273 -444 -314 -406 308 -414 -390 308 -374 318 -408 436 352 306 361 -385 374 -357 431 372 -292 -360 -485 -439 329 -348 -375 336 388 -399 305 -306 -286 -367 -455 -431 485 340 -493 410 -406 -334 -430 325 440 284 353 447 365 -455 362 -379 -422 -443 -415 519 263 -429 463 -323 299 -378 325 -347 -373 -491 -460 -397 -382 392 -327 443 327 455 -400 -464 413 -450 -399 -320 -451 464 -425 -400 -406 -381 -526 478 -362 -288 408 -419 -369 337 -389 397 343 -353 -443 -326 299 -308 397 -432 344 342 -355 -421 -374 -471 -393 294 356 -449 -488 386 291 -394 314 -407 382 -457 367 -424 -336 507 -371 336 -388 -448 511 -377 -346 451 414 444 297 -405 425 -316 385 -442 -447 -338 366 -303 336 349 -322 515 -452 349 -419 -438 323 -302 -397 365 -351 -458 -396 274 342 -452 492 269 404 406 -339 325 439 -424 -401 -248 392 276 319 441 383 -394 382 417 -375 -427 -368 339 -348 378 -349 -502 366 336 357 -417 296 -330 -322 -455 440 338 -399 -493 -411 401 478 404 -468 356 -519 -378 411 -351 -460 -330 353 391 -427 390 298 347 480 377 -451 -416 418 374 353 -275 -370 -385 -365 -383 245 482 384 -428 -458 -361 433 335 425 373 -319 441 532 356 -416 -435 -295 -419 260 -466 197 -382 332 -400 464 344 -369 407 -402 373 -353 -463 -269 350 -339 -421 -457 -395 272 -372 -397 -320 362 -402 384 -488 422 413 509 -376 -337 396 -415 -435 -363 -354 421 298 357 360 368 485 457 -412 -288 -417 404 -397 434 411 -341 471 441 -404 -402 449 -404 -401 381 481 -407 -423 444 -418 -417 439 -383 440 -350 -282 -385 357 -283 -349 -464 -486 -441 470 424 -498 365 312 -329 -297 -391 -278 -468 -404 477 -314 -318 414 -286 -377 346 -337 322 -426 396 378 -350 477 393 -394 360 566 -457 -482 379 -370 378 384 471 360 -487 -327 -413 -328 364 -407 -442 359 -442 492 395 427 480 -303 -340 -457 -413 -360 -317 314 -435 -401 455 -415 -188 -442 -410 -433 -416 -427 377 -458 -404 -409 223 368 274 -413 -420 385 -416 -403 -323 453 346 471 -337 -488 -454 365 382 -463 -310 212 -276 -330 373 -446 395 -215 -469 -412 383 -306 -319 -298 -417 419 395 285 -358 319 -385 -371 -386 295 310 -521 498 -368 474 -417 -497 -409 -270 -344 -315 -407 -306 347 -308 406 335 -376 524 -289 329 290 393 -380 -368 389 -379 372 -403 345 -404 -371 -285 -455 -403 -379 -442 356 -379 349 310 371 350 -338 343 384 -435 341 372 500 -393 -385 -280 472 -398 324 -324 440 359 508 -452 347 -440 -403 316 -367 -295 -439 -341 366 -336 428 350 -331 360 441 -519 308 403 365 444 -452 444 457 352 322 523 -325 401 -436 480 -406 425 467 -330 442 352 364 301 -478 360 -318 385 350 464 343 -319 -424 -347 376 374 -489 505 317 418 -408 -486 -412 333 433 -406 386 360 -351 465 498 -355 371 -267 -403 299 325 -432 520 436 377 355 -320 320 -357 -381 -407 426 -329 371 -364 -479 401 -370 -465 -379 -272 -445 291 -260 -362 348 199 -392 403 366 340 -250 -341 -400 425 474 322 423 447 -552 -398 429 380 -404 453 -402 412 -368 -382 288 357 -355 -368 398 350 -456 420 390 -328 -253 -375 -382 410 -330 336 -289 -451 376 -345 418 469 -433 490 -361 350 437 340 -367 391 365 -451 543 401 -404 301 -372 -483 -410 451 398 -306 -378 -390 399 476 -324 287 451 -374 -420 -438 458 -243 -402 -452 -315 476 -489 -365 377 328 -439 -338 338 420 376 502 -493 464 -449 368 379 343 -319 386 -354 417 -401 419 -366 496 -435 -434 -407 -317 -410 469 381 -398 440 549 386 -382 365 355 -462 426 354 329 -373 -376 -423 459 -281 -317 -391 -398 395 -407 -427 -320 -483 419 425 422 415 336 340 349 -434 227 -480 350 356 449 -324 504 -436 454 -371 356 322 -410 -268 -505 279 347 370 -407 389 -472 396 505 412 223 -368 539 467 -261 -382 -373 367 448 556 343 408 376 -341 -420 -386 -339 402 -356 -275 -394 -252 300 317 315 -335 -362 407 449 -356 -298 342 -458 448 -473 -433 246 414 -485 282 369 477 -379 -362 446 336 403 471 282 -368 440 -409 372 -339 321 338 416 331 -330 435 -387 -392 434 -283 393 -451 456 374 378 -284 -430 309 -383 365 390 390 -412 372 -386 356 373 -469 -326 360 -341 -406 328 436 -470 -422 -420 350 390 -422 -439 345 -305 392 -394 371 355 -388 349 362 390 -441 -470 421 -379 -370 352 -417 -475 -404 -392 -411 -358 -479 396 -389 337 -269 -419 -335 233 -364 -379 453 -593 -566 -478 400 -446 462 -429 372 313 -348 -333 488 -287 463 422 -406 -460 -527 351 -394 411 168 421 -392 -380 226 417 375 -340 -325 -427 -445 -350 -335 -417 -512 483 -351 -375 -319 351 -316 -379 477 -328 413 -363 388 380 359 -350 433 -430 461 452 405 -445 318 -367 -485 -388 -379 457 181 -379 -358 -303 338 -370 386 391 -459 394 376 348 252 -396 -298 -351 -444 432 -434 384 -211 -441 321 -396 355 367 -447 404 -384 410 -412 -371 453 418 -448 -338 -472 443 -430 -399 -394 296 -403 467 -405 376 -433 466 -447 446 450 382 317 354 -320 -388 477 -335 439 -405 341 497 -382 276 -368 -404 -401 -429 -465 -363 -452 422 -363 349 314 -336 356 394 479 367 441 308 286 -456 -431 391 405 -339 -453 410 380 -383 429 395 410 -300 402 -375 452 -374 326 -361 432 381 385 372 -421 -371 353 466 380 475 -511 -335 289 380 -331 421 -295 376 -375 432 -351 -389 460 363 -286 -419 -388 -408 -380 -364 412 -402 -448 -318 336 294 -355 330 452 -540 -340 582 -324 -333 350 -336 343 411 -328 308 368 -281 -433 -403 416 -225 373 -491 312 372 382 328 464 404 -407 -407 398 -469 327 393 442 323 453 443 -392 373 -403 -384 -376 289 365 -298 326 -319 -349 413 397 -453 -459 -407 -253 402 426 -355 -470 -466 328 -416 406 309 -298 343 -412 349 -371 -481 -432 344 -485 -364 -335 364 370 380 467 427 -307 -474 -429 371 430 -390 -417 369 361 381 411 -448 -394 338 267 405 -261 379 -412 299 277 326 307 -287 207 -361 404 369 -355 225 261 395 -386 -397 326 414 -492 281 423 -491 -396 -320 -340 475 -371 411 489 -412 413 347 -340 -361 -300 -288 -324 426 -317 -455 -243 368 376 509 -429 409 -460 -435 343 -353 -460 -422 -346 -321 -402 423 477 -260 408 453 333 394 -374 385 -354 -336 486 -436 -408 403 357 421 318 -433 -483 -392 486 -384 544 375 312 -346 406 428 386 375 432 341 -393 333 359 426 -445 442 -352 445 479 -443 379 -329 399 -432 -268 465 336 -432 -394 -340 -363 -308 444 346 392 376 352 -384 457 -358 434 -430 388 401 411 465 -517 359 461 367 351 -349 346 -308 -376 -338 479 449 439 -349 378 -334 -423 350 -510 -334 516 -366 -310 -482 -385 -429 -443 -416 -389 457 431 -347 448 -382 317 -424 301 480 315 304 404 -417 314 -432 407 -453 310 -355 -429 428 338 -366 -419 -479 375 383 -400 414 348 -293 361 -567 -392 -379 394 -511 489 -423 -430 -196 370 513 -419 -342 -320 403 382 -454 -429 -239 330 -391 406 429 466 392 343 -431 321 286 -422 -421 378 484 -315 423 364 417 328 407 465 310 374 -418 459 421 -392 -358 341 -429 -354 -301 347 -405 464 -359 387 -175 339 303 -553 -348 358 -359 339 415 -417 -378 -328 -212 426 398 -359 424 428 -316 298 414 -427 291 369 -449 -418 -321 381 333 -364 -464 315 389 384 475 339 350 456 450 -445 448 421 -281 -420 402 258 423 -464 -321 -384 312 -339 428 376 -382 348 276 -489 -398 317 -334 -486 -354 495 -471 410 369 362 -403 -347 277 478 -322 -339 -349 299 413 406 -417 -354 341 -339 -321 -445 -414 361 -363 371 -267 382 -438 237 -365 -482 301 409 -305 -389 -314 -355 486 377 347 441 -315 440 -458 320 -479 428 334 -321 440 352 -422 370 426 -448 -358 443 373 -457 -535 -391 -392 -442 325 412 -332 362 -398 335 -250 -343 -430 376 -306 364 338 336 -359 405 -337 -327 417 -452 -481 -405 -411 398 -448 368 372 406 -399 464 486 -446 309 -443 296 444 418 -372 409 344 380 -337 -342 -368 -435 498 433 -299 -380 -308 -382 222 386 -409 450 385 444 -361 -390 331 -405 -420 -363 347 -347 316 -548 262 -350 394 357 -434 -335 -387 434 -443 -383 -396 241 376 -470 -347 296 537 -434 -428 -393 403 -477 -353 -153 -407 428 342 -328 -383 -288 401 -450 471 444 276 -268 -365 -362 -352 -415 -359 -401 334 413 -277 374 328 -300 -364 -324 -395 -354 -444 -341 -403 485 348 283 -345 295 350 433 -382 -401 -367 -434 396 548 -412 -310 -343 445 491 -435 371 -402 369 -296 -248 299 -386 -406 -281 -460 267 382 -273 -393 348 284 392 -465 343 -358 -445 359 -414 -373 -363 -416 406 -415 -465 -393 361 -354 -339 365 -467 -353 453 -415 407 320 411 454 293 -425 449 340 -370 361 -320 -319 -379 439 -380 437 -303 370 329 321 -341 435 320 463 444 421 359 466 439 463 -438 416 361 381 -379 445 420 -360 -373 400 388 463 -385 -259 380 312 -376 -411 -423 242 307 -352 340 428 -414 -271 382 -459 -440 -413 448 382 -311 391 345 -498 -428 506 394 -398 -260 419 462 -395 383 -387 471 384 -459 -350 -380 -446 -366 -399 462 -498 327 472 418 -379 343 324 -411 373 -432 410 444 374 433 -316 439 404 298 310 -552 -432 -367 397 -484 -419 460 344 418 -270 -321 376 -374 -335 -431 -389 462 359 -359 445 464 405 431 442 453 -349 429 -294 430 432 336 -474 526 -304 -478 334 458 -402 509 -370 272 -337 -412 361 -325 470 -452 374 473 374 338 256 -396 433 -246 -374 430 384 501 -485 -284 -446 -473 -291 513 -296 -417 385 227 264 -423 -448 -412 -422 466 -410 386 331 -457 -348 268 -452 394 403 -398 428 -210 -456 -428 -326 -488 339 383 311 314 308 -327 410 487 -339 -466 421 375 -556 393 -399 -506 -451 -317 -483 -375 -396 356 -305 -283 349 -435 -270 -420 399 316 382 -278 344 421 -270 -466 -411 -267 -407 -321 -419 -368 342 449 -376 273 -319 326 -428 342 396 457 -429 372 473 -366 -408 -399 464 404 -413 -446 -411 337 -458 -371 359 411 -487 452 -479 -351 431 -371 349 411 415 -466 -405 -288 272 -375 402 -379 -403 -390 -439 -420 376 444 512 450 -364 -353 -495 431 424 424 -349 343 375 -385 472 -287 411 -329 418 -455 516 367 343 426 342 326 443 315 -308 315 402 -340 386 401 -382 -524 466 338 -410 359 416 287 464 -322 345 319 444 -302 340 465 397 401 -423 -384 355 -453 -329 420 383 332 317 359 424 -397 -387 -359 470 -396 380 -302 441 418 321 350 -347 316 -356 -282 294 320 338 351 -407 417 308 -426 434 309 -443 -316 -355 -506 493 385 269 385 -365 -409 -274 -407 397 -377 416 -363 -333 425 423 336 444 493 -314 -419 -393 379 375 418 -413 405 409 -281 406 -422 399 366 -279 417 -252 -352 -393 -437 -303 324 430 -319 411 -375 465 -439 -417 322 269 -423 -379 407 -269 -295 407 -409 -387 492 334 -419 394 -436 417 342 -449 400 -339 -489 408 435 406 420 326 406 441 409 380 413 410 370 -261 323 -405 458 289 349 380 -369 -344 423 -324 -509 -360 357 -355 -344 -344 -418 434 -410 302 -400 -389 327 317 396 -395 379 -438 -391 408 -489 -386 -345 353 274 -470 372 333 419 438 408 436 340 390 -349 443 -369 372 -375 411 395 -340 346 -390 333 -313 419 -404 -484 482 395 366 445 -385 372 -426 -363 379 -293 297 -353 -476 382 266 -311 -303 442 -317 315 -398 352 -167 -369 -337 359 448 443 392 -420 360 -438 322 395 413 398 325 -322 -384 362 -397 -424 418 -480 -363 421 -360 -321 -418 380 -371 408 392 -263 -460 -387 -379 322 453 -442 503 304 -399 312 479 392 431 463 -494 -438 -434 -278 395 -423 400 422 -405 331 378 -448 -382 273 298 -289 -464 454 -387 481 417 -372 360 -416 -430 334 433 338 -396 -353 -341 426 -338 418 428 317 353 405 -244 -263 -362 369 449 -421 288 -360 352 504 409 -411 402 -455 344 258 505 -307 -460 -324 -398 384 -444 -309 -357 -469 330 -349 381 -426 -435 413 -271 353 417 -357 437 -335 -423 -536 355 326 -376 -408 -390 438 -363 328 -490 272 387 -435 -272 427 -263 -358 436 -486 -336 372 361 -323 -410 -393 479 401 -343 422 -447 -333 -337 -401 -439 -450 426 -374 -295 -350 -435 288 -298 -337 -314 266 -325 -376 471 -370 454 -403 -290 337 -528 -392 413 -465 -441 -400 288 -382 -391 419 448 -283 292 332 398 470 -328 399 343 460 539 -457 411 -363 357 398 373 352 -337 -360 -365 305 -306 512 -446 -333 -384 286 279 384 -468 -386 437 -457 -384 465 296 -299 -364 -407 -361 -375 442 471 -374 -404 -425 -409 -394 -360 450 397 -314 348 433 -328 409 -360 -442 -389 312 -303 382 -287 487 -419 297 365 -383 -426 -422 -411 -394 -327 -408 -499 371 340 305 303 -347 -368 343 -433 433 -473 -303 -404 -436 -380 395 -291 398 453 313 -380 471 -307 433 409 448 -301 -361 393 -417 236 -439 456 -440 -409 -318 -385 330 345 342 404 -364 -379 310 485 -455 440 -308 -419 -483 366 -394 -504 356 -380 227 430 415 -261 -386 447 442 350 -302 -448 -383 483 -452 216 -297 -378 376 -308 410 362 -522 -487 -439 -342 -395 -401 -166 396 -349 -432 395 -514 409 360 -401 -421 -483 354 -478 378 239 -395 431 544 -377 427 -408 -508 531 -434 -350 -431 -404 456 418 -296 366 338 -440 -286 -361 339 -432 -376 407 -400 -380 -385 423 -314 437 -296 -363 -365 390 -407 348 392 -474 418 464 -327 -416 -348 323 362 -398 -353 -303 335 -311 -393 405 -417 388 426 399 -280 -315 409 378 -338 372 -381 -456 304 446 382 387 -409 396 -370 -316 -279 -295 365 -383 341 408 463 -426 414 342 -384 320 327 -353 -438 390 413 -467 -388 373 410 -446 453 -451 -425 -380 -312 432 -379 496 -425 341 -403 -352 393 -360 -296 365 382 405 412 -382 -375 -328 -381 399 -482 -415 434 407 -338 472 319 422 -470 -196 476 377 -394 -502 -336 -367 298 437 321 -436 508 265 -476 -441 500 -368 331 -371 452 281 -413 516 368 517 -413 -382 -329 309 372 331 357 436 369 494 -389 -332 -325 -472 283 -393 -371 -356 374 -398 475 349 -240 490 -502 -261 -426 -351 454 371 -293 -310 -342 323 402 383 404 -445 -398 -368 519 -459 -361 378 -395 419 462 -349 399 344 421 349 -392 -316 413 -357 387 337 392 -337 416 -324 -293 -476 429 -381 299 320 -407 394 -478 -326 -357 -472 341 -361 -364 465 333 -455 -457 393 405 -404 402 364 403 -403 437 480 -460 -370 426 361 276 -507 352 -347 -365 -381 -353 -393 303 496 -403 -441 379 400 -325 498 437 -379 417 -461 -462 436 -409 339 -336 -405 290 302 404 330 412 369 412 -386 -468 -432 -411 407 -422 -500 422 465 -387 375 -452 -411 360 -410 -327 -377 -293 372 440 -365 -442 -405 -463 -476 491 -429 359 497 -410 -306 -310 484 -321 -420 433 -454 -374 348 420 -258 561 449 469 -421 -384 -389 -342 -360 441 312 -377 -459 -341 425 -511 390 424 452 -374 377 394 325 488 464 405 -445 -364 331 -531 290 397 -447 233 -408 -394 -402 -393 -316 -427 -445 -510 -309 -425 407 436 388 -323 -395 -445 -360 481 463 -395 409 -382 -369 -433 416 345 -407 368 330 482 298 -395 456 -337 -362 367 -345 350 478 -401 -373 -337 -376 406 -403 508 330 -363 -339 362 383 -404 -398 -275 -339 -293 465 335 -347 431 367 396 -367 330 478 313 -397 -334 441 461 -283 -301 -424 -373 -414 418 -298 -255 -331 409 303 -430 387 -471 -370 -273 361 -421 422 356 -376 295 489 -398 -348 -331 393 390 -325 312 -421 352 -375 347 -437 -400 415 384 -432 -402 425 385 -340 325 502 445 429 342 395 404 -358 -384 319 412 406 -399 -462 425 -272 -370 -368 -492 -469 346 -337 420 -319 309 -340 -424 -412 -348 -355 335 373 -393 -474 527 -375 286 -286 -434 -494 -441 388 -320 -391 -409 -407 -355 423 377 340 -212 416 -426 -307 380 -362 296 361 413 375 454 259 -448 -314 434 -312 -316 -416 -289 380 404 409 -436 -323 -430 -399 -383 -366 259 367 443 426 317 -296 -426 400 -386 407 -370 397 355 -352 -375 -421 342 -460 -359 362 -272 -373 -339 354 -313 -439 -398 408 -412 -362 421 -451 -225 -446 -382 -417 -348 395 -438 -496 378 -276 395 -526 307 -389 -430 -355 406 394 -393 -440 326 -339 -490 -423 -525 -359 344 525 421 -374 419 471 454 427 -375 388 -412 295 439 430 293 -402 455 400 424 -385 -452 -326 -319 471 306 -444 375 437 -436 390 304 332 394 497 -384 -442 -341 298 395 475 407 494 437 348 366 -319 468 -417 410 -389 -348 -294 -359 -333 459 453 -431 448 -431 328 338 -377 -379 377 467 370 -297 -433 -406 -259 -456 -421 -474 338 -543 -271 387 -414 -434 457 -205 -288 419 328 394 -261 -288 402 -450 -360 459 -405 -356 409 464 411 409 415 348 380 390 338 269 -263 313 -505 468 291 395 -360 -465 406 402 -475 -399 -443 -454 388 350 421 -464 -389 -398 -409 465 425 427 -383 428 472 409 592 424 449 -346 436 242 -378 423 332 -456 494 -356 341 216 375 308 317 302 375 418 -358 -420 -399 463 436 330 -336 -510 407 389 397 385 314 483 346 466 476 -472 -354 -385 -447 -388 -401 -435 354 325 -408 -398 -430 341 425 -421 -298 379 430 321 396 -416 448 441 -329 -373 319 -307 -452 425 -446 -366 449 472 329 387 357 -309 294 -347 514 -468 -438 371 474 397 -519 330 -389 -378 -348 394 -351 460 -423 -387 -338 -360 -282 347 379 340 346 480 -285 417 417 313 -286 -327 -415 -432 490 410 -378 -509 -384 409 -316 392 -381 362 355 387 411 -339 399 -338 417 438 -296 -496 353 -437 -416 392 -401 348 -250 -443 -336 -429 -411 -420 445 432 370 -349 -297 417 -488 -215 -425 405 -385 380 427 -443 380 -431 437 -319 -471 -339 494 484 347 355 451 410,-395 -440 -359 362 -504 -516 454 408 -368 -369 -373 -466 -445 445 370 -395 351 -418 -491 486 -418 -515 470 -444 -543 -481 -371 390 -423 305 311 -337 -356 -417 -323 -350 -326 -300 -387 307 -347 -306 -282 346 -419 373 -340 -419 335 -294 -356 -463 513 -417 308 287 -416 -542 466 491 414 -318 319 416 506 467 469 527 447 -429 -398 -454 431 -483 -345 -477 460 -457 -414 -452 410 361 -321 -407 381 337 -323 -392 -398 -342 390 -399 352 -339 -378 425 399 435 -435 -413 -367 471 352 -441 403 -381 -363 -364 -434 -330 -385 395 355 395 399 -453 -370 436 440 426 441 -418 382 415 474 -435 -391 -440 360 -380 -452 -384 300 -409 318 -351 -304 -365 377 -284 385 376 -352 -384 -379 332 -285 -446 475 -438 -457 -513 -523 -482 -406 -479 -487 -383 -345 304 360 384 438 369 351 -369 -331 349 411 -318 -375 344 395 -478 440 456 406 336 -373 -492 465 -382 -410 454 -482 -314 -332 -405 -398 -340 268 397 -336 -330 361 384 -343 -326 -319 331 -446 316 -386 391 398 410 -405 414 378 -296 470 -563 -471 419 354 -426 488 552 426 438 515 -397 415 432 -435 422 452 -510 412 -385 455 550 403 418 -413 -370 274 -239 -340 357 377 358 -345 372 312 -296 291 -342 338 342 313 330 322 241 -406 -360 -418 302 388 433 -419 -430 -460 -486 -379 313 317 -273 -335 398 318 -338 -287 -295 -258 325 -377 -308 327 303 -332 -483 527 539 -448 439 501 454 489 -519 525 470 458 448 -433 496 -463 517 -493 527 617 -430 -426 -449 -466 -330 358 -470 -380 231 405 -443 386 -415 -386 -286 339 -374 -419 -367 364 309 -352 -385 399 394 371 -259 376 -368 -325 -332 -368 -297 -313 337 -399 364 312 339 -351 -353 369 464 -419 -438 -444 416 -380 -553 -514 -553 484 -441 378 411 555 -474 481 -376 406 371 -410 498 495 -394 -483 403 386 -436 -470 -502 480 465 421 381 469 -424 -466 469 -428 363 -370 491 -540 489 -452 -394 369 -422 -492 -441 -386 393 -434 442 -480 348 316 411 462 440 482 395 322 384 495 415 545 472 -473 -350 420 -532 -528 488 422 -495 -383 395 515 458 -537 486 425 -515 520 -533 529 515 468 -564 -487 480 456 370 -466 379 -368 455 -352 318 -417 464 407 354 444 391 -390 -364 -452 -493 -409 -465 -403 421 351 -486 452 407 -434 -402 400 443 435 488 -452 441 -370 411 -425 -418 -440 414 -335 -312 -406 -410 368 534 -458 -332 -485 -325 -369 -378 397 -455 -486 -357 378 -389 -389 323 -327 281 381 -409 -448 432 396 323 -320 401 -448 -406 -334 -394 361 -457 491 382 342 -353 301 424 -463 -453 374 386 -381 360 -329 462 -294 413 387 373 -375 322 -358 -317 441 -388 436 -383 -349 351 -441 -381 382 -453 -438 -285 -393 -438 -300 -236 396 493 -396 330 -426 322 273 -383 499 -491 -469 -466 -450 397 -447 439 277 -428 471 357 503 -416 425 300 -401 451 332 525 -419 380 -466 -432 387 -425 -424 455 475 -402 446 -375 -424 383 391 477 -483 290 -385 385 401 386 -416 476 -311 371 -410 -367 -446 -435 446 -365 -408 -430 -338 449 473 -445 -296 333 -450 402 -387 465 -439 243 280 380 434 -414 -470 -390 -384 -429 411 -441 -457 430 395 399 -435 410 -406 351 415 -333 397 -402 319 284 -241 -230 307 -380 410 329 -210 236 -231 -318 368 357 -374 373 406 -346 -269 343 -427 327 -344 -366 -409 363 -313 459 504 434 -455 -402 -447 -428 -436 -480 -465 429 399 322 434 481 -333 -458 302 378 -388 418 -393 390 253 371 -372 418 395 451 391 -268 346 416 -451 -431 -408 -443 -423 -433 -552 -546 496 464 508 -479 475 483 354 -410 412 416 -448 -496 -507 -325 -340 -487 -464 -422 434 422 431 453 -503 -426 434 -481 -416 445 446 -460 522 -412 461 -405 399 415 -358 271 451 471 -337 375 -457 322 276 474 429 -436 437 467 -372 -416 -486 -412 -432 -368 362 -459 434 -436 -430 425 479 404 421 -432 -489 -446 -503 369 440 -344 273 -473 -405 -413 -407 483 -357 -382 386 386 337 -415 484 318 -287 -328 369 399 -368 450 356 -316 396 -377 -364 341 384 -469 404 -424 469 500 412 -425 416 -479 429 -349 -367 450 346 338 -445 -431 293 388 -380 343 -339 -423 -408 446 474 483 395 -411 468 459 484 -502 -384 386 419 416 383 -504 520 -381 405 -392 -441 -484 437 435 -417 -315 -445 -489 -413 -396 401 435 -271 -435 453 -406 -406 381 -439 330 -420 470 -366 -285 -359 470 403 -410 -321 390 -240 396 -454 -420 417 -304 -365 432 444 426 474 -442 -395 387 -544 485 -512 447 -478 443 -458 320 377 -415 417 -470 -444 -406 -416 337 -359 481 428 438 -415 475 -399 506 464 476 -503 493 -499 362 417 611 -569 462 474 500 -533 -604 -522 489 -396 -458 -488 544 -456 378 -392 371 416 549 459 320 -345 352 -402 -336 -458 -445 367 -426 351 260 417 366 453 -407 447 248 -232 -395 422 -381 438 432 -316 204 -360 -563 -391 429 -414 426 448 -319 378 364 449 -513 367 429 390 333 -373 -487 -499 -396 -460 -504 543 -442 586 -436 420 463 -475 -473 474 -522 530 382 -423 410 -497 490 423 410 -337 349 248 451 -332 373 356 -358 -423 -340 412 -329 -310 385 465 -555 468 -437 497 441 -305 486 -516 403 320 350 378 321 -412 418 -353 317 351 -403 -323 -407 469 -363 -356 -421 -402 -295 -446 -510 398 385 349 411 -398 453 425 -396 -378 369 460 -480 -449 321 340 -335 393 -342 334 -366 -345 340 -384 -324 -265 -313 359 -367 -451 407 -310 290 423 -518 486 -448 -486 -425 472 472 -376 393 395 353 382 -396 -399 -408 403 378 372 367 -359 -418 386 -431 -432 -406 352 -365 -406 -354 -402 -347 315 367 390 492 453 440 -391 -410 -426 475 -443 -439 500 -472 -449 -474 540 -530 -514 -469 437 425 -499 -448 381 382 -414 354 356 399 -386 -292 373 -431 397 343 411 373 415 -393 -536 395 -382 -448 -421 -437 465 491 -390 442 515 -511 416 -331 -416 -397 -433 -478 -492 -424 375 390 439 -467 -498 496 -373 470 -364 353 402 415 377 359 379 318 -269 -393 420 292 -317 -426 437 -288 369 420 -170 269 462 -350 205 -475 387 195 -241 -442 -375 -343 -360 334 -260 -360 406 462 -406 -321 -362 -416 395 -354 431 -424 440 451 418 434 412 406 472 -436 472 317 -364 -395 465 437 -375 361 -286 328 -441 482 -458 419 -335 400 -540 -505 -540 -393 457 397 -420 485 -495 -450 395 394 -423 418 352 -420 -465 -347 377 400 376 -376 447 445 -452 395 415 389 419 -478 376 407 437 -386 379 -327 -444 474 -278 -414 -352 379 -353 -509 443 341 407 466 -413 352 436 455 330 411 -423 -339 371 413 413 -267 -293 322 -298 308 435 380 -296 -231 314 -335 354 405 344 -304 282 -373 -324 -347 374 508 -503 -419 411 -447 435 -499 -468 -372 365 -529 491 -449 420 -466 408 402 548 506 318 331 395 455 400 -384 347 336 -411 -466 -334 -412 -410 -262 321 450 -415 -348 -288 379 -398 -318 -323 325 -278 -269 370 415 -331 425 305 275 314 -424 -420 -395 -534 460 -541 -434 434 -443 -511 474 556 404 503 -461 411 -478 428 489 437 -385 408 526 -458 481 464 446 -374 -439 -478 395 -397 -477 -452 450 -497 410 414 355 -377 -477 444 -402 445 386 -338 398 448 -300 -468 484 -398 367 386 -388 -325 379 292 353 -262 -364 -333 341 -400 302 350 403 -352 -492 -497 497 558 472 485 537 398 -484 -440 -460 -444 -368 386 361 388 -412 467 379 384 418 428 -390 -302 -390 356 391 -316 297 310 378 -360 316 -282 340 -344 353 -464 389 373 389 -385 -383 -375 403 -403 -319 -327 -414 -414 -459 -381 432 378 -323 433 -503 -517 -409 474 -485 -465 -493 486 477 -389 -388 -345 -514 -410 398 404 412 379 -406 452 401 352 -439 -424 -371 342 350 349 -309 -445 362 339 327 365 377 -398 -366 356 402 413 300 -351 -315 366 321 -344 -351 322 -302 -430 -406 -357 378 421 447 -464 470 -410 -389 -475 -440 -447 -387 448 -441 403 -414 -440 397 379 363 -512 464 482 -435 -537 -444 -542 -550 496 -354 427 -423 531 -674 -448 -442 -411 -423 -495 -587 405 -454 507 -425 -431 -433 -341 -352 -447 -434 473 -395 -386 -276 -398 -521 476 454 565 467 574 493 -460 -598 588 478 -542 556 -567 -439 -409 -460 -528 397 388 -506 -482 -409 -462 478 504 -462 529 -608 -422 -324 397 -415 385 -455 -512 -373 -297 398 389 -396 452 -480 -402 498 424 -467 649 585 -590 -548 454 363 -485 465 407 360 -432 366 -388 455 -464 -386 -380 493 -497 -399 499 464 -477 569 -463 -309 320 377 419 537 -478 338 335 367 334 -357 -350 331 -326 271 328 -318 -304 337 301 -349 -425 434 249 -307 467 332 356 394 -474 397 389 -423 -388 316 413 470 -458 437 441 489 -353 -407 435 415 -483 458 418 413 -467 448 356 -479 -392 392 -428 381 -429 435 504 467 518 -398 408 -395 504 443 -382 360 374 464 -451 439 -439 -330 396 -375 431 422 432 452 -371 358 407 357 -342 372 -206 382 -345 -344 333 -343 380 267 -296 408 -364 -419 -369 -438 421 406 -327 -347 296 328 -449 395 -345 -315 -293 -230 -317 454 -382 -347 -282 -314 382 -360 433 -436 -392 354 -389 361 -325 416 -379 343 283 -368 327 -332 -378 506 -478 -448 -344 -429 -423 420 -470 396 -481 -390 -434 -379 -347 -459 471 -460 400 -458 479 399 -428 485 -528 -528 -406 399 -439 437 406 -465 -451 -425 -412 -376 -394 -442 460 -420 481 -441 -369 -345 438 -563 473 452 475 457 500 -425 -529 571 -459 472 560 518 -542 530 633 -623 501 532 -564 -554 506 -577 -558 -450 497 522 424 -485 496 494 -407 -408 -412 -410 -464 -497 355 -439 354 -436 -456 510 -421 406 -446 496 561 -506 -393 -344 407 481 -466 -514 -390 -419 290 -380 -482 438 -455 -435 -292 -339 348 -434 396 -508 -514 -336 -354 412 489 -504 -503 -449 462 397 563 426 -425 478 516 445 413 378 -360 -397 416 295 -381 -338 -383 -362 233 -230 314 -328 379 428 -425 -281 246 -459 -397 -325 -376 403 -407 400 -360 498 -330 482 448 426 -404 -405 485 -539 545 -477 354 454 380 446 429 -420 435 382 401 365 362 -392 -419 -410 -343 248 393 328 456 -425 371 316 -191 362 510 -498 -428 -478 391 497 -475 539 -541 397 390 364 -349 -360 350 -382 -406 317 -324 -340 309 -329 415 370 326 320 311 352 440 474 -370 353 -297 -282 393 434 -517 -363 334 -460 511 -468 480 -505 467 458 -434 476 482 -465 -526 -473 507 460 441 441 -419 449 -462 408 -428 342 331 -388 333 370 -399 438 -347 282 384 -343 -237 -380 -342 -371 -329 355 270 385 -376 382 422 347 336 320 -355 388 -382 -421 -301 -368 508 428 324 406 440 351 -420 -238 356 -401 425 -411 397 -429 296 -327 325 431 434 380 -410 -415 -368 -390 398 -478 -410 -411 426 374 251 398 -435 415 -432 447 507 402 -457 -504 -371 337 -428 467 474 -458 -446 350 386 -392 513 -400 -367 -418 355 288 -341 -406 413 -396 372 440 265 -318 -384 -371 -415 369 491 -393 394 454 381 -375 527 -368 393 329 387 -360 407 -395 396 379 -393 -314 -375 353 364 -430 473 -505 522 -384 -371 -409 -542 469 526 506 470 -439 -405 458 -429 497 -545 462 -425 -414 -459 385 -531 555 433 -476 445 501 -496 -369 435 419 466 -365 -409 -373 370 -423 423 322 384 344 -380 -450 -304 -488 -297 -365 408 404 360 390 442 -443 -508 447 426 -387 445 -395 428 477 -448 443 487 -400 389 -446 437 416 -445 -497 -445 -404 379 -460 420 480 -443 -440 430 329 -429 -465 -493 566 419 369 -280 386 -374 355 -387 -370 373 -298 323 -334 305 -376 -315 -366 382 -310 216 353 -352 -461 -429 461 -467 468 -400 -411 -471 438 465 -513 444 345 441 -450 -381 -379 446 -422 -416 348 480 413 -371 -449 -443 400 419 461 -326 -473 408 -392 -420 -486 436 -359 493 -340 460 -384 510 375 -439 495 -378 -403 433 -379 352 370 -327 -395 293 -313 -358 393 409 331 -326 -361 -304 347 392 -440 467 405 346 -305 457 547 -394 -440 -476 -425 423 -358 437 488 -391 473 -468 351 -345 -489 488 421 -470 -465 299 319 -549 -493 462 -498 504 474 488 -534 435 363 -498 504 410 -371 -461 486 -344 428 -473 409 339 -521 489 405 509 527 -604 -548 -571 -544 -508 -559 456 -455 425 -455 -503 -495 -369 -439 -424 -424 488 -473 454 -429 -328 526 510 -563 -634 471 -333 488 -492 -483 557 -508 -428 344 -400 -385 417 -450 -483 -376 -355 404 446 -542 -475 -469 344 -316 -396 -492 -503 619 586 507 499 -512 591 563 -512 467 416 -393 460 -322 -313 416 443 -447 -317 -318 -293 368 -459 402 426 -342 282 467 -426 405 395 -403 -481 588 510 -568 -520 483 -443 381 438 410 342 437 -397 -322 354 -386 450 370 381 -429 323 341 403 -392 436 -352 508 -411 433 481 -439 -365 382 422 -436 498 -493 -462 -356 347 -432 -333 418 -427 -480 -510 458 416 -322 351 382 -469 -466 -441 -418 348 329 382 -461 -468 -419 476 -364 327 -436 -481 360 350 -391 -390 -339 -450 469 -290 278 -412 -461 -361 413 455 420 -399 -465 488 -437 -492 -386 -344 -447 -444 380 405 484 335 -315 455 -331 -377 -456 449 379 -400 391 -319 -414 564 -558 -511 -438 444 -409 -555 570 -456 434 -507 452 467 552 487 -420 411 -391 449 452 -458 -378 -333 -394 368 -449 -388 312 362 -372 426 -381 -396 -282 -355 -411 291 417 -386 282 -385 -406 -424 301 351 458 309 342 356 -355 364 -410 -422 -466 -434 493 420 -474 457 -363 443 -457 338 -442 -421 -397 -355 -421 -449 379 -451 384 359 366 -424 -492 421 -367 -419 -468 -429 399 -487 -456 -577 -459 -514 514 -507 -503 549 -463 -475 381 -452 509 266 -327 -479 -409 365 -376 313 -336 247 440 -324 -315 -264 -356 -269 367 365 -356 -363 215 312 -212 355 -397 343 -279 312 -377 -386 336 -371 369 -327 -454 394 -416 -355 425 373 366 481 -407 471 -519 437 -382 -386 -436 592 -568 514 470 -502 398 -512 517 -438 -432 483 -526 -421 444 -427 -428 -452 508 415 -317 245 429 354 412 -498 344 336 -244 -366 -359 394 398 406 371 487 -446 503 567 -496 -546 -518 521 -577 554 -503 -470 440 504 620 -534 509 -446 -417 -365 348 466 -448 -402 -278 338 368 392 -443 482 -339 -322 354 -335 -494 -409 398 428 -423 323 347 358 420 304 -312 -366 322 308 400 -405 -320 -324 -368 -358 295 470 397 -301 -320 -407 430 469 474 457 -340 430 435 456 -497 -416 -398 -396 480 -417 389 -391 396 -351 358 421 -395 314 -286 370 -353 -355 -422 382 -303 -366 -365 -360 472 -587 -411 -429 529 -461 550 -513 320 329 459 -361 -333 407 -393 -413 -294 -446 370 357 433 399 501 447 460 -410 -362 -386 406 -393 455 528 -344 354 376 -440 -412 379 -397 -357 279 424 -440 -336 334 -358 -356 307 -461 432 -292 -337 -354 311 -493 -431 -329 -315 -360 339 371 -497 398 342 -356 -443 -554 -481 -322 -421 435 -538 -545 449 -474 -364 371 -410 389 -371 384 399 -428 465 397 -391 376 377 -447 -433 494 -538 513 475 543 451 -430 -394 -416 -506 438 -494 -447 355 -455 402 371 375 387 -494 -445 -439 -379 -301 -360 422 -476 -474 356 -316 -366 -418 -361 -499 -430 -370 361 -375 -401 -448 517 447 441 -442 -398 465 -498 -467 -387 432 606 454 -437 -559 -459 459 482 -406 -428 447 -401 -419 461 -294 404 -428 -465 -427 436 -424 -409 -413 -340 432 404 452 -489 524 -396 -265 -379 422 422 -553 500 -361 319 -343 -450 -429 -490 -489 -420 -356 -476 583 -498 491 413 -439 298 -399 374 363 384 -314 -344 382 -328 394 -452 331 -317 -345 -432 -393 -421 -543 -434 451 -437 388 336 380 466 -520 485 493 -402 440 498 617 -617 -584 -598 525 -609 550 -459 557 525 445 -504 341 -415 -399 410 -438 -275 -345 -419 399 -378 402 473 -363 344 512 -486 394 373 552 574 -531 513 502 409 392 414 -374 478 -454 488 -423 465 349 -401 433 437 408 437 -497 429 -325 488 462 466 462 -448 -523 -486 472 408 -342 383 410 442 -499 -482 -392 339 384 -372 470 550 -471 459 377 -426 487 -462 -403 417 336 -347 405 440 428 369 -410 416 -333 -447 -410 464 -360 336 -431 -431 404 -379 -419 -517 -404 -464 415 -341 -465 427 429 -415 377 372 335 -389 -377 -388 482 384 395 375 410 -543 -472 389 461 -489 397 -516 542 -471 -423 357 431 -407 -465 467 443 -358 445 402 -447 -454 -508 -438 358 -396 459 -559 -583 565 -574 550 472 -479 473 -427 422 453 396 -370 412 389 -300 265 388 -453 388 -402 -419 -350 293 384 -452 -453 -434 400 382 -334 452 318 -413 -406 -278 376 -322 -387 -319 -364 435 -331 -427 476 397 -408 -486 380 414 492 533 -392 413 -505 419 415 471 -515 517 -458 446 -522 458 -422 398 -556 -414 -396 -388 -432 384 458 -449 407 408 471 -470 380 292 -440 440 375 396 -408 -323 -321 430 -334 -284 -413 -324 312 -328 -367 -315 -337 309 393 231 345 399 447 286 -340 417 -370 421 387 362 -369 492 -434 375 -393 425 319 -400 -441 -390 503 399 320 -420 459 -408 369 289 301 340 -412 548 518 -347 -300 -285 375 500 414 411 327 384 -374 -460 -440 -427 417 -411 -417 -400 -373 452 401 503 -366 -376 362 386 -463 -543 381 -412 379 -352 -396 452 512 -417 369 460 404 -471 -508 476 443 484 586 455 -457 509 -410 371 -383 398 354 432 392 -460 456 -415 -395 345 -429 414 -409 330 480 472 -424 -468 461 -366 366 459 493 -465 501 -404 424 495 -403 -322 308 -342 -337 357 401 -343 -213 -329 331 286 -374 -348 322 -363 364 -327 312 450 -493 306 344 448 -323 -361 380 -404 -315 426 -456 -411 -420 -397 -482 -505 -451 371 -454 506 -427 -401 -413 342 -344 -443 455 -406 -387 -369 277 -395 465 -485 474 364 -360 -418 431 -564 498 485 -434 -465 -471 535 -456 554 532 537 -523 -537 461 406 482 -490 -511 -535 -459 -439 -387 -351 -459 459 -485 -502 -414 395 -420 -456 385 -476 470 -439 395 364 442 -476 393 -378 464 341 364 -409 452 -403 -439 -398 -367 378 444 -465 -415 -463 401 -463 585 471 -525 445 412 495 611 -545 -467 -525 -450 392 -407 339 -368 -403 438 -305 339 398 -287 313 -342 438 -327 -347 466 432 -441 -370 -412 467 -455 -421 -378 456 -476 380 -346 388 -343 403 -349 320 282 301 374 327 -344 -432 307 -202 315 -403 407 402 -416 347 -330 -458 -423 -311 -340 -427 -356 314 -504 424 340 -381 361 354 447 506 384 423 384 -368 -406 303 290 -396 -408 278 224 -264 266 269 297 -353 249 -295 336 -351 444 -511 457 428 466 438 -479 -338 339 483 395 343 -397 -352 316 294 -442 338 -344 377 -420 401 -437 -299 285 421 -455 -388 -429 -341 -297 -485 453 -482 -416 -437 370 318 -479 397 459 -499 -562 421 -393 -440 394 -299 395 384 -401 368 419 -357 -390 -390 424 -411 474 -304 393 394 458 434 395 472 -358 -390 408 -474 460 461 442 502 591 521 -566 633 -507 -434 -544 505 508 -618 459 -454 -488 574 551 -512 -429 -307 -395 441 444 -490 -444 -343 332 -459 464 418 -453 450 -421 430 -489 -467 -459 449 -403 -427 -458 476 442 514 392 453 -400 -404 -470 428 349 -347 -360 358 364 361 312 -276 -369 368 380 275 -288 367 -374 337 434 426 339 -299 408 -500 468 459 -473 438 427 291 -346 -384 442 333 -363 425 350 -357 -401 -387 -335 441 -450 408 320 -499 376 472 -493 -388 -437 -479 -484 359 -452 -570 -397 387 392 442 -498 432 -482 -462 508 -490 -483 -381 -326 -373 -353 366 473 -484 425 294 362 354 -405 419 -425 -379 400 -445 -475 440 427 504 481 -520 -506 -435 327 -384 345 448 527 -464 408 363 362 358 353 375 -337 374 407 350 -331 417 -312 356 423 -329 429 -490 477 -419 -432 485 400 -319 -347 -487 -500 -350 323 426 403 330 436 -453 462 -305 371 -355 402 448 469 397 -401 515 573 443 553 -410 372 -530 -453 -441 507 476 394 -387 510 -405 -408 428 -465 -422 395 -497 -446 -312 -405 -371 -491 -396 -524 446 285 -364 432 -471 479 -488 443 535 483 461 405 -450 502 -324 464 -474 374 -430 -485 449 351 -482 -447 -420 483 428 -404 370 419 -422 492 -422 -360 -373 368 -355 399 -439 -422 -372 379 402 -425 -421 -424 428 376 -452 -475 -446 434 -341 360 511 541 402 434 -426 342 356 -387 -512 443 437 -454 373 406 374 406 521 457 429 532 -504 518 447 -448 -460 495 -561 -480 -432 369 -552 581 -540 463 -505 474 548 -458 -455 410 -439 486 340 -502 -384 -418 -440 368 427 -372 538 503 -318 330 349 -444 394 486 -448 -417 -401 365 466 -488 -463 573 577 645 414 442 480 412 411 -382 370 320 -435 -502 359 444 417 -370 -370 -431 462 -417 400 423 -412 479 460 -347 -414 405 -483 -453 -415 372 -397 359 466 417 -446 -431 378 432 -555 -438 -407 405 394 340 -411 -360 359 -365 -363 -418 -319 304 -411 405 -363 349 -366 363 -292 -412 441 436 -493 -518 -548 -434 488 532 501 480 -526 376 -367 439 -479 532 517 -389 383 309 -372 418 432 -304 -410 352 321 -402 -428 -373 -318 -382 398 429 -536 492 -451 484 -487 -484 -456 468 -413 442 449 518 -572 443 -497 -414 469 -443 -484 -578 -373 457 -484 434 399 405 -447 388 375 -499 423 -543 387 328 438 -517 484 325 434 -368 -375 -533 -502 489 385 -436 -346 -402 -558 482 502 -436 481 407 474 -490 -515 495 -529 -438 -495 489 -472 498 -487 467 -468 392 371 -401 -436 -484 498 -466 -440 -275 439 409 -492 -546 537 358 -286 -416 -518 493 -452 -534 -434 -448 423 390 -379 -364 -395 367 -389 451 336 391 -363 -345 -362 -393 -421 -469 -463 367 370 -533 540 450 -435 -407 -493 -529 -475 -423 -452 -497 392 520 488 -494 484 506 434 -456 -445 -463 -408 410 504 -457 -418 -428 418 389 -446 398 -435 481 -380 -362 413 -388 -429 -415 -413 367 417 -450 -492 427 480 476 -561 549 -433 -466 522 -444 -432 -431 -441 412 -467 -424 -431 475 -413 -492 401 -453 -376 375 -423 365 314 316 429 433 -375 496 344 -260 417 -416 -530 -474 484 -449 402 -444 476 486 455 -461 438 475 524 447 465 519 469 474 410 -430 454 314 432 -493 479 348 -357 -389 397 450 409 -410 -383 424 381 -417 -434 -429 357 469 -408 461 379 -361 -369 411 -341 -246 -340 386 324 -431 445 330 -217 -318 321 307 -411 -348 324 319 -317 305 -310 412 354 -363 -322 -371 -332 -495 -317 411 -351 414 444 398 -442 307 367 -546 517 -437 490 480 344 481 -483 487 371 484 471 -487 -444 -391 460 -391 -465 528 459 386 -440 -350 410 -452 -351 -467 -439 263 332 -423 377 359 405 401 238 328 -472 388 -349 474 378 489 -521 366 -403 -393 302 443 -475 508 -434 376 -316 -371 429 -443 439 -458 460 480 521 496 509 -522 446 -406 -397 143 385 435 -328 -403 -245 -262 -228 344 -385 -365 325 277 293 -380 -427 -323 -287 346 -321 345 435 -435 -337 325 -333 358 421 -379 449 -353 -368 -388 -443 -441 430 473 449 465 465 -335 253 329 -328 -478 464 369 -319 325 -365 -414 -436 -422 -408 -377 -385 505 -528 -491 539 -572 -490 -517 501 435 422 -485 453 417 -458 -418 -473 -425 -503 -523 -370 -443 407 412 -427 503 -479 436 -413 463 525 501 -479 404 276 -376 -497 -467 344 388 -354 -332 -379 428 -428 -339 345 442 -340 465 -437 -434 439 -457 411 343 347 -421 -411 -435 470 -439 328 -362 -467 -528 -556 -483 474 385 432 639 -571 -533 -539 452 372 454 -580 636 487 -554 499 -415 462 -604 548 -596 577 507 393 476 548 575 545 432 -469 485 453 -368 390 361 -490 -422 465 367 -461 376 394 450 392 -435 398 460 468 -480 414 500 466 500 -483 -541 470 -437 -455 478 393 478 445 443 368 -362 -429 -390 406 -367 433 -408 393 407 381 378 -382 387 -434 -434 353 350 478 486 -487 435 413 -468 453 417 -425 -544 -491 -468 461 361 423 406 -558 -442 -482 -428 401 -393 434 -447 -454 433 376 349 343 384 -451 -392 -417 395 386 348 -378 447 394 -340 438 -421 426 412 -470 392 -312 -445 -459 -479 -514 475 490 -538 638 -529 572 -577 -501 534 565 -441 -411 459 -513 -511 380 -450 -432 456 439 -558 453 -386 444 441 -513 464 -395 -372 381 364 464 448 389 393 407 346 286 445 458 332 -360 401 -488 490 525 484 402 -371 -410 407 -434 -410 -418 426 -325 -409 -439 -392 442 -385 476 -379 -443 446 447 402 -407 511 -364 -442 466 -499 -464 -474 446 497 -516 414 520 511 495 455 501 544 483 -542 485 -452 520 -570 537 530 -506 541 -513 477 -555 536 -465 -514 487 475 461 463 -464 425 -490 -556 453 -430 450 -500 -425 532 462 -479 -501 460 -542 476 -368 437 -511 -495 -528 299 362 443 514 -425 527 -502 333 327 414 468 428 -503 -472 311 -372 -437 447 -447 -518 439 -432 -384 -405 373 -436 451 426 -345 -449 -437 -414 390 430 -499 450 524 -520 458 445 473 513 465 -433 -508 -513 -464 501 -459 506 484 -479 387 414 -494 -491 460 486 -422 -381 449 -429 506 429 -438 453 -402 -470 405 418 497 -437 -457 -521 491 -512 557 398 382 437 391 -349 -510 -456 433 415 -463 260 -343 451 533 385 -370 431 -336 372 460 425 -382 -417 -473 -459 382 -340 -346 -412 -365 387 -423 320 -331 -326 416 -357 407 438 -353 382 -397 -372 -404 516 471 -407 -396 -446 361 -459 393 -425 382 402 -440 -403 416 -460 -497 421 -478 -485 593 523 -502 -503 -491 579 479 -535 552 -569 -515 -374 -415 -470 -449 476 -370 -306 -385 -468 351 -408 -487 -349 383 -441 -384 395 -380 509 -448 -367 314 -402 -372 499 -429 -264 -367 370 -437 -376 456 411 -271 454 364 350 343 -437 392 430 383 411 -444 451 -406 438 382 367 398 -459 -459 -409 394 -387 333 -383 -503 -532 496 468 444 -406 -426 432 -452 -509 409 481 -318 -486 -460 -495 -486 496 480 -446 -579 -499 -585 -538 -441 425 465 -494 501 571 -449 435 -402 -416 -477 491 -475 322 -449 363 -434 445 446 -328 -327 -343 -421 -430 -348 -438 -319 227 315 411 372 -434 -430 291 -380 384 -480 -433 -388 -391 -351 357 -383 421 417 375 -343 310 -355 410 488 506 -372 -381 491 -480 438 -437 397 -420 -403 -452 -374 316 332 370 412 -372 -333 397 297 -292 439 -498 -406 -369 430 -496 -492 454 -492 567 572 472 -500 -471 547 495 437 -558 -527 -426 475 -443 427 -469 -494 352 -295 310 401 -406 -357 -344 -392 -303 -331 -416 415 -367 -385 356 -396 444 439 -430 -426 -474 473 -410 436 423 -433 393 443 -433 310 -416 -391 414 -430 -480 -409 -364 435 292 -386 384 389 -310 -334 -342 345 -388 -401 415 -346 -477 -393 350 -388 499 -403 -350 -425 429 -379 415 423 -444 365 498 -434 -425 -492 435 402 -532 -418 -406 428 -538 -569 585 -564 400 494 619 -499 -426 497 337 -456 526 -529 -431 362 488 367 506 -584 510 -421 -426 -470 -370 318 -460 442 342 396 -357 301 299 -434 401 323 -379 -407 405 449 -481 -324 291 365 -328 436 -498 -483 -369 -386 374 -309 385 -458 471 -381 -381 268 -292 -317 434 374 281 270 -232 -266 -343 -312 308 -310 -359 290 410 -410 324 284 412 -329 -365 438 360 -465 -349 -407 -459 308 370 412 -477 398 368 -335 -437 460 -424 448 -548 413 339 -374 348 356 472 -479 -311 -374 352 384 349 397 459 342 402 -484 -495 -398 -401 481 -469 -487 -454 451 -384 460 413 -457 482 -366 -331 -450 -487 373 373 -381 -380 -338 425 415 330 338 -381 -518 -378 525 -413 -318 357 -416 412 406 -480 498 431 484 444 -411 -335 422 -526 417 386 309 -441 374 -393 -445 -314 315 -294 425 381 -411 309 -378 -270 -444 -435 405 -288 -278 364 423 -428 -331 349 412 -445 340 363 387 -284 419 378 -372 -326 386 394 383 -390 376 -347 -326 -382 -421 -420 355 391 -425 -458 412 455 -518 514 522 -510 543 -483 -492 526 -433 573 -550 -476 394 477 492 383 398 459 451 -394 -596 -376 -379 423 -407 -434 494 303 -308 282 -378 -404 486 -511 -360 -353 -369 411 425 -431 -516 -532 -416 -463 449 -489 429 463 -473 -489 -422 312 -332 -414 419 -460 -435 265 327 -423 364 414 457 -442 -276 -332 -412 -452 353 432 -489 -436 -428 564 -496 429 401 358 -405 456 522 549 479 386 401 -447 -478 498 -494 514 468 -385 435 -435 -392 -456 -471 -307 -303 -439 -407 -410 -410 359 342 313 -308 -383 -509 -447 293 342 -450 509 -508 -422 -498 508 495 -437 570 595 547 516 -468 354 -395 -389 395 -336 352 277 -252 -337 -313 -305 371 -353 297 260 -346 -304 365 448 -514 -406 -419 -365 -495 506 530 -519 393 557 414 -400 413 502 484 -396 -375 442 407 -478 -465 -490 -385 -352 452 -583 -424 -401 481 505 -527 399 -354 -435 -456 473 -473 398 361 -366 390 423 -456 -444 -392 402 510 -427 397 -492 498 -359 451 -530 -457 422 375 -428 -438 586 574 -401 389 416 298 444 511 393 494 -442 -381 339 451 501 -465 -438 449 -511 -492 -519 -500 -470 514 -512 451 -435 496 -538 -460 -424 -353 -352 400 483 -383 -425 435 -364 346 -468 -405 -400 -404 449 -479 -374 -297 -379 -380 321 320 337 -210 356 -380 -334 300 -286 296 206 336 496 454 299 -397 -440 406 -308 -437 -425 -466 441 438 403 -486 -410 -517 -540 -483 -384 487 472 435 451 440 -384 -456 456 -455 449 -462 402 405 -451 -559 -449 450 -370 -388 402 -478 -428 -425 481 -380 -332 -510 455 -435 -439 439 -526 -491 -383 -312 -441 -451 443 -462 -475 339 -343 424 -433 445 -402 -351 -284 370 382 -379 -439 392 -305 -408 -420 -386 -403 515 442 372 -308 486 504 416 390 -321 396 -430 383 291 265 328 -335 391 355 330 -382 -309 -347 -428 368 300 -447 407 361 -381 347 397 287 454 462 -344 -330 -414 452 516 453 454 340 360 512 499 -374 475 -435 398 -499 -404 -394 -317 -401 353 413 -441 415 -428 409 416 -407 -553 352 250 280 -388 -425 -316 -298 -425 -272 -306 435 -398 -332 351 -455 -290 326 -446 -413 403 431 363 -372 -463 428 -511 -511 463 -318 -338 469 421 511 479 500 387 261 483 553 395 -409 349 -296 408 475 475 -388 -353 382 227 -409 -390 -409 -406 284 426 261 -396 -355 -437 -388 361 310 312 -399 310 379 397 419 292 409 -493 360 431 -403 258 412 -498 429 -314 317 406 273 433 289 403 303 414 -398 -415 -331 406 388 367 -281 -248 272 149 274 388 298 259 357 289 161 -274 -521 -379 -263 -203 -320 -379 435 463 -441 -335 -412 457 385 -414 -442 384 450 441 413 -440 390 500 -407 -425 473 -477 -434 379 -433 -332 328 424 437 433 416 -250 340 -314 452 -376 -448 402 344 320 -402 401 -372 -374 -414 380 -462 541 -501 -397 -388 -461 -507 470 590 440 421 416 -453 449 436 516 -531 -533 -466 -460 420 478 -510 -541 -484 521 -497 455 -414 590 489 456 534 -493 334 -392 460 355 -447 -546 436 -312 -346 340 -409 412 -400 -358 -311 -357 -266 -392 424 365 287 -365 -420 487 -330 -316 -480 364 -278 274 341 -185 202 -398 225 -266 -229 -141 103 138 172 76 96 141
